ISO-10303-21;
HEADER;
FILE_DESCRIPTION (( 'STEP AP203' ),
    '1' );
FILE_NAME ('5346K58_Brass Barbed Hose Fitting for Air and Water.STEP',
    '2026-01-12T07:52:41',
    ( 'McMaster Carr Supply' ),
    ( 'McMaster Carr Supply' ),
    'SwSTEP 2.0',
    'SolidWorks 2024',
    '' );
FILE_SCHEMA (( 'CONFIG_CONTROL_DESIGN' ));
ENDSEC;

DATA;
#1 = CARTESIAN_POINT ( 'NONE',  ( 0.4838299563778238888, -0.2004820445628730519, -0.7321428571428445498 ) ) ;
#2 = CARTESIAN_POINT ( 'NONE',  ( -0.4100137971326094921, -0.2456811311703997469, -0.7126116071430184107 ) ) ;
#3 = EDGE_LOOP ( 'NONE', ( #6364, #2961, #4896 ) ) ;
#4 = CARTESIAN_POINT ( 'NONE',  ( -0.5053939194954812919, -0.1354949125436911983, -0.9077332427377841073 ) ) ;
#5 = EDGE_CURVE ( 'NONE', #2740, #3315, #1496, .T. ) ;
#6 = CARTESIAN_POINT ( 'NONE',  ( 0.03308254202722389625, -0.5105338678709058220, -0.5349786641713600854 ) ) ;
#7 = CARTESIAN_POINT ( 'NONE',  ( 0.02364416884426871410, 0.4826332727335704842, -0.8978794642857353958 ) ) ;
#8 = ORIENTED_EDGE ( 'NONE', *, *, #244, .T. ) ;
#9 = CARTESIAN_POINT ( 'NONE',  ( 0.3407312515498344130, -0.3406381727269185977, -0.8348214285715563898 ) ) ;
#10 = CARTESIAN_POINT ( 'NONE',  ( 0.05730878790825433972, -0.4651395379744845959, -0.4316406249999661937 ) ) ;
#11 = CARTESIAN_POINT ( 'NONE',  ( 0.1825987296310876140, -0.4749607805071369704, -0.4601141585710966653 ) ) ;
#12 = CARTESIAN_POINT ( 'NONE',  ( -0.3254643624969468241, -0.3590017337407372944, -0.9235491071428862941 ) ) ;
#13 = CARTESIAN_POINT ( 'NONE',  ( 0.06829705143978904991, 0.5172411602535295083, -0.8586343049842775077 ) ) ;
#14 = CARTESIAN_POINT ( 'NONE',  ( -0.5155482665347895788, -2.442656272459960198E-15, -0.6964282900669522824 ) ) ;
#15 = CARTESIAN_POINT ( 'NONE',  ( -0.03581026524016479862, 0.4863120893932735833, -1.039341502362065350 ) ) ;
#16 = CARTESIAN_POINT ( 'NONE',  ( 0.5937500000000004441, -0.2866329017573759907, -0.9374427505057488785 ) ) ;
#17 = CARTESIAN_POINT ( 'NONE',  ( -0.4405898640468049465, 0.1585066279517796661, -0.4548187499999905570 ) ) ;
#19 = CARTESIAN_POINT ( 'NONE',  ( -0.4710048696632075371, -0.2371643748843964283, -0.9031808035714086191 ) ) ;
#18 = CARTESIAN_POINT ( 'NONE',  ( 0.2968750000000001110, -0.5142025834970105347, -0.02500000000000000139 ) ) ;
#20 = CARTESIAN_POINT ( 'NONE',  ( -0.09729132997078830669, -0.6294322691142292259, -0.04855337889983728228 ) ) ;
#21 = CARTESIAN_POINT ( 'NONE',  ( 0.2216047699123901149, 0.4144651862783731433, -0.4564732142857351183 ) ) ;
#22 = CARTESIAN_POINT ( 'NONE',  ( 0.4093878691879857534, -0.2453016151589334226, -0.7070312499999988898 ) ) ;
#23 = CARTESIAN_POINT ( 'NONE',  ( 0.5022928862758768709, -0.1349677929652021990, -0.8065566017082274053 ) ) ;
#24 = CARTESIAN_POINT ( 'NONE',  ( -0.4798079257701825528, -0.02363716053885452431, -0.8074776785715430671 ) ) ;
#25 = CONICAL_SURFACE ( 'NONE', #5778, 0.5250000000000000222, 0.03112503826906170765 ) ;
#26 = CARTESIAN_POINT ( 'NONE',  ( 0.1661191015175549068, -0.4908539784062152522, -0.7462911941033254504 ) ) ;
#27 = CARTESIAN_POINT ( 'NONE',  ( -0.4679927071682317696, 0.05765645210165076112, -0.5058593750000223155 ) ) ;
#28 = CARTESIAN_POINT ( 'NONE',  ( 0.2427227267692794732, 0.4050839593977804132, -0.5463169642857368391 ) ) ;
#29 = APPROVAL_STATUS ( 'not_yet_approved' ) ;
#30 = CARTESIAN_POINT ( 'NONE',  ( -0.1719974461014536493, -0.4457158627186321720, -0.7050781250000285327 ) ) ;
#31 = CARTESIAN_POINT ( 'NONE',  ( 0.3721771005536542165, 0.3483241103393823201, -0.5015204357912094180 ) ) ;
#32 = CARTESIAN_POINT ( 'NONE',  ( 0.2719825141073739516, 0.3860800388402212402, -0.5471540178571130397 ) ) ;
#33 = AXIS2_PLACEMENT_3D ( 'NONE', #4709, #5320, #2453 ) ;
#34 = CARTESIAN_POINT ( 'NONE',  ( -0.2980551139094054225, -0.3820299030307740540, -0.9405691964285556317 ) ) ;
#35 = CARTESIAN_POINT ( 'NONE',  ( 0.01708710580604914930, 0.5116592863361585364, -0.5718061626551347310 ) ) ;
#36 = CARTESIAN_POINT ( 'NONE',  ( 0.4742750588362832365, -0.02336078041124306851, -0.6121651785713759786 ) ) ;
#37 = CARTESIAN_POINT ( 'NONE',  ( 0.1970773486976106215, 0.4756133760074796601, -0.5022321428571464574 ) ) ;
#38 = ADVANCED_FACE ( 'NONE', ( #4120 ), #3436, .F. ) ;
#39 = CARTESIAN_POINT ( 'NONE',  ( 0.4317711775082075931, -0.2885808177215697934, -0.5915178571428357790 ) ) ;
#40 = CARTESIAN_POINT ( 'NONE',  ( 0.07013825606587340000, -0.4723889869121858376, -0.6992187500000390799 ) ) ;
#41 = ORIENTED_EDGE ( 'NONE', *, *, #2262, .T. ) ;
#42 = CARTESIAN_POINT ( 'NONE',  ( 0.3375343859763613730, -0.3857134987539008741, -0.5911857771749187140 ) ) ;
#43 = AXIS2_PLACEMENT_3D ( 'NONE', #2461, #113, #2992 ) ;
#44 = FACE_OUTER_BOUND ( 'NONE', #1478, .T. ) ;
#45 = CARTESIAN_POINT ( 'NONE',  ( -0.3916187151208177508, -0.3430165875081424565, -0.8233247914742997109 ) ) ;
#46 = CARTESIAN_POINT ( 'NONE',  ( 0.3146696019261021049, -0.3648844276157401922, -0.8535156250000055511 ) ) ;
#47 = VERTEX_POINT ( 'NONE', #7465 ) ;
#48 = CARTESIAN_POINT ( 'NONE',  ( -0.4010877060936579586, -0.2680774942212962308, -0.8549107142856268160 ) ) ;
#49 = CARTESIAN_POINT ( 'NONE',  ( -0.3567097302852528240, -0.3934664969279595970, -0.9681919642855674191 ) ) ;
#50 = ADVANCED_FACE ( 'NONE', ( #6312 ), #5610, .T. ) ;
#51 = CARTESIAN_POINT ( 'NONE',  ( -0.4842977065012712967, 0.02385449407069136982, -0.9335937500000381917 ) ) ;
#52 = CARTESIAN_POINT ( 'NONE',  ( 0.5077244787295132067, 0.1182053899365381050, -0.8723987119842029347 ) ) ;
#53 = CARTESIAN_POINT ( 'NONE',  ( -0.4961548621047549013, 0.1330764404242656684, -0.6279788993532154917 ) ) ;
#54 = ORIENTED_EDGE ( 'NONE', *, *, #2082, .T. ) ;
#55 = CARTESIAN_POINT ( 'NONE',  ( -0.5089625963007186060, 0.06739304437096690914, -0.6187130073022915067 ) ) ;
#56 = CARTESIAN_POINT ( 'NONE',  ( 0.08503770256048993892, -0.5171645205076208507, -0.9624335350541356471 ) ) ;
#58 = CARTESIAN_POINT ( 'NONE',  ( -0.1408861919808423735, 0.5088275515226875489, -0.9232700892857819142 ) ) ;
#57 = CARTESIAN_POINT ( 'NONE',  ( 0.4622666964287592273, -0.2280356776444173450, -0.6581432017449350136 ) ) ;
#59 = CARTESIAN_POINT ( 'NONE',  ( 0.3917356045849215707, 0.3433273197752685357, -0.8590365354146750621 ) ) ;
#60 = CARTESIAN_POINT ( 'NONE',  ( 0.4532241843289733785, 0.1254907279937968190, -0.4656808035714400940 ) ) ;
#61 = CARTESIAN_POINT ( 'NONE',  ( -0.1039602621665040999, 0.4626602802332986930, -0.6090959821428444387 ) ) ;
#62 = CARTESIAN_POINT ( 'NONE',  ( 0.3549801728498180875, -0.3792346920508073982, -0.8128734656370387723 ) ) ;
#63 = CARTESIAN_POINT ( 'NONE',  ( 0.1166363900800845566, -0.4653688105916146123, -0.7873883928571436819 ) ) ;
#64 = CARTESIAN_POINT ( 'NONE',  ( -0.4211335939235587023, -0.3013157118810779189, -0.7607959314125427586 ) ) ;
#65 = CARTESIAN_POINT ( 'NONE',  ( 0.3084545228476105461, -0.3759515773893421509, -0.9787946428571516755 ) ) ;
#66 = CARTESIAN_POINT ( 'NONE',  ( 0.1031051456128744548, -0.4594243602592534836, -0.5019531249999702460 ) ) ;
#67 = APPLICATION_PROTOCOL_DEFINITION ( 'international standard', 'config_control_design', 1994, #6422 ) ;
#68 = CARTESIAN_POINT ( 'NONE',  ( 0.4748061646816167936, -0.04669881725044397469, -0.6841517857142151993 ) ) ;
#69 = FACE_OUTER_BOUND ( 'NONE', #3359, .T. ) ;
#70 = CARTESIAN_POINT ( 'NONE',  ( -0.1705853501710518638, 0.4423953118460658973, -0.6074218750000124345 ) ) ;
#71 = CARTESIAN_POINT ( 'NONE',  ( -0.1406777444603984906, -0.4635376331987316467, -0.9363839285714282701 ) ) ;
#72 = LINE ( 'NONE', #6904, #3279 ) ;
#73 = CARTESIAN_POINT ( 'NONE',  ( -0.2230710848869326135, -0.4174738845859387593, -0.5636160714285595175 ) ) ;
#74 = CARTESIAN_POINT ( 'NONE',  ( 0.4281981639816194174, 0.2861973246289785111, -0.5089285714285840534 ) ) ;
#75 = CARTESIAN_POINT ( 'NONE',  ( -0.5937500000000001110, 0.1454270723752496275, -0.9652230212882355609 ) ) ;
#76 = CARTESIAN_POINT ( 'NONE',  ( 0.2670129133239738661, -0.4456144327410846984, -0.5965401785714223859 ) ) ;
#77 = CARTESIAN_POINT ( 'NONE',  ( -0.3959456982292453020, 0.2644842007036789511, -0.6540178571428888477 ) ) ;
#78 = ORIENTED_EDGE ( 'NONE', *, *, #1737, .F. ) ;
#79 = DIRECTION ( 'NONE',  ( 0.000000000000000000, 1.047310526070460688E-16, -1.000000000000000000 ) ) ;
#80 = CARTESIAN_POINT ( 'NONE',  ( -0.4692574399891334402, -6.415298817695139081E-05, -0.4508928571428734156 ) ) ;
#81 = CARTESIAN_POINT ( 'NONE',  ( 0.1826215058154961601, -0.4861836903915716102, -0.8095602208994953086 ) ) ;
#82 = CARTESIAN_POINT ( 'NONE',  ( 0.3720726524414816883, 0.3052720322982478973, -0.8359374999999935607 ) ) ;
#83 = CARTESIAN_POINT ( 'NONE',  ( 0.2578599127456742690, -0.4070822587931987591, -0.8373325892856429142 ) ) ;
#84 = CARTESIAN_POINT ( 'NONE',  ( -0.2580572772390600234, 0.4553900704555363665, -0.7776227678571039359 ) ) ;
#85 = CARTESIAN_POINT ( 'NONE',  ( -0.1419206397962571309, 0.5125636378005765659, -0.9924665178570408752 ) ) ;
#86 = CARTESIAN_POINT ( 'NONE',  ( -0.2388598959320527015, -0.4215201947707193919, -0.9210379464285741724 ) ) ;
#87 = VECTOR ( 'NONE', #6762, 39.37007874015748143 ) ;
#88 = CARTESIAN_POINT ( 'NONE',  ( -0.1609962538588343428, -0.4823812794752714850, -0.4601644199025601289 ) ) ;
#89 = CARTESIAN_POINT ( 'NONE',  ( 0.3974036354247985070, 0.4561623487732373028, -0.03005419327487830750 ) ) ;
#90 = VERTEX_POINT ( 'NONE', #3442 ) ;
#91 = CARTESIAN_POINT ( 'NONE',  ( 0.08417380513650625506, 0.5070341890289060682, -0.6369427725585482536 ) ) ;
#92 = CARTESIAN_POINT ( 'NONE',  ( -0.04210013507869204974, -0.5059883856856580708, -0.9747295041853302200 ) ) ;
#93 = FACE_OUTER_BOUND ( 'NONE', #5231, .T. ) ;
#95 = CARTESIAN_POINT ( 'NONE',  ( -0.4824195686933983596, 0.2137632417568135490, -0.9132254464286270190 ) ) ;
#94 = CARTESIAN_POINT ( 'NONE',  ( -0.01705722176835079706, -0.5147552742698887629, -0.6711651917908739717 ) ) ;
#96 = CARTESIAN_POINT ( 'NONE',  ( 0.06797555011089495558, 0.5125191961389551354, -0.7080020060666805115 ) ) ;
#97 = CARTESIAN_POINT ( 'NONE',  ( 0.3247860523207860006, -0.3367917390722769411, -0.4064556553107508963 ) ) ;
#98 = EDGE_CURVE ( 'NONE', #5730, #3421, #4590, .T. ) ;
#99 = CARTESIAN_POINT ( 'NONE',  ( -0.3272670113230951028, 0.3611769144995261027, -1.013950892857141239 ) ) ;
#100 = CARTESIAN_POINT ( 'NONE',  ( -0.1595012373834453767, -0.4455954451905546065, -0.5797991071428503229 ) ) ;
#101 = CARTESIAN_POINT ( 'NONE',  ( -0.3031171092939374256, -0.4224415357102905277, -0.8285027411423250276 ) ) ;
#102 = CARTESIAN_POINT ( 'NONE',  ( 0.3146696019311071568, -0.3648844276115693619, -0.8535156249998755440 ) ) ;
#103 = CARTESIAN_POINT ( 'NONE',  ( -0.1348331385823686168, -0.5005906374589709218, -0.7529894223933513153 ) ) ;
#104 = CARTESIAN_POINT ( 'NONE',  ( 0.3101797877538547965, 0.3791103635391994131, -0.9561023250577175281 ) ) ;
#105 = CARTESIAN_POINT ( 'NONE',  ( -0.1261609874048400526, -0.4561297499611433603, -0.5789620535714382621 ) ) ;
#106 = CARTESIAN_POINT ( 'NONE',  ( -0.3020895417482677980, 0.3681937274955177641, -0.6573660714285799456 ) ) ;
#107 = CARTESIAN_POINT ( 'NONE',  ( -0.01597464250693237178, 0.5091992964489374662, -0.4918604374308861438 ) ) ;
#108 = CARTESIAN_POINT ( 'NONE',  ( -0.4701192864161424789, -0.05792231077321161742, -0.5923549107142526138 ) ) ;
#109 = CARTESIAN_POINT ( 'NONE',  ( 0.4670224062551899813, 0.1169191686114706835, -0.8409598214285589624 ) ) ;
#110 = DIRECTION ( 'NONE',  ( -0.000000000000000000, -0.000000000000000000, -1.000000000000000000 ) ) ;
#111 = CARTESIAN_POINT ( 'NONE',  ( 0.4674259901745113632, 0.06940139228857773734, -0.5385044642857259589 ) ) ;
#112 = CARTESIAN_POINT ( 'NONE',  ( 0.1616994288290717341, -0.4896831043302997677, -0.5298549107142855874 ) ) ;
#113 = DIRECTION ( 'NONE',  ( 0.000000000000000000, 0.000000000000000000, -1.000000000000000000 ) ) ;
#114 = CARTESIAN_POINT ( 'NONE',  ( -0.3769297392664646140, 0.3589596240886953615, -0.6291852678571683288 ) ) ;
#115 = CARTESIAN_POINT ( 'NONE',  ( -0.06952262098235433008, 0.4690990597384566141, -0.5920758928571191460 ) ) ;
#116 = ORIENTED_EDGE ( 'NONE', *, *, #6709, .T. ) ;
#117 = CARTESIAN_POINT ( 'NONE',  ( 0.5111784122544401621, -0.03340551249436743420, -0.5822445062011608607 ) ) ;
#118 = CARTESIAN_POINT ( 'NONE',  ( -0.2411102984818022654, -0.4021509835432570124, -0.4391741071428756915 ) ) ;
#119 = CARTESIAN_POINT ( 'NONE',  ( -0.5197538316029363115, -4.076429428045892694E-16, -0.8315030447319246010 ) ) ;
#120 = CARTESIAN_POINT ( 'NONE',  ( -0.3635344682912626246, -0.3136736206615189371, -0.7999441964285702866 ) ) ;
#121 = ADVANCED_FACE ( 'NONE', ( #2337 ), #2831, .F. ) ;
#122 = CARTESIAN_POINT ( 'NONE',  ( -0.3907348187017573582, -0.2752663856082408489, -0.7117745535712917127 ) ) ;
#123 = CARTESIAN_POINT ( 'NONE',  ( -0.5223994433247888258, -0.02573521035181792690, -0.7650669642856462449 ) ) ;
#124 = CARTESIAN_POINT ( 'NONE',  ( -0.4105332164578723853, -0.3370095131195380289, -0.9698660714287177242 ) ) ;
#125 = CARTESIAN_POINT ( 'NONE',  ( 0.1628831129346240969, 0.4550432035033317724, -0.8833705357142059844 ) ) ;
#126 = CARTESIAN_POINT ( 'NONE',  ( 0.1806238175774395882, 0.4788880447211326663, -0.5677462789114405828 ) ) ;
#127 = CYLINDRICAL_SURFACE ( 'NONE', #2256, 0.5937500000000000000 ) ;
#128 = ORIENTED_EDGE ( 'NONE', *, *, #2434, .F. ) ;
#129 = CARTESIAN_POINT ( 'NONE',  ( 0.2719193120021311527, 0.4363120342214225622, -0.6414081970005881539 ) ) ;
#130 = DIRECTION ( 'NONE',  ( 0.000000000000000000, 0.000000000000000000, 1.000000000000000000 ) ) ;
#131 = CARTESIAN_POINT ( 'NONE',  ( 0.05730878790707939069, -0.4651395379761998350, -0.4137834821428598153 ) ) ;
#132 = CARTESIAN_POINT ( 'NONE',  ( -0.5244440072392468899, 8.594068313990401939E-13, -0.9821425695388671384 ) ) ;
#133 = EDGE_CURVE ( 'NONE', #1733, #4806, #2315, .T. ) ;
#135 = CARTESIAN_POINT ( 'NONE',  ( 0.1279457674439927195, -0.5104929825343703653, -0.8141741071428580945 ) ) ;
#134 = CARTESIAN_POINT ( 'NONE',  ( 0.3111614795957146073, -0.4055469588595682628, -0.5204887121189235577 ) ) ;
#136 = FACE_OUTER_BOUND ( 'NONE', #2235, .T. ) ;
#137 = CARTESIAN_POINT ( 'NONE',  ( -0.3983853398080853259, 0.2806513266927985750, -1.029296875000075717 ) ) ;
#138 = CARTESIAN_POINT ( 'NONE',  ( 0.01187747492195521080, -0.4863861702736442250, -0.9863281249999765743 ) ) ;
#139 = CARTESIAN_POINT ( 'NONE',  ( 0.1268295739960432211, -0.4580596570289731106, -0.6442522321428530985 ) ) ;
#140 = DIRECTION ( 'NONE',  ( 0.000000000000000000, 1.000000000000000000, 1.048122702880362589E-16 ) ) ;
#141 = CARTESIAN_POINT ( 'NONE',  ( 0.4670224062540075938, 0.1169191686184097023, -0.8409598214284943474 ) ) ;
#142 = EDGE_CURVE ( 'NONE', #1732, #5148, #386, .T. ) ;
#143 = CARTESIAN_POINT ( 'NONE',  ( -0.5219898899402924952, 0.09064321492087273890, -0.9818638392856551267 ) ) ;
#144 = CARTESIAN_POINT ( 'NONE',  ( 0.000000000000000000, 0.4863381516167657459, -1.022321428571428603 ) ) ;
#145 = CARTESIAN_POINT ( 'NONE',  ( 0.3070812969262802228, 0.3559000411875571923, -0.4768415178571258073 ) ) ;
#146 = CARTESIAN_POINT ( 'NONE',  ( 0.3370908056027867583, 0.3371829433137094600, -0.6741071428572112945 ) ) ;
#147 = CARTESIAN_POINT ( 'NONE',  ( -0.1316201970762362894, 0.4929145806220314729, -0.4892503990652851131 ) ) ;
#148 = CARTESIAN_POINT ( 'NONE',  ( 0.1038681288484661625, 0.4628416678427960673, -0.6141183035714136151 ) ) ;
#149 = CARTESIAN_POINT ( 'NONE',  ( -0.1396492047625809974, 0.4601354306972822994, -0.8225446428571440149 ) ) ;
#150 = VECTOR ( 'NONE', #5986, 39.37007874015748143 ) ;
#151 = DIRECTION ( 'NONE',  ( 0.000000000000000000, 0.000000000000000000, 1.000000000000000000 ) ) ;
#152 = CARTESIAN_POINT ( 'NONE',  ( -0.1694722829926619545, -0.4395192923307796873, -0.4907924107143053494 ) ) ;
#153 = CARTESIAN_POINT ( 'NONE',  ( 0.5031029571239861164, 0.1000059848501019255, -0.4419642857142812020 ) ) ;
#154 = CARTESIAN_POINT ( 'NONE',  ( -0.5937500000000000000, -0.05801616647801782767, -0.02500000000000000139 ) ) ;
#155 = CARTESIAN_POINT ( 'NONE',  ( 0.1988848970648299797, -0.4799655486013515437, -0.5982142857142918047 ) ) ;
#156 = CARTESIAN_POINT ( 'NONE',  ( 0.4746790177872820538, 0.01171762662214340979, -0.6113281250000046629 ) ) ;
#157 = CARTESIAN_POINT ( 'NONE',  ( 0.000000000000000000, 0.000000000000000000, 0.000000000000000000 ) ) ;
#158 = CARTESIAN_POINT ( 'NONE',  ( -0.3750000000000000555, 0.000000000000000000, 0.7139999999999999680 ) ) ;
#159 = ORGANIZATION ( 'UNSPECIFIED', 'UNSPECIFIED', '' ) ;
#160 = CARTESIAN_POINT ( 'NONE',  ( -0.2109302392223469658, -0.4653991700056284708, -0.5405523377492181814 ) ) ;
#161 = CONICAL_SURFACE ( 'NONE', #4449, 0.3975000000000000755, 0.09425767512363275591 ) ;
#162 = CARTESIAN_POINT ( 'NONE',  ( 0.4779522040485446599, -0.05888349783878651239, -0.8451450892857753638 ) ) ;
#163 = CARTESIAN_POINT ( 'NONE',  ( 0.3038102529857071299, 0.3702970217362911987, -0.7444196428571469015 ) ) ;
#164 = CARTESIAN_POINT ( 'NONE',  ( -0.5130805054358540396, -0.08909995760141560528, -0.6922433035714320448 ) ) ;
#165 = CARTESIAN_POINT ( 'NONE',  ( -0.5307611802011020785, 0.02614327568370780619, -0.9782366071427555099 ) ) ;
#166 = AXIS2_PLACEMENT_3D ( 'NONE', #3818, #4391, #897 ) ;
#167 = CARTESIAN_POINT ( 'NONE',  ( 0.4743757536307253164, 0.09442656471602947632, -0.8950892857143044612 ) ) ;
#168 = CARTESIAN_POINT ( 'NONE',  ( -0.4520523462030780482, -0.2335204472148803834, -0.4689383432594814716 ) ) ;
#169 = CARTESIAN_POINT ( 'NONE',  ( 0.09748446414032806151, -0.6293207630494560556, -0.04850658121156121994 ) ) ;
#170 = CONICAL_SURFACE ( 'NONE', #1006, 0.5250000000000000222, 0.03112503826906170765 ) ;
#171 = ORIENTED_EDGE ( 'NONE', *, *, #1470, .F. ) ;
#172 = FACE_OUTER_BOUND ( 'NONE', #860, .T. ) ;
#173 = CARTESIAN_POINT ( 'NONE',  ( -0.5179083853823697181, -0.03308383712506778040, -0.9851760157057617429 ) ) ;
#174 = CARTESIAN_POINT ( 'NONE',  ( 0.3722444717926253754, -0.3352950230013622690, -0.9679761387503398318 ) ) ;
#175 = LINE ( 'NONE', #5309, #3342 ) ;
#177 = CARTESIAN_POINT ( 'NONE',  ( -0.3521131723413491454, -0.3886034372125389269, -0.7539062500000364153 ) ) ;
#176 = CARTESIAN_POINT ( 'NONE',  ( 0.1323692894917569141, -0.4938916451992651502, -0.5249544295517791781 ) ) ;
#178 = CARTESIAN_POINT ( 'NONE',  ( -0.08369841034001210267, 0.5092455082673678080, -0.7046490525486063250 ) ) ;
#179 = CARTESIAN_POINT ( 'NONE',  ( -0.4277391008609446321, 0.2287020887944785086, -0.9564732142857323982 ) ) ;
#180 = CARTESIAN_POINT ( 'NONE',  ( -0.4501240530684019747, 0.1865153644420133039, -1.008928571428599374 ) ) ;
#181 = CARTESIAN_POINT ( 'NONE',  ( 0.3187244163143311826, 0.3515673309542277636, -0.6199776785714669058 ) ) ;
#182 = CARTESIAN_POINT ( 'NONE',  ( -3.506341393428179785E-18, -4.928547240401228113E-20, 0.004529409175434031751 ) ) ;
#183 = CARTESIAN_POINT ( 'NONE',  ( 0.3303380420001881812, 0.3468755344957127340, -0.7631138392857907959 ) ) ;
#184 = CARTESIAN_POINT ( 'NONE',  ( 0.4394378668792380815, -0.2079078415886547182, -0.9737723214285769480 ) ) ;
#185 = CARTESIAN_POINT ( 'NONE',  ( -0.3701623262796321923, 0.2887960985377530654, -0.4584263392856969821 ) ) ;
#186 = DATE_AND_TIME ( #7155, #1010 ) ;
#187 = CARTESIAN_POINT ( 'NONE',  ( -0.3802728836044667604, -0.2821101619208866151, -0.5686383928571450141 ) ) ;
#188 = CARTESIAN_POINT ( 'NONE',  ( 0.3927448139868182642, 0.2625013512279370520, -0.5513392857142667136 ) ) ;
#189 = CARTESIAN_POINT ( 'NONE',  ( 0.4128171869767541247, 0.2475097606456760913, -0.8376116071428634235 ) ) ;
#190 = CARTESIAN_POINT ( 'NONE',  ( -0.4317823079016927523, 0.2204909433829786158, -0.9509884712599903089 ) ) ;
#191 = CARTESIAN_POINT ( 'NONE',  ( 0.2320863263381520436, -0.4095591057104207011, -0.4807477678570884483 ) ) ;
#192 = CARTESIAN_POINT ( 'NONE',  ( -0.5119006006267555753, -6.980888999485763014E-05, -0.4084821428571380197 ) ) ;
#193 = CARTESIAN_POINT ( 'NONE',  ( 0.000000000000000000, 0.000000000000000000, 0.4759999999999999787 ) ) ;
#194 = CARTESIAN_POINT ( 'NONE',  ( 0.2550212258872990856, -0.4500323473971247767, -0.5253906249999794609 ) ) ;
#195 = CARTESIAN_POINT ( 'NONE',  ( 0.4385827293360232693, 0.1816008385626208255, -0.6071428571428405530 ) ) ;
#196 = CARTESIAN_POINT ( 'NONE',  ( -0.01163253914136045536, 0.4763543595778399475, -0.6827566964284927931 ) ) ;
#197 = CARTESIAN_POINT ( 'NONE',  ( 0.3474536884537464676, -0.4850009641029817131, -0.9750000000000004219 ) ) ;
#198 = CARTESIAN_POINT ( 'NONE',  ( -0.4240345415478933289, -0.2006243454449756214, -0.4458705357142139780 ) ) ;
#199 = CARTESIAN_POINT ( 'NONE',  ( -0.5022531721365093293, -0.1344585321865832406, -0.8285294535204265065 ) ) ;
#200 = CARTESIAN_POINT ( 'NONE',  ( -0.04718994619656396300, -0.4797994699174668587, -0.8627232142857236274 ) ) ;
#201 = EDGE_CURVE ( 'NONE', #4427, #6256, #455, .T. ) ;
#202 = CARTESIAN_POINT ( 'NONE',  ( -0.3623140311425649407, 0.3124479029836006450, -0.7268415178571459023 ) ) ;
#203 = CARTESIAN_POINT ( 'NONE',  ( -0.1628788971653489237, 0.4928158954224475807, -0.6369977678571386859 ) ) ;
#204 = CARTESIAN_POINT ( 'NONE',  ( 0.2269571552538874881, -0.4796914896115247462, -0.9547991071428708620 ) ) ;
#205 = CARTESIAN_POINT ( 'NONE',  ( -0.2781559898042488821, 0.3948365856923664041, -0.8724888392856406938 ) ) ;
#206 = CARTESIAN_POINT ( 'NONE',  ( 0.03399888579238741909, 0.5105811544576008831, -0.5644006623615684948 ) ) ;
#207 = DIRECTION ( 'NONE',  ( 0.09411816491319552336, 1.152615094025676142E-17, -0.9955610333040223470 ) ) ;
#208 = VERTEX_POINT ( 'NONE', #2023 ) ;
#209 = CARTESIAN_POINT ( 'NONE',  ( -0.5088764429960539459, -2.865239008979901257E-15, -0.4821420020034484777 ) ) ;
#210 = CARTESIAN_POINT ( 'NONE',  ( 0.05698064361210163770, -0.5039140890280792151, -0.9732961425547309586 ) ) ;
#211 = CARTESIAN_POINT ( 'NONE',  ( 0.2799517286075532407, 0.3775790774552521545, -0.4581473214285488593 ) ) ;
#212 = CARTESIAN_POINT ( 'NONE',  ( -0.1852931193390079112, -0.4904593128277427438, -0.9683899578230866778 ) ) ;
#213 = AXIS2_PLACEMENT_3D ( 'NONE', #1520, #5113, #2097 ) ;
#215 = CARTESIAN_POINT ( 'NONE',  ( 0.3624198068984862409, 0.3805631178297363970, -0.7898995535715052085 ) ) ;
#214 = CARTESIAN_POINT ( 'NONE',  ( -0.01683041938574152824, -0.5103071715318688861, -0.5283055099662599119 ) ) ;
#216 = CARTESIAN_POINT ( 'NONE',  ( 0.4835097295566311293, 0.1818160958754104495, -0.7202705915534644010 ) ) ;
#217 = CARTESIAN_POINT ( 'NONE',  ( 0.1526461432866617896, -0.4618546950415695074, -1.000837053571444368 ) ) ;
#218 = ORIENTED_EDGE ( 'NONE', *, *, #5007, .F. ) ;
#219 = CARTESIAN_POINT ( 'NONE',  ( 0.4535636054986028065, -0.1748876325907545437, -0.9729352678571749902 ) ) ;
#220 = CARTESIAN_POINT ( 'NONE',  ( 0.09267045765887679809, -0.4661991915013284915, -0.6450892857143599723 ) ) ;
#221 = CARTESIAN_POINT ( 'NONE',  ( -0.4837207368037286237, 8.750450604705842659E-17, -0.9509883671270819017 ) ) ;
#222 = CARTESIAN_POINT ( 'NONE',  ( -0.05853583365295206287, 0.4750990348539262387, -0.7530691964285062268 ) ) ;
#223 = CARTESIAN_POINT ( 'NONE',  ( -0.03581026523506781328, 0.4863120893932950106, -1.021484359505454798 ) ) ;
#224 = CARTESIAN_POINT ( 'NONE',  ( 0.4563460202842353763, -0.1143710809831768593, -0.4893973214285582407 ) ) ;
#225 = CARTESIAN_POINT ( 'NONE',  ( -0.1595012373834453767, -0.4455954451905546065, -0.5619419642857077513 ) ) ;
#226 = CARTESIAN_POINT ( 'NONE',  ( 0.2895387248929011115, -0.3711079519224063650, -0.4969308035714248284 ) ) ;
#227 = CARTESIAN_POINT ( 'NONE',  ( 0.1284915543243091429, -0.4645413264590753655, -0.8585379464286039264 ) ) ;
#228 = CARTESIAN_POINT ( 'NONE',  ( -0.4827411728850307115, 0.03283629923130397532, -0.9508485222202395226 ) ) ;
#229 = CARTESIAN_POINT ( 'NONE',  ( -0.2616972358474385918, -0.3917735127418568442, -0.4933035714285785578 ) ) ;
#230 = CARTESIAN_POINT ( 'NONE',  ( -0.4993707214653436144, -0.1122089821189231201, -0.4059709821428609811 ) ) ;
#231 = CARTESIAN_POINT ( 'NONE',  ( -0.2603485524856525846, -0.4112595389950052249, -1.010881696428691745 ) ) ;
#232 = CARTESIAN_POINT ( 'NONE',  ( -0.2968750000000000000, 0.5142025834970105347, -0.02500000000000000139 ) ) ;
#233 = CARTESIAN_POINT ( 'NONE',  ( -0.06354267852974095077, 0.5146129691567764564, -0.5655691964285844975 ) ) ;
#234 = CARTESIAN_POINT ( 'NONE',  ( 0.09303524238930353796, 0.4674055555176707677, -0.6674107142857319541 ) ) ;
#235 = CARTESIAN_POINT ( 'NONE',  ( -0.1386135798375914274, -0.4571726032905282233, -0.7220982142857504948 ) ) ;
#236 = CARTESIAN_POINT ( 'NONE',  ( -0.3399646986671823745, 0.3883458146208907946, -0.7061114646754902413 ) ) ;
#237 = CARTESIAN_POINT ( 'NONE',  ( 0.4535113537650869997, -0.1621990762309983014, -0.8297991071429366983 ) ) ;
#238 = CARTESIAN_POINT ( 'NONE',  ( 0.5054164771724616312, -0.1179882159296797156, -0.7983960177843110184 ) ) ;
#239 = CARTESIAN_POINT ( 'NONE',  ( -0.09344706582144840512, 0.4694548912321089840, -0.7522321428571581148 ) ) ;
#240 = CARTESIAN_POINT ( 'NONE',  ( -0.2559629124047433368, 0.4043246679658971110, -0.7301897321428195697 ) ) ;
#241 = CARTESIAN_POINT ( 'NONE',  ( -0.4465929637503332494, -0.2675992458422137843, -0.6880580357144467918 ) ) ;
#242 = CARTESIAN_POINT ( 'NONE',  ( -0.4935518092402427781, -0.1904611985964146381, -0.9020647321429083876 ) ) ;
#243 = CARTESIAN_POINT ( 'NONE',  ( 0.4553803764614747229, 0.1628716086220014236, -0.8934151785714100624 ) ) ;
#244 = EDGE_CURVE ( 'NONE', #6291, #2670, #1112, .T. ) ;
#245 = CARTESIAN_POINT ( 'NONE',  ( -0.2976035516673150028, 0.4159724461332955370, -0.5565841790929637600 ) ) ;
#246 = CARTESIAN_POINT ( 'NONE',  ( 0.5119700008540154501, -1.756492889676319271E-15, -0.5815011991470051544 ) ) ;
#247 = VERTEX_POINT ( 'NONE', #2477 ) ;
#248 = CARTESIAN_POINT ( 'NONE',  ( -0.1356719952863479628, -0.5047105586161795276, -0.8880582019277368788 ) ) ;
#249 = CARTESIAN_POINT ( 'NONE',  ( -0.4482694220371156724, -0.2532733969908806948, -0.9818708468477592710 ) ) ;
#250 = CARTESIAN_POINT ( 'NONE',  ( -0.3478501295655846426, 0.3153544432180737656, -0.4414062500000015543 ) ) ;
#251 = CARTESIAN_POINT ( 'NONE',  ( -0.5077281651008694885, -0.1405817937950239738, -0.8317522321428705290 ) ) ;
#252 = DIRECTION ( 'NONE',  ( 0.000000000000000000, 1.000000000000000000, 1.047310526070460688E-16 ) ) ;
#254 = CARTESIAN_POINT ( 'NONE',  ( -0.4629288698082965059, 0.2473595299201278297, -0.7689732142857123032 ) ) ;
#253 = CARTESIAN_POINT ( 'NONE',  ( 0.3721578816026062109, -0.3491259749194220996, -0.5186378093652281862 ) ) ;
#255 = CARTESIAN_POINT ( 'NONE',  ( -0.1345323475418690462, 0.5036720276754361736, -0.8463927120465548626 ) ) ;
#256 = CARTESIAN_POINT ( 'NONE',  ( 0.4742368389455643429, -0.1065575552870479809, -0.9891183035714464777 ) ) ;
#257 = EDGE_LOOP ( 'NONE', ( #394, #6865, #5649, #4847 ) ) ;
#258 = CARTESIAN_POINT ( 'NONE',  ( 0.5211313821725771511, -0.03437480546369216933, -0.8757473501243742131 ) ) ;
#259 = CARTESIAN_POINT ( 'NONE',  ( 0.5083889790883568960, 0.1272751250552345004, -0.7985491071429724474 ) ) ;
#260 = CARTESIAN_POINT ( 'NONE',  ( -0.4475628327380165583, -0.1479226471812216948, -0.5186941964286133633 ) ) ;
#261 = DIRECTION ( 'NONE',  ( 0.03112001302226621510, 3.811102433714226808E-18, -0.9995156550997557066 ) ) ;
#262 = CARTESIAN_POINT ( 'NONE',  ( 0.4587364737802892001, -0.1392206332483645892, -0.7756696428571823176 ) ) ;
#263 = CARTESIAN_POINT ( 'NONE',  ( 0.3419115141498619836, 0.3418235345251416368, -0.8883928571428572063 ) ) ;
#264 = CARTESIAN_POINT ( 'NONE',  ( -0.3348148976686570188, -0.3347288002896161574, -0.5669642857142838110 ) ) ;
#265 = CARTESIAN_POINT ( 'NONE',  ( -0.3788482343387618578, 0.2810485113010167679, -0.5295758928571537849 ) ) ;
#266 = CARTESIAN_POINT ( 'NONE',  ( 0.2672711655551245347, 0.4001178837199255711, -0.8325892857143385450 ) ) ;
#267 = CARTESIAN_POINT ( 'NONE',  ( -0.3458835853316294950, 0.3387047681232284169, -0.9511007938277622475 ) ) ;
#268 = CARTESIAN_POINT ( 'NONE',  ( 0.3559368980553876405, 0.3071181537954140173, -0.4606584821429006715 ) ) ;
#269 = CARTESIAN_POINT ( 'NONE',  ( -0.4899394735728178629, 0.1486904793241887734, -0.4118303571428580390 ) ) ;
#270 = CARTESIAN_POINT ( 'NONE',  ( 0.1526461432811027086, -0.4618546950451992150, -1.000837053571439483 ) ) ;
#271 = CARTESIAN_POINT ( 'NONE',  ( 0.4777018895494467565, -0.1977943042131531659, -0.5178571428571560054 ) ) ;
#272 = CARTESIAN_POINT ( 'NONE',  ( -0.3802728836093630105, -0.2821101619171820230, -0.5686383928571527857 ) ) ;
#273 = CARTESIAN_POINT ( 'NONE',  ( 0.3370908056074589654, 0.3371829433076334870, -0.6919642857143086800 ) ) ;
#274 = CARTESIAN_POINT ( 'NONE',  ( -0.5089799720321638299, 0.08412930303872728777, -0.6982906738755291220 ) ) ;
#275 = CARTESIAN_POINT ( 'NONE',  ( -0.3715093293021390353, 0.3049698217503546971, -0.7979910714286529982 ) ) ;
#276 = CARTESIAN_POINT ( 'NONE',  ( -0.2590425593707960106, 0.4497660437688541513, -0.7719917783862240146 ) ) ;
#277 = CARTESIAN_POINT ( 'NONE',  ( -0.4746171234230992519, 0.05860041928592444466, -0.7380022321429039467 ) ) ;
#278 = ADVANCED_FACE ( 'NONE', ( #3049 ), #6939, .T. ) ;
#279 = CARTESIAN_POINT ( 'NONE',  ( 0.4780153843018821735, -0.03532236049319511378, -0.7553013392857295116 ) ) ;
#280 = CARTESIAN_POINT ( 'NONE',  ( -0.3946075039058994371, 0.3402969747473542639, -0.7022879464285742834 ) ) ;
#281 = CARTESIAN_POINT ( 'NONE',  ( -0.5277024536791151688, -0.03885721935040040848, -0.9054129464285327611 ) ) ;
#282 = CARTESIAN_POINT ( 'NONE',  ( -0.1849182169441712098, 0.4462596452933570434, -0.8750000000000494049 ) ) ;
#283 =( GEOMETRIC_REPRESENTATION_CONTEXT ( 3 ) GLOBAL_UNCERTAINTY_ASSIGNED_CONTEXT ( ( #5767 ) ) GLOBAL_UNIT_ASSIGNED_CONTEXT ( ( #1642, #3407, #5974 ) ) REPRESENTATION_CONTEXT ( 'NONE', 'WORKASPACE' ) );
#284 = CARTESIAN_POINT ( 'NONE',  ( 0.5122123178150956857, 1.215458931556092062E-15, -0.5892839592609772081 ) ) ;
#285 = DIRECTION ( 'NONE',  ( -1.000000000000000000, 0.000000000000000000, 0.000000000000000000 ) ) ;
#286 = ORIENTED_EDGE ( 'NONE', *, *, #3499, .F. ) ;
#287 = EDGE_CURVE ( 'NONE', #4082, #2392, #6039, .T. ) ;
#288 = CARTESIAN_POINT ( 'NONE',  ( 0.1348099401631915883, -0.5038864810771800373, -0.8821025069172941935 ) ) ;
#289 = AXIS2_PLACEMENT_3D ( 'NONE', #4644, #468, #7518 ) ;
#290 = DIRECTION ( 'NONE',  ( -1.000000000000000000, 0.000000000000000000, 0.000000000000000000 ) ) ;
#291 = CARTESIAN_POINT ( 'NONE',  ( 0.1903896936351862079, 0.4296708056489729199, -0.4556361607143406545 ) ) ;
#292 = CARTESIAN_POINT ( 'NONE',  ( 0.5278762170514538221, 0.01289049213818269958, -0.8702566964285634032 ) ) ;
#293 = CARTESIAN_POINT ( 'NONE',  ( 0.1846991818311347622, 0.4892396366172165889, -0.9248914391858668038 ) ) ;
#295 = CARTESIAN_POINT ( 'NONE',  ( -0.4434254745141023024, 0.2808762233048185952, -0.7698102678571211444 ) ) ;
#294 = CARTESIAN_POINT ( 'NONE',  ( 0.5064749385523048542, -0.06691201382274086784, -0.5115661946679430638 ) ) ;
#296 = CARTESIAN_POINT ( 'NONE',  ( -0.4504704086698595455, 0.2606835283489146726, -0.8452479411864592951 ) ) ;
#297 = CONICAL_SURFACE ( 'NONE', #166, 0.5250000000000000222, 0.03112503826906170765 ) ;
#298 = CARTESIAN_POINT ( 'NONE',  ( -0.3169513540950316122, 0.3673332534143082251, -0.9606584821429026144 ) ) ;
#299 = CARTESIAN_POINT ( 'NONE',  ( -0.3357579863994287761, 0.3839438802540061646, -0.4840469767796901079 ) ) ;
#300 = VERTEX_POINT ( 'NONE', #3282 ) ;
#301 = CARTESIAN_POINT ( 'NONE',  ( -0.1234537612960269343, -0.4933616057482095307, -0.4670723208538056226 ) ) ;
#302 = CARTESIAN_POINT ( 'NONE',  ( -0.3619520593721706758, -0.3802738947412999670, -0.8278459821428940657 ) ) ;
#303 = CARTESIAN_POINT ( 'NONE',  ( 0.4110762022066198340, 0.2328019774337954095, -0.5521763392857083064 ) ) ;
#304 = DIRECTION ( 'NONE',  ( -1.000000000000000000, 0.000000000000000000, 0.000000000000000000 ) ) ;
#305 = B_SPLINE_CURVE_WITH_KNOTS ( 'NONE', 3,
 ( #538, #2986, #2417, #611, #4672, #7511, #2270, #1188 ),
 .UNSPECIFIED., .F., .F.,
 ( 4, 2, 2, 4 ),
 ( 0.008810461554733122619, 0.01100478119882384101, 0.01319910084291455767, 0.01758774013109599618 ),
 .UNSPECIFIED. ) ;
#306 = CARTESIAN_POINT ( 'NONE',  ( 0.4743757536317512735, 0.09442656472268912138, -0.8950892857142751513 ) ) ;
#307 = CARTESIAN_POINT ( 'NONE',  ( -0.1705853501710518638, 0.4423953118460658973, -0.5895647321428698628 ) ) ;
#308 = CARTESIAN_POINT ( 'NONE',  ( -0.08025056918881282031, 0.4628486706489183256, -0.4667968749999804046 ) ) ;
#309 = CARTESIAN_POINT ( 'NONE',  ( -0.4628951297260938680, -0.1281684199949253145, -0.8049665178571147051 ) ) ;
#310 = CARTESIAN_POINT ( 'NONE',  ( 0.3975000000000000755, 4.867971026610729929E-17, 0.4759999999999999787 ) ) ;
#311 = CARTESIAN_POINT ( 'NONE',  ( 0.2531099842591142957, -0.4466595772550943644, -0.4561941964285168294 ) ) ;
#312 = CARTESIAN_POINT ( 'NONE',  ( -0.4584861434433592509, -0.1641195970516638181, -1.018415178571406621 ) ) ;
#313 = CARTESIAN_POINT ( 'NONE',  ( -0.1382179084547499881, 0.4997059977448599088, -0.5638950892857013120 ) ) ;
#314 = CARTESIAN_POINT ( 'NONE',  ( 0.2431022427729187807, -0.4057098873386861260, -0.5518973214285758377 ) ) ;
#315 = CARTESIAN_POINT ( 'NONE',  ( 0.4597054987775792134, 0.1271539910658810169, -0.6978236607142905834 ) ) ;
#316 = CARTESIAN_POINT ( 'NONE',  ( 0.3411134492378281036, 0.3880135125739900825, -0.7224821109492579607 ) ) ;
#317 = CARTESIAN_POINT ( 'NONE',  ( -0.4198080074489953795, -0.2377469543329529256, -0.8557477678571647761 ) ) ;
#318 = CARTESIAN_POINT ( 'NONE',  ( 0.5186649942088118470, -0.03384831217495770650, -0.7965316576535519388 ) ) ;
#319 = CARTESIAN_POINT ( 'NONE',  ( -0.4218991501862210947, 0.2254356840506874793, -0.7421875000000689448 ) ) ;
#320 = CARTESIAN_POINT ( 'NONE',  ( -0.2738056054287995034, -0.3888869649905158377, -0.6364397321428938437 ) ) ;
#321 = CARTESIAN_POINT ( 'NONE',  ( -0.1873497848709111124, -0.4854995889828727096, -0.6805245535714092853 ) ) ;
#322 = CARTESIAN_POINT ( 'NONE',  ( 0.4740622517652924861, 0.07025816821766026066, -0.7527901785714130600 ) ) ;
#323 = CARTESIAN_POINT ( 'NONE',  ( -0.06749175483581215662, -0.5094613828253494736, -0.6086378180938587512 ) ) ;
#324 = EDGE_LOOP ( 'NONE', ( #7385, #3322, #6294, #2203 ) ) ;
#325 = CARTESIAN_POINT ( 'NONE',  ( 0.4935806134598060835, -0.1676102211061409331, -0.8709381398831619325 ) ) ;
#326 = CARTESIAN_POINT ( 'NONE',  ( -0.5937500000000000000, 7.271340369937410515E-17, -0.9999999999999998890 ) ) ;
#327 = CARTESIAN_POINT ( 'NONE',  ( 0.3883321179653544952, 0.2880889545220366443, -0.8900669642857281794 ) ) ;
#328 = CARTESIAN_POINT ( 'NONE',  ( 0.1898190087146856275, 0.4922870375867188786, -0.8568638392857267361 ) ) ;
#329 = CARTESIAN_POINT ( 'NONE',  ( 0.4897720771315636212, 0.1841272149253637136, -0.9345582986912736034 ) ) ;
#331 = CARTESIAN_POINT ( 'NONE',  ( 0.1021168589396742876, 0.5130302982664604050, -0.7120535714285487483 ) ) ;
#330 = CARTESIAN_POINT ( 'NONE',  ( -0.4264518003894622877, -0.3049428561514035407, -0.9673029417630547577 ) ) ;
#332 = CARTESIAN_POINT ( 'NONE',  ( -0.1671042812979861292, 0.4940538684015086668, -0.8534334641001788402 ) ) ;
#333 = CARTESIAN_POINT ( 'NONE',  ( 0.2186235169541419776, -0.4344695540094302144, -0.9991629464285551876 ) ) ;
#334 = CARTESIAN_POINT ( 'NONE',  ( -0.3004001534666573825, -0.4189095884221041843, -0.6856430703934391913 ) ) ;
#335 = ORIENTED_EDGE ( 'NONE', *, *, #1304, .T. ) ;
#336 = CARTESIAN_POINT ( 'NONE',  ( 0.08241960769062123271, -0.5022023085078045623, -0.4624366971504520474 ) ) ;
#337 = CARTESIAN_POINT ( 'NONE',  ( 0.4810712903115171302, 0.2133226782243760056, -0.8680245535713977389 ) ) ;
#338 = CARTESIAN_POINT ( 'NONE',  ( -0.4042107358837757625, -0.2423497006674857068, -0.5161830357142781489 ) ) ;
#339 = CARTESIAN_POINT ( 'NONE',  ( 0.000000000000000000, 0.000000000000000000, -0.9749999999999998668 ) ) ;
#340 = CARTESIAN_POINT ( 'NONE',  ( -0.02388401737498482835, 0.4848192495993977613, -0.9503348214286287954 ) ) ;
#341 = EDGE_CURVE ( 'NONE', #6079, #2954, #7320, .T. ) ;
#342 = CARTESIAN_POINT ( 'NONE',  ( 0.08094558979787198905, -0.4661227011676198906, -0.5560825892857088615 ) ) ;
#343 = CARTESIAN_POINT ( 'NONE',  ( -0.2524901940034023351, 0.3986050340120163571, -0.5337611607142672687 ) ) ;
#344 = CARTESIAN_POINT ( 'NONE',  ( -0.1944549925331975626, -0.4388452573619643915, -0.7949218749999620304 ) ) ;
#345 = CARTESIAN_POINT ( 'NONE',  ( -0.4794511523927820207, 0.06533723137050595486, -0.9508744724958920758 ) ) ;
#346 = CARTESIAN_POINT ( 'NONE',  ( 0.4392078689042973050, 0.2076606879408571249, -0.9815848214285486373 ) ) ;
#347 = CARTESIAN_POINT ( 'NONE',  ( 0.3181543184246815037, -0.4077854752391142368, -0.5237165178571635549 ) ) ;
#348 = CARTESIAN_POINT ( 'NONE',  ( 0.1807532922406244746, 0.4362183971141534444, -0.5267857142857180763 ) ) ;
#349 = CARTESIAN_POINT ( 'NONE',  ( 0.07013825606635439025, -0.4723889869116891238, -0.7170758928570953872 ) ) ;
#350 = CARTESIAN_POINT ( 'NONE',  ( -0.4467327660179265525, 0.2582639510820413653, -0.7023855597651870175 ) ) ;
#351 = CARTESIAN_POINT ( 'NONE',  ( -0.4619741490663669126, 0.1400694173987352964, -0.8649553571428796328 ) ) ;
#352 = CARTESIAN_POINT ( 'NONE',  ( 0.4914190222476300662, -0.1670474877905356315, -0.7995129391756565784 ) ) ;
#353 = CARTESIAN_POINT ( 'NONE',  ( 0.1835202996551062171, -0.4432184573227712088, -0.7857142857143317727 ) ) ;
#354 = CARTESIAN_POINT ( 'NONE',  ( -0.01163253914169576353, 0.4763543595772895545, -0.6648995535714955496 ) ) ;
#355 = CARTESIAN_POINT ( 'NONE',  ( -0.07577407748451389646, 0.5112815024464930636, -0.5675223214285475271 ) ) ;
#356 = CARTESIAN_POINT ( 'NONE',  ( 0.4570907409403638932, 0.1510716445775076855, -0.8222656249999777955 ) ) ;
#357 = CARTESIAN_POINT ( 'NONE',  ( -0.03424981059871497202, -0.5127462862592261361, -0.6079009523196254872 ) ) ;
#358 = ORIENTED_EDGE ( 'NONE', *, *, #6918, .T. ) ;
#359 = VERTEX_POINT ( 'NONE', #7448 ) ;
#360 = DIRECTION ( 'NONE',  ( -0.000000000000000000, -0.000000000000000000, -1.000000000000000000 ) ) ;
#361 = CARTESIAN_POINT ( 'NONE',  ( -0.2482600195652535646, 0.4143177069198879514, -0.8733258928570938329 ) ) ;
#362 = CARTESIAN_POINT ( 'NONE',  ( -0.2482710447425318101, -0.4643383651848294602, -0.8225446428571386859 ) ) ;
#363 = CARTESIAN_POINT ( 'NONE',  ( -0.5187125372465648532, 0.06801436848320721595, -0.9044125848846048532 ) ) ;
#364 = CARTESIAN_POINT ( 'NONE',  ( -0.5233828228209781441, 0.03420468165613490402, -0.9751011165088796506 ) ) ;
#365 = CARTESIAN_POINT ( 'NONE',  ( -0.4377729995625829207, 0.2727329274567644180, -0.6949787013189259177 ) ) ;
#366 = CARTESIAN_POINT ( 'NONE',  ( -0.1406777444603984906, -0.4635376331987316467, -0.9363839285714282701 ) ) ;
#367 = CARTESIAN_POINT ( 'NONE',  ( -0.4626484085384179878, -0.2277453276169657259, -0.6912288251170773945 ) ) ;
#368 = EDGE_LOOP ( 'NONE', ( #1000, #3416, #616 ) ) ;
#369 = DIRECTION ( 'NONE',  ( -0.09411816491319552336, 0.000000000000000000, -0.9955610333040223470 ) ) ;
#370 = EDGE_CURVE ( 'NONE', #247, #3537, #2793, .T. ) ;
#371 = CARTESIAN_POINT ( 'NONE',  ( 0.02573092047485801837, 0.5252253453375996806, -0.8554687500000598410 ) ) ;
#372 = CARTESIAN_POINT ( 'NONE',  ( 0.4410349039973111007, -0.1701910878020629903, -0.5622209821428473253 ) ) ;
#373 = CARTESIAN_POINT ( 'NONE',  ( -0.4696302178786082027, -0.2124030557236160910, -0.6838162793965234520 ) ) ;
#374 = CARTESIAN_POINT ( 'NONE',  ( -0.4673793088303034859, 0.1294060282495971270, -0.9361049107143408765 ) ) ;
#375 = AXIS2_PLACEMENT_3D ( 'NONE', #3260, #1414, #3098 ) ;
#376 = CARTESIAN_POINT ( 'NONE',  ( -0.3643148025481069419, -0.2989070512003390023, -0.4966517857142934145 ) ) ;
#377 = CARTESIAN_POINT ( 'NONE',  ( 0.2427227267629887830, 0.4050839593981367948, -0.5463169642857127473 ) ) ;
#378 = CARTESIAN_POINT ( 'NONE',  ( 0.2157300003649875730, -0.4284361407101723307, -0.7848772321428293397 ) ) ;
#379 = CARTESIAN_POINT ( 'NONE',  ( 0.4896059760178524956, 0.05238598849472375640, -0.4542999999999999261 ) ) ;
#380 = EDGE_CURVE ( 'NONE', #3394, #208, #5582, .T. ) ;
#381 = CARTESIAN_POINT ( 'NONE',  ( -0.4277391008636847736, 0.2287020887881678344, -0.9564732142857567121 ) ) ;
#382 = CARTESIAN_POINT ( 'NONE',  ( 0.000000000000000000, 0.000000000000000000, -0.02500000000000000139 ) ) ;
#383 = CARTESIAN_POINT ( 'NONE',  ( -0.3091711773589162493, -0.3585143766848288283, -0.5661272321428976184 ) ) ;
#384 = CARTESIAN_POINT ( 'NONE',  ( -0.1039602621591422388, 0.4626602802331782893, -0.6090959821428496568 ) ) ;
#385 = CARTESIAN_POINT ( 'NONE',  ( -0.03336774071918191531, 0.5152798770387647664, -0.7135506970236362712 ) ) ;
#386 = B_SPLINE_CURVE_WITH_KNOTS ( 'NONE', 3,
 ( #744, #4395, #1979, #6611, #2638, #5544, #6729, #1321, #3662, #5998, #3088, #1403, #174, #2522, #824, #6040, #5466, #1898, #1320, #5425, #3087, #2560, #1442, #785, #210, #3131, #6689, #92, #5997, #6569, #4771, #2598, #743, #4236, #3781, #7219, #6120, #3699, #3661, #4810, #1402, #249, #1978, #862, #6650, #7100, #5465, #173, #4275 ),
 .UNSPECIFIED., .F., .F.,
 ( 4, 2, 1, 2, 2, 2, 2, 2, 2, 2, 2, 2, 2, 2, 2, 2, 2, 2, 2, 2, 2, 2, 2, 2, 4 ),
 ( 0.01906249292905558279, 0.02033236832398269481, 0.02160224371890980682, 0.02287211911383691884, 0.02414199450876403086, 0.02668174529861825142, 0.02795162069354536344, 0.02922149608847247546, 0.03176124687832669602, 0.03303112227325380457, 0.03430099766818091311, 0.03557087306310802166, 0.03684074845803513715, 0.03938049924788936118, 0.04065037464281646973, 0.04192025003774359215, 0.04446000082759780925, 0.04572987622252492473, 0.04699975161745204022, 0.04953950240730625731, 0.05207925319716048135, 0.05334912859208758990, 0.05461900398701469844, 0.05715875477686891554, 0.05969850556672312569 ),
 .UNSPECIFIED. ) ;
#387 = CARTESIAN_POINT ( 'NONE',  ( -0.4773519836503413716, -0.07087511985074035348, -0.8599330357143019077 ) ) ;
#388 = CARTESIAN_POINT ( 'NONE',  ( 0.5186418530286927009, -4.908789363615472940E-16, -0.7957884069425121831 ) ) ;
#389 = CARTESIAN_POINT ( 'NONE',  ( -0.3461655088087925991, -0.3294920841265860378, -0.7279575892857655939 ) ) ;
#390 = CARTESIAN_POINT ( 'NONE',  ( -0.2449297306523674223, 0.4085139614342819803, -0.6590401785714068428 ) ) ;
#391 = CARTESIAN_POINT ( 'NONE',  ( -0.3288432091584976291, -0.4005912695703974236, -0.6127232142857402808 ) ) ;
#392 = CARTESIAN_POINT ( 'NONE',  ( -0.1396492047559032001, 0.4601354306955823814, -0.8046874999999703570 ) ) ;
#393 = B_SPLINE_CURVE_WITH_KNOTS ( 'NONE', 3,
 ( #3724, #154, #3032, #5449, #5369, #1920, #3113, #4144 ),
 .UNSPECIFIED., .F., .F.,
 ( 4, 2, 2, 4 ),
 ( 0.07182922422477655555, 0.07622987005270112637, 0.07843019296666342566, 0.08063051588062571107 ),
 .UNSPECIFIED. ) ;
#394 = ORIENTED_EDGE ( 'NONE', *, *, #6829, .T. ) ;
#395 = CARTESIAN_POINT ( 'NONE',  ( -0.3473776053593128355, 0.4850448906980338593, -0.02625346759769190547 ) ) ;
#396 = ORIENTED_EDGE ( 'NONE', *, *, #3651, .T. ) ;
#397 = ORIENTED_EDGE ( 'NONE', *, *, #4920, .T. ) ;
#398 = CARTESIAN_POINT ( 'NONE',  ( -0.4908881097603181032, 0.1859247236662836811, -0.9862567834388219490 ) ) ;
#399 = CARTESIAN_POINT ( 'NONE',  ( -0.4478541853018649377, -0.1854397607587204566, -0.9285714285713864147 ) ) ;
#400 = CARTESIAN_POINT ( 'NONE',  ( -0.05174354473543765764, -0.5260958806904069140, -0.8895089285714034011 ) ) ;
#401 = CARTESIAN_POINT ( 'NONE',  ( 0.5230897053481986525, 2.337010588329975722E-16, -0.9386449675016899086 ) ) ;
#402 = AXIS2_PLACEMENT_3D ( 'NONE', #4713, #5788, #5213 ) ;
#403 = CARTESIAN_POINT ( 'NONE',  ( -0.06884761028728884902, -0.5202827313534802434, -0.9579949917165336837 ) ) ;
#404 = CARTESIAN_POINT ( 'NONE',  ( -0.4739219528114598790, 0.2150431980776925933, -0.8441283473958021144 ) ) ;
#405 = CARTESIAN_POINT ( 'NONE',  ( -0.5113931728618441586, -0.06710911739658353969, -0.6949430300370512681 ) ) ;
#406 = CIRCLE ( 'NONE', #1747, 0.5327323696766466110 ) ;
#407 = VECTOR ( 'NONE', #7489, 39.37007874015748143 ) ;
#408 = VERTEX_POINT ( 'NONE', #2204 ) ;
#409 = CARTESIAN_POINT ( 'NONE',  ( 0.06693074470831889000, -0.5128570974049351250, -0.7407421789040378179 ) ) ;
#410 = CARTESIAN_POINT ( 'NONE',  ( 0.1768000326944243195, -0.4939107736894496337, -0.8152901785715527261 ) ) ;
#411 = CARTESIAN_POINT ( 'NONE',  ( -0.4691760630288804301, -0.04627456482073936256, -0.5212053571428579835 ) ) ;
#412 = CARTESIAN_POINT ( 'NONE',  ( 0.3370910165546641135, 0.3837388738441390168, -0.5081915982579930935 ) ) ;
#413 = AXIS2_PLACEMENT_3D ( 'NONE', #3544, #2249, #4730 ) ;
#414 = CARTESIAN_POINT ( 'NONE',  ( -0.3896703075236248037, 0.2889167104228889116, -0.9402901785714105065 ) ) ;
#415 = CARTESIAN_POINT ( 'NONE',  ( 0.4410349039973111007, -0.1701910878020629903, -0.5443638392857047537 ) ) ;
#416 = CARTESIAN_POINT ( 'NONE',  ( -0.1141968414364573636, 0.4556350640466726998, -0.4659598214285612383 ) ) ;
#417 = AXIS2_PLACEMENT_3D ( 'NONE', #5999, #1360, #5922 ) ;
#418 = CARTESIAN_POINT ( 'NONE',  ( 0.3983775814020385497, 0.2661132695123725189, -0.7656250000000670575 ) ) ;
#419 = DIRECTION ( 'NONE',  ( -0.000000000000000000, -1.047310526070460688E-16, 1.000000000000000000 ) ) ;
#420 = CARTESIAN_POINT ( 'NONE',  ( 0.4800787832934483301, 0.05914935652484969858, -0.9137834821427809340 ) ) ;
#421 = DIRECTION ( 'NONE',  ( 1.000000000000000000, 0.000000000000000000, 0.000000000000000000 ) ) ;
#422 = CARTESIAN_POINT ( 'NONE',  ( -0.1258164278006601022, 0.4548696710974259871, -0.5192522321428338916 ) ) ;
#423 = CARTESIAN_POINT ( 'NONE',  ( -0.2027701620150446360, 0.4285699330507571903, -0.6065848214285185502 ) ) ;
#424 = DIRECTION ( 'NONE',  ( -1.000000000000000000, 0.000000000000000000, 0.000000000000000000 ) ) ;
#425 = CARTESIAN_POINT ( 'NONE',  ( -0.05853583364520821564, 0.4750990348563975951, -0.7352120535714138372 ) ) ;
#426 = CARTESIAN_POINT ( 'NONE',  ( 0.3421956445330023300, 0.3900239764198324965, -0.7939014492580873661 ) ) ;
#427 = CARTESIAN_POINT ( 'NONE',  ( 0.02339030371553621132, -0.4747966019340635890, -0.6467633928570682977 ) ) ;
#428 = CARTESIAN_POINT ( 'NONE',  ( 0.3370908056066407310, 0.3371829433087347172, -0.6741071428570600821 ) ) ;
#429 = CARTESIAN_POINT ( 'NONE',  ( -0.4961395899144786514, -0.1505761620404227341, -0.6194196428571618895 ) ) ;
#430 = B_SPLINE_CURVE_WITH_KNOTS ( 'NONE', 3,
 ( #1048, #4079, #3506, #6412, #3392, #5806, #5229, #5879 ),
 .UNSPECIFIED., .F., .F.,
 ( 4, 2, 2, 4 ),
 ( 0.01626740352916582547, 0.01847129094447417727, 0.02067517835978253254, 0.02508295319039923615 ),
 .UNSPECIFIED. ) ;
#431 = CARTESIAN_POINT ( 'NONE',  ( -0.3136367637875688841, -0.3634976114267207126, -0.7804129464285790574 ) ) ;
#432 = VERTEX_POINT ( 'NONE', #7302 ) ;
#433 = EDGE_CURVE ( 'NONE', #1451, #6303, #7237, .T. ) ;
#434 = CARTESIAN_POINT ( 'NONE',  ( 0.06662221798156289787, -0.5086553726850048252, -0.6056625567260083276 ) ) ;
#435 = ORIENTED_EDGE ( 'NONE', *, *, #3889, .F. ) ;
#436 = ORIENTED_EDGE ( 'NONE', *, *, #5164, .F. ) ;
#437 = DIRECTION ( 'NONE',  ( -0.000000000000000000, 0.000000000000000000, -1.000000000000000000 ) ) ;
#438 = CARTESIAN_POINT ( 'NONE',  ( 0.2070617951697889814, -0.4376407160499150018, -0.9101562500000603961 ) ) ;
#439 = CARTESIAN_POINT ( 'NONE',  ( -0.4579460340088959969, 0.1027694595625778806, -0.4534040178571691060 ) ) ;
#440 = CYLINDRICAL_SURFACE ( 'NONE', #521, 0.5937500000000000000 ) ;
#441 = CARTESIAN_POINT ( 'NONE',  ( 0.000000000000000000, 0.000000000000000000, 0.9519999999999999574 ) ) ;
#442 = CARTESIAN_POINT ( 'NONE',  ( -0.4096305523210595489, 0.3148365882715791764, -0.6960974335850439454 ) ) ;
#443 = CARTESIAN_POINT ( 'NONE',  ( 0.2997642107046751825, -0.4188303442125175247, -0.6715085940130686160 ) ) ;
#444 = ORIENTED_EDGE ( 'NONE', *, *, #4928, .F. ) ;
#445 = CARTESIAN_POINT ( 'NONE',  ( 0.3148820438646210973, -0.4111085768008666541, -0.7347841626729294529 ) ) ;
#446 = CARTESIAN_POINT ( 'NONE',  ( 0.2681981755946675205, 0.4473307858211934551, -0.7181919642857103048 ) ) ;
#447 = CARTESIAN_POINT ( 'NONE',  ( 0.4770268320940995177, -0.2162710179527828902, -0.9512656186448031903 ) ) ;
#448 = CARTESIAN_POINT ( 'NONE',  ( -0.4322713687389713177, 0.2693935619264929970, -0.4884767887928274654 ) ) ;
#449 = CARTESIAN_POINT ( 'NONE',  ( -0.4624846931179491527, 0.09205574349443525206, -0.5066964285714208316 ) ) ;
#450 = CARTESIAN_POINT ( 'NONE',  ( -0.02360763724689703483, -0.4792863826686451501, -0.7907366071429097198 ) ) ;
#451 = DIRECTION ( 'NONE',  ( -0.000000000000000000, -0.000000000000000000, 1.000000000000000000 ) ) ;
#452 = CARTESIAN_POINT ( 'NONE',  ( 0.3157246286103735367, 0.3661136856023498587, -0.9054129464285320950 ) ) ;
#453 = CARTESIAN_POINT ( 'NONE',  ( -0.5033368651536327398, 0.1129559878165139336, -0.4801897321428834631 ) ) ;
#454 = CARTESIAN_POINT ( 'NONE',  ( -0.2014703918525007076, -0.4258316923844075452, -0.4916294642857074737 ) ) ;
#455 = CIRCLE ( 'NONE', #2301, 0.5937500000000000000 ) ;
#456 = CARTESIAN_POINT ( 'NONE',  ( 0.2027870475713264564, 0.4289088397247372564, -0.6166294642857447217 ) ) ;
#457 = CARTESIAN_POINT ( 'NONE',  ( -0.4188352514239086499, 0.2097050744143918177, -0.4543000000000002592 ) ) ;
#458 = CARTESIAN_POINT ( 'NONE',  ( -0.2263363158332558078, -0.4233144626657963649, -0.7779017857143587511 ) ) ;
#459 = CARTESIAN_POINT ( 'NONE',  ( -0.3018108626352557500, 0.4214721427171297385, -0.7786495042593509774 ) ) ;
#460 = CARTESIAN_POINT ( 'NONE',  ( 0.1605093915985196240, 0.4487870262266700494, -0.6869419642857284014 ) ) ;
#461 = CARTESIAN_POINT ( 'NONE',  ( 0.2603199683421311694, -0.4518987676720200852, -0.8791333040148958666 ) ) ;
#462 = CARTESIAN_POINT ( 'NONE',  ( -0.1157006853542529856, 0.4621552095917892400, -0.6623883928571834279 ) ) ;
#463 = CARTESIAN_POINT ( 'NONE',  ( -0.1982307102464819504, -0.4787558622859707236, -0.6093750000000065503 ) ) ;
#464 = CARTESIAN_POINT ( 'NONE',  ( -0.1269002326716707763, -0.5063370654978712748, -0.6768973214285927131 ) ) ;
#465 = CARTESIAN_POINT ( 'NONE',  ( -0.03507272389046946215, -0.4763565048456256390, -0.7017299107143198933 ) ) ;
#466 = ORIENTED_EDGE ( 'NONE', *, *, #3203, .T. ) ;
#467 = CARTESIAN_POINT ( 'NONE',  ( -0.4955130149329193268, -0.1680071731900860954, -0.9069990484353219751 ) ) ;
#468 = DIRECTION ( 'NONE',  ( -0.000000000000000000, -0.000000000000000000, -1.000000000000000000 ) ) ;
#469 = ORIENTED_EDGE ( 'NONE', *, *, #6054, .F. ) ;
#470 = VERTEX_POINT ( 'NONE', #937 ) ;
#471 = CARTESIAN_POINT ( 'NONE',  ( 0.4438222700448220537, 0.2558838582736442935, -0.5833400143932946369 ) ) ;
#472 = CARTESIAN_POINT ( 'NONE',  ( -0.4756318119034701475, 0.09454151954493834886, -0.9352678571428190146 ) ) ;
#473 = CARTESIAN_POINT ( 'NONE',  ( -0.3234176763804679777, -0.3396087773730492310, -0.4416852678571915325 ) ) ;
#474 = CARTESIAN_POINT ( 'NONE',  ( 0.09781752358033114769, -0.4985032247813610540, -0.4542999999999999816 ) ) ;
#475 = ADVANCED_FACE ( 'NONE', ( #7414 ), #4503, .F. ) ;
#476 = CARTESIAN_POINT ( 'NONE',  ( -0.4161151313368801619, -0.3188872867593096627, -0.9669272306486883517 ) ) ;
#477 = DIRECTION ( 'NONE',  ( -0.09411816491319552336, 0.000000000000000000, -0.9955610333040223470 ) ) ;
#478 = CARTESIAN_POINT ( 'NONE',  ( 0.4083290983204840296, -0.3137429912230847995, -0.6681620366786533705 ) ) ;
#479 = ORIENTED_EDGE ( 'NONE', *, *, #3889, .T. ) ;
#480 = CARTESIAN_POINT ( 'NONE',  ( 0.5099897167498205208, 0.06739582358224377456, -0.6514359940323981579 ) ) ;
#481 = CARTESIAN_POINT ( 'NONE',  ( 0.2909577335377644403, 0.4355775182121405242, -0.7901785714285965989 ) ) ;
#482 = CARTESIAN_POINT ( 'NONE',  ( -0.4243728791720123295, 0.2006424341515477827, -0.4559151785714510297 ) ) ;
#483 = CARTESIAN_POINT ( 'NONE',  ( 0.4831600115592386002, 0.1637265296527608271, -0.5141407330121061658 ) ) ;
#484 = CARTESIAN_POINT ( 'NONE',  ( 0.3927448139868182642, 0.2625013512279370520, -0.5334821428571241420 ) ) ;
#485 = CARTESIAN_POINT ( 'NONE',  ( 0.3901818058292897962, -0.2748721183030208848, -0.7078683035714709026 ) ) ;
#486 = DIRECTION ( 'NONE',  ( 0.4999999999999996114, 0.8660254037844388186, 0.000000000000000000 ) ) ;
#487 = CARTESIAN_POINT ( 'NONE',  ( -0.1845946737083269951, -0.4454888344196202277, -0.8660714285713910776 ) ) ;
#488 = CARTESIAN_POINT ( 'NONE',  ( 0.5125105871692517967, -0.06788153461533724675, -0.7336399756640165082 ) ) ;
#489 = CARTESIAN_POINT ( 'NONE',  ( 0.3975000000000000755, 4.867971026610729929E-17, 0.4759999999999999787 ) ) ;
#490 = CARTESIAN_POINT ( 'NONE',  ( -0.1155908553078011519, -0.4612128935551054187, -0.6501116071428783005 ) ) ;
#491 = DIRECTION ( 'NONE',  ( 0.000000000000000000, 0.000000000000000000, -1.000000000000000000 ) ) ;
#492 = CARTESIAN_POINT ( 'NONE',  ( -0.4711203135537786468, -0.09364865118494702934, -0.7879464285714917748 ) ) ;
#493 = CARTESIAN_POINT ( 'NONE',  ( 0.01714050402221929670, 0.5183337351485364231, -0.7860894301819868479 ) ) ;
#494 = CARTESIAN_POINT ( 'NONE',  ( 0.4764735344343732915, 0.02334621139695135586, -0.7003348214286420070 ) ) ;
#495 = PRODUCT ( '5346K58_Brass Barbed Hose Fitting for Air and Water', '5346K58_Brass Barbed Hose Fitting for Air and Water', '', ( #6013 ) ) ;
#496 = CARTESIAN_POINT ( 'NONE',  ( 0.07099371544663601874, -0.4790254437961947720, -0.9313616071429230425 ) ) ;
#497 = CARTESIAN_POINT ( 'NONE',  ( -0.2027701620150437756, 0.4285699330517216965, -0.5887276785714397054 ) ) ;
#498 = CARTESIAN_POINT ( 'NONE',  ( -0.5059282559740788665, -0.1135414658047720765, -0.6202566964285741724 ) ) ;
#499 = CARTESIAN_POINT ( 'NONE',  ( 0.5229376136405964326, 0.02562266772121163730, -0.7271205357143738501 ) ) ;
#500 = CARTESIAN_POINT ( 'NONE',  ( -0.09344706581549203084, 0.4694548912312309641, -0.7343749999999684697 ) ) ;
#501 = ORIENTED_EDGE ( 'NONE', *, *, #341, .F. ) ;
#502 = CARTESIAN_POINT ( 'NONE',  ( 0.01608750234600987705, -0.5125369973064756168, -0.5990011276474564994 ) ) ;
#503 = CARTESIAN_POINT ( 'NONE',  ( -0.4870142370180479130, -0.1652914572821700401, -0.6212824468663187272 ) ) ;
#504 = CARTESIAN_POINT ( 'NONE',  ( 0.2278002832189494065, 0.4263244157830852199, -0.9029017857142829229 ) ) ;
#505 = ADVANCED_FACE ( 'NONE', ( #5618, #3821 ), #6258, .T. ) ;
#506 = ORIENTED_EDGE ( 'NONE', *, *, #857, .T. ) ;
#507 = ORIENTED_EDGE ( 'NONE', *, *, #1426, .F. ) ;
#508 = CARTESIAN_POINT ( 'NONE',  ( 0.000000000000000000, 0.000000000000000000, 0.9519999999999999574 ) ) ;
#509 = CARTESIAN_POINT ( 'NONE',  ( -0.4734057908344508903, 0.08207707631996853659, -0.7921316964286000406 ) ) ;
#510 = CARTESIAN_POINT ( 'NONE',  ( -0.5258093795621540112, 0.09130648109530858925, -1.051060267857205410 ) ) ;
#511 = CARTESIAN_POINT ( 'NONE',  ( -0.4613823674778255168, -0.1313475865495136174, -0.4542999999999999261 ) ) ;
#512 = CARTESIAN_POINT ( 'NONE',  ( -0.1406777444533862942, -0.4635376331978050546, -0.9185267857142934700 ) ) ;
#513 = CARTESIAN_POINT ( 'NONE',  ( 0.5211080861869925585, 1.115012295639049311E-12, -0.8749991273584440954 ) ) ;
#514 = DIRECTION ( 'NONE',  ( 0.03112001302226621510, 3.811102433714226808E-18, -0.9995156550997557066 ) ) ;
#515 = CARTESIAN_POINT ( 'NONE',  ( -0.2402194427894360773, 0.4241739100704720600, -1.034319196428680421 ) ) ;
#516 = CARTESIAN_POINT ( 'NONE',  ( 0.2128122413742997154, -0.4712778883749616510, -0.7373935672362715854 ) ) ;
#517 = CARTESIAN_POINT ( 'NONE',  ( 0.4995417924158641609, -0.1516047017372616212, -0.7332589285715045424 ) ) ;
#518 = CARTESIAN_POINT ( 'NONE',  ( 0.3578100223054271334, -0.3826872252722538503, -0.9557373259510514307 ) ) ;
#520 = CARTESIAN_POINT ( 'NONE',  ( 0.4071431436902711587, -0.3340409061838508498, -0.8805803571429016152 ) ) ;
#519 = CARTESIAN_POINT ( 'NONE',  ( 0.4970539406054966802, -0.1331025249260610333, -0.6559058177977065140 ) ) ;
#521 = AXIS2_PLACEMENT_3D ( 'NONE', #1736, #1046, #2894 ) ;
#522 = CARTESIAN_POINT ( 'NONE',  ( 0.5075084546200624436, 0.1180650264294315355, -0.8646178856290201997 ) ) ;
#523 = CIRCLE ( 'NONE', #2250, 0.4020496047192625988 ) ;
#524 = CARTESIAN_POINT ( 'NONE',  ( -0.2014703918580938447, -0.4258316923805036125, -0.4916294642856850472 ) ) ;
#525 = EDGE_CURVE ( 'NONE', #359, #3245, #6704, .T. ) ;
#526 = CARTESIAN_POINT ( 'NONE',  ( -0.4553342712769171130, -0.1381920935572363562, -0.6618303571428520993 ) ) ;
#527 = CARTESIAN_POINT ( 'NONE',  ( 0.5233089099427886692, 0.03408544536506539352, -0.9456854023435941059 ) ) ;
#528 = AXIS2_PLACEMENT_3D ( 'NONE', #7452, #6161, #6836 ) ;
#529 = CARTESIAN_POINT ( 'NONE',  ( 0.1741955832430928386, -0.4517581872890198968, -0.9288504464284264017 ) ) ;
#530 = CARTESIAN_POINT ( 'NONE',  ( -0.3823148927539833930, 0.3465998110070983573, -0.4860491071428234555 ) ) ;
#531 = CARTESIAN_POINT ( 'NONE',  ( -0.06904375255037271952, -0.4658939472217871747, -0.4882812500000895395 ) ) ;
#532 = CARTESIAN_POINT ( 'NONE',  ( -0.3750638108345591415, -0.2926250633558999392, -0.6576450892857335084 ) ) ;
#533 = CARTESIAN_POINT ( 'NONE',  ( -0.3970328982630276227, 0.2499951683020511239, -0.4543000000000003147 ) ) ;
#534 = CARTESIAN_POINT ( 'NONE',  ( 0.01168356125881691264, 0.4786008788618597576, -0.7368861607143006864 ) ) ;
#535 = CARTESIAN_POINT ( 'NONE',  ( -0.5153059497814959089, -3.482241818142690450E-13, -0.6886455366266885925 ) ) ;
#536 = AXIS2_PLACEMENT_3D ( 'NONE', #3612, #5294, #6025 ) ;
#537 = CARTESIAN_POINT ( 'NONE',  ( 0.4490383851286839367, 0.1607377214992470049, -0.6969866071428730825 ) ) ;
#538 = CARTESIAN_POINT ( 'NONE',  ( 0.2968749999999999445, 0.5142025834970105347, -0.9749999999999998668 ) ) ;
#539 = CARTESIAN_POINT ( 'NONE',  ( -6.481845621288547757E-05, 0.4742748401524403135, -0.5937500000000239808 ) ) ;
#540 = CARTESIAN_POINT ( 'NONE',  ( 0.1614171122517145118, 0.4888403460600605488, -0.5013950892856741115 ) ) ;
#541 = CARTESIAN_POINT ( 'NONE',  ( -0.4346289358599151331, 0.2903240930432215428, -0.6986607142857034214 ) ) ;
#542 = CARTESIAN_POINT ( 'NONE',  ( 0.4470767495664089708, 0.1723904667098835886, -0.7502790178571583368 ) ) ;
#543 = ORIENTED_EDGE ( 'NONE', *, *, #7177, .F. ) ;
#544 = CARTESIAN_POINT ( 'NONE',  ( 0.2560140300957916559, -0.4441065995862602533, -0.5934142899642126379 ) ) ;
#545 = CARTESIAN_POINT ( 'NONE',  ( -0.5099990151294498952, -0.06691125266657138582, -0.6235188548043573142 ) ) ;
#546 = CARTESIAN_POINT ( 'NONE',  ( -0.3578484820853773951, 0.3242459349285217729, -0.8878348214285664008 ) ) ;
#547 = EDGE_LOOP ( 'NONE', ( #2932, #7313, #5657, #4392 ) ) ;
#548 = VERTEX_POINT ( 'NONE', #3352 ) ;
#549 = CARTESIAN_POINT ( 'NONE',  ( 0.05907172092478684550, -0.4784029345036316938, -0.8423549107142656034 ) ) ;
#550 = CARTESIAN_POINT ( 'NONE',  ( 0.2791207656152849825, -0.3762432664318686171, -0.4257812499999391598 ) ) ;
#551 = DIRECTION ( 'NONE',  ( -1.000000000000000000, 0.000000000000000000, -0.000000000000000000 ) ) ;
#552 = CARTESIAN_POINT ( 'NONE',  ( 0.4443349451071305634, -0.2769244792873343242, -0.9449807071964139160 ) ) ;
#553 = CARTESIAN_POINT ( 'NONE',  ( 0.1356784210510394439, 0.5038282466984269625, -0.8601343721841905321 ) ) ;
#554 = CARTESIAN_POINT ( 'NONE',  ( -0.06649238449728758771, 0.5097909538902906101, -0.6413817519768065800 ) ) ;
#555 = EDGE_LOOP ( 'NONE', ( #4152, #3350, #479, #1440, #466 ) ) ;
#556 = CARTESIAN_POINT ( 'NONE',  ( 0.5122711116388024566, -0.06784880000611027973, -0.7258576149652125054 ) ) ;
#557 = CARTESIAN_POINT ( 'NONE',  ( -0.5229001805795139290, 0.01290396062447194715, -0.7659040178571143720 ) ) ;
#558 = CARTESIAN_POINT ( 'NONE',  ( -0.4440835482712570115, 0.1484073914495057933, -0.4545593749999873312 ) ) ;
#560 = CARTESIAN_POINT ( 'NONE',  ( -0.4653443448330624177, 0.2488089236262089610, -0.9140625000000134337 ) ) ;
#559 = CARTESIAN_POINT ( 'NONE',  ( -0.4424597382200392004, -0.2555284688505039536, -0.5398350337907242835 ) ) ;
#561 = CARTESIAN_POINT ( 'NONE',  ( 0.4135139254084325700, 0.3167979158225403546, -0.8597846574131299269 ) ) ;
#562 = CARTESIAN_POINT ( 'NONE',  ( 0.2505954425653738604, -0.3958460190837397863, -0.4087611607143219472 ) ) ;
#563 = CARTESIAN_POINT ( 'NONE',  ( -0.4710661196009843232, -0.08180402968331090818, -0.7346540178570833968 ) ) ;
#564 = DIRECTION ( 'NONE',  ( -1.000000000000000000, 0.000000000000000000, 0.000000000000000000 ) ) ;
#565 = CARTESIAN_POINT ( 'NONE',  ( 6.614940403041519627E-05, -0.4843096404799898114, -0.9330357142856797736 ) ) ;
#566 = EDGE_CURVE ( 'NONE', #4806, #408, #1851, .T. ) ;
#567 = CARTESIAN_POINT ( 'NONE',  ( -0.06471138543203217020, -0.5252551090558781333, -0.9634486607143091241 ) ) ;
#568 = CARTESIAN_POINT ( 'NONE',  ( 0.2895387248972481342, -0.3711079519191606280, -0.4790736607143405990 ) ) ;
#569 = CARTESIAN_POINT ( 'NONE',  ( 0.4110762022020181261, 0.2328019774401450803, -0.5521763392856990915 ) ) ;
#570 = CARTESIAN_POINT ( 'NONE',  ( 0.000000000000000000, -2.492599052047696222E-17, 0.2380000000000000171 ) ) ;
#571 = CARTESIAN_POINT ( 'NONE',  ( 0.4408536157648296205, -0.1826739829808544657, -0.6875000000000012212 ) ) ;
#572 = CARTESIAN_POINT ( 'NONE',  ( -0.5043959626110980921, 0.1174363016853806341, -0.7626732407389720247 ) ) ;
#573 = CARTESIAN_POINT ( 'NONE',  ( 0.4700886672387369902, -0.08163040723191800074, -0.7028459821428674204 ) ) ;
#574 = CARTESIAN_POINT ( 'NONE',  ( 0.05921526309719874620, 0.4795967089402976558, -0.8987165178571665525 ) ) ;
#575 = CARTESIAN_POINT ( 'NONE',  ( 0.3103958872262392865, -0.3597356831750311845, -0.6213727678571856483 ) ) ;
#576 = CARTESIAN_POINT ( 'NONE',  ( -0.2431679435948241041, -0.4550844609081152181, -0.5390624999999878986 ) ) ;
#577 = CARTESIAN_POINT ( 'NONE',  ( 0.1017399711679992935, -0.5118263416948927169, -0.6718749999999010791 ) ) ;
#578 = CARTESIAN_POINT ( 'NONE',  ( 0.2152605354411668559, 0.4277947653866894795, -0.7419084821428693077 ) ) ;
#579 = ORIENTED_EDGE ( 'NONE', *, *, #566, .T. ) ;
#580 = CARTESIAN_POINT ( 'NONE',  ( -0.4860500737791720316, -0.1648511635654106300, -0.6134990226644451150 ) ) ;
#581 = B_SPLINE_CURVE_WITH_KNOTS ( 'NONE', 3,
 ( #3360, #4656, #1628, #6375, #3509, #1667, #1743, #6338, #1169, #5158, #2178, #6304, #3471, #2792, #1088, #1593, #4043, #4546, #5232, #5122, #5694, #5766, #2756, #2827, #2252, #7566, #6266, #409, #4007, #3431, #5809, #516, #1704, #6415, #2327, #445, #6984, #5090, #4583, #1013, #4084, #7529, #6912, #7422, #2288, #7457, #4513, #556, #2213, #2863, #6841 ),
 .UNSPECIFIED., .F., .F.,
 ( 4, 2, 2, 2, 2, 2, 2, 2, 2, 2, 2, 2, 2, 2, 2, 2, 2, 2, 2, 2, 1, 2, 2, 2, 2, 4 ),
 ( 0.2806557611179065215, 0.2819503049373898174, 0.2832448487568730577, 0.2845393925763563536, 0.2858339363958395940, 0.2884230240348061303, 0.2897175678542894262, 0.2910121116737727220, 0.2936011993127392583, 0.2948957431322224987, 0.2961902869517057946, 0.2987793745906723308, 0.3013684622296388671, 0.3026630060491221630, 0.3039575498686054589, 0.3065466375075719951, 0.3078411813270552910, 0.3091357251465385314, 0.3117248127855050677, 0.3130193566049883636, 0.3143139004244716039, 0.3156084442439548998, 0.3169029880634381957, 0.3194920757024047320, 0.3207866195218879724, 0.3220811633413712682 ),
 .UNSPECIFIED. ) ;
#582 = CARTESIAN_POINT ( 'NONE',  ( 0.1643244431359961177, -0.4843982488476924475, -0.5319947022342808030 ) ) ;
#583 = CARTESIAN_POINT ( 'NONE',  ( 0.4420887888461963455, 0.1960367370939460896, -0.9104352678571404622 ) ) ;
#584 = ORIENTED_EDGE ( 'NONE', *, *, #2218, .T. ) ;
#585 = ORIENTED_EDGE ( 'NONE', *, *, #3004, .T. ) ;
#586 = CARTESIAN_POINT ( 'NONE',  ( -0.4774562203041493036, 0.07088672651760051513, -0.8632812499999354960 ) ) ;
#587 = CARTESIAN_POINT ( 'NONE',  ( 0.000000000000000000, 0.5327323696766466110, -1.066964285714285587 ) ) ;
#588 = DIRECTION ( 'NONE',  ( -0.000000000000000000, -0.000000000000000000, 1.000000000000000000 ) ) ;
#589 = CARTESIAN_POINT ( 'NONE',  ( 0.5231012822493261716, -0.01706923305019302298, -0.9390167955567272351 ) ) ;
#590 = CARTESIAN_POINT ( 'NONE',  ( 0.3181431340998868706, 0.4137238036834948729, -0.8645970363970609807 ) ) ;
#591 = CARTESIAN_POINT ( 'NONE',  ( -0.5092040287819012967, 0.06741438891068028683, -0.6264955372432199354 ) ) ;
#592 = ORIENTED_EDGE ( 'NONE', *, *, #4695, .F. ) ;
#593 = CARTESIAN_POINT ( 'NONE',  ( 0.5937500000000002220, -0.3428017223313401529, -0.9219683889980070379 ) ) ;
#594 = CARTESIAN_POINT ( 'NONE',  ( 0.4299084307128653304, 0.1904991743476271704, -0.4818638392857028663 ) ) ;
#596 = CARTESIAN_POINT ( 'NONE',  ( 0.5057419087519525736, 0.1534903844512109372, -0.9408482142856948727 ) ) ;
#595 = CARTESIAN_POINT ( 'NONE',  ( 0.5011552104737598823, -0.1166412201551089711, -0.6555316572411828968 ) ) ;
#597 = CARTESIAN_POINT ( 'NONE',  ( 0.000000000000000000, 0.000000000000000000, 0.9519999999999999574 ) ) ;
#598 = CARTESIAN_POINT ( 'NONE',  ( -0.2112170516119148966, 0.4194734116107036725, -0.4455915178571412394 ) ) ;
#599 = ADVANCED_FACE ( 'NONE', ( #1480 ), #4385, .F. ) ;
#600 = CARTESIAN_POINT ( 'NONE',  ( -0.4303670838815877309, 0.2036162084359067204, -0.6702008928571941970 ) ) ;
#601 = CARTESIAN_POINT ( 'NONE',  ( 0.1826313932943749163, -0.4864400461090969130, -0.8173447293400512015 ) ) ;
#602 = CARTESIAN_POINT ( 'NONE',  ( -0.4734057908352801713, 0.08207707632011354559, -0.8099888392857589325 ) ) ;
#603 = CARTESIAN_POINT ( 'NONE',  ( -0.2945615391290922758, 0.4407125021351113170, -0.9910714285714301575 ) ) ;
#604 = CARTESIAN_POINT ( 'NONE',  ( 0.4347208265636192115, -0.1799976434440029582, -0.4732142857143017967 ) ) ;
#605 = CARTESIAN_POINT ( 'NONE',  ( -6.054729571684543522E-05, -0.4709301890441495164, -0.5044642857142870307 ) ) ;
#606 = PERSON_AND_ORGANIZATION ( #5341, #159 ) ;
#607 = CARTESIAN_POINT ( 'NONE',  ( 0.2549810826457659108, 0.4027808901121736063, -0.6715959821428962861 ) ) ;
#608 = CARTESIAN_POINT ( 'NONE',  ( 0.4580578578290902536, 0.2257701275956869036, -0.5048682131007036222 ) ) ;
#609 = CARTESIAN_POINT ( 'NONE',  ( -0.4645340288309225962, -0.09246756692072734263, -0.5915178571428959531 ) ) ;
#610 = EDGE_CURVE ( 'NONE', #5078, #6911, #6157, .T. ) ;
#611 = CARTESIAN_POINT ( 'NONE',  ( 0.3974417577558556069, 0.4561403388351392141, -0.9688957493364321882 ) ) ;
#612 = CARTESIAN_POINT ( 'NONE',  ( 0.1925318238061191345, -0.4344956565670016757, -0.6247209821429462462 ) ) ;
#613 = CARTESIAN_POINT ( 'NONE',  ( -0.5103158637358068406, 0.06287081681586469128, -0.4813058035714506411 ) ) ;
#614 = CARTESIAN_POINT ( 'NONE',  ( 0.4261104764462051997, 0.3000186558698197947, -0.6492745535714304905 ) ) ;
#615 = CARTESIAN_POINT ( 'NONE',  ( 0.4734233489839929643, 0.05845687711304095591, -0.6816406249999563682 ) ) ;
#616 = ORIENTED_EDGE ( 'NONE', *, *, #5814, .T. ) ;
#617 = FACE_OUTER_BOUND ( 'NONE', #741, .T. ) ;
#618 = CARTESIAN_POINT ( 'NONE',  ( 0.000000000000000000, 0.000000000000000000, -0.9999999999999998890 ) ) ;
#619 = FACE_OUTER_BOUND ( 'NONE', #1558, .T. ) ;
#620 = CARTESIAN_POINT ( 'NONE',  ( -0.2482600195587558733, 0.4143177069198996088, -0.8911830357142062065 ) ) ;
#621 = ORIENTED_EDGE ( 'NONE', *, *, #2826, .T. ) ;
#622 = CARTESIAN_POINT ( 'NONE',  ( -0.2777617224947738217, -0.3942835728246916194, -0.8507254464285344264 ) ) ;
#623 = CARTESIAN_POINT ( 'NONE',  ( 0.4738321286961248435, -0.2384261440678225319, -0.9472656249999746869 ) ) ;
#624 = CARTESIAN_POINT ( 'NONE',  ( 0.2762503494323811926, -0.4449444245223604932, -0.9501857375662420280 ) ) ;
#625 = DIRECTION ( 'NONE',  ( 0.000000000000000000, 0.000000000000000000, -1.000000000000000000 ) ) ;
#626 = CARTESIAN_POINT ( 'NONE',  ( -0.5133359429257839945, 0.01686297421241445688, -0.6253726616594094123 ) ) ;
#627 = CARTESIAN_POINT ( 'NONE',  ( -0.3473776053593126134, -0.4850448906980340258, -0.9737465324023079072 ) ) ;
#628 = CARTESIAN_POINT ( 'NONE',  ( 0.4460948180675162189, 0.2575348288119751472, -0.6469779969209845660 ) ) ;
#629 = DIRECTION ( 'NONE',  ( -0.000000000000000000, -0.000000000000000000, -1.000000000000000000 ) ) ;
#631 = CARTESIAN_POINT ( 'NONE',  ( -0.4311457561474349442, -0.3035639009332147253, -0.9015066964285914919 ) ) ;
#630 = CARTESIAN_POINT ( 'NONE',  ( 0.4081437812381945585, -0.3135868073985936810, -0.6603793355080127547 ) ) ;
#632 = FACE_OUTER_BOUND ( 'NONE', #3508, .T. ) ;
#633 = CARTESIAN_POINT ( 'NONE',  ( 0.4612780694479149401, 0.09169226413276777843, -0.4665178571428585386 ) ) ;
#634 = CARTESIAN_POINT ( 'NONE',  ( 0.02339030371553621132, -0.4747966019340635890, -0.6467633928570682977 ) ) ;
#635 = CARTESIAN_POINT ( 'NONE',  ( 0.000000000000000000, 0.000000000000000000, -0.4542999999999999816 ) ) ;
#636 = CARTESIAN_POINT ( 'NONE',  ( -0.09356332601945974159, -0.4707106898527417815, -0.7924107142858537456 ) ) ;
#637 = CONICAL_SURFACE ( 'NONE', #3948, 0.5250000000000000222, 0.03112503826906170765 ) ;
#638 = CARTESIAN_POINT ( 'NONE',  ( -0.03894170705654165926, 0.5288401226183487847, -0.9969307880996712834 ) ) ;
#639 = CARTESIAN_POINT ( 'NONE',  ( -0.3530201063738223066, 0.3360111863018394041, -1.013113839285638473 ) ) ;
#640 = CARTESIAN_POINT ( 'NONE',  ( -0.2899235828018744687, -0.3714042740878314430, -0.5119977678571501212 ) ) ;
#641 = APPROVAL_ROLE ( '' ) ;
#642 = CARTESIAN_POINT ( 'NONE',  ( -0.1157006853488082715, 0.4621552095922726311, -0.6623883928571698831 ) ) ;
#643 = CARTESIAN_POINT ( 'NONE',  ( -0.3100332584976410177, 0.4049932815939284447, -0.4847894301486873614 ) ) ;
#644 = CARTESIAN_POINT ( 'NONE',  ( 0.03495259397477296776, 0.4730116279553590042, -0.6124441964285861628 ) ) ;
#645 = AXIS2_PLACEMENT_3D ( 'NONE', #2731, #5070, #7402 ) ;
#646 = VECTOR ( 'NONE', #6449, 39.37007874015748143 ) ;
#647 = CARTESIAN_POINT ( 'NONE',  ( 0.2978700177994428322, -0.3815776852280131637, -0.9255022321428370002 ) ) ;
#648 = CARTESIAN_POINT ( 'NONE',  ( -0.1801359468687579457, 0.4790538018605152715, -0.5673384123795474077 ) ) ;
#649 = CARTESIAN_POINT ( 'NONE',  ( 0.08094558979059554571, -0.4661227011675235787, -0.5560825892857145236 ) ) ;
#650 = CARTESIAN_POINT ( 'NONE',  ( 0.3550336216240125298, 0.3730053021349356568, -0.5064174107142898063 ) ) ;
#651 = CARTESIAN_POINT ( 'NONE',  ( -0.5937500000000002220, 0.1165734293748405537, -0.03114731354046319442 ) ) ;
#652 = CARTESIAN_POINT ( 'NONE',  ( -0.5200909256423429383, 0.01269657848053524357, -0.6208147321428952869 ) ) ;
#653 = CARTESIAN_POINT ( 'NONE',  ( -0.1157006853542529856, 0.4621552095917892400, -0.6623883928571834279 ) ) ;
#654 = ORIENTED_EDGE ( 'NONE', *, *, #5117, .T. ) ;
#655 = DIRECTION ( 'NONE',  ( -1.224646799147354440E-16, 1.000000000000000000, 0.000000000000000000 ) ) ;
#656 = VECTOR ( 'NONE', #4199, 39.37007874015748143 ) ;
#657 = CARTESIAN_POINT ( 'NONE',  ( 0.000000000000000000, 0.000000000000000000, -0.9749999999999998668 ) ) ;
#658 = CARTESIAN_POINT ( 'NONE',  ( -0.4866413216695235078, -0.1829699012645299716, -0.8274129731155973611 ) ) ;
#659 = CARTESIAN_POINT ( 'NONE',  ( -0.3929894983567778222, 0.2766941214564362927, -0.8150111607143774028 ) ) ;
#660 = EDGE_LOOP ( 'NONE', ( #1945, #6514 ) ) ;
#661 = CARTESIAN_POINT ( 'NONE',  ( -0.4773519836500425551, -0.07087511984413227828, -0.8599330357141811154 ) ) ;
#662 = CARTESIAN_POINT ( 'NONE',  ( 0.3674324406377552088, -0.3858211035000657652, -1.022600446428665322 ) ) ;
#663 = CARTESIAN_POINT ( 'NONE',  ( -0.4702356838631680525, -0.1178561644053036372, -0.9302455357143281089 ) ) ;
#664 = ADVANCED_FACE ( 'NONE', ( #7340 ), #6572, .F. ) ;
#665 = CARTESIAN_POINT ( 'NONE',  ( -0.1429605495204650523, -0.4880127568837597241, -0.4597432128846566379 ) ) ;
#666 = CARTESIAN_POINT ( 'NONE',  ( -0.5133242956692559700, -8.953204947985612434E-16, -0.6249985739226749937 ) ) ;
#667 = ORIENTED_EDGE ( 'NONE', *, *, #7271, .T. ) ;
#668 = CARTESIAN_POINT ( 'NONE',  ( -0.4073444458140511037, 0.3128038152926172488, -0.6246608399294768521 ) ) ;
#669 = CARTESIAN_POINT ( 'NONE',  ( -0.5210312976229334314, -0.06846432676552011154, -0.9806585966201492033 ) ) ;
#671 = CARTESIAN_POINT ( 'NONE',  ( -0.1029405654277934373, 0.5178663232855574838, -0.9241071428571964175 ) ) ;
#670 = CARTESIAN_POINT ( 'NONE',  ( 0.2573879189132957102, -0.4468521882782068855, -0.6648460771803087477 ) ) ;
#672 = CARTESIAN_POINT ( 'NONE',  ( 0.4953278004315425087, 4.858207490607782911E-13, -0.9625954307548960642 ) ) ;
#673 = CARTESIAN_POINT ( 'NONE',  ( -0.4243728791720123295, 0.2006424341515477827, -0.4380580357143084580 ) ) ;
#674 = CARTESIAN_POINT ( 'NONE',  ( 0.3598508128008503504, 0.3262392943917968302, -0.9603794642856641195 ) ) ;
#675 = CARTESIAN_POINT ( 'NONE',  ( -0.2532981626356353155, -0.3998877344111151366, -0.5823102678571202562 ) ) ;
#676 = CARTESIAN_POINT ( 'NONE',  ( 0.2300037553387087041, -0.4668153879649222793, -0.8162242480827762714 ) ) ;
#677 = CARTESIAN_POINT ( 'NONE',  ( 0.4535113537651762616, -0.1621990762379125761, -0.8476562500001103562 ) ) ;
#678 = CARTESIAN_POINT ( 'NONE',  ( -0.4545748553850000873, 0.2723775066306879933, -0.9860491071428290066 ) ) ;
#679 = CARTESIAN_POINT ( 'NONE',  ( 0.3338382067669533604, 0.3590676087597443056, -0.9565672852169824214 ) ) ;
#680 = CARTESIAN_POINT ( 'NONE',  ( -0.4713384542271397692, -0.01151007125110303612, -0.5220424107142977999 ) ) ;
#681 = SHAPE_DEFINITION_REPRESENTATION ( #4114, #3694 ) ;
#682 = CARTESIAN_POINT ( 'NONE',  ( 0.4206068924418594479, 0.2247495179469317372, -0.6774553571428412191 ) ) ;
#683 = CARTESIAN_POINT ( 'NONE',  ( -0.2543799801831275742, 0.4411989163349767096, -0.4862697314282796168 ) ) ;
#684 = CARTESIAN_POINT ( 'NONE',  ( 0.1483284184199228362, -0.4491904474397609426, -0.5722656250000054401 ) ) ;
#685 = CARTESIAN_POINT ( 'NONE',  ( 0.1730825160523379869, 0.4488821677786022368, -0.8300781250000870415 ) ) ;
#686 = CARTESIAN_POINT ( 'NONE',  ( 0.5122008061965642733, 0.01666939778417270493, -0.5889142279588308604 ) ) ;
#687 = CARTESIAN_POINT ( 'NONE',  ( 0.4612780694472552456, 0.09169226413989123303, -0.4665178571428528209 ) ) ;
#688 = CARTESIAN_POINT ( 'NONE',  ( -0.3649721650526995265, -0.3648780690215621125, -0.5424107142857046426 ) ) ;
#689 = CARTESIAN_POINT ( 'NONE',  ( 0.000000000000000000, 0.3704503952807372547, 1.184999999999999831 ) ) ;
#690 = CARTESIAN_POINT ( 'NONE',  ( 0.5207385325403153242, -0.02564956202431406540, -0.6568080357142667136 ) ) ;
#691 = CARTESIAN_POINT ( 'NONE',  ( -0.3750638108337746579, -0.2926250633569145720, -0.6397879464285934903 ) ) ;
#692 = ORIENTED_EDGE ( 'NONE', *, *, #3324, .T. ) ;
#693 = DIRECTION ( 'NONE',  ( 1.000000000000000000, 1.224646799147353207E-16, 1.282585483465520279E-32 ) ) ;
#694 = CARTESIAN_POINT ( 'NONE',  ( -0.5183774633442121971, -6.071382767981671499E-13, -0.9856450936675654750 ) ) ;
#695 = CARTESIAN_POINT ( 'NONE',  ( -0.1646648922536943782, -0.4845342789084187696, -0.5394358725359910123 ) ) ;
#696 = CARTESIAN_POINT ( 'NONE',  ( 6.187825230900689127E-05, 0.4809649893707368395, -0.8258928571428332255 ) ) ;
#697 = ADVANCED_FACE ( 'NONE', ( #3641 ), #6448, .T. ) ;
#698 = CARTESIAN_POINT ( 'NONE',  ( -0.1944549925383190214, -0.4388452573585215899, -0.7770647321427724963 ) ) ;
#699 = CARTESIAN_POINT ( 'NONE',  ( 0.4116951071548476948, -0.3211997361876413604, -0.7374441964285058937 ) ) ;
#700 = CARTESIAN_POINT ( 'NONE',  ( -0.4343155431698815794, -0.3057956879359992608, -0.9707031249999445999 ) ) ;
#701 = CARTESIAN_POINT ( 'NONE',  ( 0.1284915543299012530, -0.4645413264567391232, -0.8406808035714490313 ) ) ;
#702 = CARTESIAN_POINT ( 'NONE',  ( 0.4348861321186498485, 0.2703077716203695080, -0.5751813615689329584 ) ) ;
#703 = DIRECTION ( 'NONE',  ( -1.000000000000000000, 0.000000000000000000, -0.000000000000000000 ) ) ;
#704 = ORIENTED_EDGE ( 'NONE', *, *, #850, .T. ) ;
#705 = EDGE_CURVE ( 'NONE', #5808, #5905, #72, .T. ) ;
#706 = CARTESIAN_POINT ( 'NONE',  ( 0.3753736889244927988, 0.3514249878444710706, -0.6443754086335846676 ) ) ;
#707 = CARTESIAN_POINT ( 'NONE',  ( -0.4855194256244957374, 0.03291908518400200184, -0.9527870559478491819 ) ) ;
#708 = AXIS2_PLACEMENT_3D ( 'NONE', #7538, #5701, #5738 ) ;
#709 = CARTESIAN_POINT ( 'NONE',  ( -0.4835506334059133104, -0.002043484628259986929, -0.9508215017711049155 ) ) ;
#711 = CARTESIAN_POINT ( 'NONE',  ( -0.5207863291096270775, 0.06430106450659789363, -0.7647879464285880502 ) ) ;
#710 = CARTESIAN_POINT ( 'NONE',  ( 0.2968749999999999445, 0.5142025834970105347, -0.02500000000000000139 ) ) ;
#712 = CARTESIAN_POINT ( 'NONE',  ( -0.4737252516021407400, 0.2148875038616848976, -0.8363447024161548837 ) ) ;
#713 = CARTESIAN_POINT ( 'NONE',  ( -0.3272670113174268591, 0.3611769145019250726, -1.031808035714195659 ) ) ;
#714 = CARTESIAN_POINT ( 'NONE',  ( -0.05949702071770456013, -0.4829319524883272652, -0.9880022321428807430 ) ) ;
#715 = CARTESIAN_POINT ( 'NONE',  ( 0.2830055551639920064, -0.3816914010841221394, -0.6400669642856594566 ) ) ;
#716 = CARTESIAN_POINT ( 'NONE',  ( -0.5199730364283108308, -0.03395040439693585571, -0.8385434869861873031 ) ) ;
#717 = CARTESIAN_POINT ( 'NONE',  ( 0.08196482625900830543, -0.4727359626001115811, -0.7882254464285132212 ) ) ;
#718 = CARTESIAN_POINT ( 'NONE',  ( -0.0004978748342041984867, -0.5180371000054051489, -0.7500078826276065369 ) ) ;
#719 = CARTESIAN_POINT ( 'NONE',  ( -0.4113208711793021055, -0.2605447721244120163, -0.9980468750000788258 ) ) ;
#720 = CARTESIAN_POINT ( 'NONE',  ( 0.3637531681005365947, -0.2986027829727713745, -0.4944196428571787649 ) ) ;
#721 = CARTESIAN_POINT ( 'NONE',  ( 0.1605093915985196240, 0.4487870262266700494, -0.6690848214285858298 ) ) ;
#722 = CARTESIAN_POINT ( 'NONE',  ( 0.3975000000000000755, 4.867971026610729929E-17, 0.2380000000000000171 ) ) ;
#723 = CARTESIAN_POINT ( 'NONE',  ( -0.4329154158437514277, -0.1919690046577904596, -0.5890066964285495255 ) ) ;
#724 = CARTESIAN_POINT ( 'NONE',  ( 0.3407312515531912833, -0.3406381727206232446, -0.8526785714285702866 ) ) ;
#725 = CARTESIAN_POINT ( 'NONE',  ( -0.2977378441102147000, 0.4161743167317148995, -0.5643667662872944302 ) ) ;
#726 = CARTESIAN_POINT ( 'NONE',  ( -0.3643148025419099545, -0.2989070512046207995, -0.4966517857143008530 ) ) ;
#727 = CARTESIAN_POINT ( 'NONE',  ( -0.05018942710328302276, -0.5089093506147306378, -0.3917410714285363138 ) ) ;
#728 = CARTESIAN_POINT ( 'NONE',  ( 0.1963082422441442820, -0.5722648281588816888, -0.9688957493364327433 ) ) ;
#729 = CARTESIAN_POINT ( 'NONE',  ( 0.1140546571082333011, 0.5082324989869159149, -0.6409040178571091539 ) ) ;
#730 = CARTESIAN_POINT ( 'NONE',  ( 0.2549810826507642458, 0.4027808901083996806, -0.6715959821429015042 ) ) ;
#731 = CARTESIAN_POINT ( 'NONE',  ( 0.3501335230933826925, -0.3742991511455448506, -0.5908105529142512191 ) ) ;
#732 = CARTESIAN_POINT ( 'NONE',  ( 0.000000000000000000, -4.528468093915398346E-17, 1.185470590824565962 ) ) ;
#733 = CARTESIAN_POINT ( 'NONE',  ( -0.5111003781984109207, 5.367654456301266836E-16, -0.5535705727142919974 ) ) ;
#734 = CARTESIAN_POINT ( 'NONE',  ( -0.3136367637960587595, -0.3634976114258001711, -0.7982700892857151898 ) ) ;
#735 = CARTESIAN_POINT ( 'NONE',  ( 0.2761257278811051208, -0.3921755655449863376, -0.7653459821429825505 ) ) ;
#736 = CARTESIAN_POINT ( 'NONE',  ( 0.5157451208647751972, 0.06368246857152838614, -0.6570870535713847493 ) ) ;
#737 = CARTESIAN_POINT ( 'NONE',  ( 0.5196249663451457668, -0.1167561238552447672, -1.015904017857067299 ) ) ;
#738 = CARTESIAN_POINT ( 'NONE',  ( 0.1288361139330143901, 0.4658014053219865502, -0.8825334821429066112 ) ) ;
#739 = CARTESIAN_POINT ( 'NONE',  ( 0.06070982586743834536, -0.5047447901591124442, -0.4551415863900490355 ) ) ;
#740 = DIRECTION ( 'NONE',  ( 0.000000000000000000, 0.09411816491319503764, -0.9955610333040221249 ) ) ;
#741 = EDGE_LOOP ( 'NONE', ( #912, #792, #3008, #6399 ) ) ;
#742 = CARTESIAN_POINT ( 'NONE',  ( -0.5122638443293725530, 0.03386284955705040622, -0.6179678847160198218 ) ) ;
#743 = CARTESIAN_POINT ( 'NONE',  ( -0.2181463473759873983, -0.4613923757925962321, -0.9773605902416818703 ) ) ;
#744 = CARTESIAN_POINT ( 'NONE',  ( 0.4953278004315425087, 4.858207490607782911E-13, -0.9625954307548960642 ) ) ;
#745 = CARTESIAN_POINT ( 'NONE',  ( -0.1363017549503162118, -0.5062346136509928707, -0.9672759092190369445 ) ) ;
#747 = CARTESIAN_POINT ( 'NONE',  ( 0.1886548402989926265, -0.4888708505202106758, -0.7413504464286043705 ) ) ;
#746 = CARTESIAN_POINT ( 'NONE',  ( 0.000000000000000000, 0.000000000000000000, -0.02500000000000000139 ) ) ;
#748 = CARTESIAN_POINT ( 'NONE',  ( -0.03338642013748620296, 0.5150351706564082477, -0.7057675932559879239 ) ) ;
#749 = CARTESIAN_POINT ( 'NONE',  ( 0.4807835233043997181, -0.07125039424963550139, -0.9882812500000234257 ) ) ;
#750 = CARTESIAN_POINT ( 'NONE',  ( 0.000000000000000000, 0.4863381516167657459, -1.022321428571428603 ) ) ;
#751 = CARTESIAN_POINT ( 'NONE',  ( 0.4677923166201054528, 0.08110769772054682303, -0.6275111607142471737 ) ) ;
#752 = CARTESIAN_POINT ( 'NONE',  ( -0.4836649141885458469, -0.001021649438849552959, -0.9509325445118991249 ) ) ;
#753 = CARTESIAN_POINT ( 'NONE',  ( 0.4128171869782392145, 0.2475097606381037041, -0.8376116071427855969 ) ) ;
#754 = CARTESIAN_POINT ( 'NONE',  ( 0.2377913131218812315, -0.4725620043302244944, -0.9567522321427683885 ) ) ;
#755 = CARTESIAN_POINT ( 'NONE',  ( 0.4042900692061399126, -0.2700581304118269688, -0.9754464285714230520 ) ) ;
#756 = CARTESIAN_POINT ( 'NONE',  ( 0.3847844316296551437, -0.2709170893966746374, -0.4935825892857324537 ) ) ;
#757 = CARTESIAN_POINT ( 'NONE',  ( -0.3432421559285415147, 0.3268778591948685586, -0.5845424107142852543 ) ) ;
#758 = CARTESIAN_POINT ( 'NONE',  ( 0.4110762022066198340, 0.2328019774337954095, -0.5521763392857083064 ) ) ;
#759 = CARTESIAN_POINT ( 'NONE',  ( 0.4299875910530364664, 0.2163682314135864093, -0.8384486607143528669 ) ) ;
#760 = CONICAL_SURFACE ( 'NONE', #7255, 0.5250000000000000222, 0.03112503826906170765 ) ;
#761 = DIRECTION ( 'NONE',  ( 0.09411816491319552336, 1.152615094025676142E-17, -0.9955610333040223470 ) ) ;
#762 = CARTESIAN_POINT ( 'NONE',  ( -0.4042107358899727498, -0.2423497006632039097, -0.4983258928571281943 ) ) ;
#763 = CARTESIAN_POINT ( 'NONE',  ( -0.4629242580254526174, 0.2188696218092086587, -0.4135044642857134134 ) ) ;
#764 = CARTESIAN_POINT ( 'NONE',  ( -0.5937499999999998890, -0.3428017223313405415, -0.9999999999999998890 ) ) ;
#765 = CARTESIAN_POINT ( 'NONE',  ( -0.4393910731921443213, -0.2781619531596231099, -0.6141183035714171679 ) ) ;
#766 = CARTESIAN_POINT ( 'NONE',  ( -0.4303670838833867918, 0.2036162084297747643, -0.6523437499999685807 ) ) ;
#767 = CARTESIAN_POINT ( 'NONE',  ( -0.4303670838857222014, 0.2036162084294729502, -0.6702008928571535629 ) ) ;
#768 = CARTESIAN_POINT ( 'NONE',  ( 0.000000000000000000, 0.000000000000000000, -0.9999999999999998890 ) ) ;
#769 = DIRECTION ( 'NONE',  ( 0.03112001302226621510, 3.811102433714226808E-18, -0.9995156550997557066 ) ) ;
#770 = AXIS2_PLACEMENT_3D ( 'NONE', #768, #2955, #6515 ) ;
#771 = CARTESIAN_POINT ( 'NONE',  ( -0.3374832636558194321, -0.3849010283541619559, -0.5438939825931444760 ) ) ;
#772 = CIRCLE ( 'NONE', #6038, 0.5937500000000000000 ) ;
#773 = CARTESIAN_POINT ( 'NONE',  ( -0.4292316887591847707, 0.2161262924854434331, -0.8133370535713368987 ) ) ;
#774 = B_SPLINE_CURVE_WITH_KNOTS ( 'NONE', 3,
 ( #6476, #3117, #1844, #2425, #197, #2547 ),
 .UNSPECIFIED., .F., .F.,
 ( 4, 2, 4 ),
 ( 2.380728834786060567E-07, 0.004405349813808303976, 0.008810461554733129558 ),
 .UNSPECIFIED. ) ;
#775 = CARTESIAN_POINT ( 'NONE',  ( -0.1940028708698406656, 0.4375021023485978211, -0.7318638392857522712 ) ) ;
#776 = CARTESIAN_POINT ( 'NONE',  ( -0.2892147098200202326, -0.4327195917393217295, -0.6830357142857016450 ) ) ;
#777 = CARTESIAN_POINT ( 'NONE',  ( -0.03912049001894685879, -0.5294124509061773898, -0.9606584821428031384 ) ) ;
#778 = CONICAL_SURFACE ( 'NONE', #5187, 0.3975000000000000755, 0.09425767512363275591 ) ;
#779 = CARTESIAN_POINT ( 'NONE',  ( -0.3578484820828194413, 0.3242459349343312369, -0.8699776785714534721 ) ) ;
#780 = CARTESIAN_POINT ( 'NONE',  ( 0.5119700008540154501, -1.756492889676319271E-15, -0.5815011991470051544 ) ) ;
#781 = CARTESIAN_POINT ( 'NONE',  ( 0.3755589995494094113, 0.3515823376802317268, -0.6521585103977352027 ) ) ;
#782 = CIRCLE ( 'NONE', #2361, 0.3975000000000000755 ) ;
#783 = ORIENTED_EDGE ( 'NONE', *, *, #7022, .T. ) ;
#784 = CARTESIAN_POINT ( 'NONE',  ( -0.5051655838776496488, -0.1353961695286054479, -0.8999506946726300027 ) ) ;
#785 = CARTESIAN_POINT ( 'NONE',  ( 0.1060636372730884430, -0.4943266338854466202, -0.9725699944589533130 ) ) ;
#786 = CARTESIAN_POINT ( 'NONE',  ( -0.3234176763794867071, -0.3396087773725223746, -0.4238281249999992784 ) ) ;
#787 = CARTESIAN_POINT ( 'NONE',  ( -0.4835553104792686407, 2.870574649592526593E-16, -0.9508229408026219742 ) ) ;
#789 = CARTESIAN_POINT ( 'NONE',  ( -0.3711662787506575523, 0.3712620430545578998, -0.7723214285713709826 ) ) ;
#788 = CARTESIAN_POINT ( 'NONE',  ( 0.000000000000000000, 0.000000000000000000, -0.4542999999999999816 ) ) ;
#790 = CYLINDRICAL_SURFACE ( 'NONE', #2368, 0.5937500000000000000 ) ;
#791 = CARTESIAN_POINT ( 'NONE',  ( -0.4501240530668703110, 0.1865153644479539963, -1.026785714285699980 ) ) ;
#792 = ORIENTED_EDGE ( 'NONE', *, *, #5547, .T. ) ;
#793 = CARTESIAN_POINT ( 'NONE',  ( -0.2900167002026933782, -0.3909370858771299972, -0.9938616071428807430 ) ) ;
#794 = CARTESIAN_POINT ( 'NONE',  ( -6.481846346115690508E-05, 0.4742748401516176937, -0.6116071428571252522 ) ) ;
#795 = CARTESIAN_POINT ( 'NONE',  ( 0.5937499999999998890, 0.2312052419473836495, -0.04870587660336630348 ) ) ;
#796 = CARTESIAN_POINT ( 'NONE',  ( -0.4218991501841525271, 0.2254356840567971199, -0.7421874999999978906 ) ) ;
#797 = CARTESIAN_POINT ( 'NONE',  ( 0.4637047938721515772, 0.1675059906937995668, -0.9600534200609519564 ) ) ;
#798 = CARTESIAN_POINT ( 'NONE',  ( 0.2799517286081353307, 0.3775790774553850482, -0.4760044642857355623 ) ) ;
#799 = CARTESIAN_POINT ( 'NONE',  ( -0.3664180967915843801, 0.3006277624314651620, -0.5837053571428664211 ) ) ;
#800 = CARTESIAN_POINT ( 'NONE',  ( 0.3776609910628170308, 0.2800172278916367996, -0.4793526785713885241 ) ) ;
#801 = CARTESIAN_POINT ( 'NONE',  ( -0.04729610147903987039, 0.4808396476537386555, -0.8962053571428357790 ) ) ;
#802 = CARTESIAN_POINT ( 'NONE',  ( -0.1675242750264730185, 0.4953824283683345153, -0.9248640740854046083 ) ) ;
#803 = ADVANCED_FACE ( 'NONE', ( #5366 ), #7055, .T. ) ;
#804 = CARTESIAN_POINT ( 'NONE',  ( -0.1258164278006601022, 0.4548696710974259871, -0.5192522321428338916 ) ) ;
#805 = CARTESIAN_POINT ( 'NONE',  ( -0.3721136692061463025, -0.3543784118030375296, -0.4712611607142693226 ) ) ;
#806 = CARTESIAN_POINT ( 'NONE',  ( -0.4702356838625591506, -0.1178561644044186507, -0.9481026785713239091 ) ) ;
#807 = CARTESIAN_POINT ( 'NONE',  ( 0.000000000000000000, 0.000000000000000000, 0.7139999999999999680 ) ) ;
#808 = CARTESIAN_POINT ( 'NONE',  ( 0.4150297296165038619, 0.3077240914587583420, -0.5061383928571296931 ) ) ;
#809 = CARTESIAN_POINT ( 'NONE',  ( 0.03495259396885633252, 0.4730116279563211790, -0.5945870535714002925 ) ) ;
#810 = CARTESIAN_POINT ( 'NONE',  ( 0.2652894227220776724, -0.3969162600426556775, -0.7120535714286179152 ) ) ;
#811 = CARTESIAN_POINT ( 'NONE',  ( -0.01626467900366837874, 0.5161144583481452885, -0.7139273812293446264 ) ) ;
#812 = CARTESIAN_POINT ( 'NONE',  ( -0.2370336193245465017, 0.4182895989090804623, -0.8021763392857856889 ) ) ;
#813 = CARTESIAN_POINT ( 'NONE',  ( -0.5069214552824452547, -0.06700495710800924432, -0.5520756210953770005 ) ) ;
#814 = CARTESIAN_POINT ( 'NONE',  ( 0.1719068343670104304, -0.4454704218680053951, -0.7145647321428862941 ) ) ;
#815 = CARTESIAN_POINT ( 'NONE',  ( 0.4331053245499866811, 0.2049159785924627997, -0.7494419642857365060 ) ) ;
#816 = CARTESIAN_POINT ( 'NONE',  ( 0.3933782459146896171, 0.3392419480684482624, -0.6503906249999963363 ) ) ;
#817 = CARTESIAN_POINT ( 'NONE',  ( -0.3923215324152177774, 0.3554821592677949726, -0.9146205357143015746 ) ) ;
#818 = CARTESIAN_POINT ( 'NONE',  ( 0.3419115141435914995, 0.3418235345278483606, -0.8883928571428435506 ) ) ;
#819 = CARTESIAN_POINT ( 'NONE',  ( -0.2625127652814209234, -0.4356298548203600407, -0.4626677802350644408 ) ) ;
#820 = DIRECTION ( 'NONE',  ( 0.000000000000000000, 0.000000000000000000, -1.000000000000000000 ) ) ;
#821 = ORIENTED_EDGE ( 'NONE', *, *, #4512, .F. ) ;
#822 = DIRECTION ( 'NONE',  ( 0.000000000000000000, 0.000000000000000000, -1.000000000000000000 ) ) ;
#823 = CARTESIAN_POINT ( 'NONE',  ( -0.1829100839657075150, 0.4823811858807920405, -0.9829039659422973418 ) ) ;
#824 = CARTESIAN_POINT ( 'NONE',  ( 0.3260320052002804170, -0.3827219333570260340, -0.9689435989439231234 ) ) ;
#825 = CARTESIAN_POINT ( 'NONE',  ( 0.4767396962169934693, 0.2155798335964091705, -0.9338177255258537368 ) ) ;
#827 = CARTESIAN_POINT ( 'NONE',  ( -0.1521116639365280576, -0.5016910785062885791, -0.7488839285715318539 ) ) ;
#826 = CARTESIAN_POINT ( 'NONE',  ( 0.3974417577558559955, -0.4561403388351391586, -0.03110425066356714563 ) ) ;
#828 = CARTESIAN_POINT ( 'NONE',  ( 0.000000000000000000, -1.246299526023848019E-16, 1.189999999999999947 ) ) ;
#829 = CARTESIAN_POINT ( 'NONE',  ( -0.02388401737498482835, 0.4848192495993977613, -0.9681919642857712560 ) ) ;
#830 = ORIENTED_EDGE ( 'NONE', *, *, #3715, .F. ) ;
#831 = CARTESIAN_POINT ( 'NONE',  ( 0.03385679274577346742, -0.5216546286361902762, -0.8921191521623637044 ) ) ;
#832 = CARTESIAN_POINT ( 'NONE',  ( 0.3829755286637038236, 0.2987977402733046906, -0.9612165178571258073 ) ) ;
#833 = CARTESIAN_POINT ( 'NONE',  ( -0.1032576515781282595, -0.4595508122821502783, -0.5069754464286061468 ) ) ;
#834 = DIRECTION ( 'NONE',  ( -0.000000000000000000, 0.000000000000000000, -1.000000000000000000 ) ) ;
#835 = CARTESIAN_POINT ( 'NONE',  ( 0.04698894474167904234, 0.4764584323950836198, -0.7555803571429409171 ) ) ;
#836 = CARTESIAN_POINT ( 'NONE',  ( -0.2070762743936979955, -0.4379807608321609758, -0.9202008928571430157 ) ) ;
#837 = EDGE_CURVE ( 'NONE', #208, #4158, #6545, .T. ) ;
#838 = CARTESIAN_POINT ( 'NONE',  ( 0.4677923166201054528, 0.08110769772054682303, -0.6096540178571348001 ) ) ;
#839 = CARTESIAN_POINT ( 'NONE',  ( -0.3336346350719501253, 0.3335434384839722766, -0.5312499999999887867 ) ) ;
#840 = CARTESIAN_POINT ( 'NONE',  ( -0.4619741490663669126, 0.1400694173987352964, -0.8828125000000222045 ) ) ;
#841 = LINE ( 'NONE', #310, #1928 ) ;
#842 = CARTESIAN_POINT ( 'NONE',  ( -0.06904375255037271952, -0.4658939472217871747, -0.4882812500000895395 ) ) ;
#843 = CARTESIAN_POINT ( 'NONE',  ( 0.4119156680699957440, 0.3054151861624611053, -0.4369419642857225727 ) ) ;
#844 = CARTESIAN_POINT ( 'NONE',  ( -0.4833825200185359328, -0.05968656473496308096, -1.020926339285632922 ) ) ;
#845 = CARTESIAN_POINT ( 'NONE',  ( -0.4917327693754039997, -0.1625209213079880088, -0.5454799107143349923 ) ) ;
#846 = CARTESIAN_POINT ( 'NONE',  ( -0.2524901939971539444, 0.3986050340156149230, -0.5159040178571623336 ) ) ;
#847 = CARTESIAN_POINT ( 'NONE',  ( -0.2449297306511063754, 0.4085139614344136527, -0.6768973214286482243 ) ) ;
#848 = DIRECTION ( 'NONE',  ( 0.000000000000000000, 1.000000000000000000, 1.047310526070460811E-16 ) ) ;
#849 = CARTESIAN_POINT ( 'NONE',  ( 0.2578599127505235011, -0.4070822587899952660, -0.8373325892857087505 ) ) ;
#850 = EDGE_CURVE ( 'NONE', #6118, #2740, #6366, .T. ) ;
#851 = CARTESIAN_POINT ( 'NONE',  ( 0.5186418530286927009, -4.908789363615472940E-16, -0.7957884069425121831 ) ) ;
#852 = CARTESIAN_POINT ( 'NONE',  ( 0.2652894227269024796, -0.3969162600390604978, -0.7120535714286190254 ) ) ;
#853 = CARTESIAN_POINT ( 'NONE',  ( 0.2462703584560052839, 0.4107574346382621422, -0.7427455357142819237 ) ) ;
#854 = CARTESIAN_POINT ( 'NONE',  ( 0.07640090194910131860, -0.5145697698323509206, -0.6746651785714674610 ) ) ;
#855 = CARTESIAN_POINT ( 'NONE',  ( 0.1412375945878481531, 0.5106377319704309414, -0.9271763392856173791 ) ) ;
#856 = CARTESIAN_POINT ( 'NONE',  ( -0.4813082356188414512, -0.03544116307207803573, -0.8607700892856848807 ) ) ;
#857 = EDGE_CURVE ( 'NONE', #3129, #5845, #4271, .T. ) ;
#858 = CARTESIAN_POINT ( 'NONE',  ( -0.3861223272257143790, -0.3382786541499804844, -0.6168190393089206802 ) ) ;
#859 = FACE_OUTER_BOUND ( 'NONE', #6903, .T. ) ;
#860 = EDGE_LOOP ( 'NONE', ( #7374, #6405, #5874 ) ) ;
#861 = CARTESIAN_POINT ( 'NONE',  ( -0.4952970732225730477, -0.1679001066422985133, -0.8992180291001472536 ) ) ;
#862 = CARTESIAN_POINT ( 'NONE',  ( -0.4713793205367210470, -0.2088777938167040438, -0.9825852183424528263 ) ) ;
#863 = CARTESIAN_POINT ( 'NONE',  ( 0.09160693896592157770, 0.4608684457444726656, -0.4531249999999820699 ) ) ;
#864 = CARTESIAN_POINT ( 'NONE',  ( 0.4080368673570586302, 0.3347791188321972422, -0.8627232142857859110 ) ) ;
#865 = CARTESIAN_POINT ( 'NONE',  ( 0.1355807709850794796, 0.5050247514353134459, -0.9237700593686822836 ) ) ;
#867 = CARTESIAN_POINT ( 'NONE',  ( 0.2361708585263653515, 0.4693501657355570456, -0.7865513392857294006 ) ) ;
#866 = CARTESIAN_POINT ( 'NONE',  ( 0.4147405129566225090, -0.2972087128310282322, -0.5171431341947353433 ) ) ;
#868 = DIRECTION ( 'NONE',  ( -0.000000000000000000, -0.000000000000000000, 1.000000000000000000 ) ) ;
#869 = CARTESIAN_POINT ( 'NONE',  ( -0.2288039051358294051, 0.4279214075105045589, -0.9631696428571016044 ) ) ;
#870 = CARTESIAN_POINT ( 'NONE',  ( 0.5180386443140884145, 0.03379514824944051393, -0.8028289117602631642 ) ) ;
#871 = ORIENTED_EDGE ( 'NONE', *, *, #7271, .F. ) ;
#872 = CARTESIAN_POINT ( 'NONE',  ( 0.04386858701232825702, -0.5065583732833874864, -0.4633026135387334210 ) ) ;
#873 = CARTESIAN_POINT ( 'NONE',  ( 0.4050398494471174615, 0.3323201949529741017, -0.7935267857143255554 ) ) ;
#874 = CARTESIAN_POINT ( 'NONE',  ( 0.1810768354807749114, -0.4369892079869297508, -0.5714285714286052587 ) ) ;
#875 = CARTESIAN_POINT ( 'NONE',  ( 0.000000000000000000, 0.5080095796703096855, -0.4542999999999999261 ) ) ;
#876 = CARTESIAN_POINT ( 'NONE',  ( 0.4693552607979520896, -0.1174992437709456577, -0.9001116071428766352 ) ) ;
#877 = EDGE_CURVE ( 'NONE', #3420, #4971, #841, .T. ) ;
#878 = CARTESIAN_POINT ( 'NONE',  ( -0.4000853435273525327, -0.2532791774815250641, -0.5694754464285933793 ) ) ;
#879 = CARTESIAN_POINT ( 'NONE',  ( -0.4624846931179491527, 0.09205574349443525206, -0.5245535714285634032 ) ) ;
#880 = CARTESIAN_POINT ( 'NONE',  ( -0.4746171234230992519, 0.05860041928592444466, -0.7380022321429039467 ) ) ;
#881 = CARTESIAN_POINT ( 'NONE',  ( -0.2006652297310381750, 0.4415881618427893729, -0.9512289528116782966 ) ) ;
#882 = CARTESIAN_POINT ( 'NONE',  ( 0.3882229822485974147, 0.3349757909651844834, -0.4361049107143290526 ) ) ;
#883 = CARTESIAN_POINT ( 'NONE',  ( 0.4535636054979875209, -0.1748876325911941920, -0.9907924107143609715 ) ) ;
#884 = CARTESIAN_POINT ( 'NONE',  ( 0.5093544840364707671, -0.08830985487077805396, -0.5153459821428326704 ) ) ;
#885 = CARTESIAN_POINT ( 'NONE',  ( -0.1261609874028202516, -0.4561297499585460491, -0.5611049107142969117 ) ) ;
#886 = CARTESIAN_POINT ( 'NONE',  ( -0.4539548190328110411, -0.1499016533551946195, -0.7329799107142694892 ) ) ;
#887 = CARTESIAN_POINT ( 'NONE',  ( -0.06707346897883038894, 0.5119608174008869472, -0.7128029627769902898 ) ) ;
#888 = CARTESIAN_POINT ( 'NONE',  ( -0.4439922825310135823, 0.1838365656350649524, -0.7946428571427767151 ) ) ;
#889 = CARTESIAN_POINT ( 'NONE',  ( 0.2142379202755574918, 0.4721877934166598956, -0.7827720782540538158 ) ) ;
#890 = CARTESIAN_POINT ( 'NONE',  ( 0.2761257278752587974, -0.3921755655475540059, -0.7832031250000275335 ) ) ;
#891 = CARTESIAN_POINT ( 'NONE',  ( -0.4139243523116256651, -0.2345599728280269025, -0.6414620535714069538 ) ) ;
#892 = CARTESIAN_POINT ( 'NONE',  ( -0.2112888120057440644, 0.4764846038109429305, -0.7073102678571806523 ) ) ;
#893 = CARTESIAN_POINT ( 'NONE',  ( -0.5064926242768019726, 0.1535675015033595714, -0.9095982142857178543 ) ) ;
#894 = B_SPLINE_CURVE_WITH_KNOTS ( 'NONE', 3,
 ( #284, #4390, #6795, #967, #6724, #4426, #5079, #6153, #5578, #6760, #7338, #5539, #3313, #7411, #1476, #3816, #933, #4499, #5043, #1582, #2130, #3922, #1516, #896, #434, #5648, #5684, #357, #323, #3855, #2166, #6685, #999, #2781, #6192, #5110, #6116, #2018, #3776, #3278, #858, #5615, #2705, #1616, #5754, #503, #6362, #545, #3957, #3535 ),
 .UNSPECIFIED., .F., .F.,
 ( 4, 2, 2, 2, 2, 2, 2, 2, 2, 2, 2, 2, 2, 2, 2, 2, 2, 2, 2, 2, 2, 2, 2, 2, 4 ),
 ( 0.1546211153266408567, 0.1559064202825603818, 0.1571917252384799346, 0.1597623351503190126, 0.1610476401062385376, 0.1623329450621580627, 0.1649035549739971407, 0.1661888599299166935, 0.1674741648858362186, 0.1687594698417557715, 0.1700447747976752966, 0.1726153847095143745, 0.1739006896654339274, 0.1751859946213534525, 0.1777566045331925304, 0.1790419094891120833, 0.1803272144450316083, 0.1828978243568706863, 0.1841831293127902114, 0.1854684342687097642, 0.1867537392246292893, 0.1880390441805488422, 0.1906096540923878924, 0.1931802640042269703, 0.1957508739160660483 ),
 .UNSPECIFIED. ) ;
#895 = CARTESIAN_POINT ( 'NONE',  ( -0.3635344682997525001, -0.3136736206605983401, -0.7820870535714210536 ) ) ;
#896 = CARTESIAN_POINT ( 'NONE',  ( 0.08321398589924108857, -0.5061888552681605979, -0.6052899408975639384 ) ) ;
#897 = DIRECTION ( 'NONE',  ( -1.000000000000000000, 0.000000000000000000, 0.000000000000000000 ) ) ;
#898 = ORIENTED_EDGE ( 'NONE', *, *, #1470, .T. ) ;
#899 = CARTESIAN_POINT ( 'NONE',  ( -0.5177263297891124827, -0.06832083252715553945, -0.9014401797914145531 ) ) ;
#900 = AXIS2_PLACEMENT_3D ( 'NONE', #6456, #3477, #6916 ) ;
#901 = DIRECTION ( 'NONE',  ( -1.000000000000000000, 0.000000000000000000, 0.000000000000000000 ) ) ;
#902 = CARTESIAN_POINT ( 'NONE',  ( -0.04600403777039013126, -0.4664720828263141938, -0.4162946428571079327 ) ) ;
#903 = CARTESIAN_POINT ( 'NONE',  ( -0.1404805560484555238, -0.5073768715037625388, -0.8200334821427813781 ) ) ;
#904 = CARTESIAN_POINT ( 'NONE',  ( 0.03480780566157894856, 0.5216763284793504152, -0.9215463058763158077 ) ) ;
#905 = EDGE_CURVE ( 'NONE', #1116, #2886, #3276, .T. ) ;
#907 = CARTESIAN_POINT ( 'NONE',  ( 0.06395837284317508475, 0.5191431718637194992, -0.7112165178572215085 ) ) ;
#906 = CARTESIAN_POINT ( 'NONE',  ( -0.5937500000000000000, -2.365849761790802036E-16, -0.9749999999999998668 ) ) ;
#908 = CARTESIAN_POINT ( 'NONE',  ( -0.5033728638955448087, 0.1351369556956022733, -0.8422694735351412554 ) ) ;
#909 = CIRCLE ( 'NONE', #4816, 0.4609375000000000000 ) ;
#910 = CARTESIAN_POINT ( 'NONE',  ( -0.05949702071183370078, -0.4829319524912712991, -1.005859374999979128 ) ) ;
#911 = CARTESIAN_POINT ( 'NONE',  ( 0.1164790686131080000, -0.5018464670766623614, -0.6759790075535345721 ) ) ;
#912 = ORIENTED_EDGE ( 'NONE', *, *, #4512, .T. ) ;
#913 = CARTESIAN_POINT ( 'NONE',  ( -0.3295973405588437655, -0.3875272012651065912, -0.4722976998605817323 ) ) ;
#914 = CARTESIAN_POINT ( 'NONE',  ( -0.2701781342371050720, 0.4508968735376271963, -0.8487723214285222140 ) ) ;
#915 = CARTESIAN_POINT ( 'NONE',  ( -0.3081161506738977485, 0.3572851186956573777, -0.5320870535714469218 ) ) ;
#916 = CARTESIAN_POINT ( 'NONE',  ( -0.5250000000000000222, 0.000000000000000000, -0.9999999999999998890 ) ) ;
#917 = CARTESIAN_POINT ( 'NONE',  ( -0.4756318119063222549, 0.09454151953925754581, -0.9352678571428376664 ) ) ;
#918 = CARTESIAN_POINT ( 'NONE',  ( 0.2431022427676512443, -0.4057098873434076824, -0.5518973214285375350 ) ) ;
#919 = CARTESIAN_POINT ( 'NONE',  ( -0.2899235828071736742, -0.3714042740835469814, -0.5119977678571453472 ) ) ;
#920 = CARTESIAN_POINT ( 'NONE',  ( -0.3857218111072894806, -0.2859938824386309975, -0.8007812500000373035 ) ) ;
#921 = CARTESIAN_POINT ( 'NONE',  ( -0.2968749999999998335, -0.5142025834970106457, -0.9749999999999998668 ) ) ;
#922 = CARTESIAN_POINT ( 'NONE',  ( 0.01197558930809770883, 0.4852858747508245196, -0.9690290178570721835 ) ) ;
#923 = CARTESIAN_POINT ( 'NONE',  ( 0.03813439058741423249, -0.5160164150529585880, -0.5304129464286011508 ) ) ;
#924 = CARTESIAN_POINT ( 'NONE',  ( 0.4410349040009814425, -0.1701910877977874659, -0.5443638392857116370 ) ) ;
#925 = CARTESIAN_POINT ( 'NONE',  ( -0.1157006853542519864, 0.4621552095910420599, -0.6802455357143541992 ) ) ;
#926 = CARTESIAN_POINT ( 'NONE',  ( 0.4644002809785164887, 0.2285515559424636800, -0.7269404249682840380 ) ) ;
#927 = CARTESIAN_POINT ( 'NONE',  ( -0.4010877060911832159, -0.2680774942271391126, -0.8549107142857899078 ) ) ;
#928 = CARTESIAN_POINT ( 'NONE',  ( 0.5012617037772021389, -0.1345743130765759410, -0.7987706670613470283 ) ) ;
#929 = CARTESIAN_POINT ( 'NONE',  ( 0.01168356125881691264, 0.4786008788618597576, -0.7547433035714432581 ) ) ;
#930 = CARTESIAN_POINT ( 'NONE',  ( 0.2840379075980395407, 0.3828778515198940080, -0.6724330357143688541 ) ) ;
#931 = CARTESIAN_POINT ( 'NONE',  ( -0.1859271351133955641, 0.4821831091729624208, -0.5650111607143135650 ) ) ;
#932 = CARTESIAN_POINT ( 'NONE',  ( 0.4587364737811392423, -0.1392206332485596554, -0.7578125000000760503 ) ) ;
#933 = CARTESIAN_POINT ( 'NONE',  ( 0.2982547005006935814, -0.4171680963121944807, -0.6000857013894009828 ) ) ;
#934 = EDGE_CURVE ( 'NONE', #3545, #6089, #4128, .T. ) ;
#935 = ORIENTED_EDGE ( 'NONE', *, *, #7056, .T. ) ;
#936 = VERTEX_POINT ( 'NONE', #4486 ) ;
#937 = CARTESIAN_POINT ( 'NONE',  ( 0.09781752358033114769, -0.4985032247813610540, -0.4542999999999999816 ) ) ;
#938 = CARTESIAN_POINT ( 'NONE',  ( -0.4434324832166066654, 0.1964876419918645534, -0.9377790178571986379 ) ) ;
#939 = CARTESIAN_POINT ( 'NONE',  ( -0.3987556510534276399, -0.3440637702963972311, -0.8267299107142774828 ) ) ;
#940 = CARTESIAN_POINT ( 'NONE',  ( 0.01761435830228352470, 0.5225330836284595160, -0.9211711535068143331 ) ) ;
#941 = CARTESIAN_POINT ( 'NONE',  ( -0.5242132352311440480, 0.01706855410093584616, -0.9747306113672342676 ) ) ;
#942 = CARTESIAN_POINT ( 'NONE',  ( -0.1812748718831407868, 0.4831264321632599001, -0.7024206810172293203 ) ) ;
#943 = CARTESIAN_POINT ( 'NONE',  ( -0.3574588193002589676, -0.3238980243922268132, -0.8710937499999243938 ) ) ;
#944 = CARTESIAN_POINT ( 'NONE',  ( -0.3527254906740192597, -0.3759807183376503992, -0.6871351931591587192 ) ) ;
#945 = ADVANCED_FACE ( 'NONE', ( #3440 ), #3939, .F. ) ;
#946 = ORIENTED_EDGE ( 'NONE', *, *, #5705, .F. ) ;
#947 = CARTESIAN_POINT ( 'NONE',  ( 0.5037473241426984050, -0.1348457260316503481, -0.8779712386865247131 ) ) ;
#948 = CARTESIAN_POINT ( 'NONE',  ( 0.3425186736946647659, -0.3971779003757969773, -0.8111049107143571968 ) ) ;
#949 = CARTESIAN_POINT ( 'NONE',  ( 0.3504122916804936483, -0.3175079610756111892, -0.5664062499999497069 ) ) ;
#950 = CARTESIAN_POINT ( 'NONE',  ( -0.5086369316881989011, -0.08399347440404107690, -0.6867837468991430105 ) ) ;
#951 = CARTESIAN_POINT ( 'NONE',  ( -0.4842977064984191893, 0.02385449407637219368, -0.9335937500000197620 ) ) ;
#952 = CARTESIAN_POINT ( 'NONE',  ( -6.054730445398255444E-05, -0.4709301890445228844, -0.4866071428571875357 ) ) ;
#953 = CARTESIAN_POINT ( 'NONE',  ( -0.1694722829874154291, -0.4395192923331009416, -0.5086495535713937421 ) ) ;
#954 = CARTESIAN_POINT ( 'NONE',  ( 0.1166363900857335240, -0.4653688105877541448, -0.7873883928570963864 ) ) ;
#955 = CARTESIAN_POINT ( 'NONE',  ( 0.5056797639421458657, 0.1354964452063098790, -0.9434504248644888236 ) ) ;
#956 = CARTESIAN_POINT ( 'NONE',  ( 0.08293420485201820347, 0.4783494368097176985, -0.9707031250000701661 ) ) ;
#957 = CARTESIAN_POINT ( 'NONE',  ( 0.05076128684365313615, 0.5161092702134029153, -0.5680803571428548748 ) ) ;
#958 = CARTESIAN_POINT ( 'NONE',  ( -0.05798557546872185747, -0.4696375379047713627, -0.5594308035714176119 ) ) ;
#959 = CARTESIAN_POINT ( 'NONE',  ( -0.3432421559325939953, 0.3268778591903152564, -0.6023995535714539162 ) ) ;
#960 = CARTESIAN_POINT ( 'NONE',  ( 0.05907172093037894867, -0.4784029345012954515, -0.8423549107142532799 ) ) ;
#961 = CARTESIAN_POINT ( 'NONE',  ( 0.3908937821248044675, 0.3421858830348607494, -0.7876128346865851615 ) ) ;
#962 = CARTESIAN_POINT ( 'NONE',  ( 0.04698894474763620766, 0.4764584323874829774, -0.7555803571427845977 ) ) ;
#963 = CARTESIAN_POINT ( 'NONE',  ( 0.4597054987780656021, 0.1271539910655625771, -0.6799665178571868696 ) ) ;
#964 = CARTESIAN_POINT ( 'NONE',  ( -0.2983552624484524518, -0.4237546222309281352, -0.6118861607142561665 ) ) ;
#965 = CARTESIAN_POINT ( 'NONE',  ( -0.4802700020667974301, 0.01185179087063390965, -0.7904575892856859909 ) ) ;
#966 = ORIENTED_EDGE ( 'NONE', *, *, #7170, .T. ) ;
#967 = CARTESIAN_POINT ( 'NONE',  ( 0.5081500269325486263, -0.06689785258729781525, -0.5907742983934417547 ) ) ;
#968 = EDGE_LOOP ( 'NONE', ( #3280, #7409, #7413, #3206, #1518, #6360 ) ) ;
#969 = CARTESIAN_POINT ( 'NONE',  ( -0.5030619187192598707, 0.1498028753154543868, -0.9854319204783782427 ) ) ;
#970 = CARTESIAN_POINT ( 'NONE',  ( 0.4420887888491682460, 0.1960367370884864846, -0.8925781249999693578 ) ) ;
#971 = CARTESIAN_POINT ( 'NONE',  ( -0.5262713994737240331, -0.02592594215281768602, -0.8342633928572574797 ) ) ;
#972 = CARTESIAN_POINT ( 'NONE',  ( -0.1839141578092937934, 0.4892616414075040554, -0.9167016684742672616 ) ) ;
#973 = CC_DESIGN_PERSON_AND_ORGANIZATION_ASSIGNMENT ( #3599, #4863, ( #4939 ) ) ;
#974 = CARTESIAN_POINT ( 'NONE',  ( -0.5937500000000001110, -0.2013280051300354867, -0.9561763651566632660 ) ) ;
#975 = CARTESIAN_POINT ( 'NONE',  ( -0.4935518514838925785, 0.1676128530334416999, -0.8430039100989074052 ) ) ;
#976 = CARTESIAN_POINT ( 'NONE',  ( -0.5088850010198020524, -0.08398299042707826900, -0.6945676508744672573 ) ) ;
#977 = ORIENTED_EDGE ( 'NONE', *, *, #5512, .F. ) ;
#978 = CARTESIAN_POINT ( 'NONE',  ( 0.5211080861869925585, 1.115012295639049311E-12, -0.8749991273584440954 ) ) ;
#979 = CARTESIAN_POINT ( 'NONE',  ( 0.02567849051200488467, -0.5240769961807464350, -0.8186383928571769886 ) ) ;
#980 = CARTESIAN_POINT ( 'NONE',  ( 0.3927448139868182642, 0.2625013512279370520, -0.5513392857142667136 ) ) ;
#981 = CARTESIAN_POINT ( 'NONE',  ( -0.3359201949237712315, 0.3841241569118385990, -0.4918297960266678759 ) ) ;
#982 = CARTESIAN_POINT ( 'NONE',  ( -0.3962780989087525407, -0.2790142439071107150, -0.9260602678571746571 ) ) ;
#983 = CARTESIAN_POINT ( 'NONE',  ( 0.03470602759218155420, -0.4696231047893094090, -0.4857700892857145236 ) ) ;
#984 = CARTESIAN_POINT ( 'NONE',  ( -0.3701623262843534157, 0.2887960985327440722, -0.4584263392857151342 ) ) ;
#985 = CARTESIAN_POINT ( 'NONE',  ( 0.04698894474763620766, 0.4764584323874829774, -0.7555803571427845977 ) ) ;
#986 = CARTESIAN_POINT ( 'NONE',  ( 0.4786398781539866754, -0.1462105937382998933, -0.4542999999999999816 ) ) ;
#987 = CARTESIAN_POINT ( 'NONE',  ( -0.2070762744014085499, -0.4379807608340290925, -0.9380580357143388781 ) ) ;
#988 = CARTESIAN_POINT ( 'NONE',  ( -0.2971301398387533599, 0.4220079430853440061, -0.4885602678571622226 ) ) ;
#989 = CARTESIAN_POINT ( 'NONE',  ( -0.1595012373784168991, -0.4455954451932842009, -0.5619419642857266251 ) ) ;
#990 = CARTESIAN_POINT ( 'NONE',  ( -0.1705853501784137527, 0.4423953118461863010, -0.6074218750000074385 ) ) ;
#991 = DIRECTION ( 'NONE',  ( -0.000000000000000000, -0.000000000000000000, -1.000000000000000000 ) ) ;
#992 = CARTESIAN_POINT ( 'NONE',  ( 0.4792922403158487721, 6.548393637901006603E-05, -0.7544642857143442072 ) ) ;
#993 = CARTESIAN_POINT ( 'NONE',  ( -0.06732492675254989067, 0.5150110434110315438, -0.7842384657981043006 ) ) ;
#994 = CARTESIAN_POINT ( 'NONE',  ( -0.2738056054234890846, -0.3888869649938693773, -0.6542968749999432676 ) ) ;
#995 = CARTESIAN_POINT ( 'NONE',  ( -0.1494971458769609740, 0.4523267868416124271, -0.6615513392857101937 ) ) ;
#996 = CARTESIAN_POINT ( 'NONE',  ( -0.5185907498463363519, 6.686867847208120808E-05, -0.6227678571428779675 ) ) ;
#997 = CARTESIAN_POINT ( 'NONE',  ( -0.4390828824203217851, -0.1945644732577925529, -0.7854352678569920254 ) ) ;
#998 = EDGE_LOOP ( 'NONE', ( #6567, #7349, #506, #4322, #6830 ) ) ;
#999 = CARTESIAN_POINT ( 'NONE',  ( -0.1814055338798901129, -0.4800353943187593564, -0.6112493653689727857 ) ) ;
#1000 = ORIENTED_EDGE ( 'NONE', *, *, #4856, .T. ) ;
#1001 = ORIENTED_EDGE ( 'NONE', *, *, #3760, .F. ) ;
#1002 = DIRECTION ( 'NONE',  ( -1.000000000000000000, 0.000000000000000000, 0.000000000000000000 ) ) ;
#1003 = CARTESIAN_POINT ( 'NONE',  ( -0.4842977065012712967, 0.02385449407069136982, -0.9335937500000381917 ) ) ;
#1004 = CARTESIAN_POINT ( 'NONE',  ( -0.4506199988961424041, -0.2854379734212930120, -1.042689732142878523 ) ) ;
#1005 = CARTESIAN_POINT ( 'NONE',  ( -0.4472282561877534146, 0.1382008891858330646, -0.4542999999999866034 ) ) ;
#1006 = AXIS2_PLACEMENT_3D ( 'NONE', #3089, #3701, #3010 ) ;
#1007 = CARTESIAN_POINT ( 'NONE',  ( -0.5242017025902678817, 1.105988660234976980E-12, -0.9743602048661791359 ) ) ;
#1008 = CARTESIAN_POINT ( 'NONE',  ( -0.2580907382611917766, 0.4477087310933868247, -0.7005591160386285265 ) ) ;
#1009 = CARTESIAN_POINT ( 'NONE',  ( -0.4098154801078668363, -0.3142226019202627452, -0.6889899657589294568 ) ) ;
#1010 = LOCAL_TIME ( 1, 52, 41.00000000000000000, #4826 ) ;
#1011 = AXIS2_PLACEMENT_3D ( 'NONE', #6973, #4069, #7479 ) ;
#1012 = ORIENTED_EDGE ( 'NONE', *, *, #2646, .T. ) ;
#1013 = CARTESIAN_POINT ( 'NONE',  ( 0.4099667233086795037, -0.3148663123597478242, -0.7318036954708376784 ) ) ;
#1014 = CARTESIAN_POINT ( 'NONE',  ( -0.5196370032242874082, 0.07714937240081115588, -0.8387276785713638771 ) ) ;
#1015 = CARTESIAN_POINT ( 'NONE',  ( 0.4635184988865416744, -0.08036281924894132789, -0.4885602678571451807 ) ) ;
#1016 = CARTESIAN_POINT ( 'NONE',  ( -0.5153059497814959089, -3.482241818142690450E-13, -0.6886455366266885925 ) ) ;
#1017 = CONICAL_SURFACE ( 'NONE', #5306, 0.5250000000000000222, 0.03112503826906170765 ) ;
#1018 = CARTESIAN_POINT ( 'NONE',  ( -0.04729610147903987039, 0.4808396476537386555, -0.8783482142856932073 ) ) ;
#1019 = CARTESIAN_POINT ( 'NONE',  ( -0.1032576515781282595, -0.4595508122821502783, -0.4891183035714635752 ) ) ;
#1020 = B_SPLINE_CURVE_WITH_KNOTS ( 'NONE', 3,
 ( #2808, #6037, #6727, #899, #1479, #784, #861, #3207, #1032, #1977, #3698, #4972, #4393, #6857, #7301, #5010, #2230, #5712, #6156, #5542, #248, #7439, #4313, #1610, #3246, #3740, #3377, #3130, #288, #6648, #5137, #2636, #2061, #461, #4562, #5581, #2597, #3169, #1401, #2671, #5504, #7260, #2022, #4929, #325, #4352, #6688, #3780, #2194, #5464 ),
 .UNSPECIFIED., .F., .F.,
 ( 4, 2, 2, 2, 2, 2, 2, 2, 2, 2, 2, 2, 2, 2, 2, 2, 2, 2, 2, 2, 2, 2, 2, 2, 4 ),
 ( 0.1140285355681008722, 0.1153344328664304141, 0.1166403301647599422, 0.1192521247614190122, 0.1205580220597485541, 0.1218639193580780961, 0.1244757139547371660, 0.1270875085513962499, 0.1283934058497257780, 0.1296993031480553338, 0.1323110977447143899, 0.1336169950430439457, 0.1349228923413734738, 0.1375346869380325576, 0.1388405842363621134, 0.1401464815346916415, 0.1414523788330211973, 0.1427582761313507254, 0.1453700707280098092, 0.1466759680263393650, 0.1479818653246688931, 0.1505936599213279770, 0.1518995572196575328, 0.1532054545179870608, 0.1558172491146461447 ),
 .UNSPECIFIED. ) ;
#1021 = CARTESIAN_POINT ( 'NONE',  ( -0.2850995582252390248, 0.3843025007842323371, -0.7472098214286387874 ) ) ;
#1022 = CARTESIAN_POINT ( 'NONE',  ( 0.4921610426636050528, 0.03232887568246040760, -0.4542999999999999816 ) ) ;
#1023 = CARTESIAN_POINT ( 'NONE',  ( 0.2978700177933522042, -0.3815776852307941058, -0.9255022321428360010 ) ) ;
#1024 = CARTESIAN_POINT ( 'NONE',  ( -0.4287164480567105529, -0.2863792321440283839, -0.4709821428571927537 ) ) ;
#1025 = CARTESIAN_POINT ( 'NONE',  ( -0.3985415656647565696, 0.2522973477324458313, -0.5108816964285486373 ) ) ;
#1026 = CARTESIAN_POINT ( 'NONE',  ( -0.3664180967897419094, 0.3006277624386951564, -0.6015625000000021094 ) ) ;
#1027 = LENGTH_MEASURE_WITH_UNIT ( LENGTH_MEASURE( 0.02539999999999999897 ), #7434 );
#1028 = CARTESIAN_POINT ( 'NONE',  ( -0.4628951297260938680, -0.1281684199949253145, -0.7871093749999721334 ) ) ;
#1029 = DIRECTION ( 'NONE',  ( 0.000000000000000000, 1.000000000000000000, 1.048122702880362589E-16 ) ) ;
#1030 = CARTESIAN_POINT ( 'NONE',  ( 0.2830055551639920064, -0.3816914010841221394, -0.6400669642856594566 ) ) ;
#1031 = EDGE_CURVE ( 'NONE', #6089, #2635, #2260, .T. ) ;
#1032 = CARTESIAN_POINT ( 'NONE',  ( -0.4682518025502886427, -0.2309206832346617777, -0.8977215329709585800 ) ) ;
#1033 = CARTESIAN_POINT ( 'NONE',  ( 0.2352744658881464057, -0.4154421048238489678, -0.6950334821427918142 ) ) ;
#1034 = CARTESIAN_POINT ( 'NONE',  ( -0.4689136263134190963, 0.2218536218402168969, -0.6277901785713969618 ) ) ;
#1035 = CARTESIAN_POINT ( 'NONE',  ( -0.4120292454275640837, 0.3216362923592780976, -0.6994977678571705493 ) ) ;
#1036 = CARTESIAN_POINT ( 'NONE',  ( 0.07051484702084610812, 0.4758203312764726634, -0.8097098214285471940 ) ) ;
#1037 = ORIENTED_EDGE ( 'NONE', *, *, #7064, .T. ) ;
#1038 = CARTESIAN_POINT ( 'NONE',  ( -0.4454289611927437220, -0.2564968797172275106, -0.6112783544277912151 ) ) ;
#1039 = B_SPLINE_CURVE_WITH_KNOTS ( 'NONE', 3,
 ( #119, #7129, #6478, #1926, #199, #5910, #658, #4226, #6637, #5412, #1388, #4838, #45, #1888, #3687, #3613, #3731, #1274, #2390, #6558, #4723, #1348, #7049, #7171, #1808, #2998, #1234, #3574, #5334, #4264, #1310, #81, #5987, #6598, #7089, #1846, #1468, #6218, #5533, #1509, #4343, #4383, #2160, #5495, #6186, #352, #928, #238, #5572, #318, #388 ),
 .UNSPECIFIED., .F., .F.,
 ( 4, 2, 2, 2, 2, 2, 2, 2, 2, 2, 2, 2, 2, 2, 1, 2, 2, 2, 2, 2, 2, 2, 2, 2, 2, 4 ),
 ( 0.1975153845980195666, 0.2001164965498012094, 0.2014170525256920585, 0.2027176085015828799, 0.2040181644774737013, 0.2053187204533645227, 0.2079198324051461932, 0.2092203883810370146, 0.2105209443569278360, 0.2131220563087095066, 0.2144226122846003280, 0.2157231682604911494, 0.2183242802122727921, 0.2196248361881636413, 0.2209253921640544627, 0.2222259481399452841, 0.2235265041158361055, 0.2261276160676177760, 0.2274281720435085974, 0.2287287280193994188, 0.2313298399711810893, 0.2326303959470719107, 0.2339309519229627321, 0.2352315078988535535, 0.2365320638747444026, 0.2391331758265260454 ),
 .UNSPECIFIED. ) ;
#1040 = CARTESIAN_POINT ( 'NONE',  ( 0.3369861498753867202, -0.3846379694590279508, -0.5275351478473847555 ) ) ;
#1041 = ORIENTED_EDGE ( 'NONE', *, *, #3519, .F. ) ;
#1042 = ORIENTED_EDGE ( 'NONE', *, *, #287, .T. ) ;
#1043 = CARTESIAN_POINT ( 'NONE',  ( 0.2984621459360601858, 0.4161928024772676982, -0.5785011609877112049 ) ) ;
#1044 = CARTESIAN_POINT ( 'NONE',  ( -0.2980551139145841688, -0.3820299030273550112, -0.9227120535714260496 ) ) ;
#1045 = CARTESIAN_POINT ( 'NONE',  ( -0.04600403777054838661, -0.4664720828252980622, -0.4341517857142377368 ) ) ;
#1046 = DIRECTION ( 'NONE',  ( 0.000000000000000000, 0.000000000000000000, 1.000000000000000000 ) ) ;
#1047 = CARTESIAN_POINT ( 'NONE',  ( -0.5937500000000001110, -0.1155733325930359823, -0.9700072751221417988 ) ) ;
#1048 = CARTESIAN_POINT ( 'NONE',  ( 0.5937500000000002220, -0.3428017223313401529, -0.07803161100199279554 ) ) ;
#1049 = CARTESIAN_POINT ( 'NONE',  ( 0.5013910422360801089, -0.1166987175797599141, -0.6633140417065008787 ) ) ;
#1050 = ORIENTED_EDGE ( 'NONE', *, *, #4467, .F. ) ;
#1051 = CARTESIAN_POINT ( 'NONE',  ( 0.5133320390842610603, 0.03384951657838583539, -0.6521813499718547291 ) ) ;
#1052 = CARTESIAN_POINT ( 'NONE',  ( 0.4868645468944824972, 0.1877322516451233603, -0.7257254464285867179 ) ) ;
#1053 = CARTESIAN_POINT ( 'NONE',  ( 0.3847844316329739334, -0.2709170893905198940, -0.4935825892857395036 ) ) ;
#1054 = CARTESIAN_POINT ( 'NONE',  ( 0.3835605315304710938, 0.3361423734943489450, -0.5096754496976610982 ) ) ;
#1055 = CARTESIAN_POINT ( 'NONE',  ( 0.3260328652509688618, -0.3425312125040396727, -0.5493861607142869197 ) ) ;
#1056 = B_SPLINE_CURVE_WITH_KNOTS ( 'NONE', 3,
 ( #4729, #7488, #2248, #7256, #5419, #4845, #7215, #168, #5461, #2594, #6077, #4270, #5993, #6033, #5956, #819, #2517, #1853, #1396, #88, #665, #5917, #6526, #2435, #6484, #739, #7095, #4193 ),
 .UNSPECIFIED., .F., .F.,
 ( 4, 2, 2, 2, 2, 2, 2, 2, 2, 2, 2, 2, 2, 4 ),
 ( 0.6095942883467946327, 0.6124525054663949586, 0.6138816140261952325, 0.6153107225859953955, 0.6167398311457955584, 0.6181689397055957214, 0.6210271568251960472, 0.6224562653849963212, 0.6238853739447964841, 0.6253144825045966471, 0.6267435910643968100, 0.6296018081839972469, 0.6310309167437974098, 0.6324600253035975728 ),
 .UNSPECIFIED. ) ;
#1057 = CARTESIAN_POINT ( 'NONE',  ( 0.05826997496692069151, 0.4729724556088059084, -0.6844308035714199434 ) ) ;
#1058 = DIRECTION ( 'NONE',  ( 1.152615094025669054E-17, -0.09411816491319482947, -0.9955610333040223470 ) ) ;
#1059 = CARTESIAN_POINT ( 'NONE',  ( -0.4813603591031284101, 0.03544116307323591508, -0.8803013392857527153 ) ) ;
#1060 = CARTESIAN_POINT ( 'NONE',  ( -0.4068398496011617071, 0.3174116920642975348, -0.4852120535714113392 ) ) ;
#1061 = CARTESIAN_POINT ( 'NONE',  ( 0.3161293751105591632, -0.3486992086226885501, -0.4782366071428618137 ) ) ;
#1062 = AXIS2_PLACEMENT_3D ( 'NONE', #508, #110, #1917 ) ;
#1063 = ADVANCED_FACE ( 'NONE', ( #6274 ), #5966, .T. ) ;
#1064 = CARTESIAN_POINT ( 'NONE',  ( 0.4605019373221839185, 0.1154166157539630866, -0.6266741071428871823 ) ) ;
#1065 = CARTESIAN_POINT ( 'NONE',  ( -0.4539548190350828905, -0.1499016533489438419, -0.7151227678572024127 ) ) ;
#1066 = CARTESIAN_POINT ( 'NONE',  ( 0.08500190147388596296, 0.5116491368162279230, -0.7875836839897201180 ) ) ;
#1067 = CARTESIAN_POINT ( 'NONE',  ( 0.4577083634302794302, -0.1267283362478165143, -0.6325334821428461041 ) ) ;
#1068 = CARTESIAN_POINT ( 'NONE',  ( -0.4834393174846313701, -0.01786752591306155907, -0.9504727894742635019 ) ) ;
#1069 = CARTESIAN_POINT ( 'NONE',  ( 0.4188898244760658196, -0.2239705428673834930, -0.6171875000000616174 ) ) ;
#1070 = CARTESIAN_POINT ( 'NONE',  ( 0.5168665763978601557, -0.02545883022419465763, -0.5876116071428043597 ) ) ;
#1071 = CARTESIAN_POINT ( 'NONE',  ( -0.4998491643368822013, -0.1517019864465996015, -0.6886160714285923801 ) ) ;
#1072 = CARTESIAN_POINT ( 'NONE',  ( 0.4331053245499866811, 0.2049159785924627997, -0.7494419642857365060 ) ) ;
#1073 = ORIENTED_EDGE ( 'NONE', *, *, #4550, .F. ) ;
#1074 = EDGE_CURVE ( 'NONE', #4572, #936, #5003, .T. ) ;
#1075 = FACE_OUTER_BOUND ( 'NONE', #3, .T. ) ;
#1076 = CARTESIAN_POINT ( 'NONE',  ( 0.4775644860695004712, -0.1800848586001026763, -0.5219547559958397365 ) ) ;
#1077 = CARTESIAN_POINT ( 'NONE',  ( 0.3883321179590840111, 0.2880889545247433126, -0.9079241071428570953 ) ) ;
#1078 = VERTEX_POINT ( 'NONE', #6815 ) ;
#1079 = EDGE_LOOP ( 'NONE', ( #6607, #1366, #507, #2783, #501 ) ) ;
#1080 = CARTESIAN_POINT ( 'NONE',  ( -0.5078923200959184481, 0.06663855529955163559, -0.5550545244570951331 ) ) ;
#1081 = CARTESIAN_POINT ( 'NONE',  ( -0.4702356838631680525, -0.1178561644053036372, -0.9302455357143281089 ) ) ;
#1082 = CARTESIAN_POINT ( 'NONE',  ( 0.2395338400451411942, -0.4760249543569057828, -1.025948660714274485 ) ) ;
#1083 = CARTESIAN_POINT ( 'NONE',  ( -0.1697441746074493107, -0.4678013955053956230, -0.4542999999999999816 ) ) ;
#1084 = CARTESIAN_POINT ( 'NONE',  ( 0.03360908742952802702, -0.5228290763838938648, -0.9557711585330900261 ) ) ;
#1085 = CARTESIAN_POINT ( 'NONE',  ( 0.3919255068177119883, 0.3434790521035125388, -0.8668195097823692130 ) ) ;
#1086 = DIRECTION ( 'NONE',  ( -1.000000000000000000, 0.000000000000000000, 0.000000000000000000 ) ) ;
#1087 = ORIENTED_EDGE ( 'NONE', *, *, #3659, .F. ) ;
#1088 = CARTESIAN_POINT ( 'NONE',  ( -0.3778010451055338614, -0.3537138887845293622, -0.7515199740710529763 ) ) ;
#1089 = CARTESIAN_POINT ( 'NONE',  ( -0.5154221105567381445, 0.08936185896656591299, -0.7675781250000285327 ) ) ;
#1090 = CARTESIAN_POINT ( 'NONE',  ( 0.1253894902473201567, 0.4528728907303901097, -0.4718191964285584072 ) ) ;
#1092 = CARTESIAN_POINT ( 'NONE',  ( 0.07724517195508882883, -0.5212078865029343699, -0.8889508928571410173 ) ) ;
#1091 = CARTESIAN_POINT ( 'NONE',  ( 0.4609375000000000000, 5.644856339819830631E-17, -0.4542999999999999816 ) ) ;
#1093 = CARTESIAN_POINT ( 'NONE',  ( -0.2968749999999998335, -0.5142025834970106457, -0.02500000000000000139 ) ) ;
#1094 = CARTESIAN_POINT ( 'NONE',  ( 0.04620768830505304209, 0.4698128594429226701, -0.5234374999999900080 ) ) ;
#1095 = CARTESIAN_POINT ( 'NONE',  ( -0.4759475892069274794, 6.121277795059478161E-05, -0.6651785714286199136 ) ) ;
#1096 = CARTESIAN_POINT ( 'NONE',  ( 0.3600480022714998563, 0.3175304688348674631, -0.4542999999999998706 ) ) ;
#1097 = CARTESIAN_POINT ( 'NONE',  ( 0.1288361139332244720, 0.4658014053206211980, -0.9003906249999029665 ) ) ;
#1098 = CARTESIAN_POINT ( 'NONE',  ( 0.3952594398191048297, -0.3278245449131321210, -0.4498357159322585730 ) ) ;
#1099 = CONICAL_SURFACE ( 'NONE', #1972, 0.5250000000000000222, 0.03112503826906170765 ) ;
#1100 = CARTESIAN_POINT ( 'NONE',  ( -0.5937499999999998890, -0.3428017223313405415, -0.07803161100199272615 ) ) ;
#1101 = CARTESIAN_POINT ( 'NONE',  ( 0.4657895677967954784, -0.09258513249325316108, -0.6316964285714474769 ) ) ;
#1102 = CARTESIAN_POINT ( 'NONE',  ( -0.4373939521075632109, 0.1675127877294276257, -0.4542999999999999816 ) ) ;
#1103 = CARTESIAN_POINT ( 'NONE',  ( 0.2462703584609551022, 0.4107574346354283534, -0.7427455357142835890 ) ) ;
#1104 = CARTESIAN_POINT ( 'NONE',  ( -0.5142413986663739722, 0.06770031432904791147, -0.7615597039670106705 ) ) ;
#1105 = CARTESIAN_POINT ( 'NONE',  ( -0.4301359477990860936, -0.2033714611057895472, -0.6601562500000049960 ) ) ;
#1106 = CARTESIAN_POINT ( 'NONE',  ( 0.4420887888461963455, 0.1960367370939460896, -0.9104352678571404622 ) ) ;
#1107 = CARTESIAN_POINT ( 'NONE',  ( 0.3880730321838137820, 0.2732372118481410372, -0.6046316964285838313 ) ) ;
#1108 = CARTESIAN_POINT ( 'NONE',  ( -0.4880519413212152102, -0.1613043984629950744, -0.4762834821428387211 ) ) ;
#1109 = CARTESIAN_POINT ( 'NONE',  ( -0.05133289757208177317, 0.5204644390370025686, -0.7087053571427884835 ) ) ;
#1110 = CARTESIAN_POINT ( 'NONE',  ( -0.2354512820778711935, -0.4157620928087649714, -0.7067522321428766352 ) ) ;
#1111 = ORIENTED_EDGE ( 'NONE', *, *, #4920, .F. ) ;
#1112 = B_SPLINE_CURVE_WITH_KNOTS ( 'NONE', 3,
 ( #3741, #6081, #5347, #4930, #6610, #4197, #823, #3170, #2439, #5505, #7262, #4353, #6531, #1284, #2521, #4849, #3624, #5960, #7182, #1938, #707, #1358 ),
 .UNSPECIFIED., .F., .F.,
 ( 4, 2, 2, 2, 2, 2, 2, 2, 2, 2, 4 ),
 ( 0.002957669904641223053, 0.005460134347122757789, 0.006711366568363526242, 0.007962598789604294694, 0.01046506323208583333, 0.01296752767456737197, 0.01546999211704891061, 0.01672122433828968080, 0.01797245655953045099, 0.02047492100201199136, 0.02297738544449353867 ),
 .UNSPECIFIED. ) ;
#1113 = CARTESIAN_POINT ( 'NONE',  ( 0.06659256411851142976, -0.5084144516589093055, -0.5978797532325920150 ) ) ;
#1114 = CARTESIAN_POINT ( 'NONE',  ( 0.2695830379977615099, -0.4336584033523251391, -0.5293896103806261522 ) ) ;
#1115 = CARTESIAN_POINT ( 'NONE',  ( -0.3325519674270648318, -0.3493858100695413915, -0.8702566964286013729 ) ) ;
#1116 = VERTEX_POINT ( 'NONE', #1675 ) ;
#1117 = ORIENTED_EDGE ( 'NONE', *, *, #4357, .T. ) ;
#1118 = CARTESIAN_POINT ( 'NONE',  ( -0.4813082356188414512, -0.03544116307207803573, -0.8607700892856848807 ) ) ;
#1119 = CARTESIAN_POINT ( 'NONE',  ( -0.4243728791696291802, 0.2006424341585056892, -0.4559151785714835037 ) ) ;
#1120 = CARTESIAN_POINT ( 'NONE',  ( -0.4346779479206573371, -0.2107745747999711372, -0.4542999999999998706 ) ) ;
#1121 = CARTESIAN_POINT ( 'NONE',  ( 0.3576278651080230242, -0.3825260128104963075, -0.9479550605298417976 ) ) ;
#1122 = CARTESIAN_POINT ( 'NONE',  ( 0.5937500000000002220, -0.3428017223313401529, -0.9999999999999998890 ) ) ;
#1123 = CARTESIAN_POINT ( 'NONE',  ( -0.1330757329480580231, 0.4974074111370063167, -0.6398826919258940871 ) ) ;
#1124 = EDGE_LOOP ( 'NONE', ( #2851, #1042, #5752, #2825 ) ) ;
#1125 = CIRCLE ( 'NONE', #5418, 0.5937500000000000000 ) ;
#1126 = EDGE_CURVE ( 'NONE', #548, #5718, #1700, .T. ) ;
#1127 = DIRECTION ( 'NONE',  ( 0.000000000000000000, 0.000000000000000000, -1.000000000000000000 ) ) ;
#1128 = CARTESIAN_POINT ( 'NONE',  ( 0.1270033193297678276, -0.5067326348716967299, -0.7449776785714673499 ) ) ;
#1129 = CARTESIAN_POINT ( 'NONE',  ( 0.2799517286029877816, 0.3775790774592792665, -0.4760044642856937069 ) ) ;
#1131 = CARTESIAN_POINT ( 'NONE',  ( 0.1283973332095910136, 0.5123104643785683088, -0.9291294642857125252 ) ) ;
#1130 = CARTESIAN_POINT ( 'NONE',  ( -0.3125000000000000000, 3.827021247335478926E-17, 1.189999999999999947 ) ) ;
#1132 = APPROVAL_PERSON_ORGANIZATION ( #2413, #2716, #7035 ) ;
#1133 = CARTESIAN_POINT ( 'NONE',  ( 0.5937500000000000000, 2.365849761790802529E-16, -0.02500000000000000139 ) ) ;
#1134 = CONICAL_SURFACE ( 'NONE', #5787, 0.5937500000000000000, 1.047197551196600074 ) ;
#1135 = CARTESIAN_POINT ( 'NONE',  ( 0.09148806802139204664, -0.4596131664333232836, -0.4129464285714505856 ) ) ;
#1136 = CARTESIAN_POINT ( 'NONE',  ( 0.4028436464005720197, 0.2551750533772152441, -0.6944754464285490814 ) ) ;
#1137 = DIRECTION ( 'NONE',  ( 0.000000000000000000, 0.000000000000000000, -1.000000000000000000 ) ) ;
#1138 = AXIS2_PLACEMENT_3D ( 'NONE', #3930, #4437, #3968 ) ;
#1139 = CARTESIAN_POINT ( 'NONE',  ( -0.4774562203074639299, 0.07088672651786159795, -0.8811383928571387969 ) ) ;
#1140 = CARTESIAN_POINT ( 'NONE',  ( -0.4936490479960194966, 0.1498163037316510848, -0.4810267857142306869 ) ) ;
#1141 = CARTESIAN_POINT ( 'NONE',  ( 0.4702382566960044419, -0.01160419399543059955, -0.4690290178571095980 ) ) ;
#1142 = CARTESIAN_POINT ( 'NONE',  ( 0.04631384359268964079, -0.4708530371809823700, -0.5747767857142813686 ) ) ;
#1143 = CARTESIAN_POINT ( 'NONE',  ( -0.3405026093976509793, 0.3229149581873652086, -0.4542999999999998706 ) ) ;
#1144 = CARTESIAN_POINT ( 'NONE',  ( 0.3303380420013615759, 0.3468755344871622404, -0.7452566964284818019 ) ) ;
#1145 = CARTESIAN_POINT ( 'NONE',  ( 0.3023568715790939110, 0.4216132558344154457, -0.7927849491724754394 ) ) ;
#1146 = AXIS2_PLACEMENT_3D ( 'NONE', #4694, #1781, #6893 ) ;
#1147 = DIMENSIONAL_EXPONENTS ( 1.000000000000000000, 0.000000000000000000, 0.000000000000000000, 0.000000000000000000, 0.000000000000000000, 0.000000000000000000, 0.000000000000000000 ) ;
#1148 = CARTESIAN_POINT ( 'NONE',  ( 0.09303524239620714065, 0.4674055555173032284, -0.6852678571428426624 ) ) ;
#1149 = CARTESIAN_POINT ( 'NONE',  ( 0.4800787832952295719, 0.05914935651793497978, -0.9137834821428039156 ) ) ;
#1150 = CARTESIAN_POINT ( 'NONE',  ( -0.4459317213861513918, -0.1594922393573653674, -0.5719866071428675314 ) ) ;
#1151 = CARTESIAN_POINT ( 'NONE',  ( -0.3972819995493264700, -0.3259552138536839783, -0.4720982142857292341 ) ) ;
#1152 = CARTESIAN_POINT ( 'NONE',  ( -0.3315966282810824950, 0.4041579424077778038, -0.7020089285713517757 ) ) ;
#1153 = CARTESIAN_POINT ( 'NONE',  ( 0.2840379075980395407, 0.3828778515198940080, -0.6724330357143688541 ) ) ;
#1154 = VERTEX_POINT ( 'NONE', #5818 ) ;
#1155 = CARTESIAN_POINT ( 'NONE',  ( -0.5222085048272890884, -0.01700830796490915287, -0.9103424820463994482 ) ) ;
#1156 = LINE ( 'NONE', #3457, #4809 ) ;
#1157 = CARTESIAN_POINT ( 'NONE',  ( -0.4014376877985796344, 0.2683068079182249766, -0.8861607142857189645 ) ) ;
#1158 = ORIENTED_EDGE ( 'NONE', *, *, #1416, .F. ) ;
#1159 = EDGE_LOOP ( 'NONE', ( #1584, #1627, #5185, #7553, #2995 ) ) ;
#1160 = B_SPLINE_CURVE_WITH_KNOTS ( 'NONE', 3,
 ( #7193, #4407, #4246, #6741, #5518, #795, #3221, #3141 ),
 .UNSPECIFIED., .F., .F.,
 ( 4, 2, 2, 4 ),
 ( 0.02508295319039923615, 0.02728860845101366284, 0.02949426371162808952, 0.03390557423285693595 ),
 .UNSPECIFIED. ) ;
#1161 = CARTESIAN_POINT ( 'NONE',  ( 0.1730825160575552302, 0.4488821677735973514, -0.8122209821428638676 ) ) ;
#1162 = CARTESIAN_POINT ( 'NONE',  ( -0.4039133250843225387, -0.3483271331164770057, -1.041015624999978240 ) ) ;
#1163 = CARTESIAN_POINT ( 'NONE',  ( 0.01457416624239430032, -0.5063885173753780444, -0.4542999999999998706 ) ) ;
#1164 = CARTESIAN_POINT ( 'NONE',  ( -0.03251927847541619121, 0.4837477810321583194, -0.9501304706435745873 ) ) ;
#1165 = EDGE_CURVE ( 'NONE', #2251, #3706, #3817, .T. ) ;
#1166 = LINE ( 'NONE', #2324, #4328 ) ;
#1167 = CARTESIAN_POINT ( 'NONE',  ( 0.01714659437172734793, 0.5138785519571099636, -0.6432364408591554339 ) ) ;
#1168 = CARTESIAN_POINT ( 'NONE',  ( -0.3974417577558556625, -0.4561403388351396027, -0.9688957493364325213 ) ) ;
#1169 = CARTESIAN_POINT ( 'NONE',  ( -0.4845314749417092282, -0.1822740818007170527, -0.7559845266393002694 ) ) ;
#1170 = CARTESIAN_POINT ( 'NONE',  ( 0.09160693895984421686, 0.4608684457445209048, -0.4709821428571400737 ) ) ;
#1172 = CARTESIAN_POINT ( 'NONE',  ( 0.3241098961553338653, -0.4151917888900146791, -0.8830915178570957202 ) ) ;
#1171 = CARTESIAN_POINT ( 'NONE',  ( -0.3115899105294573368, -0.4057895880269107303, -0.5353779140617974663 ) ) ;
#1173 = EDGE_CURVE ( 'NONE', #3537, #247, #3120, .T. ) ;
#1174 = CARTESIAN_POINT ( 'NONE',  ( -0.06744946031712167889, 0.5161573038364543065, -0.8478811014068103891 ) ) ;
#1175 = AXIS2_PLACEMENT_3D ( 'NONE', #5558, #834, #3834 ) ;
#1176 = CARTESIAN_POINT ( 'NONE',  ( 0.4635184988865416744, -0.08036281924894132789, -0.4707031250000026645 ) ) ;
#1177 = CARTESIAN_POINT ( 'NONE',  ( -0.3753593141583534409, 0.2930109705155002908, -0.6727120535714579130 ) ) ;
#1178 = CARTESIAN_POINT ( 'NONE',  ( 0.1338988327655596389, -0.5020779931231117432, -0.8184643762286111235 ) ) ;
#1179 = CARTESIAN_POINT ( 'NONE',  ( -0.3228693212962142622, 0.3561336114079411974, -0.8175223214286134743 ) ) ;
#1180 = EDGE_CURVE ( 'NONE', #3819, #2954, #2021, .T. ) ;
#1181 = CARTESIAN_POINT ( 'NONE',  ( -0.2612332584473890940, 0.4612799571883427485, -0.9919084821429768883 ) ) ;
#1182 = CARTESIAN_POINT ( 'NONE',  ( -0.3412333844834322671, -0.3249701273128121626, -0.4958147321428409415 ) ) ;
#1183 = CARTESIAN_POINT ( 'NONE',  ( -0.1694722829932110153, -0.4395192923304798160, -0.5086495535714056215 ) ) ;
#1184 = PERSON_AND_ORGANIZATION_ROLE ( 'design_owner' ) ;
#1185 = CARTESIAN_POINT ( 'NONE',  ( -0.2738056054234890846, -0.3888869649938693773, -0.6364397321428006959 ) ) ;
#1186 = CARTESIAN_POINT ( 'NONE',  ( -0.5078453905414109792, 0.03327770171720592640, -0.4751038043595133264 ) ) ;
#1187 = CARTESIAN_POINT ( 'NONE',  ( 0.4674259901728549660, 0.06940139229540252808, -0.5563616071428351129 ) ) ;
#1188 = CARTESIAN_POINT ( 'NONE',  ( 0.5937499999999998890, 0.3428017223313404305, -0.9219683889980072600 ) ) ;
#1189 = CARTESIAN_POINT ( 'NONE',  ( 0.2830055551693017590, -0.3816914010800686596, -0.6222098214285619600 ) ) ;
#1190 = CARTESIAN_POINT ( 'NONE',  ( -0.4345718178605510462, 0.2751065587649243471, -0.4863281249999770184 ) ) ;
#1191 = AXIS2_PLACEMENT_3D ( 'NONE', #2784, #360, #1002 ) ;
#1192 = CARTESIAN_POINT ( 'NONE',  ( -0.4897342525524583379, -0.1751584824658112549, -0.6166294642857379493 ) ) ;
#1193 = CARTESIAN_POINT ( 'NONE',  ( 0.3205290374716535662, -0.3537407240946413567, -0.6925223214285904927 ) ) ;
#1194 = ORIENTED_EDGE ( 'NONE', *, *, #2646, .F. ) ;
#1195 = CARTESIAN_POINT ( 'NONE',  ( -0.1655441132885561994, -0.4854707270081474180, -0.6030964925440979174 ) ) ;
#1196 = CARTESIAN_POINT ( 'NONE',  ( -0.2974452718838122012, -0.3625391718449531009, -0.4408482142856956498 ) ) ;
#1197 = CARTESIAN_POINT ( 'NONE',  ( 0.4970105997526513275, -0.1158796628301233672, -0.5204616698667198227 ) ) ;
#1198 = CARTESIAN_POINT ( 'NONE',  ( -0.4619741490663669126, 0.1400694173987352964, -0.8828125000000222045 ) ) ;
#1199 = ORIENTED_EDGE ( 'NONE', *, *, #2501, .T. ) ;
#1200 = CARTESIAN_POINT ( 'NONE',  ( -0.2957114018162290692, 0.3790196697504465417, -0.8005022321428963972 ) ) ;
#1201 = CARTESIAN_POINT ( 'NONE',  ( 0.3841964963894615726, -0.3658799897068422680, -0.9506138392857352848 ) ) ;
#1202 = CARTESIAN_POINT ( 'NONE',  ( 0.3742820948974845408, -0.3445150574163378110, -0.4548869486433674836 ) ) ;
#1203 = CARTESIAN_POINT ( 'NONE',  ( 0.3183312011996811686, -0.4158377745067411424, -0.9490756292694485508 ) ) ;
#1204 = DIRECTION ( 'NONE',  ( -1.000000000000000000, -1.224646799147354440E-16, 0.000000000000000000 ) ) ;
#1205 = CARTESIAN_POINT ( 'NONE',  ( 0.3125000000000000000, 0.000000000000000000, -0.3651097518630970762 ) ) ;
#1206 = CARTESIAN_POINT ( 'NONE',  ( -0.4964586700292117349, -0.3989728978797919545, -0.9514466211001627594 ) ) ;
#1207 = CARTESIAN_POINT ( 'NONE',  ( 0.2123234125675500794, 0.4681648125096133373, -0.6399141091069709963 ) ) ;
#1208 = CARTESIAN_POINT ( 'NONE',  ( -0.2628339267967749193, -0.4547171728094852594, -0.9702413668569818128 ) ) ;
#1210 = CARTESIAN_POINT ( 'NONE',  ( 0.5286255501736319973, -6.819962726761251491E-05, -0.9441964285713950744 ) ) ;
#1209 = CARTESIAN_POINT ( 'NONE',  ( 0.06690203813611685091, -0.5114466874611894864, -0.6693094462067453732 ) ) ;
#1211 = FACE_OUTER_BOUND ( 'NONE', #1583, .T. ) ;
#1212 = CARTESIAN_POINT ( 'NONE',  ( -0.08025056918881282031, 0.4628486706489183256, -0.4489397321428378329 ) ) ;
#1213 = CARTESIAN_POINT ( 'NONE',  ( 0.03507272388311601791, -0.4763043813631374634, -0.7179129464286468920 ) ) ;
#1214 = CARTESIAN_POINT ( 'NONE',  ( 0.4124674154050597674, -0.3170350704287992483, -0.8110200918018517502 ) ) ;
#1215 = CARTESIAN_POINT ( 'NONE',  ( -0.3136367637903790251, -0.3634976114304149797, -0.7982700892857224062 ) ) ;
#1216 = B_SPLINE_CURVE_WITH_KNOTS ( 'NONE', 3,
 ( #1016, #2147, #3764, #6103, #950, #5630, #5093, #373, #7425, #2181, #4516, #6533, #1245, #5349, #6489, #3511, #5234, #4658, #2935, #4123, #6987, #4622, #3012, #1286, #94, #5270, #1209, #1820, #5849, #4161, #4735, #5771, #670, #4697, #2291, #3548, #2971, #1859, #5884, #630, #5310, #2441, #57, #4773, #2402, #519, #595, #3586, #4086, #7103 ),
 .UNSPECIFIED., .F., .F.,
 ( 4, 2, 2, 2, 2, 2, 2, 2, 2, 2, 2, 2, 2, 2, 2, 2, 2, 2, 2, 2, 2, 2, 2, 2, 4 ),
 ( 0.3634281198603138696, 0.3647173543652646455, 0.3660065888702154768, 0.3685850578801170285, 0.3698742923850678599, 0.3711635268900186357, 0.3737419958999202430, 0.3750312304048710188, 0.3763204649098218502, 0.3788989339197234019, 0.3814774029296250091, 0.3827666374345757849, 0.3840558719395265608, 0.3866343409494281680, 0.3879235754543789438, 0.3892128099593297752, 0.3917912789692313269, 0.3930805134741821028, 0.3943697479791329341, 0.3956589824840837100, 0.3969482169890344858, 0.3995266859989360930, 0.4008159205038868689, 0.4021051550088377002, 0.4046836240187392519 ),
 .UNSPECIFIED. ) ;
#1217 = CARTESIAN_POINT ( 'NONE',  ( -0.5177721552453492526, -7.529527977162422150E-13, -0.7678553675496464503 ) ) ;
#1218 = CARTESIAN_POINT ( 'NONE',  ( -0.1414683397226485229, 0.4665747895387293842, -1.018973214285624929 ) ) ;
#1219 = CARTESIAN_POINT ( 'NONE',  ( 0.3260328652571390928, -0.3425312124997405561, -0.5672433035714450344 ) ) ;
#1220 = APPROVAL_ROLE ( '' ) ;
#1221 = CARTESIAN_POINT ( 'NONE',  ( -0.2655187364187047705, -0.3972662417467011098, -0.7075892857143188941 ) ) ;
#1222 = CARTESIAN_POINT ( 'NONE',  ( 0.4046739377959177597, 0.3100416006058273055, -0.5026427554960004596 ) ) ;
#1223 = CARTESIAN_POINT ( 'NONE',  ( -0.06952262097510605865, 0.4690990597392792338, -0.6099330357143030179 ) ) ;
#1224 = CARTESIAN_POINT ( 'NONE',  ( 0.3419115141498619836, 0.3418235345251416368, -0.9062499999999997780 ) ) ;
#1225 = CARTESIAN_POINT ( 'NONE',  ( 0.000000000000000000, 0.000000000000000000, -0.9999999999999998890 ) ) ;
#1226 = CARTESIAN_POINT ( 'NONE',  ( -0.02315311388163183298, -0.4726104944539626929, -0.5585937500000500711 ) ) ;
#1227 = CARTESIAN_POINT ( 'NONE',  ( 0.08824151771493510266, -0.5081370870006944873, -0.5315290178571429047 ) ) ;
#1228 = DIRECTION ( 'NONE',  ( -0.000000000000000000, -0.000000000000000000, -1.000000000000000000 ) ) ;
#1229 = CARTESIAN_POINT ( 'NONE',  ( 0.5211846670735706955, 0.01286544817120030028, -0.6559709821428255649 ) ) ;
#1230 = CARTESIAN_POINT ( 'NONE',  ( -0.4746171234208753642, 0.05860041927903376219, -0.7201450892856997577 ) ) ;
#1231 = VERTEX_POINT ( 'NONE', #3554 ) ;
#1232 = DIRECTION ( 'NONE',  ( -0.03112001302226621510, 0.000000000000000000, -0.9995156550997557066 ) ) ;
#1233 = DIRECTION ( 'NONE',  ( 0.000000000000000000, 0.000000000000000000, -1.000000000000000000 ) ) ;
#1234 = CARTESIAN_POINT ( 'NONE',  ( 0.03369360131528031932, -0.5183583799635671507, -0.8129063181511201330 ) ) ;
#1235 = CARTESIAN_POINT ( 'NONE',  ( -0.4628951297260938680, -0.1281684199949253145, -0.8049665178571147051 ) ) ;
#1236 = ORIENTED_EDGE ( 'NONE', *, *, #3619, .T. ) ;
#1237 = CARTESIAN_POINT ( 'NONE',  ( 0.4570907409403638932, 0.1510716445775076855, -0.8222656249999777955 ) ) ;
#1238 = CARTESIAN_POINT ( 'NONE',  ( -0.2269604791120673204, -0.4800368104927794644, -0.9648437500000532907 ) ) ;
#1239 = CARTESIAN_POINT ( 'NONE',  ( 0.2615977798970203771, -0.4537310382151666932, -0.9505551397560983995 ) ) ;
#1240 = CARTESIAN_POINT ( 'NONE',  ( 0.4594577403991028097, 0.2261170950470987873, -0.5763022330065153964 ) ) ;
#1241 = CARTESIAN_POINT ( 'NONE',  ( 1.758439806635305482E-17, 0.6856034446626805279, -0.07803161100199268452 ) ) ;
#1242 = EDGE_LOOP ( 'NONE', ( #1855, #1087 ) ) ;
#1243 = LINE ( 'NONE', #3086, #5059 ) ;
#1244 = DIRECTION ( 'NONE',  ( -1.000000000000000000, 0.000000000000000000, 0.000000000000000000 ) ) ;
#1246 = CARTESIAN_POINT ( 'NONE',  ( -0.3143801679831644824, 0.4240068981351313715, -0.9190848214285831652 ) ) ;
#1245 = CARTESIAN_POINT ( 'NONE',  ( -0.3883562793169363370, -0.3399974629195263720, -0.6804719730554372736 ) ) ;
#1247 = CARTESIAN_POINT ( 'NONE',  ( 0.5174470221433872252, 0.06819538725110606270, -0.8657258355543102635 ) ) ;
#1248 = CARTESIAN_POINT ( 'NONE',  ( -0.4641358677103527008, -0.06878707374113460227, -0.4313616071428409415 ) ) ;
#1249 = CARTESIAN_POINT ( 'NONE',  ( -0.3983853398129078571, 0.2806513266890146574, -1.011439732142841663 ) ) ;
#1250 = CARTESIAN_POINT ( 'NONE',  ( -0.4459317213882421083, -0.1594922393512688552, -0.5898437499999610312 ) ) ;
#1251 = CARTESIAN_POINT ( 'NONE',  ( 0.3909836592347026296, -0.3243539906463591138, -0.4542999999999998706 ) ) ;
#1252 = CARTESIAN_POINT ( 'NONE',  ( -0.3857218111045747078, -0.2859938824453400197, -0.8007812499999933387 ) ) ;
#1253 = LOCAL_TIME ( 1, 52, 41.00000000000000000, #2535 ) ;
#1254 = CARTESIAN_POINT ( 'NONE',  ( -0.06780884261828720727, -0.5130774214160057634, -0.7514942977765405319 ) ) ;
#1255 = CARTESIAN_POINT ( 'NONE',  ( 0.4859823895351061407, -6.254372625234884170E-05, -0.9687499999999763522 ) ) ;
#1256 = CARTESIAN_POINT ( 'NONE',  ( 0.4713526505917642884, -0.03470428470810394544, -0.5588727678571296931 ) ) ;
#1257 = CALENDAR_DATE ( 2026, 12, 1 ) ;
#1258 = CARTESIAN_POINT ( 'NONE',  ( 0.1719068343670104304, -0.4454704218680053951, -0.6967075892857437225 ) ) ;
#1259 = CARTESIAN_POINT ( 'NONE',  ( 0.1325162969760297071, 0.4920228767265520942, -0.4952078826283026203 ) ) ;
#1260 = CARTESIAN_POINT ( 'NONE',  ( 0.3880730321873850919, 0.2732372118425075436, -0.6224888392857857999 ) ) ;
#1261 = CIRCLE ( 'NONE', #3465, 0.3975000000000000755 ) ;
#1262 = CARTESIAN_POINT ( 'NONE',  ( 0.3869074686933475782, -0.2870273039037423701, -0.8510044642857149677 ) ) ;
#1263 = CARTESIAN_POINT ( 'NONE',  ( 0.3119199976546960240, 0.4062256284337744106, -0.5788711265493481362 ) ) ;
#1264 = CARTESIAN_POINT ( 'NONE',  ( -0.4624846931208278500, 0.09205574348810198482, -0.5066964285714281591 ) ) ;
#1265 = CARTESIAN_POINT ( 'NONE',  ( -0.02518743554270441373, 0.5140542179021682090, -0.4972098214285460838 ) ) ;
#1266 = CARTESIAN_POINT ( 'NONE',  ( 0.3125000000000000000, 0.000000000000000000, 1.189999999999999947 ) ) ;
#1267 = CARTESIAN_POINT ( 'NONE',  ( 0.2568475025004374745, 0.4532629432553555993, -0.6442522321428556520 ) ) ;
#1268 = CARTESIAN_POINT ( 'NONE',  ( -0.08121994778763902412, -0.4684621448605132965, -0.6314174107142598302 ) ) ;
#1269 = EDGE_LOOP ( 'NONE', ( #7490, #7217, #592, #3958 ) ) ;
#1270 = CARTESIAN_POINT ( 'NONE',  ( -0.4989516542128982768, 0.1494516186750644016, -0.9877798253999897637 ) ) ;
#1271 = VECTOR ( 'NONE', #2504, 39.37007874015748143 ) ;
#1272 = CARTESIAN_POINT ( 'NONE',  ( 0.3247860523207860006, -0.3367917390722769411, -0.4243127981678935789 ) ) ;
#1273 = EDGE_CURVE ( 'NONE', #470, #5718, #4700, .T. ) ;
#1274 = CARTESIAN_POINT ( 'NONE',  ( -0.2605418698030482760, -0.4505909535545016831, -0.8196017564719157988 ) ) ;
#1275 = CARTESIAN_POINT ( 'NONE',  ( 0.2057620250118450955, 0.4349024753790835529, -0.8309151785713755345 ) ) ;
#1276 = CARTESIAN_POINT ( 'NONE',  ( -0.4100137971326094921, -0.2456811311703997469, -0.7126116071430184107 ) ) ;
#1277 = CARTESIAN_POINT ( 'NONE',  ( -0.4611020132888197232, -0.2465449670075647581, -0.7600446428570917234 ) ) ;
#1278 = CARTESIAN_POINT ( 'NONE',  ( -0.5153598558052774337, -0.1291655417682171236, -0.9748883928570383217 ) ) ;
#1279 = CARTESIAN_POINT ( 'NONE',  ( 0.1061601979650605154, -0.4724509646741075763, -0.9126674107142667136 ) ) ;
#1280 = CARTESIAN_POINT ( 'NONE',  ( 0.5053787346587391704, 0.08325218206849910318, -0.5796462819376176911 ) ) ;
#1281 = CARTESIAN_POINT ( 'NONE',  ( 0.5077429573669927088, 0.08403806178674845528, -0.6588497509311819211 ) ) ;
#1282 = ORIENTED_EDGE ( 'NONE', *, *, #4989, .T. ) ;
#1283 = CARTESIAN_POINT ( 'NONE',  ( -0.1329979934094450422, 0.4971751309884405723, -0.6321014509633655631 ) ) ;
#1284 = CARTESIAN_POINT ( 'NONE',  ( -0.4211661403034036022, 0.2674908100166321079, -0.9659310690700141366 ) ) ;
#1285 = CARTESIAN_POINT ( 'NONE',  ( -0.4968442037090819441, -0.1684158987083679837, -0.9784253716802968626 ) ) ;
#1287 = CARTESIAN_POINT ( 'NONE',  ( -0.4287651574004453514, -0.3020579187583065650, -0.7564174107142977999 ) ) ;
#1286 = CARTESIAN_POINT ( 'NONE',  ( -0.03410216481839238589, -0.5139209599336381773, -0.6715400050358470985 ) ) ;
#1288 = CARTESIAN_POINT ( 'NONE',  ( -0.1669673688694975067, 0.4938471793187792502, -0.8456519944015112866 ) ) ;
#1289 = CARTESIAN_POINT ( 'NONE',  ( -0.2708655657273328354, 0.4052591521430254362, -1.033482142857232722 ) ) ;
#1290 = CARTESIAN_POINT ( 'NONE',  ( -0.2603485524842855114, -0.4112595389936808954, -0.9930245535714572469 ) ) ;
#1291 = CARTESIAN_POINT ( 'NONE',  ( 0.1377635220475283973, 0.4539353143568891635, -0.6149553571428973964 ) ) ;
#1292 = CARTESIAN_POINT ( 'NONE',  ( 0.4439728855164760679, -0.2394675032462836584, -0.4543000000000000371 ) ) ;
#1293 = CARTESIAN_POINT ( 'NONE',  ( 0.1624286592729992373, -0.4537622642869852951, -0.8577008928570964974 ) ) ;
#1294 = CARTESIAN_POINT ( 'NONE',  ( -0.4473450715869513594, -0.2833635399803109967, -0.9734933035714554705 ) ) ;
#1295 = CARTESIAN_POINT ( 'NONE',  ( -0.4584861434398384561, -0.1641195970573056939, -1.000558035714369298 ) ) ;
#1296 = CARTESIAN_POINT ( 'NONE',  ( -0.3985415656648855776, 0.2522973477358527727, -0.5287388392857266251 ) ) ;
#1297 = CARTESIAN_POINT ( 'NONE',  ( -0.4759475892069274794, 6.121277795059478161E-05, -0.6473214285714773419 ) ) ;
#1298 = CARTESIAN_POINT ( 'NONE',  ( -0.5086341436211514466, 3.873675084766123413E-16, -0.4743598067240779037 ) ) ;
#1299 = CARTESIAN_POINT ( 'NONE',  ( -0.2633263046539134344, 0.3942053959141652020, -0.6049107142857528263 ) ) ;
#1300 = CARTESIAN_POINT ( 'NONE',  ( 0.2271141171153106542, -0.4250321580388250475, -0.8560267857142920267 ) ) ;
#1301 = DIRECTION ( 'NONE',  ( -1.000000000000000000, 0.000000000000000000, 0.000000000000000000 ) ) ;
#1302 = CARTESIAN_POINT ( 'NONE',  ( -0.2223849187826468232, 0.4161816268387277251, -0.5167410714285491924 ) ) ;
#1303 = CARTESIAN_POINT ( 'NONE',  ( 0.03784869367109190696, -0.5121503058652921991, -0.4612165178571306923 ) ) ;
#1304 = EDGE_CURVE ( 'NONE', #2670, #1617, #6005, .T. ) ;
#1305 = CARTESIAN_POINT ( 'NONE',  ( -0.5937500000000002220, 0.05825673773741250200, -0.9737567862584090017 ) ) ;
#1306 = CARTESIAN_POINT ( 'NONE',  ( 0.1629149752302916365, -0.4933642549562757829, -0.5990513392857574893 ) ) ;
#1307 = CARTESIAN_POINT ( 'NONE',  ( -0.4442007300527313074, 0.1712773995254978088, -0.6515066964285420870 ) ) ;
#1308 = CARTESIAN_POINT ( 'NONE',  ( -0.5250000000000000222, 0.000000000000000000, -0.9999999999999998890 ) ) ;
#1309 = CARTESIAN_POINT ( 'NONE',  ( -0.4377138741242729836, -0.1687802336386862445, -0.4467075892856983144 ) ) ;
#1310 = CARTESIAN_POINT ( 'NONE',  ( 0.1664072035914517800, -0.4919802835158869625, -0.8099356907599583044 ) ) ;
#1311 = CARTESIAN_POINT ( 'NONE',  ( 0.2578599127505235011, -0.4070822587899952660, -0.8551897321428513221 ) ) ;
#1312 = CARTESIAN_POINT ( 'NONE',  ( 0.4587364737811392423, -0.1392206332485596554, -0.7578125000000760503 ) ) ;
#1313 = CARTESIAN_POINT ( 'NONE',  ( -0.4780699678971268574, -0.2118400730226915052, -0.7608816964284204065 ) ) ;
#1314 = CARTESIAN_POINT ( 'NONE',  ( 0.3943155759863913312, 0.3574846621784131262, -1.005022321428519660 ) ) ;
#1315 = CARTESIAN_POINT ( 'NONE',  ( 0.3157246286099792409, 0.3661136856029225117, -0.8875558035714463667 ) ) ;
#1316 = CARTESIAN_POINT ( 'NONE',  ( -0.1642121286457784157, 0.4845052253706985668, -0.5599311322273848868 ) ) ;
#1317 = DIRECTION ( 'NONE',  ( 1.000000000000000000, 0.000000000000000000, 0.000000000000000000 ) ) ;
#1318 = ORIENTED_EDGE ( 'NONE', *, *, #1668, .F. ) ;
#1319 = CARTESIAN_POINT ( 'NONE',  ( 0.3137772311462187491, 0.4083293254729523092, -0.6425222352061616959 ) ) ;
#1320 = CARTESIAN_POINT ( 'NONE',  ( 0.2151961167534363895, -0.4556251880841852286, -0.9708830131068292291 ) ) ;
#1321 = CARTESIAN_POINT ( 'NONE',  ( 0.4649948385631227366, -0.1791251871702352894, -0.9652929810023540558 ) ) ;
#1322 = CARTESIAN_POINT ( 'NONE',  ( 0.5937500000000000000, 0.000000000000000000, -0.9999999999999998890 ) ) ;
#1323 = ADVANCED_FACE ( 'NONE', ( #6093 ), #5683, .F. ) ;
#1325 = CARTESIAN_POINT ( 'NONE',  ( 0.07697023339357789151, -0.5184043864609431118, -0.7438616071428097998 ) ) ;
#1324 = CARTESIAN_POINT ( 'NONE',  ( 0.4830371912596059802, -0.1640568451900962510, -0.5137944736336516049 ) ) ;
#1326 = CARTESIAN_POINT ( 'NONE',  ( 0.2588349944069889275, 0.4477237217578459161, -0.7124604249415604773 ) ) ;
#1327 = CARTESIAN_POINT ( 'NONE',  ( 0.3832693943056273422, -0.2991857459286927923, -0.9941406250000544009 ) ) ;
#1328 = CARTESIAN_POINT ( 'NONE',  ( 0.1857560267394992581, 0.4486280105133430007, -0.9553571428571446811 ) ) ;
#1329 = CARTESIAN_POINT ( 'NONE',  ( -0.4735849735141424710, 0.01156109336881183496, -0.5940290178571757673 ) ) ;
#1330 = DIRECTION ( 'NONE',  ( 0.000000000000000000, 0.000000000000000000, -1.000000000000000000 ) ) ;
#1331 = CARTESIAN_POINT ( 'NONE',  ( -0.04718994620306990462, -0.4797994699193379731, -0.8627232142856889885 ) ) ;
#1332 = CARTESIAN_POINT ( 'NONE',  ( 0.1284936083188234490, -0.5132561757510719636, -0.9592633928572070756 ) ) ;
#1333 = CARTESIAN_POINT ( 'NONE',  ( 0.4458033333363720652, 0.2106690165430621653, -0.9593568637972984536 ) ) ;
#1334 = CARTESIAN_POINT ( 'NONE',  ( 0.4702382566978408618, -0.01160419399513638351, -0.4868861607143100678 ) ) ;
#1335 = CALENDAR_DATE ( 2026, 12, 1 ) ;
#1336 = CARTESIAN_POINT ( 'NONE',  ( -0.07014986274617972251, -0.4724932235645387668, -0.7025669642856298136 ) ) ;
#1337 = CARTESIAN_POINT ( 'NONE',  ( -6.481846346115690508E-05, 0.4742748401516176937, -0.6116071428571252522 ) ) ;
#1338 = CARTESIAN_POINT ( 'NONE',  ( 0.1054575873836448574, 0.4693414967218167977, -0.8284040178570554191 ) ) ;
#1339 = CARTESIAN_POINT ( 'NONE',  ( -0.4769914345958624624, 0.08140826924255001318, -0.9508840696320903785 ) ) ;
#1340 = CARTESIAN_POINT ( 'NONE',  ( 0.03470602758592179066, -0.4696231047924329660, -0.4857700892857022557 ) ) ;
#1341 = CARTESIAN_POINT ( 'NONE',  ( -0.2303949517552097148, 0.4575607760157684445, -0.4210379464285673445 ) ) ;
#1342 = CARTESIAN_POINT ( 'NONE',  ( 0.2716802226200511483, -0.5287487949994964520, -0.9750000000000000888 ) ) ;
#1343 = CARTESIAN_POINT ( 'NONE',  ( -0.02542957019813326530, -0.5190745736599342575, -0.6032366071428614251 ) ) ;
#1344 = CARTESIAN_POINT ( 'NONE',  ( 0.3596988263086947635, -0.3103590303599036426, -0.6196986607142431769 ) ) ;
#1345 = CARTESIAN_POINT ( 'NONE',  ( -0.4746268611360539014, -0.03507579411003981795, -0.6643415178571221436 ) ) ;
#1346 = CARTESIAN_POINT ( 'NONE',  ( 0.000000000000000000, 0.000000000000000000, 0.000000000000000000 ) ) ;
#1347 = CARTESIAN_POINT ( 'NONE',  ( 0.5937500000000002220, -0.3428017223313401529, -0.9219683889980070379 ) ) ;
#1348 = CARTESIAN_POINT ( 'NONE',  ( -0.1347511991757147920, -0.5017935709238138253, -0.8166281243964148562 ) ) ;
#1349 = CARTESIAN_POINT ( 'NONE',  ( -0.09356332601268327331, -0.4707106898505321046, -0.7924107142856612329 ) ) ;
#1350 = CARTESIAN_POINT ( 'NONE',  ( 0.4470767495664089708, 0.1723904667098835886, -0.7502790178571583368 ) ) ;
#1351 = CARTESIAN_POINT ( 'NONE',  ( 0.3094449515989369237, 0.4171257900907399674, -0.6478794642857972352 ) ) ;
#1352 = CARTESIAN_POINT ( 'NONE',  ( -0.5312164124422995570, -0.01311304504722894150, -0.9773995535713169147 ) ) ;
#1353 = CARTESIAN_POINT ( 'NONE',  ( -0.08248884711117260293, -0.4750320856744988940, -0.8457031250000190958 ) ) ;
#1354 = CARTESIAN_POINT ( 'NONE',  ( -0.1156454114163008723, 0.4983638291334687165, -0.5610517766700193754 ) ) ;
#1355 = CARTESIAN_POINT ( 'NONE',  ( 0.3397928464034153939, 0.3873135354143166786, -0.6510425982813611290 ) ) ;
#1356 = EDGE_LOOP ( 'NONE', ( #5157, #3459, #6257, #5222 ) ) ;
#1357 = CARTESIAN_POINT ( 'NONE',  ( 0.5937500000000002220, -0.3148836628916416025, -0.9300276385643890809 ) ) ;
#1358 = CARTESIAN_POINT ( 'NONE',  ( -0.4837207368037286237, 8.750450604705842659E-17, -0.9509883671270819017 ) ) ;
#1359 = CARTESIAN_POINT ( 'NONE',  ( -0.2974452718878490276, -0.3625391718411474784, -0.4229910714285284867 ) ) ;
#1360 = DIRECTION ( 'NONE',  ( -0.000000000000000000, -0.000000000000000000, -1.000000000000000000 ) ) ;
#1362 = CARTESIAN_POINT ( 'NONE',  ( 0.5244086945623653850, -0.03875072349453081988, -0.7999441964285625151 ) ) ;
#1361 = CARTESIAN_POINT ( 'NONE',  ( 0.3834171855471534829, -0.3367141431135158292, -0.5182658991798282377 ) ) ;
#1363 = CARTESIAN_POINT ( 'NONE',  ( 0.5163947887676676451, 0.03375286176962149359, -0.7236169748385865574 ) ) ;
#1364 = CARTESIAN_POINT ( 'NONE',  ( -0.4776796085700600325, -0.08282195478414287881, -0.9489397321427549548 ) ) ;
#1365 = ADVANCED_FACE ( 'NONE', ( #4367 ), #1484, .F. ) ;
#1366 = ORIENTED_EDGE ( 'NONE', *, *, #2536, .T. ) ;
#1367 = CARTESIAN_POINT ( 'NONE',  ( 0.04775192527066592779, -0.4841555873758952577, -0.9854910714285073370 ) ) ;
#1368 = CARTESIAN_POINT ( 'NONE',  ( -0.1155908553154353785, -0.4612128935523240325, -0.6501116071428074683 ) ) ;
#1369 = CARTESIAN_POINT ( 'NONE',  ( 0.5937500000000000000, 0.000000000000000000, -0.9999999999999998890 ) ) ;
#1370 = CARTESIAN_POINT ( 'NONE',  ( 0.3043093681334176903, -0.3706987494530473715, -0.7823660714286262419 ) ) ;
#1371 = CARTESIAN_POINT ( 'NONE',  ( -0.4501240530668703110, 0.1865153644479539963, -1.008928571428557408 ) ) ;
#1372 = CARTESIAN_POINT ( 'NONE',  ( -0.4084244549709914462, 0.2314389564602658267, -0.4567522321428744148 ) ) ;
#1373 = CARTESIAN_POINT ( 'NONE',  ( 0.4342580315066545404, -0.1924223430809125779, -0.6163504464285826101 ) ) ;
#1374 = CARTESIAN_POINT ( 'NONE',  ( 0.1480461018437752296, 0.4483476891722594782, -0.5438058035714338212 ) ) ;
#1375 = CARTESIAN_POINT ( 'NONE',  ( -0.4503968214379958646, 0.1738038043979702463, -0.8836495535713120297 ) ) ;
#1376 = AXIS2_PLACEMENT_3D ( 'NONE', #6453, #629, #1244 ) ;
#1377 = CARTESIAN_POINT ( 'NONE',  ( -0.4687598333000086437, 0.2311726330687502162, -0.9159205113164583523 ) ) ;
#1378 = CARTESIAN_POINT ( 'NONE',  ( 0.4110762022019442408, 0.2328019774388694063, -0.5343191964285466389 ) ) ;
#1379 = CARTESIAN_POINT ( 'NONE',  ( -6.620320503331159371E-05, -0.5135733496818036814, -0.4620535714284821349 ) ) ;
#1380 = CARTESIAN_POINT ( 'NONE',  ( -0.4478541853024737840, -0.1854397607596054431, -0.9464285714286759799 ) ) ;
#1381 = CARTESIAN_POINT ( 'NONE',  ( -0.5937500000000002220, 0.05825790393145022228, -0.02624328821323887104 ) ) ;
#1382 = CARTESIAN_POINT ( 'NONE',  ( 0.1378028640451361142, 0.4977059261046854477, -0.4986049107142624393 ) ) ;
#1383 = CARTESIAN_POINT ( 'NONE',  ( -0.01163253914169576353, 0.4763543595772895545, -0.6648995535714955496 ) ) ;
#1384 = CARTESIAN_POINT ( 'NONE',  ( -0.2354512820786322236, -0.4157620928098352264, -0.7246093750000349720 ) ) ;
#1385 = CARTESIAN_POINT ( 'NONE',  ( 0.4955847543428831270, -0.1331788522381894824, -0.5844857223975765681 ) ) ;
#1386 = CARTESIAN_POINT ( 'NONE',  ( -0.08248884711644940970, -0.4750320856690276594, -0.8457031249999095168 ) ) ;
#1387 = CONICAL_SURFACE ( 'NONE', #1514, 0.3974999999999999090, 0.09425767512363218692 ) ;
#1388 = CARTESIAN_POINT ( 'NONE',  ( -0.4416626813157606968, -0.2741652326838118769, -0.8251854207729716340 ) ) ;
#1389 = AXIS2_PLACEMENT_3D ( 'NONE', #2175, #6871, #2789 ) ;
#1390 = CARTESIAN_POINT ( 'NONE',  ( 0.1284915543243091429, -0.4645413264590753655, -0.8585379464286039264 ) ) ;
#1391 = CARTESIAN_POINT ( 'NONE',  ( 0.4792922403170152279, 6.548393016258750702E-05, -0.7544642857143014636 ) ) ;
#1392 = CARTESIAN_POINT ( 'NONE',  ( -0.2668575477910558602, 0.4450873126171469019, -0.6344866071428352239 ) ) ;
#1393 = CARTESIAN_POINT ( 'NONE',  ( 0.5301227363420574212, -0.01294151426181563112, -0.9422433035715045424 ) ) ;
#1394 = CIRCLE ( 'NONE', #5562, 0.4020496047192625988 ) ;
#1395 = CARTESIAN_POINT ( 'NONE',  ( 0.1741955832429350481, -0.4517581872904245510, -0.9109933035714474769 ) ) ;
#1396 = CARTESIAN_POINT ( 'NONE',  ( -0.1961466176066432310, -0.4692169131781506186, -0.4610022710790518397 ) ) ;
#1397 = CARTESIAN_POINT ( 'NONE',  ( 5.122214988120494151E-17, 0.6856034446626805279, 0.000000000000000000 ) ) ;
#1398 = ORIENTED_EDGE ( 'NONE', *, *, #566, .F. ) ;
#1399 = B_SPLINE_CURVE_WITH_KNOTS ( 'NONE', 3,
 ( #7179, #5420, #169, #4272, #5540, #6154 ),
 .UNSPECIFIED., .F., .F.,
 ( 4, 2, 4 ),
 ( 2.380728834767654541E-07, 0.004405349813808299639, 0.008810461554733122619 ),
 .UNSPECIFIED. ) ;
#1400 = AXIS2_PLACEMENT_3D ( 'NONE', #635, #2977, #3182 ) ;
#1401 = CARTESIAN_POINT ( 'NONE',  ( 0.3917135907968878339, -0.3441260326103344758, -0.8754096267406238363 ) ) ;
#1402 = CARTESIAN_POINT ( 'NONE',  ( -0.4396924107139666971, -0.2674268970790313338, -0.9816351998105262711 ) ) ;
#1403 = CARTESIAN_POINT ( 'NONE',  ( 0.3934120543537887871, -0.3093927035679012172, -0.9674847838811323486 ) ) ;
#1404 = CARTESIAN_POINT ( 'NONE',  ( 0.5197474640073881380, 0.06800459816343948360, -0.9371689868232823128 ) ) ;
#1405 = ADVANCED_FACE ( 'NONE', ( #3752 ), #1099, .F. ) ;
#1407 = CARTESIAN_POINT ( 'NONE',  ( 0.1648627225677957164, 0.4988305447090178868, -0.7848772321428421073 ) ) ;
#1406 = CARTESIAN_POINT ( 'NONE',  ( 0.2968750000000001110, -0.5142025834970105347, -0.02500000000000000139 ) ) ;
#1408 = CARTESIAN_POINT ( 'NONE',  ( 0.3771880281478556807, 0.3527382923333929887, -0.7158127079251142000 ) ) ;
#1409 = CARTESIAN_POINT ( 'NONE',  ( 0.1857560267337134419, 0.4486280105148617858, -0.9732142857143070147 ) ) ;
#1410 = ORIENTED_EDGE ( 'NONE', *, *, #5007, .T. ) ;
#1411 = CARTESIAN_POINT ( 'NONE',  ( 0.06768803734084942458, -0.5183404999534365620, -0.8913798288470945463 ) ) ;
#1412 = CARTESIAN_POINT ( 'NONE',  ( -0.4179956887673210164, 0.2504593919587733142, -1.010602678571400626 ) ) ;
#1413 = CARTESIAN_POINT ( 'NONE',  ( 0.3880730321873850919, 0.2732372118425075436, -0.6224888392857857999 ) ) ;
#1414 = DIRECTION ( 'NONE',  ( 0.000000000000000000, 0.000000000000000000, -1.000000000000000000 ) ) ;
#1415 = CARTESIAN_POINT ( 'NONE',  ( 0.1162807605136525757, 0.4644880641252778219, -0.7572544642856302577 ) ) ;
#1416 = EDGE_CURVE ( 'NONE', #6323, #5730, #2036, .T. ) ;
#1417 = CARTESIAN_POINT ( 'NONE',  ( -0.1406777444603984906, -0.4635376331987316467, -0.9185267857142856984 ) ) ;
#1418 = CARTESIAN_POINT ( 'NONE',  ( -6.481846346115690508E-05, 0.4742748401516176937, -0.5937499999999826805 ) ) ;
#1419 = CARTESIAN_POINT ( 'NONE',  ( -0.3643148025481069419, -0.2989070512003390023, -0.5145089285714359306 ) ) ;
#1420 = CARTESIAN_POINT ( 'NONE',  ( -0.04718994619656396300, -0.4797994699174668587, -0.8627232142857236274 ) ) ;
#1421 = CARTESIAN_POINT ( 'NONE',  ( -0.2462963115462535046, -0.5434042028910393007, -0.9750000000000004219 ) ) ;
#1422 = CARTESIAN_POINT ( 'NONE',  ( -0.3081161506801461947, 0.3572851186920588673, -0.5142299107142667136 ) ) ;
#1423 = CARTESIAN_POINT ( 'NONE',  ( -0.2197078052629402312, -0.4643782348144527838, -0.4670758928571358548 ) ) ;
#1424 = CARTESIAN_POINT ( 'NONE',  ( -0.4864963127136684440, -0.02383726637283441196, -1.021763392857220953 ) ) ;
#1425 = CARTESIAN_POINT ( 'NONE',  ( 0.4774619032419246123, 0.1796304161799354704, -0.5137648833510737312 ) ) ;
#1426 = EDGE_CURVE ( 'NONE', #2635, #47, #4294, .T. ) ;
#1427 = CARTESIAN_POINT ( 'NONE',  ( -0.1862087756497488589, -0.4829241621428930209, -0.5354352678571200341 ) ) ;
#1428 = CARTESIAN_POINT ( 'NONE',  ( 0.2830055551693017590, -0.3816914010800686596, -0.6222098214285619600 ) ) ;
#1429 = CARTESIAN_POINT ( 'NONE',  ( 0.1605093916054754766, 0.4487870262242496522, -0.6869419642857367281 ) ) ;
#1430 = CARTESIAN_POINT ( 'NONE',  ( 0.1340791420208465035, 0.4987708300671636619, -0.7172689835668488723 ) ) ;
#1431 = CARTESIAN_POINT ( 'NONE',  ( 0.4570907409371636199, 0.1510716445840571964, -0.8222656249999328315 ) ) ;
#1432 = CARTESIAN_POINT ( 'NONE',  ( -0.2291627144467958954, 0.4656923719988027566, -0.7727314530302075157 ) ) ;
#1433 = CARTESIAN_POINT ( 'NONE',  ( 0.2157300003649875730, -0.4284361407101723307, -0.7848772321428293397 ) ) ;
#1434 = CARTESIAN_POINT ( 'NONE',  ( -0.4776218835945049146, 0.02339864136637583025, -0.7193080357143490922 ) ) ;
#1435 = CARTESIAN_POINT ( 'NONE',  ( -0.3105066022189670871, 0.4185504393574031035, -0.7047991071428622023 ) ) ;
#1436 = CARTESIAN_POINT ( 'NONE',  ( -0.3049475229542243926, 0.4328669243898738972, -0.9171316964285339823 ) ) ;
#1437 = CARTESIAN_POINT ( 'NONE',  ( -0.1511925717078334563, -0.4578764323598761288, -0.8473772321428383325 ) ) ;
#1438 = CARTESIAN_POINT ( 'NONE',  ( -0.5076507499200599849, 0.06661020032944023339, -0.5472718385655267470 ) ) ;
#1439 = CARTESIAN_POINT ( 'NONE',  ( 0.5937499999999998890, 0.3428017223313404305, -0.07803161100199271227 ) ) ;
#1440 = ORIENTED_EDGE ( 'NONE', *, *, #1180, .T. ) ;
#1441 = DIRECTION ( 'NONE',  ( -1.000000000000000000, 0.000000000000000000, 0.000000000000000000 ) ) ;
#1442 = CARTESIAN_POINT ( 'NONE',  ( 0.1223513308214793510, -0.4902947206889847753, -0.9723257116941549372 ) ) ;
#1443 = DIRECTION ( 'NONE',  ( 1.000000000000000000, 0.000000000000000000, 0.000000000000000000 ) ) ;
#1444 = CARTESIAN_POINT ( 'NONE',  ( 0.1408930349844673691, -0.5093776531037464972, -0.8853236607142254133 ) ) ;
#1445 = CARTESIAN_POINT ( 'NONE',  ( 0.4157859797829061566, 0.3188736244224136818, -0.9312078428130765584 ) ) ;
#1447 = CARTESIAN_POINT ( 'NONE',  ( 0.4147515674323278279, -0.3235843689820055991, -0.8066406249998627764 ) ) ;
#1446 = CARTESIAN_POINT ( 'NONE',  ( -0.009150307465825058967, 0.5246717304592980469, -0.9920191456807396779 ) ) ;
#1448 = CARTESIAN_POINT ( 'NONE',  ( -0.3795197050400545558, 0.3559220992569846476, -0.8400646084317210383 ) ) ;
#1449 = CARTESIAN_POINT ( 'NONE',  ( 0.1180304039651846604, 0.4709466400961901944, -0.9715401785714071758 ) ) ;
#1450 = CARTESIAN_POINT ( 'NONE',  ( -0.06602670376788646878, 0.5051234625839943204, -0.4907377070291173982 ) ) ;
#1451 = VERTEX_POINT ( 'NONE', #6662 ) ;
#1452 = CARTESIAN_POINT ( 'NONE',  ( -0.008244666149616603282, -0.5084254307930919925, -0.4644689710218280476 ) ) ;
#1453 = CARTESIAN_POINT ( 'NONE',  ( 0.3708885189386969539, -0.3707874414552253528, -0.8102678571429847709 ) ) ;
#1454 = CARTESIAN_POINT ( 'NONE',  ( 0.4713526505916857956, -0.03470428470154140327, -0.5588727678571089319 ) ) ;
#1455 = LINE ( 'NONE', #1907, #1471 ) ;
#1456 = CARTESIAN_POINT ( 'NONE',  ( -0.4329175052595459761, -0.2179864747418139848, -0.9277343749999682476 ) ) ;
#1457 = CARTESIAN_POINT ( 'NONE',  ( 0.2830055551639920064, -0.3816914010841221394, -0.6222098214285168849 ) ) ;
#1458 = CARTESIAN_POINT ( 'NONE',  ( 0.02311392358764104496, 0.4692637350035449018, -0.4693080357142884185 ) ) ;
#1459 = CARTESIAN_POINT ( 'NONE',  ( -0.4609655776385305770, 0.1274985506617012931, -0.7396763392856672281 ) ) ;
#1460 = CARTESIAN_POINT ( 'NONE',  ( -0.3572607032374123803, 0.3816707067662972741, -0.9200183860131340152 ) ) ;
#1461 = CARTESIAN_POINT ( 'NONE',  ( 0.4688955161861622645, 0.2077747741192211006, -0.4394531250000083267 ) ) ;
#1462 = CARTESIAN_POINT ( 'NONE',  ( 0.4649365901192119011, 0.1411063159626853303, -0.9832589285714506966 ) ) ;
#1463 = CARTESIAN_POINT ( 'NONE',  ( 0.5167439059843582649, -0.01275201554490002463, -0.5136718750000244249 ) ) ;
#1464 = CARTESIAN_POINT ( 'NONE',  ( -0.4714652576084216729, 0.04649649125673712552, -0.5770089285714259386 ) ) ;
#1465 = CARTESIAN_POINT ( 'NONE',  ( -0.4758463424206617054, -0.04680497253963494808, -0.7354910714286254647 ) ) ;
#1466 = CARTESIAN_POINT ( 'NONE',  ( -0.4699642992804855535, 0.2129842934126014165, -0.7012663254485089759 ) ) ;
#1467 = CARTESIAN_POINT ( 'NONE',  ( -0.4292316887591847707, 0.2161262924854434331, -0.7954799107141943271 ) ) ;
#1468 = CARTESIAN_POINT ( 'NONE',  ( 0.3422040153000892593, -0.3905026872254759307, -0.8054644927750589378 ) ) ;
#1469 = CARTESIAN_POINT ( 'NONE',  ( 0.2152605354343513355, 0.4277947653873436229, -0.7597656249999762412 ) ) ;
#1470 = EDGE_CURVE ( 'NONE', #1733, #6155, #1160, .T. ) ;
#1471 = VECTOR ( 'NONE', #4987, 39.37007874015748854 ) ;
#1472 = CARTESIAN_POINT ( 'NONE',  ( 0.4734233489839929643, 0.05845687711304095591, -0.6816406249999563682 ) ) ;
#1473 = CARTESIAN_POINT ( 'NONE',  ( 0.4936047176562601280, -0.1629903471808546167, -0.6621093750000338618 ) ) ;
#1474 = CARTESIAN_POINT ( 'NONE',  ( -0.09062166366105904591, 0.5218434134911160704, -0.9221540178571220325 ) ) ;
#1475 = CARTESIAN_POINT ( 'NONE',  ( 0.2157300003591412219, -0.4284361407127399990, -0.7670200892855892905 ) ) ;
#1476 = CARTESIAN_POINT ( 'NONE',  ( 0.3376850776703201329, -0.3859035382987137663, -0.5989690480870311085 ) ) ;
#1477 = FACE_OUTER_BOUND ( 'NONE', #3178, .T. ) ;
#1478 = EDGE_LOOP ( 'NONE', ( #2475, #654, #116, #4477 ) ) ;
#1479 = CARTESIAN_POINT ( 'NONE',  ( -0.5151853940962290990, -0.08528936959646825355, -0.9010657847768692719 ) ) ;
#1480 = FACE_OUTER_BOUND ( 'NONE', #2755, .T. ) ;
#1481 = CARTESIAN_POINT ( 'NONE',  ( -0.4243728791714677095, 0.2006424341579664539, -0.4380580357142850323 ) ) ;
#1482 = CARTESIAN_POINT ( 'NONE',  ( -0.5192417759869153437, 0.09002411193459215755, -0.8367745535714733451 ) ) ;
#1483 = DIRECTION ( 'NONE',  ( 0.000000000000000000, 0.000000000000000000, -1.000000000000000000 ) ) ;
#1484 = CONICAL_SURFACE ( 'NONE', #375, 0.5250000000000000222, 0.03112503826906170765 ) ;
#1486 = CARTESIAN_POINT ( 'NONE',  ( 0.2460070881236194329, -0.4600960336415160779, -0.6685267857143029069 ) ) ;
#1485 = DIRECTION ( 'NONE',  ( -1.000000000000000000, 0.000000000000000000, 0.000000000000000000 ) ) ;
#1487 = VECTOR ( 'NONE', #4660, 39.37007874015748143 ) ;
#1488 = CARTESIAN_POINT ( 'NONE',  ( -0.1329761064434545337, 0.4986181631204293918, -0.7035405776842816872 ) ) ;
#1489 = CARTESIAN_POINT ( 'NONE',  ( -0.4842977064984191893, 0.02385449407637219368, -0.9514508928571623336 ) ) ;
#1490 = CARTESIAN_POINT ( 'NONE',  ( 0.1329507254545384265, -0.4977292171345137350, -0.6756034643859765154 ) ) ;
#1491 = ORIENTED_EDGE ( 'NONE', *, *, #3659, .T. ) ;
#1492 = CARTESIAN_POINT ( 'NONE',  ( -0.4989809045250088171, -0.1028191062493478691, -0.4798328851934233752 ) ) ;
#1493 = CARTESIAN_POINT ( 'NONE',  ( -0.3027148951915327735, 0.4296977294974181349, -0.8479352678570690749 ) ) ;
#1494 = CARTESIAN_POINT ( 'NONE',  ( -0.4440626986895109818, 0.1588197069672738493, -0.5262276785714364857 ) ) ;
#1495 = FACE_OUTER_BOUND ( 'NONE', #6337, .T. ) ;
#1496 = B_SPLINE_CURVE_WITH_KNOTS ( 'NONE', 3,
 ( #4195, #2287, #627, #1168, #1780, #1206, #4617, #6529 ),
 .UNSPECIFIED., .F., .F.,
 ( 4, 2, 2, 4 ),
 ( 0.008810461554733119149, 0.01100478119882383927, 0.01319910084291455940, 0.01758774013109599965 ),
 .UNSPECIFIED. ) ;
#1497 = CARTESIAN_POINT ( 'NONE',  ( 0.4800787832952295719, 0.05914935651793497978, -0.8959263392856613439 ) ) ;
#1498 = CARTESIAN_POINT ( 'NONE',  ( 0.4657895677988486138, -0.09258513248635531767, -0.6138392857143193382 ) ) ;
#1499 = CARTESIAN_POINT ( 'NONE',  ( -0.4679927071698705143, 0.05765645209478759137, -0.5237165178571323576 ) ) ;
#1500 = CARTESIAN_POINT ( 'NONE',  ( -0.3136367637960587595, -0.3634976114258001711, -0.7982700892857151898 ) ) ;
#1501 = CARTESIAN_POINT ( 'NONE',  ( -0.01137033244045247173, 0.4850792103362278618, -0.9513691020225762962 ) ) ;
#1502 = CARTESIAN_POINT ( 'NONE',  ( -0.09499424019061157576, -0.4772472803163888555, -1.006696428571483448 ) ) ;
#1503 = CARTESIAN_POINT ( 'NONE',  ( -0.4162096218769821832, 0.3087652865700478144, -0.5563616071428257870 ) ) ;
#1504 = CARTESIAN_POINT ( 'NONE',  ( 0.1810768354755073473, -0.4369892079916513628, -0.5535714285714244953 ) ) ;
#1505 = EDGE_CURVE ( 'NONE', #3537, #4511, #1455, .T. ) ;
#1506 = CARTESIAN_POINT ( 'NONE',  ( -0.2655187364133234640, -0.3972662417510717248, -0.7254464285713251304 ) ) ;
#1507 = CARTESIAN_POINT ( 'NONE',  ( -0.08374456068325879243, 0.5094836992463184222, -0.7124317340264678666 ) ) ;
#1508 = CARTESIAN_POINT ( 'NONE',  ( 0.4779522040485446599, -0.05888349783878651239, -0.8272879464286327922 ) ) ;
#1509 = CARTESIAN_POINT ( 'NONE',  ( 0.4122699203357109154, -0.3168988876200625748, -0.8032381437827624815 ) ) ;
#1510 = CARTESIAN_POINT ( 'NONE',  ( 0.3457515137659428750, -0.3290927485529173135, -0.7095424107142431769 ) ) ;
#1511 = CARTESIAN_POINT ( 'NONE',  ( 0.4206068924382702079, 0.2247495179519546360, -0.6774553571428834076 ) ) ;
#1512 = CARTESIAN_POINT ( 'NONE',  ( 0.5098086363445509805, 0.08839248037432673177, -0.5851004464285670670 ) ) ;
#1513 = CARTESIAN_POINT ( 'NONE',  ( 0.2761257278811051208, -0.3921755655449863376, -0.7653459821429825505 ) ) ;
#1514 = AXIS2_PLACEMENT_3D ( 'NONE', #1346, #3305, #848 ) ;
#1515 = EDGE_CURVE ( 'NONE', #6194, #5108, #5475, .T. ) ;
#1516 = CARTESIAN_POINT ( 'NONE',  ( 0.1324061148943665445, -0.4964103888768741646, -0.6041759272339785047 ) ) ;
#1517 = ORIENTED_EDGE ( 'NONE', *, *, #3898, .T. ) ;
#1518 = ORIENTED_EDGE ( 'NONE', *, *, #6286, .T. ) ;
#1519 = CIRCLE ( 'NONE', #5795, 0.3750000000000000555 ) ;
#1520 = CARTESIAN_POINT ( 'NONE',  ( -0.4020496047192625988, -4.928547240401228113E-20, 0.005000000000000000104 ) ) ;
#1521 = CARTESIAN_POINT ( 'NONE',  ( 0.1628831129346240969, 0.4550432035033317724, -0.8833705357142059844 ) ) ;
#1522 = CARTESIAN_POINT ( 'NONE',  ( 0.4242688562323081447, -0.3147440791738403409, -0.8777901785714283811 ) ) ;
#1523 = CARTESIAN_POINT ( 'NONE',  ( 0.1190320970867304456, 0.5091636209803160895, -0.9233978509844651406 ) ) ;
#1525 = CARTESIAN_POINT ( 'NONE',  ( 0.2113779326424014282, -0.4770270225409284914, -0.6693638392857486075 ) ) ;
#1524 = CARTESIAN_POINT ( 'NONE',  ( -0.4916546633819897094, 0.1829929254648382797, -0.9784087929129489103 ) ) ;
#1526 = CARTESIAN_POINT ( 'NONE',  ( -0.2746852760187576958, 0.4422734595623269982, -0.8508228459568498714 ) ) ;
#1527 = VECTOR ( 'NONE', #3988, 39.37007874015748143 ) ;
#1528 = CARTESIAN_POINT ( 'NONE',  ( -0.4773519836503413716, -0.07087511985074035348, -0.8777901785714444793 ) ) ;
#1529 = CARTESIAN_POINT ( 'NONE',  ( 0.5144595598294339212, -0.03374802110847296283, -0.6614611004623365265 ) ) ;
#1530 = ORIENTED_EDGE ( 'NONE', *, *, #4242, .T. ) ;
#1531 = CARTESIAN_POINT ( 'NONE',  ( 0.004876413963226090484, -0.5084607750777150326, -0.4641749964311105980 ) ) ;
#1532 = CARTESIAN_POINT ( 'NONE',  ( 0.5202753606139338682, -0.06409786255982742598, -0.8027343749999159561 ) ) ;
#1533 = CARTESIAN_POINT ( 'NONE',  ( 0.1807532922462956881, 0.4362183971132220228, -0.5446428571428584275 ) ) ;
#1534 = CARTESIAN_POINT ( 'NONE',  ( -0.3745768300503165560, -0.3074928875226214386, -0.9252232142857336195 ) ) ;
#1535 = CARTESIAN_POINT ( 'NONE',  ( -0.4498966539698424083, 0.1486899497396931003, -0.5795200892857251818 ) ) ;
#1536 = CARTESIAN_POINT ( 'NONE',  ( 0.4697852781019221102, 0.02314344688559171609, -0.4860491071428559295 ) ) ;
#1537 = CARTESIAN_POINT ( 'NONE',  ( -0.4292316887591847707, 0.2161262924854434331, -0.8133370535713368987 ) ) ;
#1538 = CARTESIAN_POINT ( 'NONE',  ( 0.4651167976272371773, 0.1487717431434343873, -0.4542999999999999261 ) ) ;
#1539 = CARTESIAN_POINT ( 'NONE',  ( 0.4859823895343105549, -6.254371955766506680E-05, -0.9866071428571270285 ) ) ;
#1540 = CARTESIAN_POINT ( 'NONE',  ( 0.3473747428981751595, -0.3831639718100640635, -0.5228794642856784414 ) ) ;
#1541 = CARTESIAN_POINT ( 'NONE',  ( 0.4523710575151037583, -0.1371577422698319337, -0.5435267857143175618 ) ) ;
#1542 = CARTESIAN_POINT ( 'NONE',  ( 0.4577083634317268834, -0.1267283362398898272, -0.6325334821428750809 ) ) ;
#1543 = CARTESIAN_POINT ( 'NONE',  ( 0.3754282004472574985, 4.732820233242288201E-17, 1.185470590824565962 ) ) ;
#1544 = CARTESIAN_POINT ( 'NONE',  ( 0.2960983582224903099, 0.3793143542329581175, -0.8155691964286477802 ) ) ;
#1545 = CARTESIAN_POINT ( 'NONE',  ( 0.4653252784506795026, 0.2293135027989736674, -0.7905828496321459786 ) ) ;
#1546 = CARTESIAN_POINT ( 'NONE',  ( 0.4780153843016456960, -0.03532236049964803531, -0.7731584821429441368 ) ) ;
#1547 = CARTESIAN_POINT ( 'NONE',  ( 0.1719068343624004791, -0.4454704218716101227, -0.6967075892857799158 ) ) ;
#1548 = CARTESIAN_POINT ( 'NONE',  ( -0.4839885273807655874, 0.1866191844607108519, -0.6269531249999704681 ) ) ;
#1549 = CARTESIAN_POINT ( 'NONE',  ( 0.4813702649276163092, 0.01175500703178045288, -0.8256138392857983455 ) ) ;
#1550 = CARTESIAN_POINT ( 'NONE',  ( -0.4837207368037286237, 8.750450604705842659E-17, -0.9509883671270819017 ) ) ;
#1551 = ORIENTED_EDGE ( 'NONE', *, *, #5249, .F. ) ;
#1552 = CARTESIAN_POINT ( 'NONE',  ( -0.1965971227091340146, 0.4436701082739350488, -0.9461495535713609906 ) ) ;
#1553 = CARTESIAN_POINT ( 'NONE',  ( 0.5254576138216512371, 0.05182535105700963179, -0.8694196428572195101 ) ) ;
#1554 = CARTESIAN_POINT ( 'NONE',  ( -0.06803278690478216373, 0.5191584169729629439, -0.9193093539774066514 ) ) ;
#1555 = CARTESIAN_POINT ( 'NONE',  ( 0.5937500000000000000, 0.1165728764972796400, -0.9688527565520791418 ) ) ;
#1556 = CARTESIAN_POINT ( 'NONE',  ( -0.2142894163206873759, 0.4745397210911566632, -0.8523199370471626901 ) ) ;
#1557 = CARTESIAN_POINT ( 'NONE',  ( -0.4698557898337293315, -0.2124920818128819000, -0.6915992949766693876 ) ) ;
#1558 = EDGE_LOOP ( 'NONE', ( #6414, #4351, #4072, #3430 ) ) ;
#1559 = ADVANCED_FACE ( 'NONE', ( #6580, #1495 ), #7317, .T. ) ;
#1560 = CARTESIAN_POINT ( 'NONE',  ( 0.2303773322960296077, -0.4681682415687344334, -0.8876576938055329435 ) ) ;
#1561 = CARTESIAN_POINT ( 'NONE',  ( -0.2009187301670430359, -0.4848838133140901396, -0.8236607142857528263 ) ) ;
#1562 = CARTESIAN_POINT ( 'NONE',  ( 0.4113961901892774220, -0.2329787936226896117, -0.5638950892857238495 ) ) ;
#1563 = CARTESIAN_POINT ( 'NONE',  ( -0.3101852899650049955, 0.4051827841339697422, -0.4925720251400557692 ) ) ;
#1564 = CARTESIAN_POINT ( 'NONE',  ( 0.1857560267337134419, 0.4486280105148617858, -0.9553571428571644431 ) ) ;
#1565 = CARTESIAN_POINT ( 'NONE',  ( -0.4475628327380165583, -0.1479226471812216948, -0.5008370535714707916 ) ) ;
#1566 = CARTESIAN_POINT ( 'NONE',  ( -0.4491341549376227649, 0.1363064108417821330, -0.4542410714285488038 ) ) ;
#1567 = CARTESIAN_POINT ( 'NONE',  ( -0.1940028708763676113, 0.4375021023469985448, -0.7497209821428707510 ) ) ;
#1568 = CARTESIAN_POINT ( 'NONE',  ( 0.4938741029538211147, -0.06741734706039431702, -0.4543000000000000371 ) ) ;
#1569 = CARTESIAN_POINT ( 'NONE',  ( -0.3325519674330210118, -0.3493858100658222554, -0.8702566964285890494 ) ) ;
#1570 = CARTESIAN_POINT ( 'NONE',  ( 0.3771418834459435154, -0.3539287229469174068, -0.7407095493830395672 ) ) ;
#1571 = CARTESIAN_POINT ( 'NONE',  ( 0.3504122916783817820, -0.3175079610812394648, -0.5485491071428708620 ) ) ;
#1572 = CARTESIAN_POINT ( 'NONE',  ( -0.4064542090916397621, 0.2436903284649682422, -0.5998883928571406843 ) ) ;
#1573 = CARTESIAN_POINT ( 'NONE',  ( -0.5155597881153992645, 0.01681152611640928871, -0.6967983413321305886 ) ) ;
#1574 = CARTESIAN_POINT ( 'NONE',  ( -0.1940028708763676113, 0.4375021023469985448, -0.7318638392857281794 ) ) ;
#1575 = CARTESIAN_POINT ( 'NONE',  ( 0.2596745997673941542, 0.4488454928396177213, -0.7838944971441785814 ) ) ;
#1576 = CARTESIAN_POINT ( 'NONE',  ( 0.4331053245462559431, 0.2049159785972270997, -0.7672991071427899268 ) ) ;
#1577 = ADVANCED_FACE ( 'NONE', ( #2610, #3794 ), #3709, .T. ) ;
#1578 = CARTESIAN_POINT ( 'NONE',  ( -0.4643199940914105595, -0.1042038149054273638, -0.6448102678571457913 ) ) ;
#1579 = CARTESIAN_POINT ( 'NONE',  ( 0.3084035134356426511, -0.4159460780908817434, -0.5976562499999904521 ) ) ;
#1580 = CARTESIAN_POINT ( 'NONE',  ( -0.4711203135577523016, -0.09364865119152593342, -0.7879464285714964378 ) ) ;
#1581 = VERTEX_POINT ( 'NONE', #4900 ) ;
#1582 = CARTESIAN_POINT ( 'NONE',  ( 0.2265690248105586280, -0.4601226037465131480, -0.6019393318545240845 ) ) ;
#1583 = EDGE_LOOP ( 'NONE', ( #2817, #7007, #3577, #7482 ) ) ;
#1584 = ORIENTED_EDGE ( 'NONE', *, *, #7056, .F. ) ;
#1585 = CARTESIAN_POINT ( 'NONE',  ( -0.5244440072392468899, 8.594068313990401939E-13, -0.9821425695388671384 ) ) ;
#1586 = CARTESIAN_POINT ( 'NONE',  ( 0.2978700177942386618, -0.3815776852307908307, -0.9076450892856673391 ) ) ;
#1587 = CARTESIAN_POINT ( 'NONE',  ( -0.4869733455129131583, 0.2016332264085907711, -0.8392857142856487984 ) ) ;
#1588 = CARTESIAN_POINT ( 'NONE',  ( -0.4717800234870510590, -0.06914961189991920831, -0.4542999999999997596 ) ) ;
#1589 = CARTESIAN_POINT ( 'NONE',  ( -0.4973647147007527192, 0.1668048992898825689, -0.9780372530120587937 ) ) ;
#1590 = CARTESIAN_POINT ( 'NONE',  ( -0.3136060549278023579, 0.4096511644714007083, -0.6990744182795912698 ) ) ;
#1591 = CARTESIAN_POINT ( 'NONE',  ( 0.03355934924581475964, -0.5149827397135603446, -0.6778306529755815379 ) ) ;
#1592 = EDGE_LOOP ( 'NONE', ( #2165, #6971 ) ) ;
#1593 = CARTESIAN_POINT ( 'NONE',  ( -0.3419383973928896148, -0.3895460234191633897, -0.7504065316977436284 ) ) ;
#1594 = CARTESIAN_POINT ( 'NONE',  ( -0.1648458986867650244, 0.4992118475204519457, -0.8512834821429643428 ) ) ;
#1595 = CARTESIAN_POINT ( 'NONE',  ( -0.3412333844793632442, -0.3249701273167154847, -0.5136718749999973355 ) ) ;
#1596 = CARTESIAN_POINT ( 'NONE',  ( -0.06605475181850341271, 0.5053642064298469183, -0.4985208040559463427 ) ) ;
#1597 = CARTESIAN_POINT ( 'NONE',  ( 0.3157246286039376848, 0.3661136856049334032, -0.8875558035713928540 ) ) ;
#1598 = EDGE_CURVE ( 'NONE', #47, #3819, #3755, .T. ) ;
#1599 = CARTESIAN_POINT ( 'NONE',  ( 0.2723767814192852299, -0.3866330517095258879, -0.5510602678571421276 ) ) ;
#1600 = CARTESIAN_POINT ( 'NONE',  ( -0.05853583364520821564, 0.4750990348563975951, -0.7530691964285564088 ) ) ;
#1601 = CARTESIAN_POINT ( 'NONE',  ( 0.2323516754630624015, 0.4124029448278047627, -0.4542999999999999816 ) ) ;
#1602 = CARTESIAN_POINT ( 'NONE',  ( -0.04729610148610568360, 0.4808396476565383049, -0.8962053571428757470 ) ) ;
#1603 = CARTESIAN_POINT ( 'NONE',  ( 0.1006764524685884038, 0.5064955959357776427, -0.4977678571428831855 ) ) ;
#1604 = CARTESIAN_POINT ( 'NONE',  ( 0.05283257011369418832, 0.4827410133747793708, -0.9518731187614177802 ) ) ;
#1605 = CARTESIAN_POINT ( 'NONE',  ( 0.4746790177869905647, 0.01171762662158449923, -0.6291852678571112634 ) ) ;
#1606 = DIRECTION ( 'NONE',  ( -1.000000000000000000, 0.000000000000000000, 0.000000000000000000 ) ) ;
#1607 = CARTESIAN_POINT ( 'NONE',  ( -0.4776218835925460926, 0.02339864135986331750, -0.7193080357142975778 ) ) ;
#1608 = CARTESIAN_POINT ( 'NONE',  ( 0.4124894208589263700, 0.3162236978274858279, -0.7961360149478190484 ) ) ;
#1609 = CARTESIAN_POINT ( 'NONE',  ( 0.1268295739960432211, -0.4580596570289731106, -0.6442522321428530985 ) ) ;
#1610 = CARTESIAN_POINT ( 'NONE',  ( -0.03430569393976102416, -0.5205989265360445595, -0.8858213946782721449 ) ) ;
#1611 = CARTESIAN_POINT ( 'NONE',  ( 0.09267045766541474883, -0.4661991915004198295, -0.6272321428571348001 ) ) ;
#1612 = CARTESIAN_POINT ( 'NONE',  ( -0.3578385946113403215, 0.3757470477682461896, -0.6319754464286045925 ) ) ;
#1613 = CARTESIAN_POINT ( 'NONE',  ( 0.4779522040463826116, -0.05888349784554099825, -0.8272879464284875750 ) ) ;
#1614 = ORIENTED_EDGE ( 'NONE', *, *, #837, .F. ) ;
#1615 = CARTESIAN_POINT ( 'NONE',  ( -0.4173774872274316761, -0.2985084393672169378, -0.6101594311008056160 ) ) ;
#1616 = CARTESIAN_POINT ( 'NONE',  ( -0.4456308345081150257, -0.2566304804957794672, -0.6190611750512003963 ) ) ;
#1617 = VERTEX_POINT ( 'NONE', #1989 ) ;
#1618 = CARTESIAN_POINT ( 'NONE',  ( 0.2716802226200509818, 0.5287487949994967851, -0.02499999999999965791 ) ) ;
#1619 = CARTESIAN_POINT ( 'NONE',  ( 0.4814516071742935832, -0.04748139822811535404, -0.8984375000000013323 ) ) ;
#1620 = CARTESIAN_POINT ( 'NONE',  ( 0.05231780454282517617, -0.5304507886031403219, -1.030133928571499879 ) ) ;
#1621 = CARTESIAN_POINT ( 'NONE',  ( 5.122214988120494151E-17, 0.6856034446626805279, -0.9999999999999998890 ) ) ;
#1622 = CARTESIAN_POINT ( 'NONE',  ( 0.5937500000000001110, 0.02903107522330497514, -0.9749999999999999778 ) ) ;
#1623 = CARTESIAN_POINT ( 'NONE',  ( -0.5199961457444168822, 2.881245930817777659E-16, -0.8392857142857133024 ) ) ;
#1624 = DIRECTION ( 'NONE',  ( -1.000000000000000000, 0.000000000000000000, 0.000000000000000000 ) ) ;
#1625 = AXIS2_PLACEMENT_3D ( 'NONE', #2921, #3994, #4568 ) ;
#1626 = AXIS2_PLACEMENT_3D ( 'NONE', #828, #7146, #6575 ) ;
#1627 = ORIENTED_EDGE ( 'NONE', *, *, #3004, .F. ) ;
#1628 = CARTESIAN_POINT ( 'NONE',  ( -0.5166593172808160439, -0.03409322461452960612, -0.7593245279855851404 ) ) ;
#1629 = EDGE_CURVE ( 'NONE', #1231, #5793, #4326, .T. ) ;
#1630 = CARTESIAN_POINT ( 'NONE',  ( 0.05117433407500817516, 0.5188957001772495081, -0.7131696428570895030 ) ) ;
#1631 = CARTESIAN_POINT ( 'NONE',  ( 0.5166225033614237905, -0.08563115150678431153, -0.9482937304768599418 ) ) ;
#1632 = CARTESIAN_POINT ( 'NONE',  ( 0.1325762075966657738, 0.4922577436337852719, -0.5029905578151192547 ) ) ;
#1633 = CONICAL_SURFACE ( 'NONE', #6528, 0.3975000000000000755, 0.09425767512363275591 ) ;
#1634 = CARTESIAN_POINT ( 'NONE',  ( 0.2320863263424990386, -0.4095591057071749641, -0.4807477678571467350 ) ) ;
#1635 = CARTESIAN_POINT ( 'NONE',  ( -0.3959456982310443629, 0.2644842006975470228, -0.6718749999999483746 ) ) ;
#1636 = CARTESIAN_POINT ( 'NONE',  ( 0.4159554418034857592, 0.3190502687021510297, -0.9389892065943820088 ) ) ;
#1637 = ADVANCED_FACE ( 'NONE', ( #2651 ), #2960, .F. ) ;
#1638 = CARTESIAN_POINT ( 'NONE',  ( -0.4619741490610815293, 0.1400694174044104512, -0.8828125000000034417 ) ) ;
#1639 = CARTESIAN_POINT ( 'NONE',  ( 0.1005696845636184361, -0.5052379091816446843, -0.4575892857142255243 ) ) ;
#1640 = CARTESIAN_POINT ( 'NONE',  ( 0.1746790100774325005, 0.4551059046943025654, -0.9537593104204158401 ) ) ;
#1641 = CARTESIAN_POINT ( 'NONE',  ( 0.1925318238078468636, -0.4344956565662368986, -0.6425781250000341949 ) ) ;
#1642 =( CONVERSION_BASED_UNIT ( 'INCH', #1027 ) LENGTH_UNIT ( ) NAMED_UNIT ( #1147 ) );
#1643 = CARTESIAN_POINT ( 'NONE',  ( -0.3635344682912626246, -0.3136736206615189371, -0.7820870535714277150 ) ) ;
#1644 = CARTESIAN_POINT ( 'NONE',  ( 0.4923310553379473542, 0.1669676349098789814, -0.7998554696450295154 ) ) ;
#1645 = CARTESIAN_POINT ( 'NONE',  ( -0.08121994778247480784, -0.4684621448626868356, -0.6492745535715140903 ) ) ;
#1646 = CARTESIAN_POINT ( 'NONE',  ( -0.03569212702373049384, -0.4830191406438607560, -0.9338727678571541180 ) ) ;
#1647 = EDGE_CURVE ( 'NONE', #3890, #1733, #4820, .T. ) ;
#1648 = CARTESIAN_POINT ( 'NONE',  ( 0.2240723592123805563, -0.4190721311299638874, -0.6238839285714383731 ) ) ;
#1649 = CARTESIAN_POINT ( 'NONE',  ( 0.1132057797537120436, 0.5044499297245261804, -0.5717075892857427233 ) ) ;
#1650 = CARTESIAN_POINT ( 'NONE',  ( 0.3117546828708253615, 0.4202392390528816857, -0.7170758928571199231 ) ) ;
#1651 = CARTESIAN_POINT ( 'NONE',  ( 0.4206068924382702079, 0.2247495179519546360, -0.6774553571428834076 ) ) ;
#1652 = ORIENTED_EDGE ( 'NONE', *, *, #1074, .T. ) ;
#1653 = CARTESIAN_POINT ( 'NONE',  ( -0.5097617444592901226, -0.06685869555390348828, -0.6157367948248250178 ) ) ;
#1654 = CARTESIAN_POINT ( 'NONE',  ( 0.000000000000000000, 0.6856034446626805279, -0.9999999999999998890 ) ) ;
#1655 = CARTESIAN_POINT ( 'NONE',  ( 0.4322767283483539003, -0.2175158209769353090, -0.9204799107143917247 ) ) ;
#1656 = ORIENTED_EDGE ( 'NONE', *, *, #4178, .F. ) ;
#1657 = VERTEX_POINT ( 'NONE', #2110 ) ;
#1658 = CARTESIAN_POINT ( 'NONE',  ( -0.4786463436315687159, 0.1803600568899988987, -0.5576679525104741852 ) ) ;
#1659 = CARTESIAN_POINT ( 'NONE',  ( 0.4150606601848138566, -0.2488503884450586345, -0.9034598214285269879 ) ) ;
#1660 = CARTESIAN_POINT ( 'NONE',  ( 0.1578025547258690431, -0.4412073938477455992, -0.4291294642857744757 ) ) ;
#1661 = B_SPLINE_SURFACE_WITH_KNOTS ( 'NONE', 1, 3, ( 
 ( #144, #223, #4210, #1218, #5359, #2533, #1830, #2492, #639, #3104, #3021, #1371, #4170, #4745, #4783, #7112, #4249, #1870, #1295, #5972, #719, #1950, #4824, #3713, #7153, #2573, #3635, #5439, #3062, #3145, #1910, #4861, #6583, #5892, #2980, #65, #6011, #7033, #755, #184, #7072, #7195, #6499, #1255, #5026, #2038, #2652, #6811, #6207, #1991, #6777, #4370, #6703, #7354, #1564, #6134, #3904, #7233, #340, #2111, #2687, #4329, #7319, #2077, #2148, #3184, #414, #6174, #5597, #374, #917, #951, #3328, #6237, #4442, #6742, #1456, #982, #1534, #3295, #2612, #4482, #836, #1417, #5662, #3871, #4949, #5631, #2722, #4408, #4902, #5058, #7278, #6664, #7391, #3795, #3835, #3754, #876, #3222, #5559, #1497, #306, #4988, #3261, #6095, #5520, #263, #1597, #3936, #2760, #6271, #2182, #3364, #5094, #1018, #4517, #5698, #7426, #6845, #3769, #3159, #5037, #6108, #6677, #7365, #351, #5607, #3730, #2121, #387, #4457, #4382, #317, #927, #4963, #3271, #3847, #4875, #6789, #3808, #1386, #2663, #2089, #960, #5000, #7331, #3234, #849, #6217, #5641, #6185, #4419, #5493, #237, #6754, #1508, #2587, #7291, #2698, #1431, #3196, #2051, #2625, #6069, #1544, #3881, #4916, #7248, #6145, #3306, #7208, #1964, #4303, #6636, #6716, #812, #5532, #2006, #275, #4342, #1467, #888, #5571, #6821, #6926, #7544, #492, #1028, #4492, #2839, #3374, #1643, #5172, #7435, #458, #4633, #4021, #7403, #4598, #2191, #4526, #7507, #6963, #3945, #1719, #5071, #5744, #2267, #1681, #2159, #5134, #7469, #2304, #992, #5824, #3984, #3408, #5783, #6315, #6351, #1144, #4058, #1103, #4558, #6854, #6389, #3446, #534, #425, #3487, #6248, #1574, #2732, #2878, #2771, #5210, #3915, #2226, #3339, #5674, #5102, #1607, #6281, #5708, #1065, #2805, #6889, #4137, #2377, #4748, #1221, #6465, #30, #2454, #1336, #7076, #6502, #4173, #2341, #1258, #5860, #5975, #3675, #3560, #5283, #3023, #571, #3637, #4669, #68, #2912, #2414, #7036, #5321, #682, #5362, #2983, #146, #4785, #607, #6999, #721, #2946, #1833, #5246, #5895, #642, #4710, #3600, #5935, #106, #1795, #7115, #7579, #1873, #4213, #6546, #1759, #1297, #3064, #5400, #4098, #2495, #4827, #7157, #6430, #1914, #1185, #4252, #3524, #6586, #4904, #3185, #4371, #7235, #7355, #6778, #4990, #1457, #4290, #6624, #3223, #5560, #1373, #6096, #1498, #2575, #1993, #838, #3756, #7197, #2653, #6744, #3716, #6057, #4950, #3836, #5598, #5481, #5442, #3262, #1418, #4330, #4444, #307, #2112, #6705, #3106, #757, #799, #5521, #3797, #1535, #3147, #2688, #2537, #5027, #6135, #6665, #6014, #878, #187, #264, #4864, #2613, #6175, #225, #7321, #1952, #2078, #7279, #342, #2039, #4409, #918, #1599, #1055, #2761, #4518, #2797, #415, #5736, #6272, #3400, #5126, #5699, #7461, #5632, #6308, #484, #2832, #3872, #5163, #2149, #1673, #7498, #3905, #1094, #6955, #3366, #4483, #2870, #2217, #4551, #6917, #6879, #2258, #2294, #5774, #3975, #449, #5095, #5201, #4589, #4012, #1565, #3438, #7392, #376, #4625, #6343, #6239, #524, #7536, #1019, #6208, #952, #983, #2723, #3297, #3329, #1634, #5060, #7427, #2183, #5663, #6812, #6846, #3937, #1176, #3590, #2483, #633, #60, #5313, #3478, #2405, #6990, #7106, #4817, #21, #6420, #4164, #1711, #4776, #5816, #1212, #4049, #3551, #598, #6457, #4738, #2938, #3055, #6381, #673, #7066, #7571, #2333, #6492, #1248, #4661, #1786, #1862, #5852, #5273, #4127, #7028, #2904, #5926, #2445, #1750, #4090, #3514, #2369, #1135, #4203, #1823, #562, #5887, #97, #4702, #3629 ),
 ( #3015, #2975, #5352, #5965, #6536, #5237, #1289, #713, #5391, #137, #3828, #791, #6164, #1904, #2605, #4361, #4937, #4243, #1984, #4320, #4401, #5432, #2680, #7189, #2566, #7269, #3254, #2528, #910, #3667, #5589, #2030, #217, #333, #5513, #7147, #6657, #1327, #5471, #2644, #1944, #256, #749, #3215, #3705, #6735, #4282, #4855, #3137, #4895, #6696, #6047, #7226, #6088, #1409, #1449, #3747, #3788, #829, #3177, #6127, #6003, #869, #5551, #298, #6576, #4981, #179, #7311, #2070, #6616, #1489, #3094, #1364, #3288, #4110, #1693, #7519, #7012, #5873, #3458, #3996, #4571, #366, #4070, #6901, #6770, #7480, #5624, #7347, #6938, #2816, #5145, #5184, #2238, #6403, #1655, #3536, #6327, #4436, #5221, #2889, #7556, #2923, #583, #6974, #1077, #3498, #3419, #5755, #504, #5259, #2850, #2278, #7, #2352, #5835, #3865, #4682, #620, #1772, #4609, #546, #1157, #4032, #6442, #1198, #5018, #2104, #6363, #1528, #2317, #4645, #6201, #1731, #943, #1115, #5798, #6027, #2551, #2428, #2391, #200, #5950, #7090, #1390, #4839, #4305, #1311, #46, #5297, #7050, #3732, #7172, #2999, #3077, #162, #5376, #4877, #1927, #5335, #4724, #3122, #82, #1889, #6071, #6519, #1275, #4762, #7131, #3614, #696, #1847, #4265, #2959, #4227, #3650, #6559, #1809, #5988, #659, #773, #4151, #3039, #4188, #5413, #6479, #5456, #1235, #2468, #3575, #4799, #120, #734, #2512, #6599, #6638, #5911, #1349, #3688, #7210, #1966, #5609, #353, #1433, #890, #3883, #4964, #4384, #3237, #6147, #2010, #5039, #1546, #3771, #6110, #5534, #6718, #1576, #6219, #6187, #3917, #5573, #6791, #1469, #2734, #7293, #962, #929, #3161, #239, #4918, #7367, #5643, #3273, #3811, #2589, #2700, #319, #7333, #2123, #277, #2665, #5074, #4461, #5496, #3308, #2627, #2053, #389, #7405, #5002, #2161, #7250, #3850, #4494, #6823, #4344, #2091, #4421, #814, #6679, #852, #6756, #1510, #3198, #7510, #7546, #4671, #573, #6353, #494, #2807, #7581, #537, #2306, #3947, #3489, #2193, #4528, #6391, #7471, #460, #1148, #1721, #6965, #5104, #5826, #1762, #2914, #5746, #1683, #4635, #6317, #4060, #5212, #6250, #5248, #5174, #2773, #4023, #3448, #2343, #1105, #5785, #2880, #6856, #7001, #994, #5710, #5677, #3341, #1645, #5136, #427, #7437, #1609, #4600, #6284, #1030, #3376, #3986, #2228, #4560, #6892, #1067, #3410, #2841, #2269, #6928, #5443, #2456, #4865, #1260, #5862, #2416, #7158, #6467, #4787, #5285, #148, #644, #1337, #1223, #7038, #70, #1835, #1299, #2985, #4750, #3025, #5323, #5977, #6504, #3639, #5364, #5937, #108, #609, #6548, #723, #3066, #4100, #5402, #2379, #1915, #2497, #4139, #3676, #7198, #3602, #4712, #3107, #684, #7117, #6015, #6432, #1875, #7078, #3562, #1797, #4828, #5897, #2948, #4175, #4215, #1187, #4253, #6587, #758, #188, #2538, #3526, #32, #377, #4331, #1374, #2079, #7322, #4410, #7356, #5028, #3837, #1994, #343, #4905, #839, #265, #3717, #6745, #2614, #879, #1499, #6666, #7280, #3873, #3263, #6625, #6176, #1419, #3757, #919, #6209, #3186, #953, #4291, #4991, #5599, #2689, #6058, #4372, #6706, #6779, #226, #5061, #3224, #2654, #2113, #5561, #4445, #2724, #3298, #1536, #3799, #6097, #5633, #1953, #800, #7236, #3148, #5482, #2576, #5522, #4951, #2040, #1458, #6136, #308, #416, #3330, #4484, #7393, #2762, #6813, #984, #2150, #5664, #1566, #3906, #6240, #80, #5333, #6477, #1309, #198, #5948, #5374, #3037, #1196, #118, #4722, #4837, #2548, #2426, #4149, #1887, #7010, #2510, #3534, #6516, #1770, #1272, #5907, #4186 ) ),
 .UNSPECIFIED., .F., .F., .F.,
 ( 2, 2 ),
 ( 4, 2, 2, 2, 2, 2, 2, 2, 2, 2, 2, 2, 2, 2, 2, 2, 2, 2, 2, 2, 2, 2, 2, 2, 2, 2, 2, 2, 2, 2, 2, 2, 2, 2, 2, 2, 2, 2, 2, 2, 2, 2, 2, 2, 2, 2, 2, 2, 2, 2, 2, 2, 2, 2, 2, 2, 2, 2, 2, 2, 2, 2, 2, 2, 2, 2, 2, 2, 2, 2, 2, 2, 2, 2, 2, 2, 2, 2, 2, 2, 2, 2, 2, 2, 2, 2, 2, 2, 2, 2, 2, 2, 2, 2, 2, 2, 2, 2, 2, 2, 2, 2, 2, 2, 2, 2, 2, 2, 2, 2, 2, 2, 2, 2, 2, 2, 2, 2, 2, 2, 2, 2, 2, 2, 2, 2, 2, 2, 2, 2, 2, 2, 2, 2, 2, 2, 2, 2, 2, 2, 2, 2, 2, 2, 2, 2, 2, 2, 2, 2, 2, 2, 2, 2, 2, 2, 2, 2, 2, 2, 2, 2, 2, 2, 2, 2, 2, 2, 2, 2, 2, 2, 2, 2, 2, 2, 2, 2, 2, 2, 2, 2, 2, 2, 2, 2, 2, 2, 2, 2, 2, 2, 2, 2, 2, 2, 2, 2, 2, 2, 2, 2, 2, 2, 2, 2, 2, 2, 2, 2, 2, 2, 2, 2, 2, 2, 2, 2, 2, 2, 2, 2, 2, 2, 2, 2, 2, 2, 2, 2, 2, 2, 2, 2, 2, 2, 2, 2, 2, 2, 2, 2, 2, 2, 2, 2, 4 ),
 ( 0.000000000000000000, 1.000000000000000000 ),
 ( 0.000000000000000000, 0.003906250000000000000, 0.007812500000000000000, 0.01171875000000000000, 0.01562500000000000000, 0.01953125000000000000, 0.02343750000000000000, 0.02734375000000000000, 0.03125000000000000000, 0.03515625000000000000, 0.03906250000000000000, 0.04296875000000000000, 0.04687500000000000000, 0.05078125000000000000, 0.05468750000000000000, 0.05859375000000000000, 0.06250000000000000000, 0.06640625000000000000, 0.07031250000000000000, 0.07421875000000000000, 0.07812500000000000000, 0.08203125000000000000, 0.08593750000000000000, 0.08984375000000000000, 0.09375000000000000000, 0.09765625000000000000, 0.1015625000000000000, 0.1054687500000000000, 0.1093750000000000000, 0.1132812500000000000, 0.1171875000000000000, 0.1210937500000000000, 0.1250000000000000000, 0.1289062500000000000, 0.1328125000000000000, 0.1367187500000000000, 0.1406250000000000000, 0.1445312500000000000, 0.1484375000000000000, 0.1523437500000000000, 0.1562500000000000000, 0.1601562500000000000, 0.1640625000000000000, 0.1679687500000000000, 0.1718750000000000000, 0.1757812500000000000, 0.1796875000000000000, 0.1835937500000000000, 0.1875000000000000000, 0.1914062500000000000, 0.1953125000000000000, 0.1992187500000000000, 0.2031250000000000000, 0.2070312500000000000, 0.2109375000000000000, 0.2148437500000000000, 0.2187500000000000000, 0.2226562500000000000, 0.2265625000000000000, 0.2304687500000000000, 0.2343750000000000000, 0.2382812500000000000, 0.2421875000000000000, 0.2460937500000000000, 0.2500000000000000000, 0.2539062500000000000, 0.2578125000000000000, 0.2617187500000000000, 0.2656250000000000000, 0.2695312500000000000, 0.2734375000000000000, 0.2773437500000000000, 0.2812500000000000000, 0.2851562500000000000, 0.2890625000000000000, 0.2929687500000000000, 0.2968750000000000000, 0.3007812500000000000, 0.3046875000000000000, 0.3085937500000000000, 0.3125000000000000000, 0.3164062500000000000, 0.3203125000000000000, 0.3242187500000000000, 0.3281250000000000000, 0.3320312500000000000, 0.3359375000000000000, 0.3398437500000000000, 0.3437500000000000000, 0.3476562500000000000, 0.3515625000000000000, 0.3554687500000000000, 0.3593750000000000000, 0.3632812500000000000, 0.3671875000000000000, 0.3710937500000000000, 0.3750000000000000000, 0.3789062500000000000, 0.3828125000000000000, 0.3867187500000000000, 0.3906250000000000000, 0.3945312500000000000, 0.3984375000000000000, 0.4023437500000000000, 0.4062500000000000000, 0.4101562500000000000, 0.4140625000000000000, 0.4179687500000000000, 0.4218750000000000000, 0.4257812500000000000, 0.4296875000000000000, 0.4335937500000000000, 0.4375000000000000000, 0.4414062500000000000, 0.4453125000000000000, 0.4492187500000000000, 0.4531250000000000000, 0.4570312500000000000, 0.4609375000000000000, 0.4648437500000000000, 0.4687500000000000000, 0.4726562500000000000, 0.4765625000000000000, 0.4804687500000000000, 0.4843750000000000000, 0.4882812500000000000, 0.4921875000000000000, 0.4960937500000000000, 0.5000000000000000000, 0.5039062500000000000, 0.5078125000000000000, 0.5117187500000000000, 0.5156250000000000000, 0.5195312500000000000, 0.5234375000000000000, 0.5273437500000000000, 0.5312500000000000000, 0.5351562500000000000, 0.5390625000000000000, 0.5429687500000000000, 0.5468750000000000000, 0.5507812500000000000, 0.5546875000000000000, 0.5585937500000000000, 0.5625000000000000000, 0.5664062500000000000, 0.5703125000000000000, 0.5742187500000000000, 0.5781250000000000000, 0.5820312500000000000, 0.5859375000000000000, 0.5898437500000000000, 0.5937500000000000000, 0.5976562500000000000, 0.6015625000000000000, 0.6054687500000000000, 0.6093750000000000000, 0.6132812500000000000, 0.6171875000000000000, 0.6210937500000000000, 0.6250000000000000000, 0.6289062500000000000, 0.6328125000000000000, 0.6367187500000000000, 0.6406250000000000000, 0.6445312500000000000, 0.6484375000000000000, 0.6523437500000000000, 0.6562500000000000000, 0.6601562500000000000, 0.6640625000000000000, 0.6679687500000000000, 0.6718750000000000000, 0.6757812500000000000, 0.6796875000000000000, 0.6835937500000000000, 0.6875000000000000000, 0.6914062500000000000, 0.6953125000000000000, 0.6992187500000000000, 0.7031250000000000000, 0.7070312500000000000, 0.7109375000000000000, 0.7148437500000000000, 0.7187500000000000000, 0.7226562500000000000, 0.7265625000000000000, 0.7304687500000000000, 0.7343750000000000000, 0.7382812500000000000, 0.7421875000000000000, 0.7460937500000000000, 0.7500000000000000000, 0.7539062500000000000, 0.7578125000000000000, 0.7617187500000000000, 0.7656250000000000000, 0.7695312500000000000, 0.7734375000000000000, 0.7773437500000000000, 0.7812500000000000000, 0.7851562500000000000, 0.7890625000000000000, 0.7929687500000000000, 0.7968750000000000000, 0.8007812500000000000, 0.8046875000000000000, 0.8085937500000000000, 0.8125000000000000000, 0.8164062500000000000, 0.8203125000000000000, 0.8242187500000000000, 0.8281250000000000000, 0.8320312500000000000, 0.8359375000000000000, 0.8398437500000000000, 0.8437500000000000000, 0.8476562500000000000, 0.8515625000000000000, 0.8554687500000000000, 0.8593750000000000000, 0.8632812500000000000, 0.8671875000000000000, 0.8710937500000000000, 0.8750000000000000000, 0.8789062500000000000, 0.8828125000000000000, 0.8867187500000000000, 0.8906250000000000000, 0.8945312500000000000, 0.8984375000000000000, 0.9023437500000000000, 0.9062500000000000000, 0.9101562500000000000, 0.9140625000000000000, 0.9179687500000000000, 0.9218750000000000000, 0.9257812500000000000, 0.9296875000000000000, 0.9335937500000000000, 0.9375000000000000000, 0.9414062500000000000, 0.9453125000000000000, 0.9492187500000000000, 0.9531250000000000000, 0.9570312500000000000, 0.9599777752165404854 ),
 .UNSPECIFIED. ) ;
#1662 = DIRECTION ( 'NONE',  ( -0.000000000000000000, -0.000000000000000000, -1.000000000000000000 ) ) ;
#1663 = CARTESIAN_POINT ( 'NONE',  ( -0.4478541853018649377, -0.1854397607587204566, -0.9285714285713864147 ) ) ;
#1664 = CARTESIAN_POINT ( 'NONE',  ( 0.2306355697792676351, 0.4671639750021382431, -0.8623552568441191779 ) ) ;
#1665 = CARTESIAN_POINT ( 'NONE',  ( -0.4612787364876579366, 0.2281208438972980312, -0.6302199842746375458 ) ) ;
#1666 = ORIENTED_EDGE ( 'NONE', *, *, #525, .F. ) ;
#1667 = CARTESIAN_POINT ( 'NONE',  ( -0.5042247013679964640, -0.1174485456668257488, -0.7574709569044827395 ) ) ;
#1668 = EDGE_CURVE ( 'NONE', #2740, #6911, #5282, .T. ) ;
#1669 = CARTESIAN_POINT ( 'NONE',  ( -0.2464431506669848837, -0.4609197066409147503, -0.7533482142857659269 ) ) ;
#1670 = CARTESIAN_POINT ( 'NONE',  ( 0.4202689596618502388, -0.2116133437340096679, -0.4919084821428316157 ) ) ;
#1671 = CARTESIAN_POINT ( 'NONE',  ( -0.4046047631726971683, 0.3107859280256619616, -0.4895879160430727794 ) ) ;
#1672 = CARTESIAN_POINT ( 'NONE',  ( -0.2716802226200510928, -0.5287487949994968961, -0.02499999999999965791 ) ) ;
#1673 = CARTESIAN_POINT ( 'NONE',  ( 0.1807532922462956881, 0.4362183971132220228, -0.5267857142857158559 ) ) ;
#1674 = CARTESIAN_POINT ( 'NONE',  ( -0.3907348186981124405, -0.2752663856130226350, -0.7296316964285201045 ) ) ;
#1675 = CARTESIAN_POINT ( 'NONE',  ( -0.5222200252584996427, -7.971447075262518240E-16, -0.9107124963950573582 ) ) ;
#1676 = CARTESIAN_POINT ( 'NONE',  ( 0.4743757536315265089, 0.09442656471595681222, -0.9129464285713975169 ) ) ;
#1677 = CARTESIAN_POINT ( 'NONE',  ( -0.05056991704282565170, -0.5127672840490548056, -0.4609374999999520939 ) ) ;
#1678 = CARTESIAN_POINT ( 'NONE',  ( -0.3974036354247985070, -0.4561623487732373583, -0.03005419327487836301 ) ) ;
#1679 = CARTESIAN_POINT ( 'NONE',  ( -0.4701192864172460961, -0.05792231077979009130, -0.5923549107142473957 ) ) ;
#1680 = CARTESIAN_POINT ( 'NONE',  ( -0.1913312482188008201, 0.4286238952116748213, -0.4543000000000001481 ) ) ;
#1681 = CARTESIAN_POINT ( 'NONE',  ( 0.4171549481687814587, -0.2363862494477264320, -0.7603236607143730730 ) ) ;
#1682 = CARTESIAN_POINT ( 'NONE',  ( 0.5146897305708307835, 0.06765048741583512548, -0.8020847861507324206 ) ) ;
#1683 = CARTESIAN_POINT ( 'NONE',  ( -0.3020895417482677980, 0.3681937274955177641, -0.6752232142857225172 ) ) ;
#1684 = CARTESIAN_POINT ( 'NONE',  ( -0.4776796085700600325, -0.08282195478414287881, -0.9489397321427549548 ) ) ;
#1685 = CARTESIAN_POINT ( 'NONE',  ( -0.3091711773589162493, -0.3585143766848288283, -0.5661272321428976184 ) ) ;
#1686 = CARTESIAN_POINT ( 'NONE',  ( -0.3370202491225780528, -0.3908078494481806442, -0.5415736607143259995 ) ) ;
#1687 = CARTESIAN_POINT ( 'NONE',  ( -0.2350232689629991600, 0.4670610284388374001, -0.7045200892856722241 ) ) ;
#1688 = CARTESIAN_POINT ( 'NONE',  ( -0.3907348187017573582, -0.2752663856082408489, -0.7117745535712917127 ) ) ;
#1689 = VERTEX_POINT ( 'NONE', #5025 ) ;
#1690 = CARTESIAN_POINT ( 'NONE',  ( -0.1682055341453896902, -0.4951103938101343305, -0.8965802439352836828 ) ) ;
#1691 = EDGE_CURVE ( 'NONE', #3129, #2670, #7098, .T. ) ;
#1692 = CARTESIAN_POINT ( 'NONE',  ( 0.3113094188575006305, -0.4057409420613621309, -0.5282719646495541710 ) ) ;
#1693 = CARTESIAN_POINT ( 'NONE',  ( -0.4329175052595459761, -0.2179864747418139848, -0.9455915178571108193 ) ) ;
#1694 = ORIENTED_EDGE ( 'NONE', *, *, #2549, .F. ) ;
#1695 = ORIENTED_EDGE ( 'NONE', *, *, #1031, .T. ) ;
#1696 = CARTESIAN_POINT ( 'NONE',  ( -0.4711203135577523016, -0.09364865119152593342, -0.7879464285714964378 ) ) ;
#1697 = CARTESIAN_POINT ( 'NONE',  ( -0.1922675568940684365, 0.4982327679602573389, -1.062779017857033770 ) ) ;
#1698 = CARTESIAN_POINT ( 'NONE',  ( -0.1963082422441441988, 0.5722648281588816888, -0.9688957493364325213 ) ) ;
#1699 = CARTESIAN_POINT ( 'NONE',  ( 0.4693998919175620399, -0.2318477997495716481, -0.9438610124595535611 ) ) ;
#1700 = B_SPLINE_CURVE_WITH_KNOTS ( 'NONE', 3,
 ( #5667, #4592, #2799, #4014, #1601, #5166, #6345, #1096, #2872, #4448, #3300, #6783, #5097, #5128, #1538, #5635, #3875, #379, #1022, #7429, #1568, #3909, #986, #2185, #3517, #1292, #4627, #5315, #7069, #1251 ),
 .UNSPECIFIED., .F., .F.,
 ( 4, 2, 2, 2, 2, 2, 2, 2, 2, 2, 2, 2, 2, 2, 4 ),
 ( 6.689450142523392801E-14, 0.001528582515448024225, 0.003057165030829154043, 0.006114330061591416281, 0.007642912576972549568, 0.009171495092353680254, 0.01070007760773481441, 0.01222866012311594683, 0.01375724263849707751, 0.01528582515387821340, 0.01834299018464047651, 0.01987157270002161066, 0.02140015521540273788, 0.02292873773078387203, 0.02445732024616499925 ),
 .UNSPECIFIED. ) ;
#1701 = DIRECTION ( 'NONE',  ( -0.000000000000000000, -0.000000000000000000, 1.000000000000000000 ) ) ;
#1702 = CARTESIAN_POINT ( 'NONE',  ( -0.5002152076853803031, 0.1168335461107235934, -0.6276070963471495068 ) ) ;
#1703 = ORIENTED_EDGE ( 'NONE', *, *, #5238, .F. ) ;
#1704 = CARTESIAN_POINT ( 'NONE',  ( 0.2281941004664888029, -0.4640184323707802205, -0.7370198167502036712 ) ) ;
#1705 = DESIGN_CONTEXT ( 'detailed design', #3543, 'design' ) ;
#1706 = CARTESIAN_POINT ( 'NONE',  ( -0.4278571555925228531, 0.3012437784809156027, -0.7726004464285674000 ) ) ;
#1707 = CARTESIAN_POINT ( 'NONE',  ( 0.2157554383776707774, -0.4775429619077355969, -0.9594615060068433232 ) ) ;
#1709 = CARTESIAN_POINT ( 'NONE',  ( 0.5238888749627607089, -0.05166678756089122804, -0.8738839285714297134 ) ) ;
#1708 = CARTESIAN_POINT ( 'NONE',  ( -0.4944132850440944305, -0.1324569100468484251, -0.5428118047689250991 ) ) ;
#1710 = CARTESIAN_POINT ( 'NONE',  ( 0.1353960630049364788, 0.5027689289038415055, -0.8523486914233020517 ) ) ;
#1711 = CARTESIAN_POINT ( 'NONE',  ( 0.09160693895984421686, 0.4608684457445209048, -0.4531249999999975020 ) ) ;
#1712 = CARTESIAN_POINT ( 'NONE',  ( -0.3208769480026527621, -0.3541303868837554214, -0.7271205357142526138 ) ) ;
#1713 = CARTESIAN_POINT ( 'NONE',  ( -0.5166568678884390087, -0.06763290238753294492, -0.8378054198579706346 ) ) ;
#1714 = CARTESIAN_POINT ( 'NONE',  ( -0.1514748882847936073, 0.4587191906280223552, -0.8936941964285921580 ) ) ;
#1715 = CARTESIAN_POINT ( 'NONE',  ( 0.4635414838992247821, -0.2291735832321932231, -0.7373604890283743662 ) ) ;
#1716 = CARTESIAN_POINT ( 'NONE',  ( -0.1694722829926619545, -0.4395192923307796873, -0.4907924107143053494 ) ) ;
#1717 = CARTESIAN_POINT ( 'NONE',  ( -0.3412333844846625053, -0.3249701273124310785, -0.5136718749999925615 ) ) ;
#1718 = CARTESIAN_POINT ( 'NONE',  ( 0.1088426937394815913, 0.4568561302520507406, -0.4542999999999847160 ) ) ;
#1719 = CARTESIAN_POINT ( 'NONE',  ( 0.2761257278752587974, -0.3921755655475540059, -0.7653459821428849619 ) ) ;
#1720 = CARTESIAN_POINT ( 'NONE',  ( -0.3416827227641864306, 0.3897945107404183762, -0.7775302274739190889 ) ) ;
#1721 = CARTESIAN_POINT ( 'NONE',  ( 0.05826997496692069151, 0.4729724556088059084, -0.6844308035714199434 ) ) ;
#1722 = PLANE ( 'NONE',  #402 ) ;
#1723 = CARTESIAN_POINT ( 'NONE',  ( 0.04631384359327390954, -0.4708530371804123260, -0.5569196428570929447 ) ) ;
#1724 = CARTESIAN_POINT ( 'NONE',  ( -0.06306762476039638743, 0.5107655353470161863, -0.4963727678571662749 ) ) ;
#1725 = ADVANCED_FACE ( 'NONE', ( #7570 ), #4653, .F. ) ;
#1726 = CARTESIAN_POINT ( 'NONE',  ( 0.4282121445296902529, -0.3016636514468985508, -0.7346540178570131197 ) ) ;
#1727 = CARTESIAN_POINT ( 'NONE',  ( 0.4408536157678794587, -0.1826739829746330812, -0.6874999999999371614 ) ) ;
#1728 = ORIENTED_EDGE ( 'NONE', *, *, #4321, .T. ) ;
#1729 = CARTESIAN_POINT ( 'NONE',  ( -0.4435330596414785997, -0.2758182861268825281, -0.9043897622618209953 ) ) ;
#1730 = FACE_OUTER_BOUND ( 'NONE', #2706, .T. ) ;
#1731 = CARTESIAN_POINT ( 'NONE',  ( -0.4010877060911832159, -0.2680774942271391126, -0.8727678571429324794 ) ) ;
#1732 = VERTEX_POINT ( 'NONE', #672 ) ;
#1733 = VERTEX_POINT ( 'NONE', #1133 ) ;
#1734 = CARTESIAN_POINT ( 'NONE',  ( 0.4070202145520069870, -0.2576648175679708830, -0.8323102678571965285 ) ) ;
#1735 = CARTESIAN_POINT ( 'NONE',  ( 0.3247860523241965502, -0.3367917390684899148, -0.4243127981679300498 ) ) ;
#1736 = CARTESIAN_POINT ( 'NONE',  ( 0.000000000000000000, 0.000000000000000000, -0.9999999999999998890 ) ) ;
#1737 = EDGE_CURVE ( 'NONE', #3921, #4158, #5272, .T. ) ;
#1738 = CARTESIAN_POINT ( 'NONE',  ( -0.5451851341360317571, 0.3708406607110604769, -0.9381566776193389634 ) ) ;
#1739 = CARTESIAN_POINT ( 'NONE',  ( 0.5202323845028078431, 0.03431045384872817572, -0.8742514143559294570 ) ) ;
#1740 = CARTESIAN_POINT ( 'NONE',  ( -0.2711844451857430283, 0.4365917010639129847, -0.6365376678202211425 ) ) ;
#1741 = ORIENTED_EDGE ( 'NONE', *, *, #287, .F. ) ;
#1742 = CIRCLE ( 'NONE', #6032, 0.4609375000000000000 ) ;
#1743 = CARTESIAN_POINT ( 'NONE',  ( -0.5001258623389597258, -0.1337968854104403804, -0.7571010918131001466 ) ) ;
#1744 = CARTESIAN_POINT ( 'NONE',  ( 0.5225215930798868813, -0.03418147692379070596, -0.9471714391629079133 ) ) ;
#1746 = CARTESIAN_POINT ( 'NONE',  ( -0.5268892240628350043, 0.02595254388350605110, -0.9090401785714665728 ) ) ;
#1745 = CARTESIAN_POINT ( 'NONE',  ( -0.3729512617570142630, -0.3491317303136472483, -0.5372350984981796307 ) ) ;
#1747 = AXIS2_PLACEMENT_3D ( 'NONE', #7126, #1924, #4223 ) ;
#1748 = CARTESIAN_POINT ( 'NONE',  ( 0.03454588734240283260, 0.5202927267744499318, -0.8501132415629873984 ) ) ;
#1749 = CIRCLE ( 'NONE', #2742, 0.5247515153573865110 ) ;
#1750 = CARTESIAN_POINT ( 'NONE',  ( -0.1138437939793282144, -0.4547536708017240192, -0.4179687499999964473 ) ) ;
#1751 = CARTESIAN_POINT ( 'NONE',  ( 0.2549810826457659108, 0.4027808901121736063, -0.6894531250000388578 ) ) ;
#1752 = CARTESIAN_POINT ( 'NONE',  ( 0.06751476304771353298, -0.5152678947362093753, -0.8199457692627359906 ) ) ;
#1753 = CIRCLE ( 'NONE', #7009, 0.3975000000000000755 ) ;
#1754 = CARTESIAN_POINT ( 'NONE',  ( 0.3485001416036351274, 0.3318904929287755934, -0.8351004464285812778 ) ) ;
#1755 = CARTESIAN_POINT ( 'NONE',  ( -0.3839081910463801872, 0.3654112782473160070, -0.9885602678571582258 ) ) ;
#1756 = CARTESIAN_POINT ( 'NONE',  ( -0.3474536884537461900, -0.4850009641029820462, -0.02499999999999964750 ) ) ;
#1757 = CARTESIAN_POINT ( 'NONE',  ( -0.3336346350655788329, 0.3335434384885757053, -0.5312500000000313083 ) ) ;
#1758 = COORDINATED_UNIVERSAL_TIME_OFFSET ( 6, 0, .BEHIND. ) ;
#1759 = CARTESIAN_POINT ( 'NONE',  ( -0.4708571392497656882, 0.06977929977942448625, -0.6489955357142374037 ) ) ;
#1760 = CARTESIAN_POINT ( 'NONE',  ( -0.5144913523823536616, 0.06767333873152825419, -0.7693416135431332403 ) ) ;
#1761 = VECTOR ( 'NONE', #6041, 39.37007874015748143 ) ;
#1762 = CARTESIAN_POINT ( 'NONE',  ( -0.1494971458830872679, 0.4523267868379813317, -0.6794084821428687526 ) ) ;
#1763 = CARTESIAN_POINT ( 'NONE',  ( -0.4478541853017827812, -0.1854397607523199099, -0.9464285714285093354 ) ) ;
#1764 = CARTESIAN_POINT ( 'NONE',  ( 0.4239547761633483680, 0.2134735259834302235, -0.6063058035714165017 ) ) ;
#1765 = CARTESIAN_POINT ( 'NONE',  ( 0.05038182029847698001, 0.5122512359834872075, -0.4988839285714540273 ) ) ;
#1766 = CARTESIAN_POINT ( 'NONE',  ( 0.4968895327313083699, -0.1506558263689699861, -0.5881696428571480117 ) ) ;
#1767 = CARTESIAN_POINT ( 'NONE',  ( -0.4776218835945049146, 0.02339864136637583025, -0.7193080357143490922 ) ) ;
#1768 = EDGE_LOOP ( 'NONE', ( #3998, #1936 ) ) ;
#1769 = CARTESIAN_POINT ( 'NONE',  ( -0.2992455981282656219, -0.4167086509718277432, -0.6064384138148515291 ) ) ;
#1770 = CARTESIAN_POINT ( 'NONE',  ( 0.2791207656198063658, -0.3762432664268481330, -0.4257812499999875655 ) ) ;
#1771 = DIRECTION ( 'NONE',  ( -0.09411816491319552336, 0.000000000000000000, -0.9955610333040223470 ) ) ;
#1772 = CARTESIAN_POINT ( 'NONE',  ( -0.2781559898087099802, 0.3948365856887086633, -0.8903459821428852949 ) ) ;
#1773 = VERTEX_POINT ( 'NONE', #7027 ) ;
#1774 = CARTESIAN_POINT ( 'NONE',  ( -0.3715093293060670598, 0.3049698217465698913, -0.7979910714286347906 ) ) ;
#1775 = CARTESIAN_POINT ( 'NONE',  ( -0.3867161987437279791, 0.3680840138786591886, -1.057756696428570509 ) ) ;
#1776 = CARTESIAN_POINT ( 'NONE',  ( -0.04844357981370831651, 0.6576345308167271808, -0.9381162489359149426 ) ) ;
#1777 = CARTESIAN_POINT ( 'NONE',  ( 0.3942266133152816376, -0.3459272225414604107, -0.9468334240915895483 ) ) ;
#1778 = DIRECTION ( 'NONE',  ( -0.03112001302226621510, 0.000000000000000000, -0.9995156550997557066 ) ) ;
#1779 = CARTESIAN_POINT ( 'NONE',  ( -0.2968750000000000000, 0.5142025834970105347, -0.02500000000000000139 ) ) ;
#1780 = CARTESIAN_POINT ( 'NONE',  ( -0.4223063898762005608, -0.4417847367871572950, -0.9653030983791781594 ) ) ;
#1781 = DIRECTION ( 'NONE',  ( 0.000000000000000000, 0.000000000000000000, 1.000000000000000000 ) ) ;
#1782 = CARTESIAN_POINT ( 'NONE',  ( -0.4835434448305855337, -0.003065371807168454366, -0.9508207913542225942 ) ) ;
#1784 = CARTESIAN_POINT ( 'NONE',  ( 0.4168834979693559206, -0.3254256242857921366, -0.9517299107142674908 ) ) ;
#1783 = CARTESIAN_POINT ( 'NONE',  ( -0.4338930625370963634, -0.2697922984274009339, -0.5394639933302722845 ) ) ;
#1785 = CARTESIAN_POINT ( 'NONE',  ( -0.1963082422441441155, -0.5722648281588817998, -0.03110425066356714563 ) ) ;
#1786 = CARTESIAN_POINT ( 'NONE',  ( -0.4377138741242729836, -0.1687802336386862445, -0.4288504464285557427 ) ) ;
#1787 = ADVANCED_FACE ( 'NONE', ( #4624 ), #161, .T. ) ;
#1788 = CARTESIAN_POINT ( 'NONE',  ( 0.4764735344343732915, 0.02334621139695135586, -0.7003348214286420070 ) ) ;
#1789 = CARTESIAN_POINT ( 'NONE',  ( -0.4133307207032669295, -0.3170024784877801260, -0.8318467312508028844 ) ) ;
#1790 = CARTESIAN_POINT ( 'NONE',  ( -0.4628951297294304212, -0.1281684199886427844, -0.8049665178571561164 ) ) ;
#1791 = CARTESIAN_POINT ( 'NONE',  ( -0.2738105242429715869, -0.4393529075827807273, -0.7563359037745014390 ) ) ;
#1792 = CARTESIAN_POINT ( 'NONE',  ( 0.4820712567612612243, 0.1077134953437240417, -0.9609826382935904299 ) ) ;
#1793 = CARTESIAN_POINT ( 'NONE',  ( 0.4113961901864804926, -0.2329787936289220707, -0.5638950892857317321 ) ) ;
#1794 = PERSON_AND_ORGANIZATION ( #5341, #159 ) ;
#1795 = CARTESIAN_POINT ( 'NONE',  ( -0.3284303101254876234, 0.3448667630392066585, -0.6565290178571135948 ) ) ;
#1796 = CARTESIAN_POINT ( 'NONE',  ( 0.2256786271544592160, 0.4569319322780697190, -0.4974327029970496139 ) ) ;
#1797 = CARTESIAN_POINT ( 'NONE',  ( 0.4113961901892774220, -0.2329787936226896117, -0.5638950892857238495 ) ) ;
#1798 = CARTESIAN_POINT ( 'NONE',  ( 0.1741955832361389289, -0.4517581872894255723, -0.9288504464285042284 ) ) ;
#1799 = CARTESIAN_POINT ( 'NONE',  ( 0.4859756226627445774, 0.1648733522440050947, -0.5855683693804069057 ) ) ;
#1800 = CARTESIAN_POINT ( 'NONE',  ( 0.1377635220413317152, 0.4539353143591668416, -0.5970982142857256258 ) ) ;
#1801 = CARTESIAN_POINT ( 'NONE',  ( -0.4361155957205202216, -0.2760883885194677645, -0.5449218750000081046 ) ) ;
#1802 = DIRECTION ( 'NONE',  ( 0.000000000000000000, 0.000000000000000000, -1.000000000000000000 ) ) ;
#1803 = CARTESIAN_POINT ( 'NONE',  ( -0.2449949307520954689, -0.4585036042093543207, -0.6082589285714111726 ) ) ;
#1804 = CARTESIAN_POINT ( 'NONE',  ( -0.4609655776407544092, 0.1274985506685919756, -0.7218191964285862738 ) ) ;
#1805 = ORIENTED_EDGE ( 'NONE', *, *, #7548, .F. ) ;
#1806 = CARTESIAN_POINT ( 'NONE',  ( -0.3674753529770471427, 0.3757764650111949378, -0.9914874856916306989 ) ) ;
#1807 = DIRECTION ( 'NONE',  ( -1.000000000000000000, 0.000000000000000000, 0.000000000000000000 ) ) ;
#1808 = CARTESIAN_POINT ( 'NONE',  ( -0.03475849649661180707, -0.5191859630022852556, -0.8144074221531741875 ) ) ;
#1809 = CARTESIAN_POINT ( 'NONE',  ( -0.3228693212994323547, 0.3561336114017303878, -0.8175223214284900175 ) ) ;
#1810 = EDGE_CURVE ( 'NONE', #2072, #300, #3907, .T. ) ;
#1811 = ORIENTED_EDGE ( 'NONE', *, *, #4856, .F. ) ;
#1812 = CARTESIAN_POINT ( 'NONE',  ( 0.4128171869784937886, 0.2475097606400257777, -0.8197544642856744446 ) ) ;
#1813 = CARTESIAN_POINT ( 'NONE',  ( -0.4025175793068378471, 0.3473046468612198678, -0.9857700892856939845 ) ) ;
#1814 = CARTESIAN_POINT ( 'NONE',  ( -0.3672963965499314032, 0.3169144972223064127, -0.9411272321428485466 ) ) ;
#1815 = CARTESIAN_POINT ( 'NONE',  ( 0.2607502899260846219, 0.4510746728473214451, -0.8630993761632456129 ) ) ;
#1816 = CARTESIAN_POINT ( 'NONE',  ( 0.1963463645752013265, 0.5722428182207836000, -0.9699458067251215398 ) ) ;
#1817 = ORIENTED_EDGE ( 'NONE', *, *, #850, .F. ) ;
#1818 = CARTESIAN_POINT ( 'NONE',  ( -0.01629610663197790521, 0.5136405723840413717, -0.6347128040265923588 ) ) ;
#1819 = CARTESIAN_POINT ( 'NONE',  ( -0.1691914257601309646, -0.4962360361916888229, -0.9680203271448730717 ) ) ;
#1821 = CARTESIAN_POINT ( 'NONE',  ( -0.1530618129420234508, -0.5043429518325216465, -0.8939732142857219621 ) ) ;
#1820 = CARTESIAN_POINT ( 'NONE',  ( 0.1164350298476016093, -0.5016081048534745124, -0.6681960105536900452 ) ) ;
#1822 = CARTESIAN_POINT ( 'NONE',  ( 0.5033820003905750129, 0.1345473077919762117, -0.8642485536535231549 ) ) ;
#1823 = CARTESIAN_POINT ( 'NONE',  ( 0.1899351384386719077, -0.4283287293439638765, -0.4104352678571069335 ) ) ;
#1824 = CARTESIAN_POINT ( 'NONE',  ( 0.08293420485124201880, 0.4783494368082235049, -0.9528459821428177934 ) ) ;
#1825 = CARTESIAN_POINT ( 'NONE',  ( -0.2027701620221665502, 0.4285699330477544811, -0.6065848214285327611 ) ) ;
#1826 = CARTESIAN_POINT ( 'NONE',  ( -0.3433175905918405268, -0.3905218784034591439, -0.8296269860219493975 ) ) ;
#1827 = CARTESIAN_POINT ( 'NONE',  ( 0.05907172092484350850, -0.4784029345064552130, -0.8602120535714887772 ) ) ;
#1828 = EDGE_CURVE ( 'NONE', #4731, #6443, #4948, .T. ) ;
#1829 = CARTESIAN_POINT ( 'NONE',  ( -0.4905243776258033095, -0.1662526676721016172, -0.7641420903340930826 ) ) ;
#1830 = CARTESIAN_POINT ( 'NONE',  ( -0.2708655657273328354, 0.4052591521430254362, -1.015625000000090150 ) ) ;
#1831 = CARTESIAN_POINT ( 'NONE',  ( 0.3256335296845042637, 0.3421172174579489300, -0.5488281249999995559 ) ) ;
#1832 = APPROVAL_DATE_TIME ( #2982, #6644 ) ;
#1833 = CARTESIAN_POINT ( 'NONE',  ( 0.05826997496692069151, 0.4729724556088059084, -0.6665736607142773718 ) ) ;
#1834 = CARTESIAN_POINT ( 'NONE',  ( 0.4926424736793755255, 0.1316432290999951515, -0.5071060807334739629 ) ) ;
#1835 = CARTESIAN_POINT ( 'NONE',  ( -0.2027701620221665502, 0.4285699330477544811, -0.6065848214285327611 ) ) ;
#1836 = CARTESIAN_POINT ( 'NONE',  ( -0.4813082356204851919, -0.03544116306645669207, -0.8786272321428598708 ) ) ;
#1837 = CARTESIAN_POINT ( 'NONE',  ( 0.5122123178150956857, 1.215458931556092062E-15, -0.5892839592609772081 ) ) ;
#1838 = CARTESIAN_POINT ( 'NONE',  ( 0.2895387248972481342, -0.3711079519191606280, -0.4790736607143405990 ) ) ;
#1839 = CARTESIAN_POINT ( 'NONE',  ( -0.5043073739720107529, 0.1003805586593560784, -0.4821428571428565402 ) ) ;
#1840 = CARTESIAN_POINT ( 'NONE',  ( 0.2968750000000001110, -0.5142025834970105347, -0.9749999999999998668 ) ) ;
#1841 = CARTESIAN_POINT ( 'NONE',  ( 0.4841898918003610386, 0.1868484820009224945, -0.5806361607143007975 ) ) ;
#1842 = CARTESIAN_POINT ( 'NONE',  ( 0.3187244163094650751, 0.3515673309547526770, -0.6021205357142664916 ) ) ;
#1843 = VERTEX_POINT ( 'NONE', #3550 ) ;
#1844 = CARTESIAN_POINT ( 'NONE',  ( 0.4962655358596721467, -0.3990844039445650693, -0.9514934187884386274 ) ) ;
#1845 = CARTESIAN_POINT ( 'NONE',  ( 0.000000000000000000, 0.000000000000000000, -0.9999999999999998890 ) ) ;
#1846 = CARTESIAN_POINT ( 'NONE',  ( 0.3156965061890935620, -0.4122571654429689203, -0.8062170024327116602 ) ) ;
#1847 = CARTESIAN_POINT ( 'NONE',  ( -0.03544556064135892526, 0.4796306174812773326, -0.8250558035714137262 ) ) ;
#1848 = CARTESIAN_POINT ( 'NONE',  ( -0.4439922825297858977, 0.1838365656419633787, -0.7946428571428945098 ) ) ;
#1849 = CARTESIAN_POINT ( 'NONE',  ( 0.4719961791299056020, -0.2231588486366457014, -0.7349330357142098702 ) ) ;
#1850 = CARTESIAN_POINT ( 'NONE',  ( 0.4196530519872617715, 0.3274133338020656647, -1.005859375000023315 ) ) ;
#1851 = B_SPLINE_CURVE_WITH_KNOTS ( 'NONE', 3,
 ( #2708, #1618, #5046, #3961, #4470, #2637, #7376, #6728 ),
 .UNSPECIFIED., .F., .F.,
 ( 4, 2, 2, 4 ),
 ( 0.008810461554733124354, 0.01100478119882384274, 0.01319910084291456114, 0.01758774013109599965 ),
 .UNSPECIFIED. ) ;
#1852 = CARTESIAN_POINT ( 'NONE',  ( 0.02359173888785164389, -0.4814849235747561407, -0.8431919642857486075 ) ) ;
#1853 = CARTESIAN_POINT ( 'NONE',  ( -0.2132231897118020414, -0.4617149266778256544, -0.4614200797012483757 ) ) ;
#1854 = CARTESIAN_POINT ( 'NONE',  ( 0.4462935761789229017, 0.2576756095275991587, -0.6547603237007230126 ) ) ;
#1855 = ORIENTED_EDGE ( 'NONE', *, *, #4919, .F. ) ;
#1856 = CARTESIAN_POINT ( 'NONE',  ( 0.5937500000000000000, -0.1155733325911836862, -0.9700072751223455247 ) ) ;
#1857 = CARTESIAN_POINT ( 'NONE',  ( 0.000000000000000000, 0.000000000000000000, -0.9749999999999998668 ) ) ;
#1858 = CARTESIAN_POINT ( 'NONE',  ( -0.06888681237335705920, -0.5205217888909082768, -0.9657777221174899118 ) ) ;
#1860 = CARTESIAN_POINT ( 'NONE',  ( 0.2375606670052795300, 0.4718004177151721157, -0.9316406249999208411 ) ) ;
#1859 = CARTESIAN_POINT ( 'NONE',  ( 0.3754842184610036604, -0.3520829143871441747, -0.6614926838153171174 ) ) ;
#1861 = CARTESIAN_POINT ( 'NONE',  ( -0.01629472789533364246, 0.5158714920809054361, -0.7061438285942110982 ) ) ;
#1862 = CARTESIAN_POINT ( 'NONE',  ( -0.4240345415478933289, -0.2006243454449756214, -0.4280133928570714064 ) ) ;
#1863 = ADVANCED_FACE ( 'NONE', ( #632 ), #4737, .F. ) ;
#1864 = CARTESIAN_POINT ( 'NONE',  ( -0.07161198362193200995, 0.4823149803856348616, -1.020647321428574950 ) ) ;
#1865 = CARTESIAN_POINT ( 'NONE',  ( 0.03495259397477296776, 0.4730116279553590042, -0.6124441964285861628 ) ) ;
#1866 = CARTESIAN_POINT ( 'NONE',  ( -0.4514599885573042370, -0.2599331427775607994, -0.8333452793989787333 ) ) ;
#1867 = CARTESIAN_POINT ( 'NONE',  ( -0.4292316887662528391, 0.2161262924814782993, -0.8133370535714712357 ) ) ;
#1868 = CONICAL_SURFACE ( 'NONE', #3954, 0.4609375000000000000, 1.029744258676657198 ) ;
#1869 = CARTESIAN_POINT ( 'NONE',  ( -0.1908718897330847486, 0.4946160655724742283, -0.9935825892855942865 ) ) ;
#1870 = CARTESIAN_POINT ( 'NONE',  ( -0.4693771541392603441, -0.1298291175889338400, -1.001395089285787687 ) ) ;
#1871 = CARTESIAN_POINT ( 'NONE',  ( 0.08094558978963981022, -0.4661227011679614507, -0.5739397321428137966 ) ) ;
#1872 = B_SPLINE_CURVE_WITH_KNOTS ( 'NONE', 3,
 ( #4691, #7020, #4654, #1816, #4119, #2286 ),
 .UNSPECIFIED., .F., .F.,
 ( 4, 2, 4 ),
 ( 2.380728834770644832E-07, 0.004405349813808299639, 0.008810461554733122619 ),
 .UNSPECIFIED. ) ;
#1873 = CARTESIAN_POINT ( 'NONE',  ( -0.4303670838815877309, 0.2036162084359067204, -0.6523437500000516254 ) ) ;
#1874 = CARTESIAN_POINT ( 'NONE',  ( -0.3833214177182054372, 0.3363978230858156726, -0.4825473285812086899 ) ) ;
#1875 = CARTESIAN_POINT ( 'NONE',  ( 0.3260328652509688618, -0.3425312125040396727, -0.5672433035714294913 ) ) ;
#1876 = APPROVAL_PERSON_ORGANIZATION ( #3523, #6644, #641 ) ;
#1877 = VECTOR ( 'NONE', #477, 39.37007874015748854 ) ;
#1878 = CARTESIAN_POINT ( 'NONE',  ( -0.4773519836503413716, -0.07087511985074035348, -0.8777901785714444793 ) ) ;
#1879 = CARTESIAN_POINT ( 'NONE',  ( -0.3373227352566463555, 0.3847427000660038621, -0.5632453425097916355 ) ) ;
#1880 = CARTESIAN_POINT ( 'NONE',  ( -0.05784203330185380687, 0.4684437634663125016, -0.5209263392857378383 ) ) ;
#1881 = CARTESIAN_POINT ( 'NONE',  ( -0.3244934345368520323, -0.3955063688485940809, -0.3984374999999568678 ) ) ;
#1882 = CARTESIAN_POINT ( 'NONE',  ( -0.5937500000000003331, 0.1454274048268699715, -0.03477702822489687345 ) ) ;
#1883 = CARTESIAN_POINT ( 'NONE',  ( 0.3204980305236996285, 0.4107957085177474932, -0.6459263392857156338 ) ) ;
#1884 = CARTESIAN_POINT ( 'NONE',  ( -0.01172799243344566436, -0.4752541293814325218, -0.6297433035714544713 ) ) ;
#1885 = CARTESIAN_POINT ( 'NONE',  ( -0.4651829527174956014, 0.2372204410081303338, -0.9891056096026781264 ) ) ;
#1886 = AXIS2_PLACEMENT_3D ( 'NONE', #5880, #2966, #1086 ) ;
#1887 = CARTESIAN_POINT ( 'NONE',  ( 0.05730878790102608700, -0.4651395379769747151, -0.4316406250000181521 ) ) ;
#1888 = CARTESIAN_POINT ( 'NONE',  ( -0.3557206970405900615, -0.3789364015545742537, -0.8222133419316947078 ) ) ;
#1889 = CARTESIAN_POINT ( 'NONE',  ( 0.3485001416003858377, 0.3318904929344506094, -0.8351004464284949025 ) ) ;
#1890 = CARTESIAN_POINT ( 'NONE',  ( -0.2850995582181358179, 0.3843025007864884768, -0.7293526785714338212 ) ) ;
#1891 = CARTESIAN_POINT ( 'NONE',  ( 0.4112367488129386461, 0.3210225084456808653, -0.7223772321428518772 ) ) ;
#1892 = CARTESIAN_POINT ( 'NONE',  ( -0.1162519956962227152, -0.5180237666536596786, -0.9623325892857682584 ) ) ;
#1893 = CARTESIAN_POINT ( 'NONE',  ( 0.2278002832252088716, 0.4263244157821704516, -0.8850446428572230628 ) ) ;
#1894 = CARTESIAN_POINT ( 'NONE',  ( -0.03335494976808047601, 0.5114079158967846928, -0.5629042290853522035 ) ) ;
#1895 = DIRECTION ( 'NONE',  ( 0.000000000000000000, 0.000000000000000000, 1.000000000000000000 ) ) ;
#1896 = EDGE_LOOP ( 'NONE', ( #3290, #6365 ) ) ;
#1897 = CARTESIAN_POINT ( 'NONE',  ( -0.4967134957932978212, 0.1332052580849878709, -0.6201968104874838739 ) ) ;
#1898 = CARTESIAN_POINT ( 'NONE',  ( 0.2444940879541271928, -0.4400440770399978718, -0.9703987482997143976 ) ) ;
#1899 = DIRECTION ( 'NONE',  ( 0.000000000000000000, 0.000000000000000000, 1.000000000000000000 ) ) ;
#1900 = CARTESIAN_POINT ( 'NONE',  ( -0.3203423250421892354, -0.4162680826089262820, -0.9717410016208390955 ) ) ;
#1902 = CARTESIAN_POINT ( 'NONE',  ( 0.3338259937332389016, -0.4066551358548735617, -0.8091517857143406545 ) ) ;
#1901 = CARTESIAN_POINT ( 'NONE',  ( -0.2675286554258078930, 0.4515430143590003498, -0.9861353113478923405 ) ) ;
#1903 = CARTESIAN_POINT ( 'NONE',  ( 0.4200085139004300361, 0.3005706477298265011, -0.7172970367246515044 ) ) ;
#1904 = CARTESIAN_POINT ( 'NONE',  ( -0.4799755041056229521, 0.08334728700244241340, -1.024274553571402180 ) ) ;
#1905 = CARTESIAN_POINT ( 'NONE',  ( 0.4859823895353110879, -6.254372016527501711E-05, -0.9687499999999666933 ) ) ;
#1906 = CARTESIAN_POINT ( 'NONE',  ( -0.4596208674663527227, 0.1150622772436781516, -0.5965401785714550265 ) ) ;
#1907 = CARTESIAN_POINT ( 'NONE',  ( 0.4609375000000000000, 5.644856339819830631E-17, -0.4542999999999999816 ) ) ;
#1908 = CARTESIAN_POINT ( 'NONE',  ( -0.4802700020659680935, 0.01185179087048889024, -0.8083147321428123533 ) ) ;
#1909 = CARTESIAN_POINT ( 'NONE',  ( 0.1338734887897514436, -0.5006477483254598848, -0.7470263277196660390 ) ) ;
#1910 = CARTESIAN_POINT ( 'NONE',  ( 0.04775192527715284296, -0.4841555873779787578, -0.9854910714284953466 ) ) ;
#1911 = CC_DESIGN_PERSON_AND_ORGANIZATION_ASSIGNMENT ( #1794, #2945, ( #2201 ) ) ;
#1912 = CARTESIAN_POINT ( 'NONE',  ( 0.1903896936368691672, 0.4296708056489280669, -0.4734933035714518623 ) ) ;
#1913 = COORDINATED_UNIVERSAL_TIME_OFFSET ( 6, 0, .BEHIND. ) ;
#1914 = CARTESIAN_POINT ( 'NONE',  ( -0.3017863023630408259, -0.3676312486966568649, -0.6372767857142757064 ) ) ;
#1915 = CARTESIAN_POINT ( 'NONE',  ( -0.2532981626356353155, -0.3998877344111151366, -0.5823102678571202562 ) ) ;
#1916 = CARTESIAN_POINT ( 'NONE',  ( 0.4779522040485446599, -0.05888349783878651239, -0.8451450892857753638 ) ) ;
#1917 = DIRECTION ( 'NONE',  ( -1.000000000000000000, 0.000000000000000000, 0.000000000000000000 ) ) ;
#1918 = CARTESIAN_POINT ( 'NONE',  ( -0.4572880129276534200, -0.1144822020908828897, -0.5016741071428871823 ) ) ;
#1919 = CARTESIAN_POINT ( 'NONE',  ( 0.4522527369049772483, 0.2418134210892484703, -0.4386160714285631812 ) ) ;
#1920 = CARTESIAN_POINT ( 'NONE',  ( -0.5937499999999998890, -0.2866322704717669256, -0.06255709675396985137 ) ) ;
#1921 = CARTESIAN_POINT ( 'NONE',  ( -0.4023823117068587862, 0.3301348489650131612, -0.6283482142857496067 ) ) ;
#1922 = CARTESIAN_POINT ( 'NONE',  ( 0.4188898244760658196, -0.2239705428673834930, -0.6171875000000616174 ) ) ;
#1923 = CARTESIAN_POINT ( 'NONE',  ( -0.4644461545056125518, 0.1043576194749329250, -0.6676897321428600929 ) ) ;
#1924 = DIRECTION ( 'NONE',  ( 0.000000000000000000, 0.000000000000000000, -1.000000000000000000 ) ) ;
#1925 = DIRECTION ( 'NONE',  ( -1.000000000000000000, 0.000000000000000000, 0.000000000000000000 ) ) ;
#1926 = CARTESIAN_POINT ( 'NONE',  ( -0.5064428414412475155, -0.1177559437819570148, -0.8289060889293196066 ) ) ;
#1927 = CARTESIAN_POINT ( 'NONE',  ( 0.4670224062551899813, 0.1169191686114706835, -0.8409598214285589624 ) ) ;
#1928 = VECTOR ( 'NONE', #761, 39.37007874015748854 ) ;
#1929 = CARTESIAN_POINT ( 'NONE',  ( -0.2859283831540257448, -0.3856398974978005323, -0.7795758928570912794 ) ) ;
#1930 = CARTESIAN_POINT ( 'NONE',  ( 0.3766395984394361740, -0.3584928404997443363, -0.6671316964285525231 ) ) ;
#1931 = CARTESIAN_POINT ( 'NONE',  ( 0.1293397813226888626, 0.5160708120407921928, -0.9983258928571343560 ) ) ;
#1932 = CARTESIAN_POINT ( 'NONE',  ( 0.4836167842080572599, -0.01180602915595893414, -0.8976004464285495255 ) ) ;
#1933 = ADVANCED_FACE ( 'NONE', ( #1211 ), #3956, .T. ) ;
#1934 = CARTESIAN_POINT ( 'NONE',  ( 0.01706541835221985284, 0.5114172510447058118, -0.5640230116327283882 ) ) ;
#1935 = CARTESIAN_POINT ( 'NONE',  ( 0.4083947430771097120, 0.3128969991871841660, -0.6532822624464779127 ) ) ;
#1936 = ORIENTED_EDGE ( 'NONE', *, *, #7548, .T. ) ;
#1937 = CARTESIAN_POINT ( 'NONE',  ( -0.4610570341704259278, 0.2280252303572338768, -0.6224380177315590457 ) ) ;
#1938 = CARTESIAN_POINT ( 'NONE',  ( -0.4839583041722995138, 0.06569859445929458752, -0.9545530638003407731 ) ) ;
#1939 = CARTESIAN_POINT ( 'NONE',  ( 0.2216047699078246558, 0.4144651862824003108, -0.4564732142857373387 ) ) ;
#1940 = CARTESIAN_POINT ( 'NONE',  ( -0.4713234321202349197, -0.2321623387355015444, -0.9769397671261198512 ) ) ;
#1942 = CARTESIAN_POINT ( 'NONE',  ( -0.03848878016765883148, -0.5227507229063219629, -0.7463727678571518975 ) ) ;
#1941 = CARTESIAN_POINT ( 'NONE',  ( -0.06683583312273738697, -0.5062305631439537601, -0.5294231669049680455 ) ) ;
#1943 = CARTESIAN_POINT ( 'NONE',  ( 0.3409582726201951242, 0.3878278293584127567, -0.7146994123303611612 ) ) ;
#1944 = CARTESIAN_POINT ( 'NONE',  ( 0.4535636054974343523, -0.1748876325841540458, -0.9907924107142673797 ) ) ;
#1945 = ORIENTED_EDGE ( 'NONE', *, *, #2399, .F. ) ;
#1946 = CARTESIAN_POINT ( 'NONE',  ( -0.4864963127141769816, -0.02383726637230041551, -1.003906250000077272 ) ) ;
#1947 = CARTESIAN_POINT ( 'NONE',  ( -0.3432421559285415147, 0.3268778591948685586, -0.6023995535714278260 ) ) ;
#1948 = DIRECTION ( 'NONE',  ( 0.000000000000000000, 0.000000000000000000, 1.000000000000000000 ) ) ;
#1949 = CARTESIAN_POINT ( 'NONE',  ( -0.1940028708678370739, 0.4375021023466127423, -0.7497209821427934795 ) ) ;
#1950 = CARTESIAN_POINT ( 'NONE',  ( -0.3686840820754594961, -0.3179463275518753518, -0.9963727678570639679 ) ) ;
#1951 = CARTESIAN_POINT ( 'NONE',  ( 0.2895387248980935690, -0.3711079519176486707, -0.4969308035714491423 ) ) ;
#1952 = CARTESIAN_POINT ( 'NONE',  ( -0.05798557547356829323, -0.4696375379017618257, -0.5594308035713863037 ) ) ;
#1953 = CARTESIAN_POINT ( 'NONE',  ( 0.4146474929315741020, 0.2217065862560474443, -0.4810267857143255554 ) ) ;
#1954 = CARTESIAN_POINT ( 'NONE',  ( 0.2578599127505235011, -0.4070822587899952660, -0.8551897321428513221 ) ) ;
#1955 = CARTESIAN_POINT ( 'NONE',  ( -0.4948029225695329547, 0.1682183283409390273, -0.9144398963546477299 ) ) ;
#1956 = CARTESIAN_POINT ( 'NONE',  ( 0.4347208265636192115, -0.1799976434440029582, -0.4732142857143017967 ) ) ;
#1957 = CARTESIAN_POINT ( 'NONE',  ( -0.08753535184271440950, 0.5048649903685942242, -0.4243861607142983550 ) ) ;
#1958 = CARTESIAN_POINT ( 'NONE',  ( -0.4842977064975538259, 0.02385449406976680731, -0.9514508928570410973 ) ) ;
#1959 = CARTESIAN_POINT ( 'NONE',  ( -0.5937500000000000000, 0.1165728765000795253, -0.9688527565517299767 ) ) ;
#1960 = CARTESIAN_POINT ( 'NONE',  ( 0.2435394988211105616, 0.4554890887946842493, -0.5011160714285500806 ) ) ;
#1961 = CARTESIAN_POINT ( 'NONE',  ( -0.2738056054287995034, -0.3888869649905158377, -0.6364397321428938437 ) ) ;
#1962 = CARTESIAN_POINT ( 'NONE',  ( -0.3020895417547654893, 0.3681937274906418867, -0.6752232142856373631 ) ) ;
#1963 = CARTESIAN_POINT ( 'NONE',  ( -0.4565467281561425561, 0.2540001672883696604, -0.9893696268413791906 ) ) ;
#1964 = CARTESIAN_POINT ( 'NONE',  ( -0.03544556064135892526, 0.4796306174812773326, -0.8071986607142711545 ) ) ;
#1965 = CARTESIAN_POINT ( 'NONE',  ( -0.5102538420815824205, -0.03352480896888506562, -0.5528256828202822160 ) ) ;
#1966 = CARTESIAN_POINT ( 'NONE',  ( 0.08196482625293317892, -0.4727359625986476410, -0.7882254464285346485 ) ) ;
#1967 = EDGE_CURVE ( 'NONE', #3923, #1773, #4455, .T. ) ;
#1968 = CARTESIAN_POINT ( 'NONE',  ( 0.2152605354411668559, 0.4277947653866894795, -0.7419084821428693077 ) ) ;
#1969 = CARTESIAN_POINT ( 'NONE',  ( -0.5169388953016227362, 0.06382601073749662179, -0.6955915178571281388 ) ) ;
#1970 = CARTESIAN_POINT ( 'NONE',  ( 0.2035526875071475006, 0.4916090734991302447, -1.000000000000008216 ) ) ;
#1971 = CARTESIAN_POINT ( 'NONE',  ( 0.02364416885070409410, 0.4826332727315930660, -0.8800223214286314599 ) ) ;
#1972 = AXIS2_PLACEMENT_3D ( 'NONE', #6620, #1330, #304 ) ;
#1973 = CARTESIAN_POINT ( 'NONE',  ( -0.2263591175687234003, 0.4596268999970841151, -0.5584396778686541163 ) ) ;
#1974 = FACE_OUTER_BOUND ( 'NONE', #2198, .T. ) ;
#1975 = ORIENTED_EDGE ( 'NONE', *, *, #4125, .F. ) ;
#1976 = ADVANCED_FACE ( 'NONE', ( #4815, #5390 ), #3093, .F. ) ;
#1977 = CARTESIAN_POINT ( 'NONE',  ( -0.4521015303248923645, -0.2610826597187387299, -0.8969778732538581378 ) ) ;
#1978 = CARTESIAN_POINT ( 'NONE',  ( -0.4641037470746224303, -0.2240300871277977612, -0.9823456342098213501 ) ) ;
#1979 = CARTESIAN_POINT ( 'NONE',  ( 0.4949729527605612467, -0.03343157594450210657, -0.9630913676795794798 ) ) ;
#1980 = CARTESIAN_POINT ( 'NONE',  ( -0.4888389639835337142, 0.1841742359471572332, -0.9070275066411614961 ) ) ;
#1982 = CARTESIAN_POINT ( 'NONE',  ( 0.4576281898565929818, -0.2593211489916748547, -0.8049665178572797952 ) ) ;
#1981 = CARTESIAN_POINT ( 'NONE',  ( -0.2700634629358443783, -0.4335347273211011543, -0.5342638573929515688 ) ) ;
#1983 = CARTESIAN_POINT ( 'NONE',  ( 0.4892033090375986215, 0.1659389659858005184, -0.7206426301872879137 ) ) ;
#1984 = CARTESIAN_POINT ( 'NONE',  ( -0.4584861434398384561, -0.1641195970573056939, -1.018415178571511870 ) ) ;
#1985 = ORIENTED_EDGE ( 'NONE', *, *, #6684, .F. ) ;
#1986 = CARTESIAN_POINT ( 'NONE',  ( 0.1180792476682539088, -0.5083302687017621224, -0.8902607578447682135 ) ) ;
#1987 = CARTESIAN_POINT ( 'NONE',  ( -0.4113208711849544730, -0.2605447721210608636, -0.9980468750000270894 ) ) ;
#1988 = CARTESIAN_POINT ( 'NONE',  ( -0.4714652576064169986, 0.04649649126242513114, -0.5948660714285446405 ) ) ;
#1989 = CARTESIAN_POINT ( 'NONE',  ( -0.4835434448305855337, -0.003065371807168454366, -0.9508207913542225942 ) ) ;
#1990 = CARTESIAN_POINT ( 'NONE',  ( 0.2152605354409984351, 0.4277947653844262343, -0.7597656250000149880 ) ) ;
#1991 = CARTESIAN_POINT ( 'NONE',  ( 0.3829755286671330805, 0.2987977402683498762, -0.9612165178571377977 ) ) ;
#1992 = CARTESIAN_POINT ( 'NONE',  ( 0.4697852781026451430, 0.02314344687962907599, -0.4860491071428645893 ) ) ;
#1993 = CARTESIAN_POINT ( 'NONE',  ( 0.4746790177894319451, 0.01171762662934779618, -0.6113281250000084377 ) ) ;
#1994 = CARTESIAN_POINT ( 'NONE',  ( -0.2223849187775424063, 0.4161816268418175868, -0.5345982142857048647 ) ) ;
#1995 = CARTESIAN_POINT ( 'NONE',  ( 0.2960983582224903099, 0.3793143542329581175, -0.8334263392857903519 ) ) ;
#1996 = AXIS2_PLACEMENT_3D ( 'NONE', #5387, #1483, #3250 ) ;
#1997 = CARTESIAN_POINT ( 'NONE',  ( 0.1355700439237609578, 0.5052781464921537458, -0.9315503532856684865 ) ) ;
#1998 = CARTESIAN_POINT ( 'NONE',  ( -0.4679927071682317696, 0.05765645210165076112, -0.5058593750000223155 ) ) ;
#1999 = CARTESIAN_POINT ( 'NONE',  ( -0.1241997504232239813, -0.4961202436263886795, -0.3934151785714637972 ) ) ;
#2000 = CARTESIAN_POINT ( 'NONE',  ( 0.1181376518817961740, -0.4718896029200963516, -1.001674107142785486 ) ) ;
#2001 = CARTESIAN_POINT ( 'NONE',  ( 0.1801072389446538302, 0.4769572560645557457, -0.5041024845478325744 ) ) ;
#2002 = CARTESIAN_POINT ( 'NONE',  ( -0.5154712642547540913, -0.05084044408648906443, -0.5479910714285837203 ) ) ;
#2003 = CARTESIAN_POINT ( 'NONE',  ( 0.4605019373199861765, 0.1154166157550317595, -0.6088169642857311770 ) ) ;
#2004 = CARTESIAN_POINT ( 'NONE',  ( -0.4746171234215248447, 0.05860041927919189264, -0.7380022321428736376 ) ) ;
#2005 = CARTESIAN_POINT ( 'NONE',  ( -0.3001888118892535040, 0.4198885799255711593, -0.7072276409859425961 ) ) ;
#2006 = CARTESIAN_POINT ( 'NONE',  ( -0.3228693212994323547, 0.3561336114017303878, -0.7996651785713474458 ) ) ;
#2007 = CC_DESIGN_APPROVAL ( #3365, ( #4939 ) ) ;
#2008 = CARTESIAN_POINT ( 'NONE',  ( 0.1670298159659042159, 0.4917257182764558920, -0.7816512473657312166 ) ) ;
#2009 = VECTOR ( 'NONE', #5051, 39.37007874015748854 ) ;
#2010 = CARTESIAN_POINT ( 'NONE',  ( 0.4587364737764449418, -0.1392206332536027602, -0.7756696428571572266 ) ) ;
#2011 = ADVANCED_FACE ( 'NONE', ( #136 ), #790, .T. ) ;
#2012 = CARTESIAN_POINT ( 'NONE',  ( 0.3983775813983078118, 0.2661132695171368190, -0.7477678571428353349 ) ) ;
#2013 = CARTESIAN_POINT ( 'NONE',  ( 0.5121030530730417141, -0.08892633514990296029, -0.6604352678571088209 ) ) ;
#2014 = CARTESIAN_POINT ( 'NONE',  ( 0.4991829076287438993, 0.1785378517310350355, -0.9380580357143164516 ) ) ;
#2015 = SECURITY_CLASSIFICATION ( '', '', #5934 ) ;
#2016 = CONICAL_SURFACE ( 'NONE', #2498, 0.5250000000000000222, 0.03112503826906170765 ) ;
#2017 = CARTESIAN_POINT ( 'NONE',  ( 0.2070617951697889814, -0.4376407160499150018, -0.9101562500000603961 ) ) ;
#2018 = CARTESIAN_POINT ( 'NONE',  ( -0.3388833866349827972, -0.3855284110074924109, -0.6153398229421201959 ) ) ;
#2019 = DIRECTION ( 'NONE',  ( -1.000000000000000000, 0.000000000000000000, 0.000000000000000000 ) ) ;
#2020 = ORIENTED_EDGE ( 'NONE', *, *, #837, .T. ) ;
#2021 = CIRCLE ( 'NONE', #4466, 0.3970717995527425770 ) ;
#2022 = CARTESIAN_POINT ( 'NONE',  ( 0.4681465396132186152, -0.2312509331269601565, -0.8724337885630122358 ) ) ;
#2023 = CARTESIAN_POINT ( 'NONE',  ( -0.5111003781984109207, 5.367654456301266836E-16, -0.5535705727142919974 ) ) ;
#2024 = CARTESIAN_POINT ( 'NONE',  ( -0.4240345415491486025, -0.2006243454374914137, -0.4280133928571270285 ) ) ;
#2025 = CARTESIAN_POINT ( 'NONE',  ( -0.4645206718336280516, -0.2483728610840777729, -0.8292410714285778361 ) ) ;
#2026 = CARTESIAN_POINT ( 'NONE',  ( -0.3388470532205670183, 0.4006829512140812621, -0.9920191456807532226 ) ) ;
#2028 = CARTESIAN_POINT ( 'NONE',  ( 0.4751560981097556202, 0.2248113386755803966, -0.7940848214285400886 ) ) ;
#2027 = CARTESIAN_POINT ( 'NONE',  ( 0.4773378108024202704, -0.1799992714112994274, -0.5141727356985897890 ) ) ;
#2029 = CARTESIAN_POINT ( 'NONE',  ( -0.5197538316029363115, -4.076429428045892694E-16, -0.8315030447319246010 ) ) ;
#2030 = CARTESIAN_POINT ( 'NONE',  ( 0.1181376518754381488, -0.4718896029215176036, -1.001674107142933146 ) ) ;
#2031 = CARTESIAN_POINT ( 'NONE',  ( 0.5188841509846563449, 6.573509234754633431E-16, -0.8035705566482685969 ) ) ;
#2032 = ORIENTED_EDGE ( 'NONE', *, *, #5814, .F. ) ;
#2033 = CARTESIAN_POINT ( 'NONE',  ( -0.4239172124642379136, -0.2814382603973593633, -0.4754801391148242851 ) ) ;
#2034 = CARTESIAN_POINT ( 'NONE',  ( 0.4975798495212002126, 0.1644533958658333239, -0.7977120535714061766 ) ) ;
#2035 = CARTESIAN_POINT ( 'NONE',  ( 0.2320863263424990386, -0.4095591057071749641, -0.4986049107142893067 ) ) ;
#2036 = LINE ( 'NONE', #6008, #5392 ) ;
#2037 = CARTESIAN_POINT ( 'NONE',  ( -0.2559629124067469563, 0.4043246679678821898, -0.7480468750000635048 ) ) ;
#2038 = CARTESIAN_POINT ( 'NONE',  ( 0.4741112617585640510, 0.1064011534866504405, -0.9662388392856352537 ) ) ;
#2039 = CARTESIAN_POINT ( 'NONE',  ( 0.1483284184199228362, -0.4491904474397609426, -0.5544084821428628684 ) ) ;
#2040 = CARTESIAN_POINT ( 'NONE',  ( 0.09160693895984421686, 0.4608684457445209048, -0.4709821428571400737 ) ) ;
#2041 = CARTESIAN_POINT ( 'NONE',  ( -0.4041263468026276007, 0.2559830220116889321, -0.7430245535714635752 ) ) ;
#2042 = CARTESIAN_POINT ( 'NONE',  ( -0.4704837308191671119, 0.1132005435783060426, -0.9509059553377400276 ) ) ;
#2043 = CARTESIAN_POINT ( 'NONE',  ( 0.4299084307092780888, 0.1904991743543436866, -0.4640066964285799456 ) ) ;
#2044 = CARTESIAN_POINT ( 'NONE',  ( 0.2194540353490797013, -0.4641513660973631827, -0.4570312500000622280 ) ) ;
#2045 = CARTESIAN_POINT ( 'NONE',  ( 0.2186235169597010031, -0.4344695540058004513, -0.9991629464285601836 ) ) ;
#2046 = CARTESIAN_POINT ( 'NONE',  ( 0.5014701922269366730, -0.1256804583471228254, -0.5161830357142727088 ) ) ;
#2047 = CARTESIAN_POINT ( 'NONE',  ( -0.4233128024276631707, 0.2130052498989169485, -0.5811941964285896045 ) ) ;
#2048 = CARTESIAN_POINT ( 'NONE',  ( -0.4416244266445492062, -0.1829975262100629885, -0.7321428571429845489 ) ) ;
#2049 = CARTESIAN_POINT ( 'NONE',  ( -0.5147509729571904113, 0.03362103191182335554, -0.6971679097350391707 ) ) ;
#2050 = B_SPLINE_CURVE_WITH_KNOTS ( 'NONE', 3,
 ( #4770, #7099, #1856, #4848, #6530, #16, #1357, #593 ),
 .UNSPECIFIED., .F., .F.,
 ( 4, 2, 2, 4 ),
 ( 0.07165283954430662350, 0.07605353832720335161, 0.07825388771865171567, 0.08045423711010007972 ),
 .UNSPECIFIED. ) ;
#2051 = CARTESIAN_POINT ( 'NONE',  ( 0.4128171869767541247, 0.2475097606456760913, -0.8197544642857208519 ) ) ;
#2052 = CARTESIAN_POINT ( 'NONE',  ( 0.4123110108236908711, 0.3160548518386209760, -0.7883538365365518885 ) ) ;
#2053 = CARTESIAN_POINT ( 'NONE',  ( -0.3907348186981124405, -0.2752663856130226350, -0.7296316964285201045 ) ) ;
#2054 = CARTESIAN_POINT ( 'NONE',  ( 0.1166363900795409497, -0.4653688105908777572, -0.7695312500000389688 ) ) ;
#2055 = CARTESIAN_POINT ( 'NONE',  ( 0.5172445412207126170, -0.05087294924415132480, -0.6595982142857346187 ) ) ;
#2056 = CARTESIAN_POINT ( 'NONE',  ( 0.02592062516865169600, 0.5290973519373064482, -0.9246651785714099514 ) ) ;
#2057 = CARTESIAN_POINT ( 'NONE',  ( -0.2055160745273833800, 0.4346719083541776829, -0.8030133928571726587 ) ) ;
#2058 = CARTESIAN_POINT ( 'NONE',  ( -0.3220697773799489627, 0.4996563719945242843, -0.02499999999999960587 ) ) ;
#2059 = CARTESIAN_POINT ( 'NONE',  ( -0.5937500000000000000, 0.02903107522490281159, -0.9749999999999998668 ) ) ;
#2060 = ORIENTED_EDGE ( 'NONE', *, *, #905, .F. ) ;
#2061 = CARTESIAN_POINT ( 'NONE',  ( 0.2302172529706082715, -0.4679776847281540419, -0.8798762535044096778 ) ) ;
#2062 = CARTESIAN_POINT ( 'NONE',  ( -0.5081240585084264572, 0.1315401006090104463, -0.9850231933459412392 ) ) ;
#2063 = CARTESIAN_POINT ( 'NONE',  ( -0.2107499643589975935, -0.4188308394676041879, -0.4204799107142649928 ) ) ;
#2064 = CARTESIAN_POINT ( 'NONE',  ( -0.4074657157072285596, 0.3344864473438968755, -0.8426339285713864147 ) ) ;
#2065 = CARTESIAN_POINT ( 'NONE',  ( -0.4685543434302854582, 0.2310388742559968955, -0.9081375025331595019 ) ) ;
#2066 = VECTOR ( 'NONE', #1058, 39.37007874015748143 ) ;
#2068 = CARTESIAN_POINT ( 'NONE',  ( 0.5131281328196487523, -0.1151533264025846048, -0.8016183035714374849 ) ) ;
#2067 = CARTESIAN_POINT ( 'NONE',  ( -0.1436021866452655005, 0.5057813622369737860, -0.9890721729916206462 ) ) ;
#2069 = CARTESIAN_POINT ( 'NONE',  ( -0.5153059497814959089, -3.482241818142690450E-13, -0.6886455366266885925 ) ) ;
#2070 = CARTESIAN_POINT ( 'NONE',  ( -0.4673793088303034859, 0.1294060282495971270, -0.9539620535714834482 ) ) ;
#2071 = CARTESIAN_POINT ( 'NONE',  ( 0.03384982367709732376, 0.5091719612246063953, -0.4929734658007444703 ) ) ;
#2072 = VERTEX_POINT ( 'NONE', #4775 ) ;
#2073 = CARTESIAN_POINT ( 'NONE',  ( -0.04719750383500241619, -0.5068244971319537662, -0.4653425762167380797 ) ) ;
#2074 = CARTESIAN_POINT ( 'NONE',  ( 0.4225800565362254346, 0.3134959985228662482, -0.8655133928571565605 ) ) ;
#2075 = CARTESIAN_POINT ( 'NONE',  ( -0.02315311387551171468, -0.4726104944528912166, -0.5764508928571518975 ) ) ;
#2076 = DIRECTION ( 'NONE',  ( -1.000000000000000000, 0.000000000000000000, 0.000000000000000000 ) ) ;
#2077 = CARTESIAN_POINT ( 'NONE',  ( -0.2889822097138480816, 0.3897522211308012130, -0.9436383928571843160 ) ) ;
#2078 = CARTESIAN_POINT ( 'NONE',  ( -0.02315311387551171468, -0.4726104944528912166, -0.5585937500000093259 ) ) ;
#2079 = CARTESIAN_POINT ( 'NONE',  ( 0.08077196734630588681, 0.4651452488047346789, -0.5421316964285659568 ) ) ;
#2080 = CARTESIAN_POINT ( 'NONE',  ( 0.4171549481687814587, -0.2363862494477264320, -0.7781808035715156446 ) ) ;
#2081 = CARTESIAN_POINT ( 'NONE',  ( -0.1838604114832620151, 0.4895421586515164014, -0.9244872256428695589 ) ) ;
#2082 = EDGE_CURVE ( 'NONE', #6323, #3217, #5735, .T. ) ;
#2083 = CARTESIAN_POINT ( 'NONE',  ( 0.06252315262116460437, -0.5074626945437588077, -0.3892299107142881964 ) ) ;
#2084 = CARTESIAN_POINT ( 'NONE',  ( 0.1180304039588769838, 0.4709466400980605316, -0.9715401785714199434 ) ) ;
#2085 = CARTESIAN_POINT ( 'NONE',  ( 0.2987740472518601309, 0.4241103775402826903, -0.5739397321428575394 ) ) ;
#2086 = CARTESIAN_POINT ( 'NONE',  ( 0.4113961901856071357, -0.2329787936269651361, -0.5460379464285742834 ) ) ;
#2087 = CARTESIAN_POINT ( 'NONE',  ( -0.04676701829987597869, 0.4741692378132627561, -0.6819196428570740709 ) ) ;
#2088 = CARTESIAN_POINT ( 'NONE',  ( -0.3526435804034693811, 0.3768517895431038878, -0.7057336167282723949 ) ) ;
#2089 = CARTESIAN_POINT ( 'NONE',  ( 0.02359173888150857198, -0.4814849235749946166, -0.8431919642857048647 ) ) ;
#2090 = CARTESIAN_POINT ( 'NONE',  ( 0.5186303089078148076, 0.01688543994967230469, -0.7954176317267804830 ) ) ;
#2091 = CARTESIAN_POINT ( 'NONE',  ( 0.07013825607277052177, -0.4723889869104465067, -0.7170758928571052682 ) ) ;
#2092 = CARTESIAN_POINT ( 'NONE',  ( 0.4093878691849359153, -0.2453016151651547794, -0.6891741071429203780 ) ) ;
#2093 = CARTESIAN_POINT ( 'NONE',  ( -0.4810194055325448526, -0.1993215826653892686, -0.6897321428569817003 ) ) ;
#2094 = CARTESIAN_POINT ( 'NONE',  ( 0.2960983582164111172, 0.3793143542354825426, -0.8155691964286061468 ) ) ;
#2095 = CARTESIAN_POINT ( 'NONE',  ( -0.5937500000000002220, 0.3428017223313401529, -0.07803161100199275391 ) ) ;
#2096 = ORIENTED_EDGE ( 'NONE', *, *, #705, .F. ) ;
#2097 = DIRECTION ( 'NONE',  ( 0.000000000000000000, 0.000000000000000000, -1.000000000000000000 ) ) ;
#2098 = CARTESIAN_POINT ( 'NONE',  ( 0.3741759466829192027, -0.3069927435347064026, -0.9051339285714732341 ) ) ;
#2099 = CARTESIAN_POINT ( 'NONE',  ( 0.2490379629837969067, -0.4660618776607996505, -0.8828125000000461853 ) ) ;
#2100 = CARTESIAN_POINT ( 'NONE',  ( -0.4524628561404208105, 0.2611967688563742174, -0.9088834499108420228 ) ) ;
#2102 = CARTESIAN_POINT ( 'NONE',  ( 0.2120729905271074300, 0.4782624913334137529, -0.7145647321428327814 ) ) ;
#2101 = CARTESIAN_POINT ( 'NONE',  ( 0.5937499999999997780, 0.2312053609084115946, -0.9512941130219688679 ) ) ;
#2103 = CARTESIAN_POINT ( 'NONE',  ( 7.645500535634138945E-17, -0.6856034446626805279, -0.9999999999999998890 ) ) ;
#2104 = CARTESIAN_POINT ( 'NONE',  ( -0.4813603591018774663, 0.03544116306645722636, -0.8803013392857111930 ) ) ;
#2105 = PLANE ( 'NONE',  #1138 ) ;
#2106 = VERTEX_POINT ( 'NONE', #6230 ) ;
#2107 = CARTESIAN_POINT ( 'NONE',  ( -0.5088764429960539459, -2.865239008979901257E-15, -0.4821420020034484777 ) ) ;
#2108 = CARTESIAN_POINT ( 'NONE',  ( 0.4430504667476721781, -0.2804740286006195404, -0.8077566964286249096 ) ) ;
#2109 = CARTESIAN_POINT ( 'NONE',  ( 0.1367349823507660322, -0.4505331118575153782, -0.5011160714285775031 ) ) ;
#2110 = CARTESIAN_POINT ( 'NONE',  ( -0.5937499999999998890, -0.3428017223313405415, -0.07803161100199272615 ) ) ;
#2111 = CARTESIAN_POINT ( 'NONE',  ( -0.09462684471152386922, 0.4760414356071144271, -0.9486607142856572361 ) ) ;
#2112 = CARTESIAN_POINT ( 'NONE',  ( -0.2027701620221665502, 0.4285699330477544811, -0.5887276785713901894 ) ) ;
#2113 = CARTESIAN_POINT ( 'NONE',  ( 0.4202689596618502388, -0.2116133437340096679, -0.4919084821428316157 ) ) ;
#2114 = CARTESIAN_POINT ( 'NONE',  ( 0.4675556224548276241, 0.1050602300695345492, -0.7698102678571978608 ) ) ;
#2115 = CARTESIAN_POINT ( 'NONE',  ( -0.3570320958637615005, 0.3269175034045779804, -0.9510867839286850645 ) ) ;
#2116 = CARTESIAN_POINT ( 'NONE',  ( -0.4673793088344526114, 0.1294060282441236720, -0.9539620535715356286 ) ) ;
#2117 = CARTESIAN_POINT ( 'NONE',  ( -0.4878652298559550959, 0.1744859500820503950, -0.5530133928570856172 ) ) ;
#2118 = CARTESIAN_POINT ( 'NONE',  ( -0.1039602621593911647, 0.4626602802343839915, -0.5912388392856866570 ) ) ;
#2119 = CARTESIAN_POINT ( 'NONE',  ( 0.4239547761631689560, 0.2134735259832125642, -0.6241629464285695095 ) ) ;
#2120 = LINE ( 'NONE', #4456, #2366 ) ;
#2121 = CARTESIAN_POINT ( 'NONE',  ( -0.4813082356204851919, -0.03544116306645669207, -0.8607700892857172992 ) ) ;
#2122 = CARTESIAN_POINT ( 'NONE',  ( 0.2741664337207004309, 0.4401531635682575661, -0.7842635990779192046 ) ) ;
#2123 = CARTESIAN_POINT ( 'NONE',  ( -0.4609655776385305770, 0.1274985506617012931, -0.7396763392856672281 ) ) ;
#2124 = CONICAL_SURFACE ( 'NONE', #4068, 0.5250000000000000222, 0.03112503826906170765 ) ;
#2125 = CARTESIAN_POINT ( 'NONE',  ( -0.2138698181044043634, -0.4247503242148729097, -0.6347656249999635847 ) ) ;
#2126 = CARTESIAN_POINT ( 'NONE',  ( 0.3382535243959678417, -0.3920217673683159543, -0.5968191964286471141 ) ) ;
#2127 = CARTESIAN_POINT ( 'NONE',  ( 0.1166363900795409497, -0.4653688105908777572, -0.7695312500000389688 ) ) ;
#2128 = CC_DESIGN_APPROVAL ( #2716, ( #2201 ) ) ;
#2129 = ADVANCED_FACE ( 'NONE', ( #6769 ), #3348, .T. ) ;
#2130 = CARTESIAN_POINT ( 'NONE',  ( 0.2112670633172197276, -0.4673638365387409177, -0.6023147067206441330 ) ) ;
#2131 = EDGE_LOOP ( 'NONE', ( #2647, #935, #2240, #1551, #4683 ) ) ;
#2132 = ORIENTED_EDGE ( 'NONE', *, *, #6042, .F. ) ;
#2133 = VECTOR ( 'NONE', #207, 39.37007874015748854 ) ;
#2134 = CARTESIAN_POINT ( 'NONE',  ( -0.5162488931707908124, 0.09462095240176597588, -0.9842022835005170833 ) ) ;
#2135 = CARTESIAN_POINT ( 'NONE',  ( -0.3578484820828194413, 0.3242459349343312369, -0.8699776785714534721 ) ) ;
#2136 = CARTESIAN_POINT ( 'NONE',  ( -0.3919318696307193539, -0.3551342487318192576, -0.8978794642858374253 ) ) ;
#2137 = CARTESIAN_POINT ( 'NONE',  ( -0.5219777093651807309, -1.172903345333412607E-12, -0.9029297705755542358 ) ) ;
#2138 = CARTESIAN_POINT ( 'NONE',  ( -0.4711008986434301327, -0.2320654793353858214, -0.9691568010869098249 ) ) ;
#2139 = CARTESIAN_POINT ( 'NONE',  ( -0.4665459619554049309, 0.2306301869454477627, -0.8445047340928354407 ) ) ;
#2140 = VECTOR ( 'NONE', #6652, 39.37007874015748143 ) ;
#2141 = B_SPLINE_CURVE_WITH_KNOTS ( 'NONE', 3,
 ( #6262, #3928, #3825, #6229, #974, #1047, #7344, #906 ),
 .UNSPECIFIED., .F., .F.,
 ( 4, 2, 2, 4 ),
 ( 0.01626369782864756433, 0.01846757689532126795, 0.02067145596199497504, 0.02507921409534238227 ),
 .UNSPECIFIED. ) ;
#2142 = CARTESIAN_POINT ( 'NONE',  ( -0.4989366716792986711, -0.1338050919763508484, -0.6934496816648074713 ) ) ;
#2143 = ORIENTED_EDGE ( 'NONE', *, *, #5909, .T. ) ;
#2144 = CARTESIAN_POINT ( 'NONE',  ( -0.4014926592841148723, -0.3133635111958450459, -0.4746083747111215501 ) ) ;
#2145 = CARTESIAN_POINT ( 'NONE',  ( -0.5027827513455040975, 0.1524426611620126049, -0.8404017857143503134 ) ) ;
#2146 = CARTESIAN_POINT ( 'NONE',  ( -0.4624846931179491527, 0.09205574349443525206, -0.5245535714285634032 ) ) ;
#2147 = CARTESIAN_POINT ( 'NONE',  ( -0.5152944531095324798, -0.01676744827293469645, -0.6882762853802513181 ) ) ;
#2148 = CARTESIAN_POINT ( 'NONE',  ( -0.3169513540950316122, 0.3673332534143082251, -0.9428013392857600428 ) ) ;
#2149 = CARTESIAN_POINT ( 'NONE',  ( 0.2427227267629887830, 0.4050839593981367948, -0.5284598214285701756 ) ) ;
#2150 = CARTESIAN_POINT ( 'NONE',  ( -0.4084244549662702783, 0.2314389564652748477, -0.4567522321428560961 ) ) ;
#2151 = CARTESIAN_POINT ( 'NONE',  ( 0.01168356125881691264, 0.4786008788618597576, -0.7547433035714432581 ) ) ;
#2152 = CARTESIAN_POINT ( 'NONE',  ( 0.000000000000000000, -2.492599052047696222E-17, 0.2380000000000000171 ) ) ;
#2153 = CARTESIAN_POINT ( 'NONE',  ( -0.4198080074477219537, -0.2377469543396132923, -0.8736049107142342951 ) ) ;
#2154 = B_SPLINE_CURVE_WITH_KNOTS ( 'NONE', 3,
 ( #474, #2855, #1163, #2787, #6410, #3390, #2322, #2172, #1083, #3504, #3425, #5840, #4578, #6835, #5726, #4650, #2207, #5761, #6261, #1120, #3965, #4506, #511, #2283, #5190, #1588, #6907, #4002, #6979, #3355, #3927, #7524, #4613, #1005 ),
 .UNSPECIFIED., .F., .F.,
 ( 4, 2, 2, 2, 2, 2, 2, 2, 2, 2, 2, 2, 2, 2, 2, 2, 4 ),
 ( 0.003785606219062682878, 0.006998045854813709013, 0.008604265672689221864, 0.01021048549056473471, 0.01101359539950248941, 0.01181670530844024410, 0.01342292512631575521, 0.01502914494419126633, 0.01663536476206677744, 0.01984780439781779621, 0.02145402421569330906, 0.02306024403356881497, 0.02386335394250656966, 0.02466646385144432435, 0.02627268366931983026, 0.02787890348719534311, 0.02948512330507085250 ),
 .UNSPECIFIED. ) ;
#2155 = CARTESIAN_POINT ( 'NONE',  ( 0.2754782182441966598, -0.4351517487493153924, -0.4534040178571140944 ) ) ;
#2156 = CARTESIAN_POINT ( 'NONE',  ( 0.04620768831060136084, 0.4698128594433293448, -0.5234375000000256462 ) ) ;
#2157 = CARTESIAN_POINT ( 'NONE',  ( -0.3348148976629402029, -0.3347288002930200457, -0.5848214285714813387 ) ) ;
#2158 = CARTESIAN_POINT ( 'NONE',  ( -0.3975000000000000755, 0.000000000000000000, 0.7139999999999999680 ) ) ;
#2159 = CARTESIAN_POINT ( 'NONE',  ( 0.4334448002806894906, -0.2049316609802371569, -0.7594866071428428844 ) ) ;
#2160 = CARTESIAN_POINT ( 'NONE',  ( 0.4655577631761145252, -0.2295725205853454687, -0.8009969151642098995 ) ) ;
#2161 = CARTESIAN_POINT ( 'NONE',  ( -0.2354512820708120902, -0.4157620928107449432, -0.7246093749999715783 ) ) ;
#2162 = CARTESIAN_POINT ( 'NONE',  ( -0.4644461545050992402, 0.1043576194752657976, -0.6498325892857438335 ) ) ;
#2163 = CARTESIAN_POINT ( 'NONE',  ( 0.3473660034499985172, 0.3831600305431581144, -0.5775669642856948727 ) ) ;
#2164 = CARTESIAN_POINT ( 'NONE',  ( -0.4439922825297858977, 0.1838365656419633787, -0.7946428571428945098 ) ) ;
#2165 = ORIENTED_EDGE ( 'NONE', *, *, #7120, .F. ) ;
#2166 = CARTESIAN_POINT ( 'NONE',  ( -0.1333498525902113430, -0.4955088610368809654, -0.6101304079412565029 ) ) ;
#2167 = VERTEX_POINT ( 'NONE', #7346 ) ;
#2168 = ORIENTED_EDGE ( 'NONE', *, *, #7530, .T. ) ;
#2169 = CARTESIAN_POINT ( 'NONE',  ( -0.5244569141024315595, 0.01908950007779105715, -0.9825571134477387725 ) ) ;
#2170 = CARTESIAN_POINT ( 'NONE',  ( 0.4594245621753284547, -0.1518389471371043298, -0.9009486607142541681 ) ) ;
#2171 = CARTESIAN_POINT ( 'NONE',  ( 0.1781065211872656096, -0.4975606381800424804, -0.8844866071428109100 ) ) ;
#2172 = CARTESIAN_POINT ( 'NONE',  ( -0.1599755061232147613, -0.4716588782276218139, -0.4542999999999999816 ) ) ;
#2173 = EDGE_CURVE ( 'NONE', #6118, #300, #7453, .T. ) ;
#2174 = CARTESIAN_POINT ( 'NONE',  ( -0.2324745472640997457, -0.4706320445277345499, -0.9617198168982813433 ) ) ;
#2175 = CARTESIAN_POINT ( 'NONE',  ( 0.000000000000000000, 0.000000000000000000, -0.02500000000000000139 ) ) ;
#2176 = CARTESIAN_POINT ( 'NONE',  ( 0.06695037653266938671, -0.5116840187681993557, -0.6770918251911595132 ) ) ;
#2177 = ORIENTED_EDGE ( 'NONE', *, *, #142, .F. ) ;
#2178 = CARTESIAN_POINT ( 'NONE',  ( -0.4490557241312987946, -0.2590974179731086458, -0.7541267636201808289 ) ) ;
#2179 = CARTESIAN_POINT ( 'NONE',  ( 0.2806786806049865746, -0.4431064591951668352, -0.8127790178570712953 ) ) ;
#2180 = CARTESIAN_POINT ( 'NONE',  ( -0.2616972358418454547, -0.3917735127457608324, -0.5111607142857433894 ) ) ;
#2181 = CARTESIAN_POINT ( 'NONE',  ( -0.4463907710378295923, -0.2576302868647517563, -0.6826949318292790947 ) ) ;
#2182 = CARTESIAN_POINT ( 'NONE',  ( 0.1288361139265122579, 0.4658014053196531390, -0.8825334821428334475 ) ) ;
#2183 = CARTESIAN_POINT ( 'NONE',  ( 0.3637531680933525080, -0.2986027829753186147, -0.4765624999999801270 ) ) ;
#2184 = CARTESIAN_POINT ( 'NONE',  ( 0.3038102529807573671, 0.3702970217391249874, -0.7622767857142880299 ) ) ;
#2185 = CARTESIAN_POINT ( 'NONE',  ( 0.4669650559480135743, -0.1844344682855712791, -0.4542999999999999816 ) ) ;
#2186 = CARTESIAN_POINT ( 'NONE',  ( 0.02364416885133452731, 0.4826332727307708348, -0.8978794642856955388 ) ) ;
#2187 = CARTESIAN_POINT ( 'NONE',  ( -0.4063824962727307089, -0.3172331765196704234, -0.4701450892856653963 ) ) ;
#2188 = CARTESIAN_POINT ( 'NONE',  ( -0.2223849187826468232, 0.4161816268387277251, -0.5167410714285491924 ) ) ;
#2189 = CARTESIAN_POINT ( 'NONE',  ( 0.02339030370848595858, -0.4747966019332598431, -0.6467633928571751012 ) ) ;
#2190 = CARTESIAN_POINT ( 'NONE',  ( -0.3187670603984057438, 0.3443966710003948384, -0.4542999999999999261 ) ) ;
#2191 = CARTESIAN_POINT ( 'NONE',  ( 0.01184142506647597841, -0.4796948904701837102, -0.7720424107143225578 ) ) ;
#2192 = CARTESIAN_POINT ( 'NONE',  ( 0.2742789441704392983, 0.4403687249516836100, -0.7920459398877320867 ) ) ;
#2193 = CARTESIAN_POINT ( 'NONE',  ( 0.3370908056027867583, 0.3371829433137094600, -0.6919642857143538661 ) ) ;
#2194 = CARTESIAN_POINT ( 'NONE',  ( 0.5208891191675714127, -0.03444018223925074396, -0.8679663229793020962 ) ) ;
#2195 = CARTESIAN_POINT ( 'NONE',  ( -0.08121994778763902412, -0.4684621448605132965, -0.6314174107142598302 ) ) ;
#2196 = CARTESIAN_POINT ( 'NONE',  ( -0.2870128726386536600, 0.4296650304071380488, -0.5624999999999890088 ) ) ;
#2197 = CARTESIAN_POINT ( 'NONE',  ( 0.08196482625847495429, -0.4727359625947343269, -0.7703683035714177230 ) ) ;
#2198 = EDGE_LOOP ( 'NONE', ( #3346, #2925 ) ) ;
#2199 = CARTESIAN_POINT ( 'NONE',  ( 0.2264665923007888326, -0.4599026130363422227, -0.5941563691246267709 ) ) ;
#2200 = CARTESIAN_POINT ( 'NONE',  ( 0.2550586501565410003, -0.4423713997950009524, -0.5297675121263722975 ) ) ;
#2201 = PRODUCT_DEFINITION ( 'UNKNOWN', '', #4939, #1705 ) ;
#2202 = ORIENTED_EDGE ( 'NONE', *, *, #3715, .T. ) ;
#2203 = ORIENTED_EDGE ( 'NONE', *, *, #6325, .F. ) ;
#2204 = CARTESIAN_POINT ( 'NONE',  ( 1.758439806635305482E-17, 0.6856034446626805279, -0.07803161100199268452 ) ) ;
#2205 = CARTESIAN_POINT ( 'NONE',  ( -0.3672963965499314032, 0.3169144972223064127, -0.9411272321428485466 ) ) ;
#2206 = CARTESIAN_POINT ( 'NONE',  ( 0.01301296002793822168, -0.5328921224008024149, -1.030970982142765280 ) ) ;
#2207 = CARTESIAN_POINT ( 'NONE',  ( -0.3423386063690139203, -0.3502266443248107097, -0.4543000000000001481 ) ) ;
#2208 = CARTESIAN_POINT ( 'NONE',  ( -0.5107900700744403277, -0.1186922725897754660, -0.9717647685326281648 ) ) ;
#2209 = CARTESIAN_POINT ( 'NONE',  ( 0.000000000000000000, 0.000000000000000000, -0.9749999999999998668 ) ) ;
#2210 = CARTESIAN_POINT ( 'NONE',  ( 0.000000000000000000, 0.000000000000000000, 0.2380000000000000171 ) ) ;
#2211 = ADVANCED_FACE ( 'NONE', ( #4400 ), #1134, .T. ) ;
#2212 = ORIENTED_EDGE ( 'NONE', *, *, #4781, .T. ) ;
#2213 = CARTESIAN_POINT ( 'NONE',  ( 0.5156028101316628698, -0.03398177721228601289, -0.7251072178380814082 ) ) ;
#2214 = CARTESIAN_POINT ( 'NONE',  ( 0.4542554197168517938, -0.2574099073629908530, -0.7357700892857794717 ) ) ;
#2215 = CARTESIAN_POINT ( 'NONE',  ( 0.02311392358764104496, 0.4692637350035449018, -0.4693080357142884185 ) ) ;
#2216 = CARTESIAN_POINT ( 'NONE',  ( -0.1316900131409035057, 0.4931474721812739714, -0.4970324864384861874 ) ) ;
#2217 = CARTESIAN_POINT ( 'NONE',  ( -0.2223849187775424063, 0.4161816268418175868, -0.5167410714285622930 ) ) ;
#2218 = EDGE_CURVE ( 'NONE', #5148, #3953, #7419, .T. ) ;
#2219 = CARTESIAN_POINT ( 'NONE',  ( -0.01163253913514769415, 0.4763543595772118944, -0.6827566964285799456 ) ) ;
#2220 = CARTESIAN_POINT ( 'NONE',  ( 0.5098793129756785669, 0.1187946559930439100, -0.9438245206977357027 ) ) ;
#2221 = CARTESIAN_POINT ( 'NONE',  ( 0.2278002832255841825, 0.4263244157823267155, -0.9029017857142827008 ) ) ;
#2222 = DIRECTION ( 'NONE',  ( 0.000000000000000000, 0.000000000000000000, -1.000000000000000000 ) ) ;
#2223 = CARTESIAN_POINT ( 'NONE',  ( 0.02141473217188225031, 0.4836543887091772076, -0.9513958762165687366 ) ) ;
#2224 = CARTESIAN_POINT ( 'NONE',  ( 0.3880730321839931940, 0.2732372118483587520, -0.6224888392857160779 ) ) ;
#2225 = DIRECTION ( 'NONE',  ( 0.09411816491319552336, 1.152615094025676142E-17, -0.9955610333040223470 ) ) ;
#2226 = CARTESIAN_POINT ( 'NONE',  ( -0.4218991501862210947, 0.2254356840506874793, -0.7243303571429263732 ) ) ;
#2227 = CARTESIAN_POINT ( 'NONE',  ( -0.2591577791453206214, 0.4499771062464726912, -0.7797750488130409385 ) ) ;
#2228 = CARTESIAN_POINT ( 'NONE',  ( 0.3816094874803812598, -0.2829400558768215834, -0.6367187499999409361 ) ) ;
#2229 = B_SPLINE_CURVE_WITH_KNOTS ( 'NONE', 3,
 ( #2899, #3970, #1051, #480, #3395, #5731, #3546, #4274, #628, #5268, #5959, #3623, #706, #3660, #1319, #129, #5882, #4235, #1207, #4733, #4121, #91, #7060, #3009, #4196, #1818, #7181, #6609, #4808, #1283, #6452, #2969, #3048, #5385, #5308, #5921, #5996, #2400, #4159, #668, #3584, #2476, #1937, #7140, #1897, #6568, #55, #742, #5423, #6487 ),
 .UNSPECIFIED., .F., .F.,
 ( 4, 2, 2, 2, 2, 2, 2, 2, 2, 2, 2, 2, 2, 2, 2, 2, 2, 2, 2, 2, 2, 2, 2, 2, 4 ),
 ( 0.4046836240187392519, 0.4059697118047831954, 0.4072557995908271944, 0.4098279751629151368, 0.4124001507350030793, 0.4136862385210470228, 0.4149723263070910217, 0.4175445018791789642, 0.4188305896652229077, 0.4201166774512669067, 0.4226888530233548491, 0.4239749408093987926, 0.4252610285954427916, 0.4265471163814867350, 0.4278332041675307340, 0.4304053797396186765, 0.4316914675256626199, 0.4329775553117066189, 0.4355497308837945614, 0.4368358186698385048, 0.4381219064558824483, 0.4406940820279703908, 0.4432662576000583332, 0.4445523453861023322, 0.4458384331721462757 ),
 .UNSPECIFIED. ) ;
#2230 = CARTESIAN_POINT ( 'NONE',  ( -0.2613658903178452952, -0.4517249311190726924, -0.8910367827226027826 ) ) ;
#2231 = CARTESIAN_POINT ( 'NONE',  ( -0.07014986274007754818, -0.4724932235687603344, -0.7025669642857648167 ) ) ;
#2232 = CARTESIAN_POINT ( 'NONE',  ( 0.4229406894241969916, 0.2977868688678110831, -0.5800781250000122125 ) ) ;
#2233 = CARTESIAN_POINT ( 'NONE',  ( 0.4599137269893921465, -0.2459052717804506294, -0.6618303571428666432 ) ) ;
#2234 = CARTESIAN_POINT ( 'NONE',  ( 0.4764735344354070756, 0.02334621140276723142, -0.6824776785714082861 ) ) ;
#2235 = EDGE_LOOP ( 'NONE', ( #5089, #2318, #2353, #5081, #2313, #2096 ) ) ;
#2236 = CARTESIAN_POINT ( 'NONE',  ( -0.3747113106465562726, -0.3504999457864532708, -0.6086672335436089654 ) ) ;
#2237 = CARTESIAN_POINT ( 'NONE',  ( -0.2968749999999998335, -0.5142025834970106457, -0.9749999999999998668 ) ) ;
#2238 = CARTESIAN_POINT ( 'NONE',  ( 0.3741759466884006513, -0.3069927435311391450, -0.9229910714285917139 ) ) ;
#2239 = ORIENTED_EDGE ( 'NONE', *, *, #6275, .T. ) ;
#2240 = ORIENTED_EDGE ( 'NONE', *, *, #3809, .F. ) ;
#2241 = CARTESIAN_POINT ( 'NONE',  ( 0.1165762283953530598, 0.4985611159013839666, -0.5740382817383299363 ) ) ;
#2242 = CARTESIAN_POINT ( 'NONE',  ( -0.03569212701732576987, -0.4830191406437681079, -0.9160156250000617284 ) ) ;
#2243 = CARTESIAN_POINT ( 'NONE',  ( -0.4491341549400059696, 0.1363064108348241987, -0.4542410714285163298 ) ) ;
#2244 = DIRECTION ( 'NONE',  ( -1.000000000000000000, 0.000000000000000000, 0.000000000000000000 ) ) ;
#2245 = CIRCLE ( 'NONE', #1625, 0.5937500000000000000 ) ;
#2246 = CARTESIAN_POINT ( 'NONE',  ( -0.4564887140560340839, 0.2602729076113751705, -0.9802473182070716717 ) ) ;
#2247 = B_SPLINE_CURVE_WITH_KNOTS ( 'NONE', 3,
 ( #7508, #2806, #1760, #5103, #7545, #2305, #3985, #3447, #5247, #5709, #5784, #4099, #4059, #7580, #1720, #6316, #459, #2227, #5745, #6927, #4559, #7436, #2342, #993, #4670, #493, #4022, #4634, #1066, #6964, #6390, #5675, #3488, #4599, #2192, #1145, #7000, #426, #4527, #6855, #1608, #3946, #6282, #3375, #5135, #1644, #2840, #5173, #1682, #870, #5322, #2031 ),
 .UNSPECIFIED., .F., .F.,
 ( 4, 2, 2, 2, 2, 2, 2, 2, 2, 2, 2, 2, 2, 2, 2, 2, 2, 2, 2, 2, 2, 2, 2, 2, 2, 4 ),
 ( 0.3611533510450633533, 0.3637520476947344594, 0.3650513960195700403, 0.3663507443444055656, 0.3689494409940767272, 0.3702487893189122525, 0.3715481376437478334, 0.3728474859685833587, 0.3741468342934189395, 0.3767455309430900456, 0.3780448792679256265, 0.3793442275927611518, 0.3819429242424323134, 0.3832422725672678387, 0.3845416208921034196, 0.3871403175417745257, 0.3884396658666100510, 0.3897390141914456319, 0.3910383625162812127, 0.3923377108411167380, 0.3949364074907878441, 0.3962357558156234250, 0.3975351041404590058, 0.4001338007901301119, 0.4014331491149656372, 0.4027324974398012181 ),
 .UNSPECIFIED. ) ;
#2248 = CARTESIAN_POINT ( 'NONE',  ( -0.5045416626985217423, -0.07423982813597641839, -0.4727020085945443650 ) ) ;
#2249 = DIRECTION ( 'NONE',  ( -0.000000000000000000, -0.000000000000000000, -1.000000000000000000 ) ) ;
#2250 = AXIS2_PLACEMENT_3D ( 'NONE', #5144, #4109, #6293 ) ;
#2251 = VERTEX_POINT ( 'NONE', #4543 ) ;
#2252 = CARTESIAN_POINT ( 'NONE',  ( -0.03420083466950305656, -0.5169629972748113200, -0.7429676383124601546 ) ) ;
#2253 = CARTESIAN_POINT ( 'NONE',  ( 0.1884243009928263102, 0.4886699651016201407, -0.7876674107142922487 ) ) ;
#2254 = DIRECTION ( 'NONE',  ( -0.000000000000000000, -0.000000000000000000, 1.000000000000000000 ) ) ;
#2255 = CARTESIAN_POINT ( 'NONE',  ( 0.1162259036818358293, 0.4963636042059200726, -0.5026149387639999855 ) ) ;
#2256 = AXIS2_PLACEMENT_3D ( 'NONE', #7138, #1895, #1317 ) ;
#2257 = CARTESIAN_POINT ( 'NONE',  ( 0.5208657698908611966, 1.312567590705876522E-16, -0.8672163886013652956 ) ) ;
#2258 = CARTESIAN_POINT ( 'NONE',  ( -0.3788482343387618578, 0.2810485113010167679, -0.5117187500000113243 ) ) ;
#2259 = CARTESIAN_POINT ( 'NONE',  ( 0.3370908056027867583, 0.3371829433137094600, -0.6919642857143538661 ) ) ;
#2260 = LINE ( 'NONE', #6211, #2066 ) ;
#2261 = CARTESIAN_POINT ( 'NONE',  ( -0.03569212701710249014, -0.4830191406448258173, -0.9338727678570887258 ) ) ;
#2262 = EDGE_CURVE ( 'NONE', #3706, #3931, #7289, .T. ) ;
#2263 = CARTESIAN_POINT ( 'NONE',  ( -0.1255062187938557894, 0.5007592359924156744, -0.4927455357142738746 ) ) ;
#2264 = CARTESIAN_POINT ( 'NONE',  ( -0.1032576515728817340, -0.4595508122844715326, -0.4891183035714094518 ) ) ;
#2265 = CARTESIAN_POINT ( 'NONE',  ( -0.01172799243260959877, -0.4752541293808792977, -0.6476004464285566309 ) ) ;
#2266 = CARTESIAN_POINT ( 'NONE',  ( -0.2708362159567990757, 0.3823807041186602085, -0.4542999999999997041 ) ) ;
#2267 = CARTESIAN_POINT ( 'NONE',  ( 0.3780740441134816110, -0.2949687754493734992, -0.7619977678570555302 ) ) ;
#2268 = CARTESIAN_POINT ( 'NONE',  ( -0.4493245384808425280, 0.2594023763581708164, -0.7660263025386550018 ) ) ;
#2269 = CARTESIAN_POINT ( 'NONE',  ( 0.4746790177894319451, 0.01171762662934779098, -0.6291852678571814295 ) ) ;
#2270 = CARTESIAN_POINT ( 'NONE',  ( 0.5453064201862917182, 0.3707706361772940551, -0.9381162489359149426 ) ) ;
#2271 = CARTESIAN_POINT ( 'NONE',  ( 0.3596988263086947635, -0.3103590303599036426, -0.6196986607142431769 ) ) ;
#2272 = CARTESIAN_POINT ( 'NONE',  ( -0.4086848738784938373, -0.3188560240896159970, -0.6152343750000218714 ) ) ;
#2273 = CARTESIAN_POINT ( 'NONE',  ( -0.1997137653117946610, -0.4823376175330273963, -0.6785714285714070648 ) ) ;
#2274 = CARTESIAN_POINT ( 'NONE',  ( -0.2850995582181358179, 0.3843025007864884768, -0.7293526785714338212 ) ) ;
#2275 = ORIENTED_EDGE ( 'NONE', *, *, #3384, .F. ) ;
#2276 = CARTESIAN_POINT ( 'NONE',  ( 0.1323328228167491571, -0.4961782936711788272, -0.5963935690335413486 ) ) ;
#2277 = CARTESIAN_POINT ( 'NONE',  ( 0.5067177141974468224, -0.06692925705521285407, -0.5193474677308647092 ) ) ;
#2278 = CARTESIAN_POINT ( 'NONE',  ( 0.05921526309719874620, 0.4795967089402976558, -0.8987165178571665525 ) ) ;
#2279 = ORIENTED_EDGE ( 'NONE', *, *, #7456, .T. ) ;
#2280 = ORIENTED_EDGE ( 'NONE', *, *, #4225, .T. ) ;
#2281 = CARTESIAN_POINT ( 'NONE',  ( -0.03544556063535234808, 0.4796306174809758516, -0.8071986607142822567 ) ) ;
#2282 = CARTESIAN_POINT ( 'NONE',  ( -0.1549664238284697848, 0.5110932647548395158, -1.063616071428572729 ) ) ;
#2283 = CARTESIAN_POINT ( 'NONE',  ( -0.4674202814846414311, -0.1004827869310397775, -0.4542999999999999816 ) ) ;
#2284 = CARTESIAN_POINT ( 'NONE',  ( 0.4768019415028482144, -0.2161803529926325795, -0.9434833691767500197 ) ) ;
#2285 = PLANE ( 'NONE',  #7261 ) ;
#2286 = CARTESIAN_POINT ( 'NONE',  ( 0.2968749999999999445, 0.5142025834970105347, -0.9749999999999998668 ) ) ;
#2287 = CARTESIAN_POINT ( 'NONE',  ( -0.3220697773799487407, -0.4996563719945246729, -0.9750000000000001998 ) ) ;
#2288 = CARTESIAN_POINT ( 'NONE',  ( 0.4901675123586872185, -0.1664394881760436484, -0.7280813929217585523 ) ) ;
#2289 = CARTESIAN_POINT ( 'NONE',  ( -0.03858822672046962471, 0.5221578185538224837, -0.7826450892857106378 ) ) ;
#2290 = FACE_OUTER_BOUND ( 'NONE', #1124, .T. ) ;
#2292 = CARTESIAN_POINT ( 'NONE',  ( 0.4703691786671359565, -0.2366836171437236291, -0.8780691964286029272 ) ) ;
#2291 = CARTESIAN_POINT ( 'NONE',  ( 0.3133238581846547466, -0.4084616954192742955, -0.6633503962373312746 ) ) ;
#2293 = CARTESIAN_POINT ( 'NONE',  ( 0.2606270905544456618, 0.4508648349496915397, -0.8553165209650018808 ) ) ;
#2294 = CARTESIAN_POINT ( 'NONE',  ( -0.3985415656675557194, 0.2522973477287441257, -0.5108816964285702866 ) ) ;
#2295 = ADVANCED_FACE ( 'NONE', ( #6301 ), #2285, .F. ) ;
#2296 = CARTESIAN_POINT ( 'NONE',  ( -0.4139243523076700515, -0.2345599728327871780, -0.6593191964285178841 ) ) ;
#2297 = CARTESIAN_POINT ( 'NONE',  ( 0.000000000000000000, 0.000000000000000000, -0.3651097518630970762 ) ) ;
#2298 = CARTESIAN_POINT ( 'NONE',  ( 0.4420887888485164341, 0.1960367370875879256, -0.9104352678571308033 ) ) ;
#2299 = CARTESIAN_POINT ( 'NONE',  ( 0.4389346186475994172, -0.2734259809682901832, -0.7384761034492527410 ) ) ;
#2300 = CARTESIAN_POINT ( 'NONE',  ( 0.2799517286075532407, 0.3775790774552521545, -0.4581473214285488593 ) ) ;
#2301 = AXIS2_PLACEMENT_3D ( 'NONE', #1857, #4887, #4314 ) ;
#2302 = CARTESIAN_POINT ( 'NONE',  ( -0.4475628327417646712, -0.1479226471751681760, -0.5186941964286206908 ) ) ;
#2303 = CARTESIAN_POINT ( 'NONE',  ( -0.5219777093651807309, -1.172903345333412607E-12, -0.9029297705755542358 ) ) ;
#2304 = CARTESIAN_POINT ( 'NONE',  ( 0.4780153843016456960, -0.03532236049964803531, -0.7553013392858015651 ) ) ;
#2305 = CARTESIAN_POINT ( 'NONE',  ( -0.4906179991506657845, 0.1667183843100456531, -0.7715815682943339970 ) ) ;
#2306 = CARTESIAN_POINT ( 'NONE',  ( 0.4206068924418594479, 0.2247495179469317372, -0.6953124999999837907 ) ) ;
#2307 = EDGE_CURVE ( 'NONE', #5463, #1733, #430, .T. ) ;
#2308 = CARTESIAN_POINT ( 'NONE',  ( 0.3505089130492818339, -0.3337982248114089168, -0.9238281250000198730 ) ) ;
#2309 = CARTESIAN_POINT ( 'NONE',  ( -0.2916952423795416416, 0.3736676050829541018, -0.5862165178571486779 ) ) ;
#2310 = CARTESIAN_POINT ( 'NONE',  ( -0.1371844517339298741, 0.4959696371931287540, -0.4946986607142622727 ) ) ;
#2311 = CARTESIAN_POINT ( 'NONE',  ( -0.08916698340290127311, -0.5142981300126732158, -0.6760602678572239510 ) ) ;
#2312 = CARTESIAN_POINT ( 'NONE',  ( -0.1719974460943945460, -0.4457158627206121437, -0.7050781249999809042 ) ) ;
#2313 = ORIENTED_EDGE ( 'NONE', *, *, #2778, .T. ) ;
#2314 = CARTESIAN_POINT ( 'NONE',  ( -0.3511046502452591644, -0.3741132300418858470, -0.6079283604371794603 ) ) ;
#2315 = CIRCLE ( 'NONE', #5111, 0.5937500000000000000 ) ;
#2316 = LINE ( 'NONE', #1654, #6524 ) ;
#2317 = CARTESIAN_POINT ( 'NONE',  ( -0.4617732437647340538, -0.1400125021544712245, -0.8761160714285550766 ) ) ;
#2318 = ORIENTED_EDGE ( 'NONE', *, *, #1647, .T. ) ;
#2319 = ORIENTED_EDGE ( 'NONE', *, *, #1416, .T. ) ;
#2320 = CARTESIAN_POINT ( 'NONE',  ( 0.4403228126021074829, -0.1952494664161581184, -0.8306361607142324077 ) ) ;
#2321 = CARTESIAN_POINT ( 'NONE',  ( -0.3585032356576809409, 0.3956499648331673336, -1.058593749999921618 ) ) ;
#2322 = CARTESIAN_POINT ( 'NONE',  ( -0.1304030119512843977, -0.4822770763041311359, -0.4542999999999999816 ) ) ;
#2323 = CARTESIAN_POINT ( 'NONE',  ( -0.3974036354247985625, 0.4561623487732370807, -0.9699458067251215398 ) ) ;
#2324 = CARTESIAN_POINT ( 'NONE',  ( -0.5250000000000000222, 0.000000000000000000, -0.9999999999999998890 ) ) ;
#2325 = DIRECTION ( 'NONE',  ( -0.000000000000000000, -1.047310526070460688E-16, 1.000000000000000000 ) ) ;
#2326 = ORIENTED_EDGE ( 'NONE', *, *, #2307, .T. ) ;
#2327 = CARTESIAN_POINT ( 'NONE',  ( 0.2728071210771675359, -0.4392260176579299014, -0.7358993681559461431 ) ) ;
#2328 = CARTESIAN_POINT ( 'NONE',  ( -0.4472282561877534146, 0.1382008891858330646, -0.4542999999999866034 ) ) ;
#2329 = VECTOR ( 'NONE', #1948, 39.37007874015748143 ) ;
#2331 = CARTESIAN_POINT ( 'NONE',  ( -0.3541059496373814564, -0.3905944333293023263, -0.8989955357143146752 ) ) ;
#2330 = CARTESIAN_POINT ( 'NONE',  ( -0.4054979560614140888, -0.3107892365950283287, -0.5383537314731757784 ) ) ;
#2332 = CARTESIAN_POINT ( 'NONE',  ( 0.000000000000000000, 0.000000000000000000, -0.9999999999999998890 ) ) ;
#2333 = CARTESIAN_POINT ( 'NONE',  ( -0.4680078716082302637, 0.03458282745122751717, -0.4338727678571234758 ) ) ;
#2334 = CARTESIAN_POINT ( 'NONE',  ( -0.3284303101254876234, 0.3448667630392066585, -0.6743861607142561665 ) ) ;
#2335 = CARTESIAN_POINT ( 'NONE',  ( -0.1348419263813405711, -0.5020213886460401786, -0.8244114591283638882 ) ) ;
#2336 = CARTESIAN_POINT ( 'NONE',  ( 0.2578599127455183937, -0.4070822587941660964, -0.8551897321429812182 ) ) ;
#2337 = FACE_OUTER_BOUND ( 'NONE', #3495, .T. ) ;
#2338 = CARTESIAN_POINT ( 'NONE',  ( -0.5451851341360314240, -0.3708406607110607545, -0.06184332238066061332 ) ) ;
#2339 = CARTESIAN_POINT ( 'NONE',  ( -0.2223849187846735909, 0.4161816268406146602, -0.5345982142857336195 ) ) ;
#2340 = CARTESIAN_POINT ( 'NONE',  ( -0.1190751183458681195, 0.4533268884369601182, -0.4542999999999999261 ) ) ;
#2341 = CARTESIAN_POINT ( 'NONE',  ( 0.1385566645865133339, -0.4569716979934773660, -0.6975446428571805413 ) ) ;
#2342 = CARTESIAN_POINT ( 'NONE',  ( -0.1172726345576345364, 0.5050897131989137145, -0.7831189440972748939 ) ) ;
#2343 = CARTESIAN_POINT ( 'NONE',  ( -0.4553342712769171130, -0.1381920935572363562, -0.6618303571428520993 ) ) ;
#2344 = CARTESIAN_POINT ( 'NONE',  ( -0.4835434448305855337, -0.003065371807168454366, -0.9508207913542225942 ) ) ;
#2345 = CARTESIAN_POINT ( 'NONE',  ( 0.4577083634307805848, -0.1267283362416189441, -0.6146763392857477193 ) ) ;
#2346 = CARTESIAN_POINT ( 'NONE',  ( -0.06321116692727980768, -0.5119593097854951980, -0.5348772321428461041 ) ) ;
#2347 = CARTESIAN_POINT ( 'NONE',  ( 0.4518755143147423770, -0.2559029561653336504, -0.5906808035714461447 ) ) ;
#2348 = CARTESIAN_POINT ( 'NONE',  ( -0.05853583365191099286, 0.4750990348568431831, -0.7352120535715344074 ) ) ;
#2349 = ORIENTED_EDGE ( 'NONE', *, *, #142, .T. ) ;
#2350 = DIRECTION ( 'NONE',  ( 0.000000000000000000, 0.000000000000000000, -1.000000000000000000 ) ) ;
#2351 = DIRECTION ( 'NONE',  ( -0.000000000000000000, -0.000000000000000000, 1.000000000000000000 ) ) ;
#2352 = CARTESIAN_POINT ( 'NONE',  ( -0.04729610147903987039, 0.4808396476537386555, -0.8962053571428357790 ) ) ;
#2353 = ORIENTED_EDGE ( 'NONE', *, *, #133, .T. ) ;
#2354 = CARTESIAN_POINT ( 'NONE',  ( 0.4779522040463826116, -0.05888349784554099825, -0.8272879464284875750 ) ) ;
#2355 = CARTESIAN_POINT ( 'NONE',  ( -0.4240345415518944061, -0.2006243454377322211, -0.4458705357142359049 ) ) ;
#2356 = CARTESIAN_POINT ( 'NONE',  ( 0.3166998913681128847, -0.3975151575221493316, -0.4566362958078188927 ) ) ;
#2357 = CARTESIAN_POINT ( 'NONE',  ( -0.09462684471752501325, 0.4760414356088826238, -0.9486607142857680364 ) ) ;
#2358 = CARTESIAN_POINT ( 'NONE',  ( 0.5168624209130359137, 0.06817648279765457786, -0.8735072491934738892 ) ) ;
#2359 = CARTESIAN_POINT ( 'NONE',  ( -0.04856486586396834698, 0.6575645062829602594, -0.06184332238066050230 ) ) ;
#2360 = CARTESIAN_POINT ( 'NONE',  ( -0.1414683397294539402, 0.4665747895391006428, -1.036830357142858317 ) ) ;
#2361 = AXIS2_PLACEMENT_3D ( 'NONE', #4277, #6612, #2523 ) ;
#2362 = FACE_OUTER_BOUND ( 'NONE', #5260, .T. ) ;
#2363 = CARTESIAN_POINT ( 'NONE',  ( -0.2979423293642126658, 0.3629425882405699633, -0.4609375000000118239 ) ) ;
#2365 = CARTESIAN_POINT ( 'NONE',  ( 0.3647589602309198042, -0.3830138048891952307, -0.9534040178571607793 ) ) ;
#2364 = LINE ( 'NONE', #7062, #656 ) ;
#2366 = VECTOR ( 'NONE', #6788, 39.37007874015748143 ) ;
#2367 = DIRECTION ( 'NONE',  ( -0.7071067811865486830, 0.000000000000000000, -0.7071067811865462405 ) ) ;
#2368 = AXIS2_PLACEMENT_3D ( 'NONE', #4360, #5351, #3666 ) ;
#2369 = CARTESIAN_POINT ( 'NONE',  ( 0.05730878790102608700, -0.4651395379769747151, -0.4137834821428755805 ) ) ;
#2370 = CARTESIAN_POINT ( 'NONE',  ( -0.4301359477990860936, -0.2033714611057895472, -0.6601562500000049960 ) ) ;
#2371 = CARTESIAN_POINT ( 'NONE',  ( 0.5156434076556157819, -0.06765843971166142501, -0.8050508024558923337 ) ) ;
#2372 = CARTESIAN_POINT ( 'NONE',  ( -0.4711203135507739392, -0.09364865119160645235, -0.8058035714284563777 ) ) ;
#2373 = CARTESIAN_POINT ( 'NONE',  ( 0.08390972456700981907, -0.5105883461168423398, -0.7481469300205083606 ) ) ;
#2374 = CARTESIAN_POINT ( 'NONE',  ( 0.1449197788063390779, 0.4457409611488615253, -0.4544663690475940765 ) ) ;
#2375 = CARTESIAN_POINT ( 'NONE',  ( -0.02315311388104756771, -0.4726104944533927044, -0.5764508928571470125 ) ) ;
#2376 = PERSON_AND_ORGANIZATION ( #5341, #159 ) ;
#2377 = CARTESIAN_POINT ( 'NONE',  ( -0.3461655088087925991, -0.3294920841265860378, -0.7101004464286230222 ) ) ;
#2378 = CARTESIAN_POINT ( 'NONE',  ( -0.4406205071606956181, 0.2550105496956696083, -0.4803243573245910558 ) ) ;
#2379 = CARTESIAN_POINT ( 'NONE',  ( -0.3091711773540564145, -0.3585143766868765791, -0.5839843750000224265 ) ) ;
#2380 = CARTESIAN_POINT ( 'NONE',  ( 0.4085639924116972743, 0.2586466473159105273, -0.9087611607142879189 ) ) ;
#2381 = CARTESIAN_POINT ( 'NONE',  ( 0.3379735902759942734, 0.3848519707907743226, -0.5796190542238401910 ) ) ;
#2382 = CARTESIAN_POINT ( 'NONE',  ( -0.4701192864163736829, -0.05792231077998339500, -0.5744977678571725477 ) ) ;
#2383 = CARTESIAN_POINT ( 'NONE',  ( -0.5124424429839236073, -0.06313667549418963687, -0.5499441964286009288 ) ) ;
#2384 = CARTESIAN_POINT ( 'NONE',  ( 0.09729132997078845935, -0.6294322691142290038, -0.9514466211001629814 ) ) ;
#2385 = CARTESIAN_POINT ( 'NONE',  ( 0.5177468686516450980, -0.03812034098510788671, -0.5856584821428441057 ) ) ;
#2386 = CARTESIAN_POINT ( 'NONE',  ( 0.4597054987780656021, 0.1271539910655625771, -0.6799665178571868696 ) ) ;
#2387 = VERTEX_POINT ( 'NONE', #5728 ) ;
#2388 = CARTESIAN_POINT ( 'NONE',  ( -0.4805747949773777061, 0.2028877389717921031, -0.9885753395315558523 ) ) ;
#2389 = FACE_OUTER_BOUND ( 'NONE', #6975, .T. ) ;
#2390 = CARTESIAN_POINT ( 'NONE',  ( -0.2307138878811063332, -0.4665419683351642033, -0.8188686914573285458 ) ) ;
#2391 = CARTESIAN_POINT ( 'NONE',  ( -0.08248884711644940970, -0.4750320856690276594, -0.8635602678570520885 ) ) ;
#2392 = VERTEX_POINT ( 'NONE', #4615 ) ;
#2393 = CARTESIAN_POINT ( 'NONE',  ( -0.1511925717078334563, -0.4578764323598761288, -0.8473772321428383325 ) ) ;
#2394 = CARTESIAN_POINT ( 'NONE',  ( 0.5277468083960004108, -0.05204727749909081325, -0.9430803571428870713 ) ) ;
#2395 = CARTESIAN_POINT ( 'NONE',  ( -0.4962655358596720356, 0.3990844039445650693, -0.9514934187884386274 ) ) ;
#2396 = CARTESIAN_POINT ( 'NONE',  ( 0.4020496047192625988, 4.918759067938633903E-17, 0.005000000000000000104 ) ) ;
#2397 = CARTESIAN_POINT ( 'NONE',  ( -0.4807307065453285677, 0.1811570941528390932, -0.6290952120785470170 ) ) ;
#2398 = CARTESIAN_POINT ( 'NONE',  ( -0.3983853398134726276, 0.2806513266887161739, -1.029296875000000666 ) ) ;
#2399 = EDGE_CURVE ( 'NONE', #936, #4572, #3589, .T. ) ;
#2400 = CARTESIAN_POINT ( 'NONE',  ( -0.3745052876151663823, 0.3515049939168386484, -0.6257856175194620452 ) ) ;
#2401 = CARTESIAN_POINT ( 'NONE',  ( -0.1194439379589684880, -0.5104628207158916631, -0.9668981236937506107 ) ) ;
#2403 = CARTESIAN_POINT ( 'NONE',  ( 0.4933514028265800766, -0.1902294175260481612, -0.9483816964286033713 ) ) ;
#2402 = CARTESIAN_POINT ( 'NONE',  ( 0.4872164264354155172, -0.1655990218532180369, -0.6566546040162848374 ) ) ;
#2404 = DIRECTION ( 'NONE',  ( -1.000000000000000000, 0.000000000000000000, 0.000000000000000000 ) ) ;
#2405 = CARTESIAN_POINT ( 'NONE',  ( 0.3776609910628170308, 0.2800172278916367996, -0.4614955357142459524 ) ) ;
#2406 = CARTESIAN_POINT ( 'NONE',  ( 0.2795826374942110282, 0.3970920317133778688, -0.9578683035715078731 ) ) ;
#2407 = CARTESIAN_POINT ( 'NONE',  ( -0.1705853501710518638, 0.4423953118460658973, -0.6074218750000124345 ) ) ;
#2408 = CARTESIAN_POINT ( 'NONE',  ( 0.3158115697430721180, -0.4124729920989291254, -0.8140002071174954335 ) ) ;
#2409 = CARTESIAN_POINT ( 'NONE',  ( -0.1396492047563157590, 0.4601354306989077769, -0.8225446428571473456 ) ) ;
#2410 = CARTESIAN_POINT ( 'NONE',  ( -0.3160204348382620876, -0.4111319854390445561, -0.7574494438259139484 ) ) ;
#2411 = FACE_OUTER_BOUND ( 'NONE', #998, .T. ) ;
#2412 = CARTESIAN_POINT ( 'NONE',  ( 0.1367349823445658252, -0.4505331118577955429, -0.5011160714286055917 ) ) ;
#2413 = PERSON_AND_ORGANIZATION ( #5341, #159 ) ;
#2414 = CARTESIAN_POINT ( 'NONE',  ( 0.4734233489828735819, 0.05845687711966641303, -0.6816406250000011102 ) ) ;
#2415 = CARTESIAN_POINT ( 'NONE',  ( 0.000000000000000000, 0.3704503952807372547, 1.189999999999999947 ) ) ;
#2416 = CARTESIAN_POINT ( 'NONE',  ( 0.3187244163143311826, 0.3515673309542277636, -0.6199776785714669058 ) ) ;
#2417 = CARTESIAN_POINT ( 'NONE',  ( 0.3473776053593127799, 0.4850448906980337482, -0.9737465324023079072 ) ) ;
#2418 = CARTESIAN_POINT ( 'NONE',  ( 0.2568325243837311089, 0.4439967122204569461, -0.5773893974468918833 ) ) ;
#2419 = CARTESIAN_POINT ( 'NONE',  ( -0.4713384542298133528, -0.01151007125186493188, -0.5041852678571210333 ) ) ;
#2420 = CARTESIAN_POINT ( 'NONE',  ( 0.4929787544993796122, 0.1494740707819850190, -0.5122767857142742631 ) ) ;
#2421 = CARTESIAN_POINT ( 'NONE',  ( -0.5937500000000002220, 0.3428017223313401529, -0.07803161100199275391 ) ) ;
#2422 = CARTESIAN_POINT ( 'NONE',  ( -7.098853609116976605E-05, 0.5207946517585749779, -0.6383928571428680865 ) ) ;
#2423 = CARTESIAN_POINT ( 'NONE',  ( -0.2141129458775171690, 0.4255056280877804742, -0.6598772321428617582 ) ) ;
#2424 = ORIENTED_EDGE ( 'NONE', *, *, #6325, .T. ) ;
#2425 = CARTESIAN_POINT ( 'NONE',  ( 0.3974036354247987290, -0.4561623487732370807, -0.9699458067251215398 ) ) ;
#2426 = CARTESIAN_POINT ( 'NONE',  ( -0.04600403777754193818, -0.4664720828234458216, -0.4341517857142894177 ) ) ;
#2427 = CARTESIAN_POINT ( 'NONE',  ( -0.2558459640031414128, -0.4423472903939210110, -0.5416735528553215939 ) ) ;
#2428 = CARTESIAN_POINT ( 'NONE',  ( -0.1511925717025566496, -0.4578764323653473078, -0.8652343750000904832 ) ) ;
#2429 = CARTESIAN_POINT ( 'NONE',  ( 0.2672711655601489045, 0.4001178837152132850, -0.8147321428571682178 ) ) ;
#2430 = CARTESIAN_POINT ( 'NONE',  ( -0.5074435911076085048, 0.1271775588839528237, -0.7684151785713912997 ) ) ;
#2431 = CARTESIAN_POINT ( 'NONE',  ( -0.3166890732816050047, 0.4271209596826374688, -0.9882812499998967493 ) ) ;
#2432 = CARTESIAN_POINT ( 'NONE',  ( 0.02141473217188225031, 0.4836543887091772076, -0.9513958762165687366 ) ) ;
#2433 = EDGE_CURVE ( 'NONE', #7477, #1116, #1166, .T. ) ;
#2434 = EDGE_CURVE ( 'NONE', #5045, #4403, #6981, .T. ) ;
#2435 = CARTESIAN_POINT ( 'NONE',  ( 0.004373273131305916231, -0.5084021400800526891, -0.4564040932325179600 ) ) ;
#2436 = CARTESIAN_POINT ( 'NONE',  ( 0.1659382248288171768, 0.4876282838767730943, -0.6465827061188519354 ) ) ;
#2437 = ORIENTED_EDGE ( 'NONE', *, *, #2858, .T. ) ;
#2438 = CARTESIAN_POINT ( 'NONE',  ( 0.000000000000000000, 0.000000000000000000, -0.02500000000000000139 ) ) ;
#2439 = CARTESIAN_POINT ( 'NONE',  ( -0.2550583750311926634, 0.4445094794630864432, -0.9787211121449521656 ) ) ;
#2440 = LINE ( 'NONE', #4772, #1761 ) ;
#2442 = CARTESIAN_POINT ( 'NONE',  ( -0.1154031183414839928, -0.5142411973927057955, -0.8931361607142241921 ) ) ;
#2441 = CARTESIAN_POINT ( 'NONE',  ( 0.4464837974871155302, -0.2576509010161918134, -0.6588776085950094341 ) ) ;
#2443 = ADVANCED_FACE ( 'NONE', ( #4040 ), #5668, .T. ) ;
#2444 = CARTESIAN_POINT ( 'NONE',  ( 0.03452027730824067109, 0.5158428792073436187, -0.7072610776385807041 ) ) ;
#2445 = CARTESIAN_POINT ( 'NONE',  ( -0.1471154510370970281, -0.4451326998687452074, -0.4188058035714236627 ) ) ;
#2446 = CARTESIAN_POINT ( 'NONE',  ( -0.3530201063689997754, 0.3360111863056233772, -1.013113839285729956 ) ) ;
#2447 = CARTESIAN_POINT ( 'NONE',  ( -0.1261609873979738228, -0.4561297499615555862, -0.5789620535714710137 ) ) ;
#2448 = CARTESIAN_POINT ( 'NONE',  ( -0.3558842562977906909, -0.3791150442340207039, -0.8299962627011687744 ) ) ;
#2449 = CARTESIAN_POINT ( 'NONE',  ( 0.4723264179153185416, -0.09401474128983415557, -0.8459821428570324375 ) ) ;
#2450 = CARTESIAN_POINT ( 'NONE',  ( -0.4986346528446349291, -0.1784909704733353697, -0.9760044642857725883 ) ) ;
#2451 = CARTESIAN_POINT ( 'NONE',  ( 0.3963814046141646008, 0.2896761720881302349, -0.9579658033937780148 ) ) ;
#2452 = CARTESIAN_POINT ( 'NONE',  ( 0.04620768831134773602, 0.4698128594423171545, -0.5412946428571405733 ) ) ;
#2453 = DIRECTION ( 'NONE',  ( 1.000000000000000000, 0.000000000000000000, 0.000000000000000000 ) ) ;
#2454 = CARTESIAN_POINT ( 'NONE',  ( -0.1386135798301675603, -0.4571726032928634109, -0.7042410714286562179 ) ) ;
#2455 = CARTESIAN_POINT ( 'NONE',  ( -0.08264668875280631322, 0.5026553612404004445, -0.4903645836372576006 ) ) ;
#2456 = CARTESIAN_POINT ( 'NONE',  ( 0.4385827293377156932, 0.1816008385558447180, -0.6249999999999459321 ) ) ;
#2457 = CARTESIAN_POINT ( 'NONE',  ( -0.03544556064135892526, 0.4796306174812773326, -0.8250558035714137262 ) ) ;
#2458 = CARTESIAN_POINT ( 'NONE',  ( -0.5111234990569385461, 0.03345975677135423765, -0.5543131707344497450 ) ) ;
#2459 = CARTESIAN_POINT ( 'NONE',  ( 0.3927448139919560988, 0.2625013512215002565, -0.5334821428571556723 ) ) ;
#2460 = CARTESIAN_POINT ( 'NONE',  ( -0.5116133308174536376, -0.05045995414693416753, -0.4787946428571128732 ) ) ;
#2461 = CARTESIAN_POINT ( 'NONE',  ( 0.000000000000000000, 0.000000000000000000, -0.4542999999999999816 ) ) ;
#2462 = CARTESIAN_POINT ( 'NONE',  ( -0.5177604588316340184, 0.05106237052772930052, -0.6216517857142819237 ) ) ;
#2463 = CARTESIAN_POINT ( 'NONE',  ( -0.2138698181044043634, -0.4247503242148729097, -0.6347656249999635847 ) ) ;
#2464 = ORIENTED_EDGE ( 'NONE', *, *, #2991, .F. ) ;
#2465 = CARTESIAN_POINT ( 'NONE',  ( 0.5119700008540154501, -1.756492889676319271E-15, -0.5815011991470051544 ) ) ;
#2466 = LINE ( 'NONE', #7169, #3469 ) ;
#2467 = CARTESIAN_POINT ( 'NONE',  ( -0.4584437635417554224, -0.2261996051406625075, -0.5483608461631236386 ) ) ;
#2468 = CARTESIAN_POINT ( 'NONE',  ( -0.4390828824252815954, -0.1945644732527361809, -0.8032924107143137871 ) ) ;
#2469 = CARTESIAN_POINT ( 'NONE',  ( 0.1502644484348948928, 0.4546606080731066535, -0.7402343749999882316 ) ) ;
#2470 = CARTESIAN_POINT ( 'NONE',  ( -0.4199764881174342657, -0.3113918407121440413, -0.7583705357143366577 ) ) ;
#2471 = CARTESIAN_POINT ( 'NONE',  ( 0.5195020929019942280, 0.1165876817473048832, -1.010881696428544974 ) ) ;
#2472 = CARTESIAN_POINT ( 'NONE',  ( 0.2578599127456742690, -0.4070822587931987591, -0.8373325892856429142 ) ) ;
#2473 = CARTESIAN_POINT ( 'NONE',  ( 0.1165226528216331270, 0.4983246619953656253, -0.5662555159723448028 ) ) ;
#2474 = CARTESIAN_POINT ( 'NONE',  ( 0.5144362988985016205, 4.922389911537055886E-13, -0.6607140035838842129 ) ) ;
#2475 = ORIENTED_EDGE ( 'NONE', *, *, #5719, .T. ) ;
#2476 = CARTESIAN_POINT ( 'NONE',  ( -0.4452220815938685017, 0.2575680291901561447, -0.6231783957920632444 ) ) ;
#2477 = CARTESIAN_POINT ( 'NONE',  ( -0.3125000000000000000, 3.827021247335478926E-17, -0.3651097518630970762 ) ) ;
#2478 = CARTESIAN_POINT ( 'NONE',  ( -0.3697125650092168980, -0.2886078546716858151, -0.4255022321428583165 ) ) ;
#2479 = CARTESIAN_POINT ( 'NONE',  ( 4.727576290171015331E-17, -0.3750000000000001110, 0.2379999999999999893 ) ) ;
#2481 = CARTESIAN_POINT ( 'NONE',  ( 0.5129437498529421102, 0.1152587986365027350, -0.7965959821428539867 ) ) ;
#2480 = DIRECTION ( 'NONE',  ( 1.000000000000000000, 0.000000000000000000, 0.000000000000000000 ) ) ;
#2482 = CARTESIAN_POINT ( 'NONE',  ( 0.4641940048608348968, 0.2284189266840331300, -0.7191577006419541673 ) ) ;
#2483 = CARTESIAN_POINT ( 'NONE',  ( 0.4697852781019221102, 0.02314344688559171609, -0.4681919642857133579 ) ) ;
#2484 = CONICAL_SURFACE ( 'NONE', #6780, 0.5937500000000000000, 1.047197551196600074 ) ;
#2485 = CARTESIAN_POINT ( 'NONE',  ( 0.2186235169602659401, -0.4344695540083289842, -0.9813058035713400074 ) ) ;
#2486 = CARTESIAN_POINT ( 'NONE',  ( -0.3017863023630408259, -0.3676312486966568649, -0.6551339285714182781 ) ) ;
#2487 = DIRECTION ( 'NONE',  ( -1.000000000000000000, 0.000000000000000000, 0.000000000000000000 ) ) ;
#2488 = CARTESIAN_POINT ( 'NONE',  ( 0.4570907409438584867, 0.1510716445788269358, -0.8401227678572282809 ) ) ;
#2489 = CONICAL_SURFACE ( 'NONE', #2741, 0.5327323696766466110, 0.7853981633974500554 ) ;
#2490 = CARTESIAN_POINT ( 'NONE',  ( -0.2831577635169837404, -0.4472897911893453649, -0.9684709821428856280 ) ) ;
#2491 = CONICAL_SURFACE ( 'NONE', #1011, 0.5937500000000000000, 1.047197551196600074 ) ;
#2492 = CARTESIAN_POINT ( 'NONE',  ( -0.3272670113174268591, 0.3611769145019250726, -1.013950892857053088 ) ) ;
#2493 = CARTESIAN_POINT ( 'NONE',  ( 0.09160693896661513402, 0.4608684457430285430, -0.4709821428571687729 ) ) ;
#2494 = APPROVAL_STATUS ( 'not_yet_approved' ) ;
#2495 = CARTESIAN_POINT ( 'NONE',  ( -0.4301359477990860936, -0.2033714611057895472, -0.6422991071428624243 ) ) ;
#2496 = CARTESIAN_POINT ( 'NONE',  ( 0.3369399029967645731, 0.3835481375164701001, -0.5004086183111234876 ) ) ;
#2497 = CARTESIAN_POINT ( 'NONE',  ( -0.2230710848819041359, -0.4174738845886683536, -0.5814732142857209629 ) ) ;
#2498 = AXIS2_PLACEMENT_3D ( 'NONE', #6450, #5918, #5266 ) ;
#2499 = CARTESIAN_POINT ( 'NONE',  ( -0.3578484820853773951, 0.3242459349285217729, -0.8878348214285664008 ) ) ;
#2500 = CARTESIAN_POINT ( 'NONE',  ( -0.4595223320218058682, 0.2265852509562338857, -0.5587803051435250579 ) ) ;
#2501 = EDGE_CURVE ( 'NONE', #247, #4572, #5304, .T. ) ;
#2502 = CARTESIAN_POINT ( 'NONE',  ( 0.4521701522182686728, 0.1371008270247836835, -0.5368303571428458820 ) ) ;
#2503 = CARTESIAN_POINT ( 'NONE',  ( 0.2417116047455757089, 0.4520704302521275642, -0.4319196428571657753 ) ) ;
#2504 = DIRECTION ( 'NONE',  ( -0.000000000000000000, -0.000000000000000000, 1.000000000000000000 ) ) ;
#2505 = CARTESIAN_POINT ( 'NONE',  ( -0.2781913639314119724, -0.4391868621254284011, -0.6090959821429074994 ) ) ;
#2506 = CARTESIAN_POINT ( 'NONE',  ( 0.4677923166222553442, 0.08110769772775119901, -0.6096540178571386859 ) ) ;
#2507 = CARTESIAN_POINT ( 'NONE',  ( -0.5183774633442121971, -6.071382767981671499E-13, -0.9856450936675654750 ) ) ;
#2508 = CONICAL_SURFACE ( 'NONE', #4699, 0.5250000000000000222, 0.03112503826906170765 ) ;
#2509 = B_SPLINE_CURVE_WITH_KNOTS ( 'NONE', 3,
 ( #1439, #4805, #6078, #89, #5502, #6117 ),
 .UNSPECIFIED., .F., .F.,
 ( 4, 2, 4 ),
 ( 2.380728834786677578E-07, 0.004405349813808301374, 0.008810461554733124354 ),
 .UNSPECIFIED. ) ;
#2510 = CARTESIAN_POINT ( 'NONE',  ( 0.1578025547175888055, -0.4412073938493278336, -0.4291294642856924302 ) ) ;
#2511 = CARTESIAN_POINT ( 'NONE',  ( -0.2701835572843871436, -0.4337454996131308027, -0.5420456617332084504 ) ) ;
#2512 = CARTESIAN_POINT ( 'NONE',  ( -0.2859283831501120976, -0.3856398975031325449, -0.7974330357142124237 ) ) ;
#2513 = CARTESIAN_POINT ( 'NONE',  ( -0.2263363158293421606, -0.4233144626711283776, -0.7779017857143375458 ) ) ;
#2514 = CARTESIAN_POINT ( 'NONE',  ( 0.2777902936833481773, 0.4388111423041015091, -0.6470424107143298853 ) ) ;
#2515 = CARTESIAN_POINT ( 'NONE',  ( -0.3473415037288399287, 0.4025544361744583521, -0.9874441964285917139 ) ) ;
#2516 = CARTESIAN_POINT ( 'NONE',  ( 0.05921526309069662097, 0.4795967089379642445, -0.8808593749999508171 ) ) ;
#2517 = CARTESIAN_POINT ( 'NONE',  ( -0.2464062897831746923, -0.4449214682663018006, -0.4622533088152826486 ) ) ;
#2518 = CARTESIAN_POINT ( 'NONE',  ( 0.2124166604780862999, 0.4683889052718468449, -0.6476959485112170345 ) ) ;
#2519 = EDGE_LOOP ( 'NONE', ( #2177, #2782, #3778, #6935 ) ) ;
#2520 = DIRECTION ( 'NONE',  ( 1.000000000000000000, 0.000000000000000000, 0.000000000000000000 ) ) ;
#2521 = CARTESIAN_POINT ( 'NONE',  ( -0.4290551896010033062, 0.2529301525700267672, -0.9650572062390109229 ) ) ;
#2522 = CARTESIAN_POINT ( 'NONE',  ( 0.3610982773614942465, -0.3476112124884992993, -0.9682187044435170975 ) ) ;
#2523 = DIRECTION ( 'NONE',  ( -1.000000000000000000, 0.000000000000000000, 0.000000000000000000 ) ) ;
#2524 = B_SPLINE_CURVE_WITH_KNOTS ( 'NONE', 3,
 ( #2887, #6936, #1653, #4107, #5833, #580, #7478, #4679, #1038, #1615, #5870, #5257, #2236, #2314, #7008, #7517, #1769, #6439, #6324, #3955, #1195, #5109, #3417, #5720, #5753, #502, #7444, #1113, #2848, #2276, #3455, #5794, #2199, #544, #6635, #2996, #42, #731, #5985, #3074, #6024, #5332, #5410, #1385, #3685, #4721, #117, #3728, #2465 ),
 .UNSPECIFIED., .F., .F.,
 ( 4, 2, 2, 2, 2, 2, 2, 2, 2, 2, 2, 2, 2, 2, 2, 2, 2, 1, 2, 2, 2, 2, 2, 2, 4 ),
 ( 0.4458384331721462757, 0.4484056350324092111, 0.4496892359625407343, 0.4509728368926722020, 0.4535400387529351374, 0.4548236396830666051, 0.4561072406131980728, 0.4573908415433295960, 0.4586744424734610637, 0.4612416443337239991, 0.4625252452638554668, 0.4638088461939869900, 0.4663760480542499254, 0.4676596489843813931, 0.4689432499145128608, 0.4715104517747758517, 0.4727940527049073194, 0.4740776536350387871, 0.4753612545651702548, 0.4766448554953017225, 0.4792120573555647134, 0.4817792592158276488, 0.4843464610760905842, 0.4856300620062221074, 0.4869136629363535751 ),
 .UNSPECIFIED. ) ;
#2526 = CARTESIAN_POINT ( 'NONE',  ( -0.02589641885411788150, -0.5257498563699913863, -0.8175223214284316198 ) ) ;
#2525 = CARTESIAN_POINT ( 'NONE',  ( -0.2557317227777987090, -0.4421333703190215569, -0.5338908834263860204 ) ) ;
#2527 = CARTESIAN_POINT ( 'NONE',  ( -0.5189466969731761914, 0.03402262416908152787, -0.8322453026104135176 ) ) ;
#2528 = CARTESIAN_POINT ( 'NONE',  ( -0.09499424019724829471, -0.4772472803155897725, -1.006696428571469903 ) ) ;
#2529 = CARTESIAN_POINT ( 'NONE',  ( 0.1180304039593988580, 0.4709466400977089795, -0.9536830357142841441 ) ) ;
#2530 = CARTESIAN_POINT ( 'NONE',  ( -0.06952262097510605865, 0.4690990597392792338, -0.6099330357143030179 ) ) ;
#2531 = DIRECTION ( 'NONE',  ( -0.000000000000000000, -1.047310526070460688E-16, 1.000000000000000000 ) ) ;
#2532 = CARTESIAN_POINT ( 'NONE',  ( 0.4740622517641998046, 0.07025816821777854104, -0.7706473214284927931 ) ) ;
#2533 = CARTESIAN_POINT ( 'NONE',  ( -0.2402194427828709400, 0.4241739100719100208, -1.016462053571456359 ) ) ;
#2534 = CARTESIAN_POINT ( 'NONE',  ( -0.08025056919488890439, 0.4628486706475556378, -0.4667968749999737432 ) ) ;
#2535 = COORDINATED_UNIVERSAL_TIME_OFFSET ( 6, 0, .BEHIND. ) ;
#2536 = EDGE_CURVE ( 'NONE', #7300, #47, #5302, .T. ) ;
#2537 = CARTESIAN_POINT ( 'NONE',  ( -0.4735849735141424710, 0.01156109336881183496, -0.5761718750000331957 ) ) ;
#2538 = CARTESIAN_POINT ( 'NONE',  ( 0.3500226288976168165, 0.3171600505406435566, -0.5496651785714473659 ) ) ;
#2539 = CARTESIAN_POINT ( 'NONE',  ( 0.4070202145537453742, -0.2576648175616373382, -0.8501674107143227799 ) ) ;
#2540 = CARTESIAN_POINT ( 'NONE',  ( -0.06806445604340942424, 0.5193964488502708088, -0.9270910741717947046 ) ) ;
#2541 = CARTESIAN_POINT ( 'NONE',  ( 0.3161293751105591632, -0.3486992086226885501, -0.4782366071428618137 ) ) ;
#2542 = CARTESIAN_POINT ( 'NONE',  ( -0.4775016714495786685, -0.1841220185793821518, -0.4042968749999962252 ) ) ;
#2543 = DIRECTION ( 'NONE',  ( 0.000000000000000000, 0.000000000000000000, 1.000000000000000000 ) ) ;
#2544 = CARTESIAN_POINT ( 'NONE',  ( 0.3911580808125601494, 0.3375083034346575972, -0.5053013392857312880 ) ) ;
#2545 = CARTESIAN_POINT ( 'NONE',  ( -0.2449297306523674223, 0.4085139614342819803, -0.6590401785714068428 ) ) ;
#2546 = CARTESIAN_POINT ( 'NONE',  ( 0.1932156001970423143, 0.4357361261017608789, -0.6877790178571183688 ) ) ;
#2547 = CARTESIAN_POINT ( 'NONE',  ( 0.2968750000000001110, -0.5142025834970105347, -0.9749999999999998668 ) ) ;
#2548 = CARTESIAN_POINT ( 'NONE',  ( -0.1138437939793282144, -0.4547536708017240192, -0.4358258928571390189 ) ) ;
#2549 = EDGE_CURVE ( 'NONE', #1231, #470, #1056, .T. ) ;
#2550 = CARTESIAN_POINT ( 'NONE',  ( -0.2261616558510952113, -0.4582089072687696718, -0.5409256456425849402 ) ) ;
#2551 = CARTESIAN_POINT ( 'NONE',  ( -0.1845946737133848659, -0.4454888344142057810, -0.8660714285714341543 ) ) ;
#2552 = CARTESIAN_POINT ( 'NONE',  ( -0.4746171234208753642, 0.05860041927903376219, -0.7201450892856997577 ) ) ;
#2553 = CARTESIAN_POINT ( 'NONE',  ( -0.06375019836614626012, 0.5174221914243792853, -0.7106584821429627885 ) ) ;
#2554 = CARTESIAN_POINT ( 'NONE',  ( 0.2947401267124895030, -0.4412330045162717873, -0.9531249999999863443 ) ) ;
#2555 = CARTESIAN_POINT ( 'NONE',  ( 0.2689002343733287725, -0.4025497668847550781, -0.9084821428570828417 ) ) ;
#2556 = CARTESIAN_POINT ( 'NONE',  ( -0.1319090733379779112, 0.4943023490493022032, -0.5606811249319678669 ) ) ;
#2557 = CARTESIAN_POINT ( 'NONE',  ( 0.4621899860002427474, 0.2280544234881750343, -0.6555034217234653182 ) ) ;
#2558 = ORIENTED_EDGE ( 'NONE', *, *, #4055, .T. ) ;
#2559 = CARTESIAN_POINT ( 'NONE',  ( 0.000000000000000000, 0.000000000000000000, -0.9749999999999998668 ) ) ;
#2560 = CARTESIAN_POINT ( 'NONE',  ( 0.1541233425413667812, -0.4807472219490150356, -0.9718434922078645899 ) ) ;
#2561 = CARTESIAN_POINT ( 'NONE',  ( -0.2979423293595149236, 0.3629425882449640040, -0.4430803571428560406 ) ) ;
#2562 = CARTESIAN_POINT ( 'NONE',  ( -0.4552404798598110869, -0.2622631439839459011, -0.9761996754537614063 ) ) ;
#2564 = CARTESIAN_POINT ( 'NONE',  ( -0.2808456880787779109, 0.4436303976358607626, -0.7748325892857779174 ) ) ;
#2563 = CARTESIAN_POINT ( 'NONE',  ( -0.1645994691234340113, -0.4842998800104991175, -0.5316545768337446187 ) ) ;
#2565 = CARTESIAN_POINT ( 'NONE',  ( -0.4933090492133966887, 0.1675606330867407678, -0.8352227426683149769 ) ) ;
#2566 = CARTESIAN_POINT ( 'NONE',  ( -0.2603485524794251771, -0.4112595389972243942, -1.010881696428638676 ) ) ;
#2567 = ORIENTED_EDGE ( 'NONE', *, *, #3296, .F. ) ;
#2568 = CARTESIAN_POINT ( 'NONE',  ( 0.1836120074792911283, -0.4884424035342460613, -0.8887680642750599436 ) ) ;
#2569 = CARTESIAN_POINT ( 'NONE',  ( 0.4392078689063450558, 0.2076606879409794160, -0.9637276785714480321 ) ) ;
#2570 = CARTESIAN_POINT ( 'NONE',  ( 0.1038681288484661625, 0.4628416678427960673, -0.6141183035714136151 ) ) ;
#2571 = DIRECTION ( 'NONE',  ( 0.000000000000000000, 0.000000000000000000, -1.000000000000000000 ) ) ;
#2572 = CARTESIAN_POINT ( 'NONE',  ( 0.2462703584557872361, 0.4107574346387046216, -0.7606026785714012917 ) ) ;
#2573 = CARTESIAN_POINT ( 'NONE',  ( -0.1972833326399740517, -0.4449094991002899846, -0.9913504464285038953 ) ) ;
#2574 = CARTESIAN_POINT ( 'NONE',  ( -0.2979423293585270471, 0.3629425882455030172, -0.4609375000000336398 ) ) ;
#2575 = CARTESIAN_POINT ( 'NONE',  ( 0.4742750588347727225, -0.02336078041717915693, -0.6121651785713954075 ) ) ;
#2576 = CARTESIAN_POINT ( 'NONE',  ( 0.2216047699123901149, 0.4144651862783731433, -0.4743303571428776899 ) ) ;
#2577 = CARTESIAN_POINT ( 'NONE',  ( 0.4535113537650869997, -0.1621990762309983014, -0.8476562500000792699 ) ) ;
#2578 = CARTESIAN_POINT ( 'NONE',  ( -0.3445679735698329860, 0.3931912527454073936, -0.9203893236991660398 ) ) ;
#2579 = CARTESIAN_POINT ( 'NONE',  ( -0.3985415656647565696, 0.2522973477324458313, -0.5108816964285486373 ) ) ;
#2580 = CARTESIAN_POINT ( 'NONE',  ( -0.1604972023192386410, -0.4856218084513974076, -0.3942522321428780785 ) ) ;
#2581 = CARTESIAN_POINT ( 'NONE',  ( -0.1972833326337466719, -0.4449094991025091539, -1.009207589285593842 ) ) ;
#2582 = CARTESIAN_POINT ( 'NONE',  ( -0.3834987279656268400, 0.3365634072048306891, -0.4903302337929333343 ) ) ;
#2583 = CARTESIAN_POINT ( 'NONE',  ( -0.5141634234264242931, 0.06334484997085063074, -0.5505022321428449938 ) ) ;
#2584 = CARTESIAN_POINT ( 'NONE',  ( 0.1925318238061191345, -0.4344956565670016757, -0.6247209821429462462 ) ) ;
#2585 = CARTESIAN_POINT ( 'NONE',  ( 0.3901818058333199613, -0.2748721182971564092, -0.7078683035713656535 ) ) ;
#2586 = CARTESIAN_POINT ( 'NONE',  ( -0.2582244010602408602, 0.4479111578185509535, -0.7083403397019777392 ) ) ;
#2587 = CARTESIAN_POINT ( 'NONE',  ( 0.4813702649254542609, 0.01175500702502596181, -0.8256138392856531283 ) ) ;
#2588 = CARTESIAN_POINT ( 'NONE',  ( -0.03366649946948079702, 0.5180752614299701797, -0.7771902328735228460 ) ) ;
#2589 = CARTESIAN_POINT ( 'NONE',  ( -0.3623140311443970307, 0.3124479029776699446, -0.7446986607142506154 ) ) ;
#2590 = CARTESIAN_POINT ( 'NONE',  ( -0.4218991501815946843, 0.2254356840551575147, -0.7243303571428191256 ) ) ;
#2591 = CARTESIAN_POINT ( 'NONE',  ( -0.5202139562005230200, 0.02548539299049989645, -0.6947544642857774733 ) ) ;
#2592 = CARTESIAN_POINT ( 'NONE',  ( 0.2497241290889890830, 0.4673541354064498776, -0.9296874999999971134 ) ) ;
#2593 = CARTESIAN_POINT ( 'NONE',  ( -0.3329513030047074329, 0.3497998051078723414, -0.8708147321429309251 ) ) ;
#2594 = CARTESIAN_POINT ( 'NONE',  ( -0.4234768553271781033, -0.2819897024077138714, -0.4676811541785710902 ) ) ;
#2595 = CARTESIAN_POINT ( 'NONE',  ( 0.000000000000000000, -4.528468093915398346E-17, 1.185470590824565962 ) ) ;
#2596 = EDGE_LOOP ( 'NONE', ( #6874, #7086, #3460, #6864, #5958, #6840 ) ) ;
#2597 = CARTESIAN_POINT ( 'NONE',  ( 0.3441578852832040680, -0.3928455748983488705, -0.8768978781520766486 ) ) ;
#2598 = CARTESIAN_POINT ( 'NONE',  ( -0.1721399222423843633, -0.4805562604668258131, -0.9766425120012326433 ) ) ;
#2599 = CARTESIAN_POINT ( 'NONE',  ( -0.4577649380152798986, -0.1028602942580411489, -0.4305245535714326000 ) ) ;
#2600 = CARTESIAN_POINT ( 'NONE',  ( -0.4816142483966814880, -0.2134105820935172648, -0.8300781249999864553 ) ) ;
#2601 = CARTESIAN_POINT ( 'NONE',  ( 0.3941662279465905083, 0.3451867706121894419, -0.9304686910490073126 ) ) ;
#2603 = CARTESIAN_POINT ( 'NONE',  ( -0.1026328395215617695, -0.5163378400454691208, -0.8191964285715680472 ) ) ;
#2602 = CARTESIAN_POINT ( 'NONE',  ( 0.4424646263297726811, -0.2556635883987442015, -0.5160271715536434156 ) ) ;
#2604 = CARTESIAN_POINT ( 'NONE',  ( -0.5130764764102360154, 0.08512193764238752680, -0.8333717163546293660 ) ) ;
#2605 = CARTESIAN_POINT ( 'NONE',  ( -0.4847927751558989140, 0.04768107514292077576, -1.023437499999941380 ) ) ;
#2606 = ORIENTED_EDGE ( 'NONE', *, *, #5591, .T. ) ;
#2607 = CARTESIAN_POINT ( 'NONE',  ( -0.06885392951951950502, -0.5182680182700950544, -0.8943584054355790958 ) ) ;
#2608 = CARTESIAN_POINT ( 'NONE',  ( -0.2012422734009991776, 0.4856546241867085723, -0.8504464285714777860 ) ) ;
#2609 = CARTESIAN_POINT ( 'NONE',  ( 0.1031051456061401334, -0.4594243602616042144, -0.5019531249999997780 ) ) ;
#2610 = FACE_OUTER_BOUND ( 'NONE', #4725, .T. ) ;
#2611 = CARTESIAN_POINT ( 'NONE',  ( 0.4675556224527887550, 0.1050602300612261536, -0.7698102678571395741 ) ) ;
#2612 = CARTESIAN_POINT ( 'NONE',  ( -0.2980551139094054225, -0.3820299030307740540, -0.9227120535714130600 ) ) ;
#2613 = CARTESIAN_POINT ( 'NONE',  ( -0.2532981626356353155, -0.3998877344111151366, -0.5644531249999776845 ) ) ;
#2614 = CARTESIAN_POINT ( 'NONE',  ( -0.4440626986895109818, 0.1588197069672738493, -0.5262276785714364857 ) ) ;
#2615 = CARTESIAN_POINT ( 'NONE',  ( -0.3329513030002463347, 0.3497998051115300822, -0.8886718749999714673 ) ) ;
#2616 = VECTOR ( 'NONE', #2225, 39.37007874015748854 ) ;
#2617 = CARTESIAN_POINT ( 'NONE',  ( -0.4150883642700439746, 0.3191211124615688788, -0.9181647618678530076 ) ) ;
#2618 = CARTESIAN_POINT ( 'NONE',  ( 0.4532241843325606756, 0.1254907279870803027, -0.4656808035714203875 ) ) ;
#2619 = CARTESIAN_POINT ( 'NONE',  ( -0.4254928449234380849, -0.2842259077825702862, -0.4017857142857302888 ) ) ;
#2620 = CARTESIAN_POINT ( 'NONE',  ( 0.4226548455111615032, 0.2395072658086202233, -0.9807477678571192570 ) ) ;
#2621 = CARTESIAN_POINT ( 'NONE',  ( -0.2443087646480081032, 0.4572113464647621361, -0.5613839285714480321 ) ) ;
#2622 = CARTESIAN_POINT ( 'NONE',  ( 0.08077196734019137514, 0.4651452488074180880, -0.5242745535714690153 ) ) ;
#2623 = CARTESIAN_POINT ( 'NONE',  ( -0.3284303101207882158, 0.3448667630439430920, -0.6743861607142579428 ) ) ;
#2624 = CARTESIAN_POINT ( 'NONE',  ( 0.1176009693927091981, 0.5028934918169113422, -0.7168964023197491597 ) ) ;
#2625 = CARTESIAN_POINT ( 'NONE',  ( 0.3720726524414816883, 0.3052720322982478973, -0.8180803571428509890 ) ) ;
#2626 = CARTESIAN_POINT ( 'NONE',  ( -0.3159456585546080998, 0.4117310582701280142, -0.7704903615678655449 ) ) ;
#2627 = CARTESIAN_POINT ( 'NONE',  ( -0.4100137971325068520, -0.2456811311634665707, -0.7304687499998974154 ) ) ;
#2628 = CARTESIAN_POINT ( 'NONE',  ( -0.3635344682997525001, -0.3136736206605983401, -0.7820870535714210536 ) ) ;
#2629 = CARTESIAN_POINT ( 'NONE',  ( 0.1509299083507339434, -0.4977803002728189985, -0.6729910714285323170 ) ) ;
#2630 = CARTESIAN_POINT ( 'NONE',  ( 0.4256935054973534638, 0.3158057297945790487, -0.9347098214285683992 ) ) ;
#2631 = VECTOR ( 'NONE', #3607, 39.37007874015748143 ) ;
#2632 = CARTESIAN_POINT ( 'NONE',  ( -0.4234967693190448967, -0.2264381321699104888, -0.7845982142856633423 ) ) ;
#2633 = CARTESIAN_POINT ( 'NONE',  ( -0.4964586700292119015, 0.3989728978797913994, -0.04855337889983726146 ) ) ;
#2634 = CARTESIAN_POINT ( 'NONE',  ( 0.5097461219846943781, 2.475737244258238603E-16, -0.5100744377461816637 ) ) ;
#2635 = VERTEX_POINT ( 'NONE', #4156 ) ;
#2636 = CARTESIAN_POINT ( 'NONE',  ( 0.2148447999916677786, -0.4752409731398316572, -0.8802454177170057070 ) ) ;
#2637 = CARTESIAN_POINT ( 'NONE',  ( 0.09729132997078827894, 0.6294322691142292259, -0.04855337889983721289 ) ) ;
#2638 = CARTESIAN_POINT ( 'NONE',  ( 0.4876322318779183207, -0.09920224863739819654, -0.9640672640559988515 ) ) ;
#2639 = CARTESIAN_POINT ( 'NONE',  ( -0.1154890124543449803, 0.5146064590705805575, -0.8501674107142337400 ) ) ;
#2640 = CARTESIAN_POINT ( 'NONE',  ( -0.1676111860924697772, 0.4950983719383184045, -0.9170776107566526170 ) ) ;
#2642 = CARTESIAN_POINT ( 'NONE',  ( -0.4941176982412257557, 0.1768700370701044577, -0.7672991071428592047 ) ) ;
#2641 = DIRECTION ( 'NONE',  ( 0.000000000000000000, 0.000000000000000000, 1.000000000000000000 ) ) ;
#2643 = CARTESIAN_POINT ( 'NONE',  ( -0.4127936739829750623, 0.3170621986107481916, -0.8467318922427039540 ) ) ;
#2644 = CARTESIAN_POINT ( 'NONE',  ( 0.4394378668792380815, -0.2079078415886547182, -0.9916294642857195196 ) ) ;
#2645 = CARTESIAN_POINT ( 'NONE',  ( -0.4320641008983356346, 0.2692677617969720383, -0.4806938365696243332 ) ) ;
#2646 = EDGE_CURVE ( 'NONE', #3921, #3394, #2718, .T. ) ;
#2647 = ORIENTED_EDGE ( 'NONE', *, *, #3619, .F. ) ;
#2648 = CARTESIAN_POINT ( 'NONE',  ( -0.4505153713229677614, -0.2366094605634065373, -0.4766433104605971582 ) ) ;
#2649 = CARTESIAN_POINT ( 'NONE',  ( 0.4936636739983787381, -0.1765597990870040046, -0.8052455357142909165 ) ) ;
#2650 = CARTESIAN_POINT ( 'NONE',  ( -0.2223849187775424063, 0.4161816268418175868, -0.5345982142857048647 ) ) ;
#2651 = FACE_OUTER_BOUND ( 'NONE', #5757, .T. ) ;
#2652 = CARTESIAN_POINT ( 'NONE',  ( 0.4649365901172026749, 0.1411063159689698032, -0.9654017857143022407 ) ) ;
#2653 = CARTESIAN_POINT ( 'NONE',  ( 0.4239547761597771136, 0.2134735259890637726, -0.6063058035713873029 ) ) ;
#2654 = CARTESIAN_POINT ( 'NONE',  ( 0.3847844316329739334, -0.2709170893905198940, -0.4935825892857395036 ) ) ;
#2655 = CARTESIAN_POINT ( 'NONE',  ( 0.2761257278752587974, -0.3921755655475540059, -0.7832031250000275335 ) ) ;
#2656 = CARTESIAN_POINT ( 'NONE',  ( -0.5222431221551278036, 0.03409934261100248942, -0.9114543248045565704 ) ) ;
#2657 = CARTESIAN_POINT ( 'NONE',  ( 0.2734046536037788577, -0.4318762712765155110, -0.3842075892857287345 ) ) ;
#2658 = CARTESIAN_POINT ( 'NONE',  ( -0.3169513540893691417, 0.3673332534179509223, -0.9606584821428773013 ) ) ;
#2659 = CARTESIAN_POINT ( 'NONE',  ( -0.4378472953328329531, 0.2771801234078919984, -0.5555245535714409266 ) ) ;
#2660 = CARTESIAN_POINT ( 'NONE',  ( -0.1705853501781648129, 0.4423953118449805988, -0.5895647321428851839 ) ) ;
#2661 = CARTESIAN_POINT ( 'NONE',  ( 0.4764735344340549350, 0.02334621140395253674, -0.7003348214285926021 ) ) ;
#2662 = CARTESIAN_POINT ( 'NONE',  ( -0.4990529061251229304, 0.1341128448132131168, -0.6994141765527075449 ) ) ;
#2663 = CARTESIAN_POINT ( 'NONE',  ( -0.04718994619656396300, -0.4797994699174668587, -0.8448660714285810558 ) ) ;
#2664 = CARTESIAN_POINT ( 'NONE',  ( 0.4726478140969629926, 0.2138330999745799710, -0.7909589787775889169 ) ) ;
#2665 = CARTESIAN_POINT ( 'NONE',  ( -0.4776218835925460926, 0.02339864135986331750, -0.7371651785714401495 ) ) ;
#2666 = CARTESIAN_POINT ( 'NONE',  ( -0.1155908553090460172, -0.4612128935534064444, -0.6322544642857080843 ) ) ;
#2667 = CARTESIAN_POINT ( 'NONE',  ( -0.07641250862334746097, -0.5146740064888717381, -0.6780133928571931978 ) ) ;
#2668 = CARTESIAN_POINT ( 'NONE',  ( -0.2263363158293421606, -0.4233144626711283776, -0.7779017857143375458 ) ) ;
#2669 = CARTESIAN_POINT ( 'NONE',  ( -0.4937910938129719818, 0.1323757234055228937, -0.5487639798923273915 ) ) ;
#2670 = VERTEX_POINT ( 'NONE', #1550 ) ;
#2671 = CARTESIAN_POINT ( 'NONE',  ( 0.4135157120344654103, -0.3175574499076939672, -0.8746612209717122832 ) ) ;
#2672 = DIRECTION ( 'NONE',  ( 0.000000000000000000, 0.000000000000000000, -1.000000000000000000 ) ) ;
#2673 = CARTESIAN_POINT ( 'NONE',  ( 0.05921526309069662097, 0.4795967089379642445, -0.8808593749999508171 ) ) ;
#2674 = CARTESIAN_POINT ( 'NONE',  ( 0.06477236615219789106, -0.5245721401945220297, -0.8869977678572031898 ) ) ;
#2675 = CARTESIAN_POINT ( 'NONE',  ( 0.08563909350917807417, 0.5158081760071056010, -0.9226571516210665402 ) ) ;
#2676 = EDGE_CURVE ( 'NONE', #4469, #7051, #7096, .T. ) ;
#2678 = CARTESIAN_POINT ( 'NONE',  ( 0.4492924145870903496, -0.2692122857172925543, -0.7338169642857266251 ) ) ;
#2677 = CARTESIAN_POINT ( 'NONE',  ( -0.3465787876445492466, -0.3943604560701778894, -0.9646982969499231508 ) ) ;
#2679 = CARTESIAN_POINT ( 'NONE',  ( -0.2284191734791436168, 0.4636034891088574028, -0.7012957926831834277 ) ) ;
#2680 = CARTESIAN_POINT ( 'NONE',  ( -0.3441855398378270148, -0.3442795597924459550, -1.013392857142749515 ) ) ;
#2681 = CARTESIAN_POINT ( 'NONE',  ( -0.3139195223796804601, -0.4088963658877793894, -0.6860149950569668365 ) ) ;
#2682 = ORIENTED_EDGE ( 'NONE', *, *, #3324, .F. ) ;
#2683 = CARTESIAN_POINT ( 'NONE',  ( -0.07284946193163943651, -0.5037868061383167229, -0.4659157507422710953 ) ) ;
#2684 = CARTESIAN_POINT ( 'NONE',  ( -0.1645635821097695128, -0.4983690892503023218, -0.8228236607142667136 ) ) ;
#2685 = CARTESIAN_POINT ( 'NONE',  ( -0.3643148025481069419, -0.2989070512003390023, -0.5145089285714359306 ) ) ;
#2686 = DIRECTION ( 'NONE',  ( -1.000000000000000000, 0.000000000000000000, 0.000000000000000000 ) ) ;
#2687 = CARTESIAN_POINT ( 'NONE',  ( -0.1295072659967400341, 0.4677306024286153607, -0.9478236607142871417 ) ) ;
#2688 = CARTESIAN_POINT ( 'NONE',  ( -0.4714652576064169986, 0.04649649126242513114, -0.5770089285714020688 ) ) ;
#2689 = CARTESIAN_POINT ( 'NONE',  ( 0.03470602759218155420, -0.4696231047893094090, -0.5036272321428570953 ) ) ;
#2690 = CARTESIAN_POINT ( 'NONE',  ( 0.3780740441134816110, -0.2949687754493734992, -0.7798549107141981018 ) ) ;
#2691 = CARTESIAN_POINT ( 'NONE',  ( -0.1552258242420887779, 0.4587181387928211396, -0.9512669774403428313 ) ) ;
#2692 = CARTESIAN_POINT ( 'NONE',  ( 0.3832693943114232060, -0.2991857459250594209, -0.9941406249999058531 ) ) ;
#2693 = EDGE_CURVE ( 'NONE', #4158, #5592, #894, .T. ) ;
#2694 = CARTESIAN_POINT ( 'NONE',  ( 0.3997095545022849583, -0.3281194085726240606, -0.5212053571428931775 ) ) ;
#2695 = CARTESIAN_POINT ( 'NONE',  ( -0.4459317213861513918, -0.1594922393573653674, -0.5719866071428675314 ) ) ;
#2696 = CARTESIAN_POINT ( 'NONE',  ( 0.4748061646819350945, -0.04669881725744514517, -0.7020089285714069538 ) ) ;
#2697 = CARTESIAN_POINT ( 'NONE',  ( -0.1655545521814355547, 0.4898954119756195325, -0.7105798351429500892 ) ) ;
#2698 = CARTESIAN_POINT ( 'NONE',  ( 0.4670224062551899813, 0.1169191686114706835, -0.8231026785714163907 ) ) ;
#2699 = CARTESIAN_POINT ( 'NONE',  ( 0.5144405806972297546, 0.06769176999322448762, -0.7943004404602493906 ) ) ;
#2700 = CARTESIAN_POINT ( 'NONE',  ( -0.4041263468026276007, 0.2559830220116889321, -0.7430245535714635752 ) ) ;
#2701 = B_SPLINE_CURVE_WITH_KNOTS ( 'NONE', 3,
 ( #2432, #4155, #1164, #2357, #2964, #3505, #5303, #5878, #6908, #1814, #2929, #3427, #6447, #3541, #3005, #51, #4728, #7054, #663, #1663, #5264, #6483, #6334, #12, #5340, #86, #5762, #512, #2857, #5191, #4614, #6945, #1279, #1395, #2017, #2555, #3081, #6525, #4881, #5417, #3692, #6115, #3126, #5538, #1932, #3618, #167, #243, #7136, #5460, #5955, #818, #1315, #4348, #1893, #125, #738, #2516, #1971, #3655, #4844, #3044, #282, #6031, #205, #2593, #779, #6075, #3202, #6683, #7214, #6604, #5992, #856, #4309, #6642, #4766, #3736, #3165, #5500, #7094, #7176, #4269, #4192, #1437, #1353, #4924, #1852, #7254, #701, #3775, #5380, #2472, #4803, #4231, #6563, #6290, #5577, #6860, #6722, #1613, #1549, #2739, #7337, #356, #4532, #3920, #7297, #4497, #2094, #4425, #5077, #3952, #3854, #1036, #4968, #5646, #7408, #392, #2057, #5042, #3277, #3886, #6759, #6826, #7372, #2164, #6222, #4465, #965, #4389, #1580, #6253, #997, #2632, #3345, #895, #431, #5681, #2668, #7442, #3381, #2776, #5006, #5107, #2197, #2127, #5717, #1475, #1513, #3815, #6151, #6191, #3311, #3243, #932, #5613, #2704, #6794, #322, #6359, #542, #1072, #7006, #5751, #6474, #2846, #7476, #578, #5291, #3415, #3570, #4719, #2348, #500, #6437, #5180, #7515, #2274, #7045, #2885, #5217, #6398, #6934, #1804, #1230, #1767, #3494, #6322, #4605, #5255, #2, #1688, #7552, #3531, #4028, #1110, #2312, #3453, #4146, #465, #2812, #40, #4640, #5831, #4105, #6970, #1193, #5868, #5141, #2953, #1727, #4566, #2919, #4677, #2234, #615, #2386, #6897, #1651, #3992, #5792, #4065, #1153, #730, #4300, #4222, #234, #4794, #1383, #6022, #653, #5330, #2423, #2545, #3156, #3683, #6555, #77, #766, #1307, #3646, #7245, #4260, #6674, #3073, #4757, #5984, #3726, #691, #6594, #7085, #1961, #2463, #5490, #3034, #1268, #1884, #5409, #3115, #7125, #2584, #4183, #1428, #7166, #1344, #6066, #1922, #7205, #4339, #4913, #5451, #156, #2506, #2003, #195, #6633, #3609, #5904, #1842, #6513, #4835, #5945, #2994, #4872, #809, #5371, #115, #2118, #2660, #3231, #6713, #2729, #5568, #5529, #6142, #2047, #6105, #5604, #1464, #3805, #5638, #4523, #2695, #4452, #7362, #272, #6786, #383, #6751, #6214, #989, #885, #958, #6851, #6818, #3336, #4489, #1504, #314, #4997, #3912, #1571, #7328, #2086, #924, #1541, #4416, #5100, #3766, #5068, #3878, #4379, #3844, #3303, #7399, #6182, #3268, #6245, #348, #5034, #2622, #2156, #5671, #7432, #422, #2767, #2188, #846, #3193, #4960, #7287, #1025, #6427, #4595, #5741, #27, #3484, #2943, #7541, #6279, #3371, #5704, #5821, #1182, #6960, #7504, #454, #1716, #2264, #531, #4054, #6313, #6923, #3521, #2909, #2802, #568, #1061, #3405, #6386, #2837, #604, #3942, #4630, #1141, #5243, #5131, #4017, #6348, #5857, #7466, #4707, #2875, #2300, #4666, #5207, #7576, #2374, #5278 ),
 .UNSPECIFIED., .F., .F.,
 ( 4, 2, 2, 2, 2, 2, 2, 2, 2, 2, 2, 2, 2, 2, 2, 2, 2, 2, 2, 2, 2, 2, 2, 2, 2, 2, 2, 2, 2, 2, 2, 2, 2, 2, 2, 2, 2, 2, 2, 2, 2, 2, 2, 2, 2, 2, 2, 2, 2, 2, 2, 2, 2, 2, 2, 2, 2, 2, 2, 2, 2, 2, 2, 2, 2, 2, 2, 2, 2, 2, 2, 2, 2, 2, 2, 2, 2, 2, 2, 2, 2, 2, 2, 2, 2, 2, 2, 2, 2, 2, 2, 2, 2, 2, 2, 2, 2, 2, 2, 2, 2, 2, 2, 2, 2, 2, 2, 2, 2, 2, 2, 2, 2, 2, 2, 2, 2, 2, 2, 2, 2, 2, 2, 2, 2, 2, 2, 2, 2, 2, 2, 2, 2, 2, 2, 2, 2, 2, 2, 2, 2, 2, 2, 2, 2, 2, 2, 2, 2, 2, 2, 2, 2, 2, 2, 2, 2, 2, 2, 2, 2, 2, 2, 2, 2, 2, 2, 2, 2, 2, 2, 2, 2, 2, 2, 2, 2, 2, 2, 2, 2, 2, 2, 2, 2, 2, 2, 2, 2, 2, 2, 2, 2, 2, 2, 2, 2, 2, 2, 4 ),
 ( 0.1103286369964635721, 0.1132812500000000000, 0.1171875000000000000, 0.1210937500000000000, 0.1250000000000000000, 0.1289062500000000000, 0.1328125000000000000, 0.1367187500000000000, 0.1406250000000000000, 0.1445312500000000000, 0.1484375000000000000, 0.1523437500000000000, 0.1562500000000000000, 0.1601562500000000000, 0.1640625000000000000, 0.1679687500000000000, 0.1718750000000000000, 0.1757812500000000000, 0.1796875000000000000, 0.1835937500000000000, 0.1875000000000000000, 0.1914062500000000000, 0.1953125000000000000, 0.1992187500000000000, 0.2031250000000000000, 0.2070312500000000000, 0.2109375000000000000, 0.2148437500000000000, 0.2187500000000000000, 0.2226562500000000000, 0.2265625000000000000, 0.2304687500000000000, 0.2343750000000000000, 0.2382812500000000000, 0.2421875000000000000, 0.2460937500000000000, 0.2500000000000000000, 0.2539062500000000000, 0.2578125000000000000, 0.2617187500000000000, 0.2656250000000000000, 0.2695312500000000000, 0.2734375000000000000, 0.2773437500000000555, 0.2812500000000000000, 0.2851562500000000000, 0.2890625000000000000, 0.2929687500000000000, 0.2968750000000000000, 0.3007812500000000000, 0.3046875000000000000, 0.3085937500000000000, 0.3125000000000000000, 0.3164062500000000000, 0.3203125000000000000, 0.3242187500000000000, 0.3281250000000000000, 0.3320312500000000000, 0.3359375000000000000, 0.3398437500000000000, 0.3437500000000000000, 0.3476562500000000000, 0.3515625000000000000, 0.3554687500000000000, 0.3593750000000000000, 0.3632812500000000000, 0.3671875000000000000, 0.3710937500000000000, 0.3750000000000000000, 0.3789062500000000000, 0.3828125000000000000, 0.3867187500000000000, 0.3906250000000000000, 0.3945312500000000000, 0.3984375000000000000, 0.4023437500000000000, 0.4062500000000000000, 0.4101562500000000000, 0.4140625000000000000, 0.4179687500000000000, 0.4218750000000000000, 0.4257812500000000000, 0.4296875000000000000, 0.4335937500000000000, 0.4375000000000000000, 0.4414062500000000000, 0.4453125000000000000, 0.4492187500000000000, 0.4531249999999999445, 0.4570312500000000000, 0.4609375000000000000, 0.4648437500000000000, 0.4687499999999999445, 0.4726562500000000000, 0.4765625000000000000, 0.4804687500000000000, 0.4843749999999999445, 0.4882812500000000000, 0.4921875000000000000, 0.4960937500000000000, 0.4999999999999999445, 0.5039062500000000000, 0.5078125000000000000, 0.5117187500000000000, 0.5156250000000001110, 0.5195312500000000000, 0.5234375000000000000, 0.5273437500000000000, 0.5312500000000001110, 0.5351562500000000000, 0.5390625000000000000, 0.5429687500000000000, 0.5468750000000001110, 0.5507812500000000000, 0.5546875000000000000, 0.5585937500000000000, 0.5625000000000000000, 0.5664062500000000000, 0.5703125000000000000, 0.5742187500000000000, 0.5781250000000000000, 0.5820312500000000000, 0.5859375000000000000, 0.5898437500000000000, 0.5937500000000000000, 0.5976562500000000000, 0.6015625000000000000, 0.6054687500000000000, 0.6093750000000000000, 0.6132812500000000000, 0.6171875000000000000, 0.6210937500000000000, 0.6250000000000000000, 0.6289062500000000000, 0.6328125000000000000, 0.6367187500000000000, 0.6406250000000000000, 0.6445312500000000000, 0.6484375000000000000, 0.6523437500000000000, 0.6562500000000000000, 0.6601562500000000000, 0.6640625000000000000, 0.6679687500000000000, 0.6718750000000000000, 0.6757812500000000000, 0.6796875000000000000, 0.6835937500000000000, 0.6875000000000000000, 0.6914062500000000000, 0.6953125000000000000, 0.6992187500000000000, 0.7031250000000000000, 0.7070312500000000000, 0.7109375000000000000, 0.7148437500000000000, 0.7187500000000000000, 0.7226562500000000000, 0.7265625000000000000, 0.7304687500000000000, 0.7343750000000000000, 0.7382812500000000000, 0.7421875000000000000, 0.7460937500000000000, 0.7500000000000000000, 0.7539062500000000000, 0.7578125000000000000, 0.7617187500000000000, 0.7656250000000000000, 0.7695312500000000000, 0.7734375000000000000, 0.7773437500000000000, 0.7812500000000001110, 0.7851562500000000000, 0.7890625000000000000, 0.7929687499999998890, 0.7968750000000000000, 0.8007812500000000000, 0.8046875000000000000, 0.8085937500000000000, 0.8125000000000001110, 0.8164062500000000000, 0.8203125000000000000, 0.8242187499999998890, 0.8281250000000000000, 0.8320312500000000000, 0.8359375000000000000, 0.8398437500000000000, 0.8437500000000001110, 0.8476562500000000000, 0.8515625000000000000, 0.8554687499999998890, 0.8593750000000000000, 0.8632812500000000000, 0.8671875000000000000, 0.8710937500000000000, 0.8750000000000000000, 0.8789062500000000000, 0.8828125000000000000, 0.8835888888889052994 ),
 .UNSPECIFIED. ) ;
#2702 = CARTESIAN_POINT ( 'NONE',  ( -0.3284303101212081577, 0.3448667630453760569, -0.6565290178571762114 ) ) ;
#2703 = CARTESIAN_POINT ( 'NONE',  ( -0.4903857625520983698, 0.1620717010225325716, -0.5549665178571249191 ) ) ;
#2704 = CARTESIAN_POINT ( 'NONE',  ( 0.4780153843018821735, -0.03532236049319511378, -0.7553013392857295116 ) ) ;
#2705 = CARTESIAN_POINT ( 'NONE',  ( -0.4175820398586201909, -0.2986386719097809950, -0.6179421951455223994 ) ) ;
#2706 = EDGE_LOOP ( 'NONE', ( #1728, #704, #5384 ) ) ;
#2707 = ORIENTED_EDGE ( 'NONE', *, *, #7318, .F. ) ;
#2708 = CARTESIAN_POINT ( 'NONE',  ( 0.2968749999999999445, 0.5142025834970105347, -0.02500000000000000139 ) ) ;
#2709 = CARTESIAN_POINT ( 'NONE',  ( 0.4800787832981813774, 0.05914935652433882946, -0.8959263392857365060 ) ) ;
#2710 = CARTESIAN_POINT ( 'NONE',  ( -0.1657791285108628776, -0.5020502398793683652, -0.8920200892856814390 ) ) ;
#2711 = CARTESIAN_POINT ( 'NONE',  ( 0.5054523401081030265, 0.1354089142578791538, -0.9356681704684046696 ) ) ;
#2712 = CARTESIAN_POINT ( 'NONE',  ( -0.4550244070690902531, -0.2621505977337225679, -0.9684166568153156351 ) ) ;
#2713 = DIRECTION ( 'NONE',  ( -1.000000000000000000, 0.000000000000000000, 0.000000000000000000 ) ) ;
#2714 = CARTESIAN_POINT ( 'NONE',  ( -0.4891519105622073593, -0.1659228483221805717, -0.6927092580679845568 ) ) ;
#2715 = EDGE_LOOP ( 'NONE', ( #1282, #2707, #6254 ) ) ;
#2716 = APPROVAL ( #2494, 'UNSPECIFIED' ) ;
#2717 = CARTESIAN_POINT ( 'NONE',  ( 0.3443856657880394190, -0.3929667746187811561, -0.8846783827328831284 ) ) ;
#2718 = B_SPLINE_CURVE_WITH_KNOTS ( 'NONE', 3,
 ( #780, #6605, #4767, #6645, #1280, #3695, #3620, #3737, #1240, #3656, #702, #3166, #3082, #6565, #5501, #4925, #7178, #3045, #5382, #126, #3127, #3581, #2473, #4804, #7137, #206, #1934, #1894, #4232, #1354, #2556, #1316, #4883, #1973, #4310, #245, #3006, #5342, #3204, #6223, #2743, #4468, #7373, #3349, #4349, #2669, #3244, #1438, #6828, #5008 ),
 .UNSPECIFIED., .F., .F.,
 ( 4, 2, 2, 2, 2, 2, 2, 2, 2, 2, 2, 2, 2, 2, 2, 2, 2, 2, 2, 2, 2, 2, 2, 2, 4 ),
 ( 0.4869136629363535751, 0.4881945214624256457, 0.4894753799884977163, 0.4920370970406418576, 0.4933179555667139282, 0.4945988140927859988, 0.4971605311449301401, 0.4984413896710022107, 0.4997222481970742813, 0.5022839652492184781, 0.5035648237752905487, 0.5048456823013626193, 0.5061265408274346900, 0.5074073993535067606, 0.5099691164056509018, 0.5112499749317229725, 0.5125308334577950431, 0.5150925505099391843, 0.5163734090360112550, 0.5176542675620833256, 0.5202159846142274668, 0.5227777016663716081, 0.5240585601924436787, 0.5253394187185157493, 0.5279011357706598906 ),
 .UNSPECIFIED. ) ;
#2719 = CARTESIAN_POINT ( 'NONE',  ( -0.05147023347346971200, 0.5232780241958374656, -0.8537946428570829527 ) ) ;
#2720 = CARTESIAN_POINT ( 'NONE',  ( -0.3985415656675557194, 0.2522973477287441257, -0.5287388392857128583 ) ) ;
#2721 = CARTESIAN_POINT ( 'NONE',  ( 0.4426142168103198160, 0.2551488847438249108, -0.5119107861313091368 ) ) ;
#2722 = CARTESIAN_POINT ( 'NONE',  ( 0.1061601979718566208, -0.4724509646751065550, -0.9126674107143527559 ) ) ;
#2723 = CARTESIAN_POINT ( 'NONE',  ( 0.1031051456061401334, -0.4594243602616042144, -0.4840959821428572618 ) ) ;
#2724 = CARTESIAN_POINT ( 'NONE',  ( 0.4635184988865416744, -0.08036281924894132789, -0.4885602678571451807 ) ) ;
#2725 = CARTESIAN_POINT ( 'NONE',  ( 0.1502644484417104409, 0.4546606080724525101, -0.7580915178571664415 ) ) ;
#2726 = CARTESIAN_POINT ( 'NONE',  ( 0.3460351050559485331, 0.3936849479473149005, -0.9367687502373480690 ) ) ;
#2727 = CARTESIAN_POINT ( 'NONE',  ( -0.4756318119071876183, 0.09454151954586292872, -0.9531250000001013634 ) ) ;
#2728 = CARTESIAN_POINT ( 'NONE',  ( -0.01257411059100345570, -0.5150750202971291491, -0.4601004464286053142 ) ) ;
#2729 = CARTESIAN_POINT ( 'NONE',  ( -0.2916952423795416416, 0.3736676050829541018, -0.5862165178571486779 ) ) ;
#2730 = CARTESIAN_POINT ( 'NONE',  ( -0.4000853435240603329, -0.2532791774877715674, -0.5873325892857027553 ) ) ;
#2731 = CARTESIAN_POINT ( 'NONE',  ( 0.000000000000000000, -4.523539546674997231E-17, 1.184999999999999831 ) ) ;
#2732 = CARTESIAN_POINT ( 'NONE',  ( -0.2559629123982163912, 0.4043246679674963873, -0.7301897321428435506 ) ) ;
#2733 = DIRECTION ( 'NONE',  ( -1.000000000000000000, 0.000000000000000000, 0.000000000000000000 ) ) ;
#2734 = CARTESIAN_POINT ( 'NONE',  ( 0.1502644484417104409, 0.4546606080724525101, -0.7580915178571664415 ) ) ;
#2735 = AXIS2_PLACEMENT_3D ( 'NONE', #2559, #4886, #7218 ) ;
#2736 = EDGE_CURVE ( 'NONE', #90, #408, #2316, .T. ) ;
#2737 = CARTESIAN_POINT ( 'NONE',  ( -0.3753593141626328511, 0.2930109705093308370, -0.6548549107142528358 ) ) ;
#2738 = CARTESIAN_POINT ( 'NONE',  ( 0.5173091962999901705, 0.01276979637600313480, -0.5867745535714330440 ) ) ;
#2739 = CARTESIAN_POINT ( 'NONE',  ( 0.4791624125910696752, 0.04725947178494150497, -0.8247767857141705683 ) ) ;
#2740 = VERTEX_POINT ( 'NONE', #2237 ) ;
#2741 = AXIS2_PLACEMENT_3D ( 'NONE', #6388, #991, #1606 ) ;
#2742 = AXIS2_PLACEMENT_3D ( 'NONE', #5861, #5401, #6466 ) ;
#2743 = CARTESIAN_POINT ( 'NONE',  ( -0.4061197337446867950, 0.3121218795453053474, -0.5532395289863923926 ) ) ;
#2744 = VERTEX_POINT ( 'NONE', #2849 ) ;
#2745 = ORIENTED_EDGE ( 'NONE', *, *, #4953, .F. ) ;
#2746 = CC_DESIGN_SECURITY_CLASSIFICATION ( #2015, ( #4939 ) ) ;
#2747 = CIRCLE ( 'NONE', #1886, 0.3750000000000000555 ) ;
#2748 = CARTESIAN_POINT ( 'NONE',  ( -0.4402897878535214637, 0.2878368133257579453, -0.9887213560672077906 ) ) ;
#2749 = CARTESIAN_POINT ( 'NONE',  ( -0.1406777444533862942, -0.4635376331978050546, -0.9185267857142934700 ) ) ;
#2750 = CARTESIAN_POINT ( 'NONE',  ( -0.03887392363591300054, 0.5260239277420053483, -0.8518415178571948632 ) ) ;
#2751 = CARTESIAN_POINT ( 'NONE',  ( -0.03409767917483672722, 0.5225352995559181535, -0.9200439776161495331 ) ) ;
#2752 = CARTESIAN_POINT ( 'NONE',  ( -0.03489269001064743830, -0.5236240472512726507, -0.9572615445398745537 ) ) ;
#2753 = CARTESIAN_POINT ( 'NONE',  ( -0.5133139213656200406, 0.08516870965743000843, -0.8411538450071767148 ) ) ;
#2754 = CARTESIAN_POINT ( 'NONE',  ( -0.4466328820673404754, -0.2576945258262869909, -0.6904783629825625990 ) ) ;
#2755 = EDGE_LOOP ( 'NONE', ( #5836, #4641, #5053, #4678, #4610 ) ) ;
#2756 = CARTESIAN_POINT ( 'NONE',  ( -0.1347979365452728617, -0.5003523858131952995, -0.7452071690655950320 ) ) ;
#2757 = CARTESIAN_POINT ( 'NONE',  ( 0.4211554072676119698, -0.3124343478982550271, -0.8085937499998724354 ) ) ;
#2758 = CARTESIAN_POINT ( 'NONE',  ( -0.4210236651305763189, -0.2118576603300974803, -0.5170200892856721131 ) ) ;
#2759 = CARTESIAN_POINT ( 'NONE',  ( -0.01598777039313365941, 0.5094413843066082359, -0.4996423408325630366 ) ) ;
#2760 = CARTESIAN_POINT ( 'NONE',  ( 0.2278002832189494065, 0.4263244157830852199, -0.8850446428571403512 ) ) ;
#2761 = CARTESIAN_POINT ( 'NONE',  ( 0.3504122916804936483, -0.3175079610756111892, -0.5485491071428071352 ) ) ;
#2762 = CARTESIAN_POINT ( 'NONE',  ( -0.2979423293642126658, 0.3629425882405699633, -0.4609375000000118239 ) ) ;
#2763 = CARTESIAN_POINT ( 'NONE',  ( 0.3043093681360045100, -0.3706987494469730082, -0.7823660714286319040 ) ) ;
#2764 = DIRECTION ( 'NONE',  ( 0.000000000000000000, -1.000000000000000000, -9.106159978880874930E-17 ) ) ;
#2765 = CARTESIAN_POINT ( 'NONE',  ( 0.4594245621755916331, -0.1518389471368099819, -0.9188058035714535832 ) ) ;
#2766 = CARTESIAN_POINT ( 'NONE',  ( 0.3150629283987645968, -0.4112775748558210043, -0.7425650730877895178 ) ) ;
#2767 = CARTESIAN_POINT ( 'NONE',  ( -0.1590467837162880538, 0.4443145059786672846, -0.5184151785714511407 ) ) ;
#2768 = ADVANCED_FACE ( 'NONE', ( #619 ), #6882, .T. ) ;
#2769 = CARTESIAN_POINT ( 'NONE',  ( -0.2230710848887385578, -0.4174738845851932445, -0.5814732142856967601 ) ) ;
#2770 = CARTESIAN_POINT ( 'NONE',  ( 0.5186418530286927009, -4.908789363615472940E-16, -0.7957884069425121831 ) ) ;
#2771 = CARTESIAN_POINT ( 'NONE',  ( -0.3382761674049525880, 0.3383632059067987474, -0.7276785714285040063 ) ) ;
#2772 = CARTESIAN_POINT ( 'NONE',  ( -0.5175298480776741039, -7.005696124377300154E-16, -0.7600729219812309978 ) ) ;
#2773 = CARTESIAN_POINT ( 'NONE',  ( -0.4759475892069274794, 6.121277795059478161E-05, -0.6651785714286199136 ) ) ;
#2774 = CARTESIAN_POINT ( 'NONE',  ( 0.4748061646805830094, -0.04669881725625984331, -0.6841517857143062376 ) ) ;
#2775 = CARTESIAN_POINT ( 'NONE',  ( 0.4988053125212302263, -0.1381072622309533482, -0.5901227678571761004 ) ) ;
#2776 = CARTESIAN_POINT ( 'NONE',  ( -0.09356332601859662645, -0.4707106898516522642, -0.7745535714286638784 ) ) ;
#2777 = ORIENTED_EDGE ( 'NONE', *, *, #6267, .F. ) ;
#2778 = EDGE_CURVE ( 'NONE', #4469, #5905, #3841, .T. ) ;
#2779 = CARTESIAN_POINT ( 'NONE',  ( -0.4523166077481750591, -0.2611974921873194688, -0.9047607543044624556 ) ) ;
#2780 = AXIS2_PLACEMENT_3D ( 'NONE', #875, #2571, #4286 ) ;
#2781 = CARTESIAN_POINT ( 'NONE',  ( -0.2277264185315047151, -0.4608213690017237130, -0.6123590041301957276 ) ) ;
#2782 = ORIENTED_EDGE ( 'NONE', *, *, #4178, .T. ) ;
#2783 = ORIENTED_EDGE ( 'NONE', *, *, #3203, .F. ) ;
#2784 = CARTESIAN_POINT ( 'NONE',  ( 0.000000000000000000, 0.000000000000000000, 0.2380000000000000171 ) ) ;
#2785 = CARTESIAN_POINT ( 'NONE',  ( 0.4743757536307253164, 0.09442656471602947632, -0.8950892857143044612 ) ) ;
#2786 = CARTESIAN_POINT ( 'NONE',  ( -0.1040758567408937713, -0.5228720230631673793, -1.033482142857197861 ) ) ;
#2787 = CARTESIAN_POINT ( 'NONE',  ( -0.04866069077489396100, -0.5004739641104606340, -0.4542999999999997596 ) ) ;
#2788 = DIRECTION ( 'NONE',  ( -0.000000000000000000, -0.000000000000000000, -1.000000000000000000 ) ) ;
#2789 = DIRECTION ( 'NONE',  ( 1.000000000000000000, 0.000000000000000000, 0.000000000000000000 ) ) ;
#2790 = CARTESIAN_POINT ( 'NONE',  ( 0.2278962398606396988, -0.4628638716106138751, -0.6733700194142190343 ) ) ;
#2791 = ORIENTED_EDGE ( 'NONE', *, *, #2736, .T. ) ;
#2792 = CARTESIAN_POINT ( 'NONE',  ( -0.3892676909628101090, -0.3410781915329852976, -0.7518929132927737458 ) ) ;
#2793 = CIRCLE ( 'NONE', #6328, 0.3125000000000000000 ) ;
#2794 = CARTESIAN_POINT ( 'NONE',  ( 0.2344283316026940511, 0.4658872157085440224, -0.7173549107142976888 ) ) ;
#2795 = CARTESIAN_POINT ( 'NONE',  ( 0.4160602378095931142, -0.3196565235080811029, -0.9538743088101311329 ) ) ;
#2796 = CARTESIAN_POINT ( 'NONE',  ( -0.4408312391905446215, 0.2551303488327106295, -0.4881072572430449341 ) ) ;
#2797 = CARTESIAN_POINT ( 'NONE',  ( 0.4113961901892774220, -0.2329787936226896117, -0.5460379464285812778 ) ) ;
#2798 = CARTESIAN_POINT ( 'NONE',  ( -0.2655187364187047705, -0.3972662417467011098, -0.7254464285714614658 ) ) ;
#2799 = CARTESIAN_POINT ( 'NONE',  ( 0.1769223874176845679, 0.4362859325733045024, -0.4542999999999995930 ) ) ;
#2800 = CARTESIAN_POINT ( 'NONE',  ( -0.4201279954308683173, 0.2379237705276326109, -0.8853236607143885051 ) ) ;
#2801 = CARTESIAN_POINT ( 'NONE',  ( -0.1617137251634455097, -0.4893026365039754300, -0.4634486607142707659 ) ) ;
#2802 = CARTESIAN_POINT ( 'NONE',  ( 0.2320863263381520436, -0.4095591057104207011, -0.4807477678570884483 ) ) ;
#2803 = CARTESIAN_POINT ( 'NONE',  ( -0.4139243523108412370, -0.2345599728290415631, -0.6593191964285519679 ) ) ;
#2804 = CARTESIAN_POINT ( 'NONE',  ( -0.01328442203923020128, 0.4693374720804686651, -0.4543000000000000371 ) ) ;
#2805 = CARTESIAN_POINT ( 'NONE',  ( -0.4416244266392804763, -0.1829975262154569238, -0.7142857142858169972 ) ) ;
#2806 = CARTESIAN_POINT ( 'NONE',  ( -0.5177954486399360956, 0.03405292124617395610, -0.7686035070984296169 ) ) ;
#2807 = CARTESIAN_POINT ( 'NONE',  ( 0.4734233489828735819, 0.05845687711966641303, -0.6994977678571436819 ) ) ;
#2808 = CARTESIAN_POINT ( 'NONE',  ( -0.5219777093651807309, -1.172903345333412607E-12, -0.9029297705755542358 ) ) ;
#2809 = CARTESIAN_POINT ( 'NONE',  ( 0.4764735344354070756, 0.02334621140276723142, -0.6824776785714082861 ) ) ;
#2810 = CARTESIAN_POINT ( 'NONE',  ( 0.3919849105019465041, -0.3382166675295991687, -0.5951450892856385844 ) ) ;
#2811 = CARTESIAN_POINT ( 'NONE',  ( -0.4543975939959427612, -0.2574948723791422589, -0.6861049107142662695 ) ) ;
#2812 = CARTESIAN_POINT ( 'NONE',  ( 0.03507272389046840744, -0.4763043813655770120, -0.7000558035713946303 ) ) ;
#2813 = ORIENTED_EDGE ( 'NONE', *, *, #3987, .F. ) ;
#2814 = CARTESIAN_POINT ( 'NONE',  ( -0.5222200252584996427, -7.971447075262518240E-16, -0.9107124963950573582 ) ) ;
#2815 = DIRECTION ( 'NONE',  ( 1.000000000000000000, 0.000000000000000000, 0.000000000000000000 ) ) ;
#2816 = CARTESIAN_POINT ( 'NONE',  ( 0.2689002343684395169, -0.4025497668870928192, -0.9263392857143624148 ) ) ;
#2817 = ORIENTED_EDGE ( 'NONE', *, *, #877, .F. ) ;
#2818 = CARTESIAN_POINT ( 'NONE',  ( 0.4596775928714422754, 0.2262189773384879199, -0.5840851599527308036 ) ) ;
#2819 = CARTESIAN_POINT ( 'NONE',  ( -0.4847107631563602470, -0.01196522349845521860, -0.9327566964284285111 ) ) ;
#2820 = CARTESIAN_POINT ( 'NONE',  ( 0.1672444174137617534, -0.5060246316788726828, -1.027622767857153896 ) ) ;
#2821 = CARTESIAN_POINT ( 'NONE',  ( -0.2968749999999999445, 0.5142025834970104237, -0.9749999999999999778 ) ) ;
#2822 = CARTESIAN_POINT ( 'NONE',  ( -0.2821564883806754187, 0.4425333881309625461, -0.9857627122387671026 ) ) ;
#2823 = DIRECTION ( 'NONE',  ( 1.000000000000000000, 0.000000000000000000, 0.000000000000000000 ) ) ;
#2824 = CARTESIAN_POINT ( 'NONE',  ( 0.3643928832810304219, -0.3646800007048736636, -0.6696443095213344687 ) ) ;
#2825 = ORIENTED_EDGE ( 'NONE', *, *, #380, .F. ) ;
#2826 = EDGE_CURVE ( 'NONE', #4971, #4403, #1261, .T. ) ;
#2827 = CARTESIAN_POINT ( 'NONE',  ( -0.06785665430958195965, -0.5136830118296544789, -0.7437091289156537721 ) ) ;
#2828 = CARTESIAN_POINT ( 'NONE',  ( -0.5129452012344275502, -0.1019623719017341279, -0.7633928571429248189 ) ) ;
#2829 = DIRECTION ( 'NONE',  ( 1.000000000000000000, 0.000000000000000000, 0.000000000000000000 ) ) ;
#2830 = CARTESIAN_POINT ( 'NONE',  ( -0.5080872794700163064, 0.03329482723128632249, -0.4828865832887486720 ) ) ;
#2831 = B_SPLINE_SURFACE_WITH_KNOTS ( 'NONE', 1, 3, ( 
 ( #3556, #638, #6498, #2979, #1869, #1181, #603, #5931, #1755, #4094, #678, #3020, #7071, #143, #6995, #4209, #5317, #5358, #2450, #3520, #1294, #3634, #2942, #5277, #2490, #6582, #3483, #5820, #567, #2908, #3672, #1332, #6010, #754, #3102, #5438, #2365, #1784, #4162, #4698, #2403, #7104, #3013, #1210, #2936, #4124, #596, #5850, #2972, #6379, #5924, #4623, #5199, #1860, #5311, #1131, #3549, #5885, #3512, #671, #58, #3475, #2867, #1246, #5813, #5350, #5235, #560, #95, #2902, #5271, #1746, #6988, #7569, #4736, #4200, #19, #631, #7026, #2331, #6490, #7063, #4087, #1821, #2442, #4659, #3587, #1092, #4774, #3435, #5772, #6418, #1172, #6455, #520, #7534, #2292, #6953, #4047, #1709, #5091, #7351, #3292, #3901, #337, #3258, #2074, #6808, #4440, #6775, #4365, #5628, #5055, #3933, #371, #2719, #7387, #1594, #2608, #914, #1493, #7274, #7423, #5594, #4405, #6268, #2145, #1014, #6205, #3832, #7315, #6234, #4943, #4479, #3869, #5556, #302, #6700, #6842, #1561, #2684, #3325, #5023, #979, #5659, #6170, #410, #6739, #2179, #948, #1453, #2757, #2108, #4514, #2649, #3219, #1532, #4985, #3361, #259, #2034, #3792, #6131, #873, #7458, #5952, #481, #3042, #2253, #3397, #5378, #7492, #2289, #6339, #4008, #5159, #84, #6561, #4620, #5810, #1706, #4585, #3616, #2430, #1089, #557, #123, #2828, #3002, #1313, #1277, #2470, #6522, #3432, #6913, #1669, #2864, #4044, #5768, #7133, #5695, #4764, #1128, #3971, #6305, #5338, #7092, #6950, #699, #2214, #1849, #517, #5196, #7531, #6876, #4190, #4801, #1052, #5732, #6376, #1891, #3472, #4229, #446, #2794, #5123, #4547, #1630, #5575, #2553, #6720, #4922, #892, #6073, #1435, #6149, #280, #5005, #4966, #5415, #3773, #1969, #2591, #4346, #164, #7336, #2093, #241, #4879, #7295, #3813, #776, #6113, #321, #7212, #2667, #5990, #6681, #854, #2629, #4307, #4842, #3240, #4424, #1930, #6758, #7252, #3200, #1473, #2013, #2055, #3653, #736, #5536, #5498, #4387, #3163, #816, #3079, #1351, #2514, #7174, #4267, #6602, #3690, #6029, #3124, #5458, #203, #6640, #1392, #3734, #1612, #5680, #3275, #1034, #1548, #6320, #4603, #996, #7370, #498, #429, #3919, #3413, #2272, #7441, #391, #964, #4463, #463, #5749, #6221, #5139, #5178, #3852, #3344, #6793, #3885, #1579, #2126, #2810, #3310, #6252, #7474, #2775, #5645, #1070, #2738, #1512, #2844, #3379, #5076, #2232, #7407, #2163, #4496, #7513, #5106, #6825, #1649, #4564, #6895, #355, #6190, #931, #5612, #2196, #4531, #3990, #6859, #3951, #6288, #2703, #5715, #5041, #3451, #2383, #4143, #3030, #4716, #1801, #7042, #688, #1686, #7584, #576, #6356, #4180, #2346, #3492, #5368, #1227, #112, #5289, #2917, #6396, #2989, #4026, #3567, #2951, #4638, #6968, #5790, #5941, #6471, #4674, #2420, #7004, #5901, #74, #5253, #650, #5829, #6510, #37, #540, #5327, #1765, #1265, #1724, #2310, #4103, #6435, #4754, #7550, #2883, #5866, #1190, #7082, #3529, #1839, #613, #3606, #2460, #6932, #1108, #5215, #4063, #1151, #805, #6552, #7241, #1423, #3762, #6629, #4909, #1379, #1303, #4335, #4832, #2044, #311, #4296, #3070, #3802, #3722, #7202, #6710, #5565, #3152, #3680, #4257, #153, #6101, #1461, #1919, #843, #882, #7122, #6062, #2503, #7163, #4869, #5406, #3190, #6591, #1957, #5526, #5486, #1341, #4376, #6019, #4791, #6139, #6670, #763, #269, #3112, #5448, #192, #3228, #230, #2542, #4957, #2619, #7284, #3643, #1881, #4219, #5981, #2580, #1999, #727, #7325, #2083, #4994, #4413, #6748, #2657, #6494, #5433, #7191, #6091 ),
 ( #750, #3630, #1864, #6049, #7067, #6618, #6006, #99, #2446, #1249, #1412, #180, #3057, #5473, #5393, #1946, #3139, #5967, #4284, #6537, #1987, #3096, #3591, #793, #1290, #7229, #4777, #5354, #714, #138, #1367, #3016, #5927, #2485, #4324, #7107, #5516, #6660, #3707, #4204, #219, #4818, #7148, #1905, #3750, #4244, #6578, #2569, #4898, #832, #674, #3180, #2406, #4740, #1328, #2529, #1824, #3668, #4857, #4165, #4429, #1552, #5651, #3317, #6763, #2205, #6297, #6196, #938, #4504, #472, #1003, #2819, #3353, #1081, #399, #3962, #3892, #7484, #4471, #1044, #6833, #5150, #2749, #5687, #2242, #4539, #6905, #6867, #7341, #438, #6226, #1586, #6259, #2098, #1659, #4000, #2170, #6798, #1619, #5724, #2709, #2785, #4576, #970, #6331, #327, #5114, #7449, #3388, #5083, #1521, #5583, #2673, #3858, #5012, #3925, #3283, #5619, #361, #5047, #7377, #2135, #7415, #5261, #6444, #2926, #586, #5299, #1118, #661, #6942, #7522, #4189, #48, #3461, #3538, #622, #5838, #3001, #2393, #5801, #5188, #3578, #549, #5337, #7559, #2892, #83, #5224, #9, #4073, #1734, #2320, #4726, #6521, #2354, #5875, #7015, #4648, #1237, #6977, #1812, #6367, #6407, #4035, #2429, #3502, #1161, #5913, #6481, #4153, #2281, #4763, #3423, #7091, #4684, #1200, #7052, #1774, #2962, #4112, #1848, #5759, #509, #4611, #2853, #1696, #4965, #4306, #3733, #6639, #2628, #3615, #1929, #2513, #698, #6112, #4266, #5414, #7294, #3162, #2054, #7211, #4841, #735, #4921, #5951, #5497, #4878, #6560, #1312, #5377, #279, #1391, #6601, #4345, #1350, #815, #2012, #7173, #6072, #163, #853, #1968, #2469, #7251, #3689, #3199, #3652, #4228, #6028, #775, #240, #1890, #4800, #202, #3123, #2590, #5457, #6680, #2552, #1434, #3772, #3041, #5535, #4386, #1276, #122, #7132, #5989, #3078, #6251, #6757, #3950, #2231, #6220, #5004, #5714, #3309, #1547, #1033, #7473, #5075, #5611, #6189, #2092, #5679, #3378, #3851, #2774, #2809, #1472, #963, #4423, #1511, #6792, #7335, #428, #930, #3884, #5105, #5644, #3274, #6287, #354, #6719, #462, #995, #7440, #390, #6824, #2702, #2737, #5138, #7406, #3239, #2162, #3918, #3812, #4495, #1578, #3343, #6148, #891, #7369, #5040, #5574, #320, #2125, #4462, #2666, #2195, #4530, #6858, #1611, #4025, #612, #1648, #1189, #575, #2271, #4602, #1069, #3566, #2345, #5214, #36, #7549, #4102, #5288, #5789, #1764, #1107, #4142, #2916, #5748, #2950, #3450, #1800, #6931, #7512, #539, #2882, #3528, #5177, #497, #3491, #2309, #6434, #6967, #5865, #5828, #6395, #5252, #6319, #7003, #2382, #4715, #1150, #4673, #7583, #3412, #7041, #1685, #6470, #73, #4062, #2843, #5900, #1226, #1723, #649, #5326, #2988, #4637, #6355, #4563, #6894, #3989, #7121, #6061, #6100, #4753, #4256, #5367, #111, #2502, #3029, #1378, #2459, #4831, #3721, #6590, #6551, #7240, #4790, #5525, #6669, #4295, #1880, #804, #4218, #1302, #3642, #1422, #7162, #5980, #2579, #5485, #3151, #1264, #1998, #2419, #4334, #1918, #5447, #3189, #762, #726, #3069, #5405, #229, #3761, #152, #4908, #842, #7081, #1340, #3679, #6018, #3111, #191, #1838, #2541, #4868, #4179, #7201, #1956, #6509, #6628, #3605, #5940, #687, #2618, #2043, #4956, #7283, #268, #4375, #211, #1939, #291, #3209, #863, #6570, #4974, #3248, #7303, #7220, #3171, #3782, #2561, #250, #4850, #4888, #1481, #6651, #4237, #5506, #4931, #3822, #2599, #7263, #2024, #6158, #2478, #786, #1359, #7142, #2063, #3132, #4276, #902, #4354, #131, #6082, #3700, #7183, #6121, #4811, #6690, #3742, #5426 ) ),
 .UNSPECIFIED., .F., .F., .F.,
 ( 2, 2 ),
 ( 4, 2, 2, 2, 2, 2, 2, 2, 2, 2, 2, 2, 2, 2, 2, 2, 2, 2, 2, 2, 2, 2, 2, 2, 2, 2, 2, 2, 2, 2, 2, 2, 2, 2, 2, 2, 2, 2, 2, 2, 2, 2, 2, 2, 2, 2, 2, 2, 2, 2, 2, 2, 2, 2, 2, 2, 2, 2, 2, 2, 2, 2, 2, 2, 2, 2, 2, 2, 2, 2, 2, 2, 2, 2, 2, 2, 2, 2, 2, 2, 2, 2, 2, 2, 2, 2, 2, 2, 2, 2, 2, 2, 2, 2, 2, 2, 2, 2, 2, 2, 2, 2, 2, 2, 2, 2, 2, 2, 2, 2, 2, 2, 2, 2, 2, 2, 2, 2, 2, 2, 2, 2, 2, 2, 2, 2, 2, 2, 2, 2, 2, 2, 2, 2, 2, 2, 2, 2, 2, 2, 2, 2, 2, 2, 2, 2, 2, 2, 2, 2, 2, 2, 2, 2, 2, 2, 2, 2, 2, 2, 2, 2, 2, 2, 2, 2, 2, 2, 2, 2, 2, 2, 2, 2, 2, 2, 2, 2, 2, 2, 2, 2, 2, 2, 2, 2, 2, 2, 2, 2, 2, 2, 2, 2, 2, 2, 2, 2, 2, 2, 2, 2, 2, 2, 2, 2, 2, 2, 2, 2, 2, 2, 2, 2, 2, 2, 2, 2, 2, 2, 2, 2, 2, 2, 2, 2, 2, 2, 2, 2, 2, 2, 2, 2, 2, 2, 2, 2, 2, 2, 2, 2, 2, 2, 2, 2, 4 ),
 ( 0.000000000000000000, 1.000000000000000000 ),
 ( 0.000000000000000000, 0.003906250000000000000, 0.007812500000000000000, 0.01171875000000000000, 0.01562500000000000000, 0.01953125000000000000, 0.02343750000000000000, 0.02734375000000000000, 0.03125000000000000000, 0.03515625000000000000, 0.03906250000000000000, 0.04296875000000000000, 0.04687500000000000000, 0.05078125000000000000, 0.05468750000000000000, 0.05859375000000000000, 0.06250000000000000000, 0.06640625000000000000, 0.07031250000000000000, 0.07421875000000000000, 0.07812500000000000000, 0.08203125000000000000, 0.08593750000000000000, 0.08984375000000000000, 0.09375000000000000000, 0.09765625000000000000, 0.1015625000000000000, 0.1054687500000000000, 0.1093750000000000000, 0.1132812500000000000, 0.1171875000000000000, 0.1210937500000000000, 0.1250000000000000000, 0.1289062500000000000, 0.1328125000000000000, 0.1367187500000000000, 0.1406250000000000000, 0.1445312500000000000, 0.1484375000000000000, 0.1523437500000000000, 0.1562500000000000000, 0.1601562500000000000, 0.1640625000000000000, 0.1679687500000000000, 0.1718750000000000000, 0.1757812500000000000, 0.1796875000000000000, 0.1835937500000000000, 0.1875000000000000000, 0.1914062500000000000, 0.1953125000000000000, 0.1992187500000000000, 0.2031250000000000000, 0.2070312500000000000, 0.2109375000000000000, 0.2148437500000000000, 0.2187500000000000000, 0.2226562500000000000, 0.2265625000000000000, 0.2304687500000000000, 0.2343750000000000000, 0.2382812500000000000, 0.2421875000000000000, 0.2460937500000000000, 0.2500000000000000000, 0.2539062500000000000, 0.2578125000000000000, 0.2617187500000000000, 0.2656250000000000000, 0.2695312500000000000, 0.2734375000000000000, 0.2773437500000000000, 0.2812500000000000000, 0.2851562500000000000, 0.2890625000000000000, 0.2929687500000000000, 0.2968750000000000000, 0.3007812500000000000, 0.3046875000000000000, 0.3085937500000000000, 0.3125000000000000000, 0.3164062500000000000, 0.3203125000000000000, 0.3242187500000000000, 0.3281250000000000000, 0.3320312500000000000, 0.3359375000000000000, 0.3398437500000000000, 0.3437500000000000000, 0.3476562500000000000, 0.3515625000000000000, 0.3554687500000000000, 0.3593750000000000000, 0.3632812500000000000, 0.3671875000000000000, 0.3710937500000000000, 0.3750000000000000000, 0.3789062500000000000, 0.3828125000000000000, 0.3867187500000000000, 0.3906250000000000000, 0.3945312500000000000, 0.3984375000000000000, 0.4023437500000000000, 0.4062500000000000000, 0.4101562500000000000, 0.4140625000000000000, 0.4179687500000000000, 0.4218750000000000000, 0.4257812500000000000, 0.4296875000000000000, 0.4335937500000000000, 0.4375000000000000000, 0.4414062500000000000, 0.4453125000000000000, 0.4492187500000000000, 0.4531250000000000000, 0.4570312500000000000, 0.4609375000000000000, 0.4648437500000000000, 0.4687500000000000000, 0.4726562500000000000, 0.4765625000000000000, 0.4804687500000000000, 0.4843750000000000000, 0.4882812500000000000, 0.4921875000000000000, 0.4960937500000000000, 0.5000000000000000000, 0.5039062500000000000, 0.5078125000000000000, 0.5117187500000000000, 0.5156250000000000000, 0.5195312500000000000, 0.5234375000000000000, 0.5273437500000000000, 0.5312500000000000000, 0.5351562500000000000, 0.5390625000000000000, 0.5429687500000000000, 0.5468750000000000000, 0.5507812500000000000, 0.5546875000000000000, 0.5585937500000000000, 0.5625000000000000000, 0.5664062500000000000, 0.5703125000000000000, 0.5742187500000000000, 0.5781250000000000000, 0.5820312500000000000, 0.5859375000000000000, 0.5898437500000000000, 0.5937500000000000000, 0.5976562500000000000, 0.6015625000000000000, 0.6054687500000000000, 0.6093750000000000000, 0.6132812500000000000, 0.6171875000000000000, 0.6210937500000000000, 0.6250000000000000000, 0.6289062500000000000, 0.6328125000000000000, 0.6367187500000000000, 0.6406250000000000000, 0.6445312500000000000, 0.6484375000000000000, 0.6523437500000000000, 0.6562500000000000000, 0.6601562500000000000, 0.6640625000000000000, 0.6679687500000000000, 0.6718750000000000000, 0.6757812500000000000, 0.6796875000000000000, 0.6835937500000000000, 0.6875000000000000000, 0.6914062500000000000, 0.6953125000000000000, 0.6992187500000000000, 0.7031250000000000000, 0.7070312500000000000, 0.7109375000000000000, 0.7148437500000000000, 0.7187500000000000000, 0.7226562500000000000, 0.7265625000000000000, 0.7304687500000000000, 0.7343750000000000000, 0.7382812500000000000, 0.7421875000000000000, 0.7460937500000000000, 0.7500000000000000000, 0.7539062500000000000, 0.7578125000000000000, 0.7617187500000000000, 0.7656250000000000000, 0.7695312500000000000, 0.7734375000000000000, 0.7773437500000000000, 0.7812500000000000000, 0.7851562500000000000, 0.7890625000000000000, 0.7929687500000000000, 0.7968750000000000000, 0.8007812500000000000, 0.8046875000000000000, 0.8085937500000000000, 0.8125000000000000000, 0.8164062500000000000, 0.8203125000000000000, 0.8242187500000000000, 0.8281250000000000000, 0.8320312500000000000, 0.8359375000000000000, 0.8398437500000000000, 0.8437500000000000000, 0.8476562500000000000, 0.8515625000000000000, 0.8554687500000000000, 0.8593750000000000000, 0.8632812500000000000, 0.8671875000000000000, 0.8710937500000000000, 0.8750000000000000000, 0.8789062500000000000, 0.8828125000000000000, 0.8867187500000000000, 0.8906250000000000000, 0.8945312500000000000, 0.8984375000000000000, 0.9023437500000000000, 0.9062500000000000000, 0.9101562500000000000, 0.9140625000000000000, 0.9179687500000000000, 0.9218750000000000000, 0.9257812500000000000, 0.9296875000000000000, 0.9335937500000000000, 0.9375000000000000000, 0.9414062500000000000, 0.9453125000000000000, 0.9492187500000000000, 0.9531250000000000000, 0.9570312500000000000, 0.9599777752049108992 ),
 .UNSPECIFIED. ) ;
#2832 = CARTESIAN_POINT ( 'NONE',  ( 0.3500226288976168165, 0.3171600505406435566, -0.5318080357143047943 ) ) ;
#2833 = CARTESIAN_POINT ( 'NONE',  ( -0.1157006853488082715, 0.4621552095922726311, -0.6802455357143124548 ) ) ;
#2834 = CARTESIAN_POINT ( 'NONE',  ( 0.000000000000000000, 0.000000000000000000, 1.189999999999999947 ) ) ;
#2835 = CARTESIAN_POINT ( 'NONE',  ( -0.3745768300560057829, -0.3074928875197833755, -0.9430803571430033116 ) ) ;
#2836 = CARTESIAN_POINT ( 'NONE',  ( 0.5100236544484099133, -0.08460436416922757774, -0.7340114528852220710 ) ) ;
#2837 = CARTESIAN_POINT ( 'NONE',  ( 0.4202689596658830684, -0.2116133437276332685, -0.4740513392857627628 ) ) ;
#2838 = CARTESIAN_POINT ( 'NONE',  ( -0.4596208674649105430, 0.1150622772505342367, -0.5965401785714321559 ) ) ;
#2839 = CARTESIAN_POINT ( 'NONE',  ( -0.4234967693183828152, -0.2264381321770524147, -0.7845982142856768871 ) ) ;
#2840 = CARTESIAN_POINT ( 'NONE',  ( 0.5021621503021286292, 0.1346596485629859008, -0.8005903499985133065 ) ) ;
#2841 = CARTESIAN_POINT ( 'NONE',  ( 0.4742750588347727225, -0.02336078041717915693, -0.6300223214285075590 ) ) ;
#2842 = CARTESIAN_POINT ( 'NONE',  ( 0.3741759466884006513, -0.3069927435311391450, -0.9229910714285917139 ) ) ;
#2843 = CARTESIAN_POINT ( 'NONE',  ( -0.1261609874028202516, -0.4561297499585460491, -0.5611049107142969117 ) ) ;
#2844 = CARTESIAN_POINT ( 'NONE',  ( 0.5018657616007895506, 0.1257835450053476634, -0.5842633928571595581 ) ) ;
#2845 = CARTESIAN_POINT ( 'NONE',  ( -0.4876055998646303680, 0.1880138921824787701, -0.6961495535714253835 ) ) ;
#2846 = CARTESIAN_POINT ( 'NONE',  ( 0.3038102529857071299, 0.3702970217362911987, -0.7444196428571469015 ) ) ;
#2847 = ORIENTED_EDGE ( 'NONE', *, *, #5765, .T. ) ;
#2848 = CARTESIAN_POINT ( 'NONE',  ( 0.08317116950032375777, -0.5059501385161543352, -0.5975080314161996808 ) ) ;
#2849 = CARTESIAN_POINT ( 'NONE',  ( 0.5230897053481986525, 2.337010588329975722E-16, -0.9386449675016899086 ) ) ;
#2850 = CARTESIAN_POINT ( 'NONE',  ( 0.1288361139265122579, 0.4658014053196531390, -0.9003906249999760192 ) ) ;
#2851 = ORIENTED_EDGE ( 'NONE', *, *, #4643, .T. ) ;
#2852 = DIRECTION ( 'NONE',  ( 0.000000000000000000, 0.000000000000000000, -1.000000000000000000 ) ) ;
#2853 = CARTESIAN_POINT ( 'NONE',  ( -0.4798079257632041905, -0.02363716053893504324, -0.7896205357142178638 ) ) ;
#2854 = CARTESIAN_POINT ( 'NONE',  ( -0.4931003936829230772, 0.2043234260323595342, -1.053571428571447699 ) ) ;
#2855 = CARTESIAN_POINT ( 'NONE',  ( 0.05636959240924387798, -0.5050073521843921887, -0.4542999999999997596 ) ) ;
#2856 = AXIS2_PLACEMENT_3D ( 'NONE', #1621, #5226, #551 ) ;
#2857 = CARTESIAN_POINT ( 'NONE',  ( -0.1060654674420201810, -0.4726329355100328811, -0.9176897321427958110 ) ) ;
#2858 = EDGE_CURVE ( 'NONE', #6079, #7300, #523, .T. ) ;
#2859 = CARTESIAN_POINT ( 'NONE',  ( 0.1682775079200967139, 0.4938907805774685467, -0.8608733874344285386 ) ) ;
#2860 = DIRECTION ( 'NONE',  ( 0.000000000000000000, 1.000000000000000000, 0.000000000000000000 ) ) ;
#2861 = CIRCLE ( 'NONE', #4081, 0.3754282004472574985 ) ;
#2862 = CARTESIAN_POINT ( 'NONE',  ( -0.3272670113242687195, 0.3611769145000754411, -1.031808035714207206 ) ) ;
#2863 = CARTESIAN_POINT ( 'NONE',  ( 0.5164294481130908832, -0.01690844977137592742, -0.7247301671216781482 ) ) ;
#2864 = CARTESIAN_POINT ( 'NONE',  ( -0.2117305923031665149, -0.4778323428354180336, -0.7525111607142008774 ) ) ;
#2865 = CARTESIAN_POINT ( 'NONE',  ( 0.2314535851596910554, -0.4701198135715393689, -0.9590834507004484255 ) ) ;
#2867 = CARTESIAN_POINT ( 'NONE',  ( -0.2489107399705383084, 0.4655266514867563155, -0.9207589285714166127 ) ) ;
#2866 = CARTESIAN_POINT ( 'NONE',  ( -0.5108580608378745502, 6.691960456354919779E-15, -0.5457877997705470330 ) ) ;
#2868 = EDGE_CURVE ( 'NONE', #4029, #359, #1156, .T. ) ;
#2869 = CARTESIAN_POINT ( 'NONE',  ( 0.1998886560083492359, 0.4814269043011362714, -0.8538354273154218355 ) ) ;
#2870 = CARTESIAN_POINT ( 'NONE',  ( -0.1590467837213924984, 0.4443145059755774229, -0.5184151785714380400 ) ) ;
#2871 = CARTESIAN_POINT ( 'NONE',  ( -0.2141129458713908751, 0.4255056280914115696, -0.6777343749999880096 ) ) ;
#2872 = CARTESIAN_POINT ( 'NONE',  ( 0.3737374882823070177, 0.3026278483983668166, -0.4542999999999999816 ) ) ;
#2873 = CARTESIAN_POINT ( 'NONE',  ( 0.07099371545305081799, -0.4790254437937198073, -0.9313616071428910681 ) ) ;
#2874 = CARTESIAN_POINT ( 'NONE',  ( -0.4488976966561195048, 0.2543738560103022683, -0.4835379464285887718 ) ) ;
#2875 = CARTESIAN_POINT ( 'NONE',  ( 0.3070812969271668469, 0.3559000411871414138, -0.4589843749999569233 ) ) ;
#2876 = CARTESIAN_POINT ( 'NONE',  ( -0.05784203330224067102, 0.4684437634687302343, -0.5387834821428700849 ) ) ;
#2877 = LINE ( 'NONE', #5782, #2616 ) ;
#2878 = CARTESIAN_POINT ( 'NONE',  ( -0.2850995582252390248, 0.3843025007842323371, -0.7293526785714962157 ) ) ;
#2879 = DIRECTION ( 'NONE',  ( -0.000000000000000000, -1.047310526070460688E-16, 1.000000000000000000 ) ) ;
#2880 = CARTESIAN_POINT ( 'NONE',  ( -0.3750638108377303270, -0.2926250633521543243, -0.6576450892857677033 ) ) ;
#2881 = CARTESIAN_POINT ( 'NONE',  ( -0.3254643625014426167, -0.3590017337375551731, -0.9414062499999804601 ) ) ;
#2882 = CARTESIAN_POINT ( 'NONE',  ( -0.06952262098235433008, 0.4690990597384566141, -0.5920758928571191460 ) ) ;
#2883 = CARTESIAN_POINT ( 'NONE',  ( -0.3637919024560077874, 0.3636927072179612641, -0.4888392857142699888 ) ) ;
#2884 = CARTESIAN_POINT ( 'NONE',  ( -0.3868811732026367078, -0.3507447159920253354, -0.6835937500000615064 ) ) ;
#2885 = CARTESIAN_POINT ( 'NONE',  ( -0.3623140311425649407, 0.3124479029836006450, -0.7268415178571459023 ) ) ;
#2886 = VERTEX_POINT ( 'NONE', #5721 ) ;
#2887 = CARTESIAN_POINT ( 'NONE',  ( -0.5130819962952424262, 5.421683153144712667E-13, -0.6172163786718526390 ) ) ;
#2888 = CARTESIAN_POINT ( 'NONE',  ( 0.2255026140658400458, -0.4581699538443876896, -0.5305152941694850632 ) ) ;
#2889 = CARTESIAN_POINT ( 'NONE',  ( 0.4800787832952295719, 0.05914935651793497978, -0.9137834821428039156 ) ) ;
#2890 = ORIENTED_EDGE ( 'NONE', *, *, #5864, .F. ) ;
#2891 = EDGE_LOOP ( 'NONE', ( #6773, #7521, #7375, #5344, #5580, #4720 ) ) ;
#2892 = CARTESIAN_POINT ( 'NONE',  ( 0.2271141171203922005, -0.4250321580361616780, -0.8381696428570187818 ) ) ;
#2893 = CARTESIAN_POINT ( 'NONE',  ( -0.4377138741233364549, -0.1687802336456773467, -0.4467075892856745556 ) ) ;
#2894 = DIRECTION ( 'NONE',  ( 1.000000000000000000, 0.000000000000000000, 0.000000000000000000 ) ) ;
#2895 = CARTESIAN_POINT ( 'NONE',  ( 0.4964519595575531685, -0.1686826006696938440, -0.9423665280121483745 ) ) ;
#2896 = DIRECTION ( 'NONE',  ( -0.8660254037844385966, -0.5000000000000001110, 0.000000000000000000 ) ) ;
#2897 = CARTESIAN_POINT ( 'NONE',  ( -0.09748446414032793661, 0.6293207630494560556, -0.04850658121156112973 ) ) ;
#2898 = CARTESIAN_POINT ( 'NONE',  ( 0.000000000000000000, 0.4863381516167657459, -1.040178571428571175 ) ) ;
#2899 = CARTESIAN_POINT ( 'NONE',  ( 0.5141939929719928637, 2.112913682599703568E-16, -0.6529315978793688302 ) ) ;
#2900 = DIRECTION ( 'NONE',  ( 0.000000000000000000, 0.000000000000000000, -1.000000000000000000 ) ) ;
#2902 = CARTESIAN_POINT ( 'NONE',  ( -0.5084762579204014088, 0.1407849542322886782, -0.9115513392856585684 ) ) ;
#2901 = CARTESIAN_POINT ( 'NONE',  ( -0.4154121608036786539, -0.2974226556228611873, -0.5387226132497209274 ) ) ;
#2903 = CARTESIAN_POINT ( 'NONE',  ( 0.3180598440960520357, 0.4134869888313804642, -0.8568162388170420529 ) ) ;
#2904 = CARTESIAN_POINT ( 'NONE',  ( -0.2411102984818022654, -0.4021509835432570124, -0.4213169642857331199 ) ) ;
#2905 = CARTESIAN_POINT ( 'NONE',  ( 0.1385566645865133339, -0.4569716979934773660, -0.7154017857143231129 ) ) ;
#2906 = CARTESIAN_POINT ( 'NONE',  ( 0.4496986792689740553, -0.2597988981154342736, -0.8095270793422694178 ) ) ;
#2907 = CARTESIAN_POINT ( 'NONE',  ( -0.3329513030044619071, 0.3497998051067834901, -0.8886718750000371925 ) ) ;
#2908 = CARTESIAN_POINT ( 'NONE',  ( 0.01291833626848082513, -0.5290166263921619594, -0.9617745535714049554 ) ) ;
#2909 = CARTESIAN_POINT ( 'NONE',  ( 0.2012268476978618659, -0.4255999872434199638, -0.4815848214286338469 ) ) ;
#2910 = CARTESIAN_POINT ( 'NONE',  ( 0.2719825141020884574, 0.3860800388439484254, -0.5471540178571431268 ) ) ;
#2911 = DIRECTION ( 'NONE',  ( 0.000000000000000000, 0.000000000000000000, 1.000000000000000000 ) ) ;
#2912 = CARTESIAN_POINT ( 'NONE',  ( 0.4764735344343732915, 0.02334621139695135586, -0.6824776785714995464 ) ) ;
#2913 = CARTESIAN_POINT ( 'NONE',  ( -3.506341393428179785E-18, -4.928547240401228113E-20, 0.004529409175434031751 ) ) ;
#2914 = CARTESIAN_POINT ( 'NONE',  ( -0.2141129458713908751, 0.4255056280914115696, -0.6777343749999880096 ) ) ;
#2915 = CARTESIAN_POINT ( 'NONE',  ( -0.2070762743936979955, -0.4379807608321609758, -0.9380580357142855874 ) ) ;
#2916 = CARTESIAN_POINT ( 'NONE',  ( 0.3187244163094650751, 0.3515673309547526770, -0.6021205357142664916 ) ) ;
#2917 = CARTESIAN_POINT ( 'NONE',  ( 0.2650203574447549948, -0.4422890539564279244, -0.5273437500000042188 ) ) ;
#2918 = CARTESIAN_POINT ( 'NONE',  ( 0.5045418254274158798, 0.1395554717204537110, -0.7246093750000049960 ) ) ;
#2919 = CARTESIAN_POINT ( 'NONE',  ( 0.4700886672398852384, -0.08163040722556193229, -0.6849888392856804398 ) ) ;
#2920 = ORIENTED_EDGE ( 'NONE', *, *, #877, .T. ) ;
#2921 = CARTESIAN_POINT ( 'NONE',  ( 0.000000000000000000, 0.000000000000000000, 0.000000000000000000 ) ) ;
#2922 = CARTESIAN_POINT ( 'NONE',  ( 0.1324097066265849387, -0.4941315715392384789, -0.5327376560072456524 ) ) ;
#2923 = CARTESIAN_POINT ( 'NONE',  ( 0.4553803764604487658, 0.1628716086153417786, -0.9112723214285818329 ) ) ;
#2924 = ORIENTED_EDGE ( 'NONE', *, *, #610, .T. ) ;
#2925 = ORIENTED_EDGE ( 'NONE', *, *, #3090, .T. ) ;
#2926 = CARTESIAN_POINT ( 'NONE',  ( -0.4619741490643961557, 0.1400694174046715479, -0.8649553571429219323 ) ) ;
#2927 = CARTESIAN_POINT ( 'NONE',  ( -0.4364156785099360669, 0.3074428598384031375, -1.056082589285715079 ) ) ;
#2928 = CARTESIAN_POINT ( 'NONE',  ( 0.2526912433353671328, -0.4416084559471242232, -0.4583768022600405168 ) ) ;
#2929 = CARTESIAN_POINT ( 'NONE',  ( -0.3896703075213350798, 0.2889167104287754806, -0.9402901785714152805 ) ) ;
#2930 = CARTESIAN_POINT ( 'NONE',  ( -0.3125000000000000000, 3.827021247335478926E-17, 1.189999999999999947 ) ) ;
#2931 = CARTESIAN_POINT ( 'NONE',  ( 0.06738459296382411090, 0.5097678709246610262, -0.6443496549389535755 ) ) ;
#2932 = ORIENTED_EDGE ( 'NONE', *, *, #1629, .F. ) ;
#2933 = CARTESIAN_POINT ( 'NONE',  ( -0.5133242956692559700, -8.953204947985612434E-16, -0.6249985739226749937 ) ) ;
#2934 = CARTESIAN_POINT ( 'NONE',  ( 0.3776609910628170308, 0.2800172278916367996, -0.4793526785713885241 ) ) ;
#2936 = CARTESIAN_POINT ( 'NONE',  ( 0.5271615748994863404, 0.03895799324483741749, -0.9433593749999827915 ) ) ;
#2935 = CARTESIAN_POINT ( 'NONE',  ( -0.2287171533266368906, -0.4625774536124048764, -0.6760110122587624781 ) ) ;
#2937 = CARTESIAN_POINT ( 'NONE',  ( -0.5327323696766466110, 0.000000000000000000, -0.9999999999999998890 ) ) ;
#2938 = CARTESIAN_POINT ( 'NONE',  ( -0.3478501295608868449, 0.3153544432224678062, -0.4414062499999883427 ) ) ;
#2939 = CARTESIAN_POINT ( 'NONE',  ( -0.4644461545031467464, 0.1043576194826249109, -0.6676897321428763021 ) ) ;
#2940 = CARTESIAN_POINT ( 'NONE',  ( 0.08427247960671574445, -0.5127793313907331729, -0.8195769256811481496 ) ) ;
#2941 = CARTESIAN_POINT ( 'NONE',  ( -0.2370336193180046791, 0.4182895989115743562, -0.8200334821427803789 ) ) ;
#2942 = CARTESIAN_POINT ( 'NONE',  ( -0.3743348085697345562, -0.3744368271761864264, -0.9709821428571194790 ) ) ;
#2943 = CARTESIAN_POINT ( 'NONE',  ( -0.4691760630290515155, -0.04627456481401100163, -0.5033482142856844366 ) ) ;
#2944 = CARTESIAN_POINT ( 'NONE',  ( 0.3927448139934169857, 0.2625013512240226277, -0.5513392857143138981 ) ) ;
#2945 = PERSON_AND_ORGANIZATION_ROLE ( 'creator' ) ;
#2946 = CARTESIAN_POINT ( 'NONE',  ( 0.09303524239620714065, 0.4674055555173032284, -0.6674107142857000907 ) ) ;
#2947 = DIRECTION ( 'NONE',  ( -1.000000000000000000, 0.000000000000000000, 0.000000000000000000 ) ) ;
#2948 = CARTESIAN_POINT ( 'NONE',  ( 0.4675302268287009344, -0.06941299896849852102, -0.5597098214286063689 ) ) ;
#2949 = CARTESIAN_POINT ( 'NONE',  ( 0.4594245621722496398, -0.1518389471422909587, -0.9188058035713224658 ) ) ;
#2950 = CARTESIAN_POINT ( 'NONE',  ( 0.2339126029503949544, 0.4127897015702155503, -0.5996093750000264233 ) ) ;
#2951 = CARTESIAN_POINT ( 'NONE',  ( 0.4485022373032228060, -0.2539926092852473616, -0.5214843750000026645 ) ) ;
#2952 = CARTESIAN_POINT ( 'NONE',  ( 0.4027770552512001112, 0.3306424743456816140, -0.6484374999999452660 ) ) ;
#2953 = CARTESIAN_POINT ( 'NONE',  ( 0.4093878691849359153, -0.2453016151651547794, -0.6891741071429203780 ) ) ;
#2954 = VERTEX_POINT ( 'NONE', #3995 ) ;
#2955 = DIRECTION ( 'NONE',  ( 0.000000000000000000, 0.000000000000000000, -1.000000000000000000 ) ) ;
#2956 = DIRECTION ( 'NONE',  ( -0.000000000000000000, 0.000000000000000000, -1.000000000000000000 ) ) ;
#2957 = ADVANCED_FACE ( 'NONE', ( #1730 ), #2491, .T. ) ;
#2958 = CARTESIAN_POINT ( 'NONE',  ( 0.4929745604026353201, -0.1320589217313280495, -0.5208317105719774132 ) ) ;
#2959 = CARTESIAN_POINT ( 'NONE',  ( -0.1396492047625809974, 0.4601354306972822994, -0.8225446428571440149 ) ) ;
#2960 = CONICAL_SURFACE ( 'NONE', #6986, 0.5250000000000000222, 0.03112503826906170765 ) ;
#2961 = ORIENTED_EDGE ( 'NONE', *, *, #4242, .F. ) ;
#2962 = CARTESIAN_POINT ( 'NONE',  ( -0.3929894983521527996, 0.2766941214612473332, -0.7971540178571389079 ) ) ;
#2963 = CARTESIAN_POINT ( 'NONE',  ( 0.5035944988092575514, -0.1664372212695031106, -0.9455915178571679958 ) ) ;
#2964 = CARTESIAN_POINT ( 'NONE',  ( -0.1295072659916484958, 0.4677306024322124833, -0.9478236607143535331 ) ) ;
#2965 = CARTESIAN_POINT ( 'NONE',  ( 0.2755600006887682918, 0.4421969034854892344, -0.8634762768960151380 ) ) ;
#2966 = DIRECTION ( 'NONE',  ( -0.000000000000000000, -0.000000000000000000, -1.000000000000000000 ) ) ;
#2967 = CARTESIAN_POINT ( 'NONE',  ( -0.4626408039553490670, 0.1527658066372748480, -1.025948660714222971 ) ) ;
#2968 = AXIS2_PLACEMENT_3D ( 'NONE', #4037, #588, #7561 ) ;
#2969 = CARTESIAN_POINT ( 'NONE',  ( -0.2114645520016823488, 0.4682232795988313101, -0.6302520749338249573 ) ) ;
#2970 = CARTESIAN_POINT ( 'NONE',  ( -0.4472282561877534146, 0.1382008891858330646, -0.4542999999999866034 ) ) ;
#2972 = CARTESIAN_POINT ( 'NONE',  ( 0.4597553170580973014, 0.2605309237314940574, -0.9383370535714459226 ) ) ;
#2971 = CARTESIAN_POINT ( 'NONE',  ( 0.3517785346051482409, -0.3758009833493580198, -0.6622337056958180757 ) ) ;
#2973 = AXIS2_PLACEMENT_3D ( 'NONE', #4148, #693, #655 ) ;
#2974 = CARTESIAN_POINT ( 'NONE',  ( 0.4680330958864682422, 0.2307407024177805521, -0.8620074360812621794 ) ) ;
#2975 = CARTESIAN_POINT ( 'NONE',  ( -0.03581026523506780634, 0.4863120893932950106, -1.039341502362597369 ) ) ;
#2976 = CARTESIAN_POINT ( 'NONE',  ( 0.3816094874803812598, -0.2829400558768215834, -0.6367187499999409361 ) ) ;
#2977 = DIRECTION ( 'NONE',  ( -0.000000000000000000, -0.000000000000000000, 1.000000000000000000 ) ) ;
#2978 = CARTESIAN_POINT ( 'NONE',  ( -0.02360763724012057696, -0.4792863826664355287, -0.7907366071427172072 ) ) ;
#2979 = CARTESIAN_POINT ( 'NONE',  ( -0.1538415834865871357, 0.5073833918216787975, -0.9944196428571392410 ) ) ;
#2980 = CARTESIAN_POINT ( 'NONE',  ( 0.2500897906343629851, -0.4171204125220648873, -0.9804687499999914513 ) ) ;
#2981 = CARTESIAN_POINT ( 'NONE',  ( -0.06904375255240027820, -0.4658939472211330313, -0.5061383928571413504 ) ) ;
#2982 = DATE_AND_TIME ( #1335, #4458 ) ;
#2983 = CARTESIAN_POINT ( 'NONE',  ( 0.3610847731561290797, 0.3113928762997449917, -0.6749441964285940454 ) ) ;
#2984 = CARTESIAN_POINT ( 'NONE',  ( 0.3112985389586721552, 0.4046312626356918241, -0.4996731548755896646 ) ) ;
#2985 = CARTESIAN_POINT ( 'NONE',  ( -0.2916952423838400921, 0.3736676050774106472, -0.6040736607142863646 ) ) ;
#2986 = CARTESIAN_POINT ( 'NONE',  ( 0.3220697773799487962, 0.4996563719945243953, -0.9750000000000001998 ) ) ;
#2987 = CARTESIAN_POINT ( 'NONE',  ( -0.06656491307576042904, 0.5083595476276739911, -0.5699473224767476198 ) ) ;
#2988 = CARTESIAN_POINT ( 'NONE',  ( 0.1810768354755073473, -0.4369892079916513628, -0.5535714285714244953 ) ) ;
#2989 = CARTESIAN_POINT ( 'NONE',  ( 0.3554329571978275260, -0.3734192971776303938, -0.5248325892856831043 ) ) ;
#2990 = ADVANCED_FACE ( 'NONE', ( #4570 ), #4202, .F. ) ;
#2991 = EDGE_CURVE ( 'NONE', #2392, #208, #3974, .T. ) ;
#2992 = DIRECTION ( 'NONE',  ( -1.000000000000000000, 0.000000000000000000, 0.000000000000000000 ) ) ;
#2993 = CARTESIAN_POINT ( 'NONE',  ( -0.3677137348144560725, -0.3676189116329133255, -0.6116071428571956403 ) ) ;
#2994 = CARTESIAN_POINT ( 'NONE',  ( 0.1377635220413317152, 0.4539353143591668416, -0.5970982142857256258 ) ) ;
#2995 = ORIENTED_EDGE ( 'NONE', *, *, #6275, .F. ) ;
#2996 = CARTESIAN_POINT ( 'NONE',  ( 0.3115518203478079284, -0.4070179560024958509, -0.5919314968613660355 ) ) ;
#2997 = DIRECTION ( 'NONE',  ( 0.000000000000000000, 0.000000000000000000, -1.000000000000000000 ) ) ;
#2998 = CARTESIAN_POINT ( 'NONE',  ( 0.01657551795109925979, -0.5192039237079840719, -0.8132827503177197936 ) ) ;
#2999 = CARTESIAN_POINT ( 'NONE',  ( 0.4535113537650869997, -0.1621990762309983014, -0.8476562500000792699 ) ) ;
#3000 = ORIENTED_EDGE ( 'NONE', *, *, #244, .F. ) ;
#3001 = CARTESIAN_POINT ( 'NONE',  ( -0.1845946737102000523, -0.4454888344207322270, -0.8482142857143244452 ) ) ;
#3002 = CARTESIAN_POINT ( 'NONE',  ( -0.5039920788215763725, -0.1395473459791097826, -0.7625558035715794825 ) ) ;
#3003 = CARTESIAN_POINT ( 'NONE',  ( 0.5094514831753147455, 0.1546162088593547590, -1.010044642857165220 ) ) ;
#3004 = EDGE_CURVE ( 'NONE', #3281, #1843, #3236, .T. ) ;
#3005 = CARTESIAN_POINT ( 'NONE',  ( -0.4756318119034701475, 0.09454151954493834886, -0.9352678571428190146 ) ) ;
#3006 = CARTESIAN_POINT ( 'NONE',  ( -0.3112312235845683950, 0.4058623186097672919, -0.5562072435886701305 ) ) ;
#3007 = CARTESIAN_POINT ( 'NONE',  ( 0.5250000000000000222, 6.429395695523603660E-17, -0.9999999999999998890 ) ) ;
#3008 = ORIENTED_EDGE ( 'NONE', *, *, #3519, .T. ) ;
#3009 = CARTESIAN_POINT ( 'NONE',  ( 0.03388481807124767153, 0.5128181416843996532, -0.6358243047350962129 ) ) ;
#3010 = DIRECTION ( 'NONE',  ( -1.000000000000000000, 0.000000000000000000, 0.000000000000000000 ) ) ;
#3011 = ADVANCED_FACE ( 'NONE', ( #3076 ), #6393, .T. ) ;
#3013 = CARTESIAN_POINT ( 'NONE',  ( 0.5229659660122212284, -0.07750185075801228896, -0.9458705357143190051 ) ) ;
#3012 = CARTESIAN_POINT ( 'NONE',  ( -0.06776691368534913662, -0.5105970090647115045, -0.6722871267243790694 ) ) ;
#3014 = CARTESIAN_POINT ( 'NONE',  ( -0.5155907879884105149, 0.06821786122998974022, -0.8329968008171583227 ) ) ;
#3015 = CARTESIAN_POINT ( 'NONE',  ( 0.000000000000000000, 0.4863381516167657459, -1.040178571428571175 ) ) ;
#3016 = CARTESIAN_POINT ( 'NONE',  ( 0.1181376518819250571, -0.4718896029236011036, -0.9838169642857786945 ) ) ;
#3017 = CARTESIAN_POINT ( 'NONE',  ( -0.3802728836044667604, -0.2821101619208866151, -0.5864955357142875858 ) ) ;
#3018 = CARTESIAN_POINT ( 'NONE',  ( 0.4657683717279963442, -0.2296955320794840105, -0.8087797196221065965 ) ) ;
#3019 = CARTESIAN_POINT ( 'NONE',  ( -0.03544556063409505520, 0.4796306174806684308, -0.8250558035714804506 ) ) ;
#3020 = CARTESIAN_POINT ( 'NONE',  ( -0.4895190319618136776, 0.2028394208987781833, -0.9843750000000277556 ) ) ;
#3021 = CARTESIAN_POINT ( 'NONE',  ( -0.4179956887688526801, 0.2504593919528326218, -1.010602678571443036 ) ) ;
#3022 = CARTESIAN_POINT ( 'NONE',  ( -0.4624846931195821242, 0.09205574348842565646, -0.5245535714286285733 ) ) ;
#3023 = CARTESIAN_POINT ( 'NONE',  ( 0.4093878691879857534, -0.2453016151589334226, -0.6891741071428563181 ) ) ;
#3024 = CARTESIAN_POINT ( 'NONE',  ( -0.5021022691626868539, 0.08329411429805073930, -0.4762271420244905129 ) ) ;
#3025 = CARTESIAN_POINT ( 'NONE',  ( -0.3664180967915843801, 0.3006277624314651620, -0.6015625000000089928 ) ) ;
#3026 = AXIS2_PLACEMENT_3D ( 'NONE', #2332, #3513, #4048 ) ;
#3027 = CARTESIAN_POINT ( 'NONE',  ( 6.187825230900689127E-05, 0.4809649893707368395, -0.8258928571428332255 ) ) ;
#3028 = DIRECTION ( 'NONE',  ( 0.000000000000000000, 0.000000000000000000, -1.000000000000000000 ) ) ;
#3029 = CARTESIAN_POINT ( 'NONE',  ( 0.4407894631507172645, 0.1701004760641627034, -0.5359933035714538052 ) ) ;
#3030 = CARTESIAN_POINT ( 'NONE',  ( -0.4860840416235750472, -0.1738529622070733582, -0.5474330357142959125 ) ) ;
#3031 = EDGE_CURVE ( 'NONE', #1773, #7565, #1039, .T. ) ;
#3032 = CARTESIAN_POINT ( 'NONE',  ( -0.5937499999999998890, -0.1155738848621439691, -0.02999279984722627232 ) ) ;
#3033 = CARTESIAN_POINT ( 'NONE',  ( -0.5101587715815217861, -0.1015491834654701081, -0.6183035714285478601 ) ) ;
#3034 = CARTESIAN_POINT ( 'NONE',  ( -0.1155908553090460172, -0.4612128935534064444, -0.6322544642857080843 ) ) ;
#3035 = VERTEX_POINT ( 'NONE', #7249 ) ;
#3036 = CARTESIAN_POINT ( 'NONE',  ( 0.000000000000000000, 0.000000000000000000, -0.9999999999999998890 ) ) ;
#3037 = CARTESIAN_POINT ( 'NONE',  ( -0.3234176763844118785, -0.3396087773673515109, -0.4416852678571579482 ) ) ;
#3038 = CARTESIAN_POINT ( 'NONE',  ( -0.4056859566518500326, -0.3109424093102013398, -0.5461363430873680258 ) ) ;
#3039 = CARTESIAN_POINT ( 'NONE',  ( -0.4660797668255225457, 0.1168106296406454525, -0.8108258928572231738 ) ) ;
#3040 = CC_DESIGN_DATE_AND_TIME_ASSIGNMENT ( #5894, #6585, ( #2015 ) ) ;
#3041 = CARTESIAN_POINT ( 'NONE',  ( -0.4710661196026904030, -0.08180402967708101658, -0.7167968750000036637 ) ) ;
#3042 = CARTESIAN_POINT ( 'NONE',  ( 0.2239994384171930808, 0.4734490178139010852, -0.7885044642856887664 ) ) ;
#3043 = CARTESIAN_POINT ( 'NONE',  ( 0.4199393255760923704, -0.3278110677734611955, -1.020926339285620266 ) ) ;
#3044 = CARTESIAN_POINT ( 'NONE',  ( -0.1514748882848076794, 0.4587191906299759592, -0.8758370535715359617 ) ) ;
#3045 = CARTESIAN_POINT ( 'NONE',  ( 0.2567141232525729788, 0.4437843757669517331, -0.5696072496622734960 ) ) ;
#3046 = CARTESIAN_POINT ( 'NONE',  ( 0.3975000000000000755, 4.867971026610729929E-17, 0.7139999999999999680 ) ) ;
#3047 = ORIENTED_EDGE ( 'NONE', *, *, #433, .T. ) ;
#3048 = CARTESIAN_POINT ( 'NONE',  ( -0.2266672145455642662, 0.4610487859792954946, -0.6298792840026707918 ) ) ;
#3049 = FACE_OUTER_BOUND ( 'NONE', #7272, .T. ) ;
#3050 = DIRECTION ( 'NONE',  ( -1.000000000000000000, 0.000000000000000000, 0.000000000000000000 ) ) ;
#3052 = CARTESIAN_POINT ( 'NONE',  ( -0.4846007672555754375, -0.2008055877992888649, -0.7589285714286989615 ) ) ;
#3051 = DIRECTION ( 'NONE',  ( -1.000000000000000000, 0.000000000000000000, 0.000000000000000000 ) ) ;
#3053 = CARTESIAN_POINT ( 'NONE',  ( -0.5031297040834281642, 0.1351143235783221763, -0.8344871386930368118 ) ) ;
#3054 = B_SPLINE_CURVE_WITH_KNOTS ( 'NONE', 3,
 ( #5552, #4214, #7077, #4362, #1834, #5976, #7270, #608, #4749, #6697, #1222, #4786, #31, #2496, #2984, #3789, #3561, #1796, #4174, #6503, #3638, #1259, #6128, #4711, #2071, #107, #7116, #1450, #2455, #147, #4982, #3216, #6547, #683, #3065, #643, #299, #1874, #4138, #2645, #2378, #6431, #5936, #7037, #7312, #3024, #3601, #1186, #3525, #1298 ),
 .UNSPECIFIED., .F., .F.,
 ( 4, 2, 2, 2, 2, 2, 2, 2, 2, 2, 2, 2, 2, 2, 2, 2, 2, 2, 2, 2, 2, 2, 2, 2, 4 ),
 ( 0.5687943393966639061, 0.5713443362060470765, 0.5726193346107386617, 0.5738943330154302469, 0.5764443298248134173, 0.5777193282295050025, 0.5789943266341965877, 0.5815443234435797581, 0.5828193218482713434, 0.5840943202529629286, 0.5853693186576545138, 0.5866443170623460990, 0.5891943138717292694, 0.5904693122764208546, 0.5917443106811124398, 0.5942943074904956102, 0.5955693058951871954, 0.5968443042998787806, 0.5993943011092619511, 0.6019442979186451215, 0.6032192963233367067, 0.6044942947280282919, 0.6070442915374114623, 0.6083192899421030475, 0.6095942883467946327 ),
 .UNSPECIFIED. ) ;
#3055 = CARTESIAN_POINT ( 'NONE',  ( -0.3701623262843534157, 0.2887960985327440722, -0.4405691964285725626 ) ) ;
#3056 = ADVANCED_FACE ( 'NONE', ( #3272 ), #7384, .F. ) ;
#3057 = CARTESIAN_POINT ( 'NONE',  ( -0.4626408039559972707, 0.1527658066368249024, -1.008091517857201858 ) ) ;
#3058 = CARTESIAN_POINT ( 'NONE',  ( 0.2339126029560665565, 0.4127897015669524383, -0.6174665178571707713 ) ) ;
#3059 = CARTESIAN_POINT ( 'NONE',  ( -0.5199961457444168822, 2.881245930817777659E-16, -0.8392857142857133024 ) ) ;
#3060 = CARTESIAN_POINT ( 'NONE',  ( 0.2157300003596515914, -0.4284361407134110178, -0.7848772321427898158 ) ) ;
#3061 = CARTESIAN_POINT ( 'NONE',  ( -0.4847723976561183479, -0.1823246667247750141, -0.7637676755972663267 ) ) ;
#3062 = CARTESIAN_POINT ( 'NONE',  ( -0.05949702071183370078, -0.4829319524912712991, -0.9880022321428366672 ) ) ;
#3063 = CARTESIAN_POINT ( 'NONE',  ( 0.02311392358087013474, 0.4692637350050372080, -0.4693080357142597192 ) ) ;
#3064 = CARTESIAN_POINT ( 'NONE',  ( -0.4746268611335855980, -0.03507579411697503424, -0.6464843749999765743 ) ) ;
#3065 = CARTESIAN_POINT ( 'NONE',  ( -0.2686458714498834444, 0.4326418193812335833, -0.4858985987330907141 ) ) ;
#3066 = CARTESIAN_POINT ( 'NONE',  ( -0.4000853435273525327, -0.2532791774815250641, -0.5873325892857359509 ) ) ;
#3067 = CARTESIAN_POINT ( 'NONE',  ( 0.07051484701432340907, 0.4758203312773582327, -0.8275669642857380603 ) ) ;
#3068 = CARTESIAN_POINT ( 'NONE',  ( -0.2264701542316984173, 0.4598433181498243205, -0.5662229432002667817 ) ) ;
#3069 = CARTESIAN_POINT ( 'NONE',  ( -0.3412333844834322671, -0.3249701273128121626, -0.4958147321428409415 ) ) ;
#3070 = CARTESIAN_POINT ( 'NONE',  ( 0.3447709622511024863, -0.3802919082110828297, -0.4536830357142901948 ) ) ;
#3071 = CARTESIAN_POINT ( 'NONE',  ( -0.3975000000000000755, 0.000000000000000000, 0.4759999999999999787 ) ) ;
#3072 = CARTESIAN_POINT ( 'NONE',  ( -0.3395519829197624073, -0.3937436196982665448, -0.6107700892856640085 ) ) ;
#3073 = CARTESIAN_POINT ( 'NONE',  ( -0.4643199940914105595, -0.1042038149054273638, -0.6448102678571457913 ) ) ;
#3074 = CARTESIAN_POINT ( 'NONE',  ( 0.4070007683566367329, -0.3127641403813460341, -0.5889509894815293523 ) ) ;
#3075 = DIRECTION ( 'NONE',  ( 0.000000000000000000, 0.000000000000000000, -1.000000000000000000 ) ) ;
#3076 = FACE_OUTER_BOUND ( 'NONE', #6404, .T. ) ;
#3077 = CARTESIAN_POINT ( 'NONE',  ( 0.4723264179154078035, -0.09401474129674841640, -0.8459821428570635238 ) ) ;
#3078 = CARTESIAN_POINT ( 'NONE',  ( -0.2655187364125495830, -0.3972662417496815590, -0.7075892857142732639 ) ) ;
#3079 = CARTESIAN_POINT ( 'NONE',  ( 0.3672400743348582242, 0.3673402106976586534, -0.6495535714284884632 ) ) ;
#3080 = CARTESIAN_POINT ( 'NONE',  ( 0.4631280871964252865, 0.2624421653585368719, -1.007533482142833670 ) ) ;
#3081 = CARTESIAN_POINT ( 'NONE',  ( 0.2978700177942386618, -0.3815776852307908307, -0.9076450892856673391 ) ) ;
#3082 = CARTESIAN_POINT ( 'NONE',  ( 0.3858159679331098491, 0.3378146369913230251, -0.5733289850737550708 ) ) ;
#3083 = VECTOR ( 'NONE', #2367, 39.37007874015748854 ) ;
#3084 = CARTESIAN_POINT ( 'NONE',  ( 0.000000000000000000, 0.000000000000000000, 0.4759999999999999787 ) ) ;
#3085 = ORIENTED_EDGE ( 'NONE', *, *, #4225, .F. ) ;
#3086 = CARTESIAN_POINT ( 'NONE',  ( 0.5250000000000000222, 6.429395695523603660E-17, -0.9999999999999998890 ) ) ;
#3087 = CARTESIAN_POINT ( 'NONE',  ( 0.1696987703040339635, -0.4752159643277564238, -0.9716042048022838218 ) ) ;
#3088 = CARTESIAN_POINT ( 'NONE',  ( 0.4033004333956693443, -0.2959649161416327834, -0.9672400056053439554 ) ) ;
#3089 = CARTESIAN_POINT ( 'NONE',  ( 0.000000000000000000, 0.000000000000000000, -0.9999999999999998890 ) ) ;
#3090 = EDGE_CURVE ( 'NONE', #3890, #5808, #772, .T. ) ;
#3092 = CARTESIAN_POINT ( 'NONE',  ( 0.2581986284259886744, -0.4559214289531816067, -0.7396763392856813280 ) ) ;
#3091 = CARTESIAN_POINT ( 'NONE',  ( -0.2260578710665304414, -0.4579898422293636751, -0.5331429612549117847 ) ) ;
#3093 = PLANE ( 'NONE',  #1626 ) ;
#3094 = CARTESIAN_POINT ( 'NONE',  ( -0.4847107631580737097, -0.01196522350478337361, -0.9506138392858159980 ) ) ;
#3095 = CIRCLE ( 'NONE', #5436, 0.5327323696766466110 ) ;
#3096 = CARTESIAN_POINT ( 'NONE',  ( -0.3686840820698071286, -0.3179463275552265600, -0.9963727678571157043 ) ) ;
#3097 = CARTESIAN_POINT ( 'NONE',  ( 0.4605019373182936970, 0.1154166157618078670, -0.6266741071429110521 ) ) ;
#3098 = DIRECTION ( 'NONE',  ( -1.000000000000000000, 0.000000000000000000, 0.000000000000000000 ) ) ;
#3099 = CARTESIAN_POINT ( 'NONE',  ( -0.3382761674107133132, 0.3383632059030654560, -0.7455357142856565700 ) ) ;
#3100 = VECTOR ( 'NONE', #369, 39.37007874015748854 ) ;
#3101 = EDGE_CURVE ( 'NONE', #7565, #2387, #4889, .T. ) ;
#3102 = CARTESIAN_POINT ( 'NONE',  ( 0.2720176077672953330, -0.4536937637075832974, -0.9559151785713432270 ) ) ;
#3103 = AXIS2_PLACEMENT_3D ( 'NONE', #5949, #5455, #5375 ) ;
#3104 = CARTESIAN_POINT ( 'NONE',  ( -0.3983853398080853259, 0.2806513266927985750, -1.011439732142933146 ) ) ;
#3105 = CARTESIAN_POINT ( 'NONE',  ( 0.4635184988848024545, -0.08036281925643055934, -0.4885602678571183133 ) ) ;
#3106 = CARTESIAN_POINT ( 'NONE',  ( -0.2916952423838400921, 0.3736676050774106472, -0.5862165178571437929 ) ) ;
#3107 = CARTESIAN_POINT ( 'NONE',  ( 0.08094558979787198905, -0.4661227011676198906, -0.5739397321428514331 ) ) ;
#3108 = AXIS2_PLACEMENT_3D ( 'NONE', #5363, #4938, #2947 ) ;
#3109 = CARTESIAN_POINT ( 'NONE',  ( 0.3485001416003858377, 0.3318904929344506094, -0.8351004464284949025 ) ) ;
#3110 = CARTESIAN_POINT ( 'NONE',  ( -0.2314070795235061428, 0.4698439388430701857, -0.9233652457164235328 ) ) ;
#3111 = CARTESIAN_POINT ( 'NONE',  ( 0.2012268476978618659, -0.4255999872434199638, -0.4815848214286338469 ) ) ;
#3112 = CARTESIAN_POINT ( 'NONE',  ( -0.4995542958951850743, 0.1121071104592665652, -0.4109933035714222194 ) ) ;
#3113 = CARTESIAN_POINT ( 'NONE',  ( -0.5937499999999998890, -0.3148834599928905242, -0.06997230286378633424 ) ) ;
#3114 = CARTESIAN_POINT ( 'NONE',  ( 0.3581056928297909892, -0.3762273048751473281, -0.5940290178571594470 ) ) ;
#3115 = CARTESIAN_POINT ( 'NONE',  ( 0.09267045766541474883, -0.4661991915004198295, -0.6272321428571348001 ) ) ;
#3116 = CARTESIAN_POINT ( 'NONE',  ( -0.4301359477952217958, -0.2033714611131152150, -0.6601562499999125144 ) ) ;
#3117 = CARTESIAN_POINT ( 'NONE',  ( 0.5451851341360317571, -0.3708406607110604769, -0.9381566776193389634 ) ) ;
#3118 = TOROIDAL_SURFACE ( 'NONE', #7394, 0.3704503952807373657, 0.005000000000000000104 ) ;
#3119 = DIRECTION ( 'NONE',  ( -0.4999999999999998890, -0.8660254037844387076, 0.000000000000000000 ) ) ;
#3120 = CIRCLE ( 'NONE', #4088, 0.3125000000000000000 ) ;
#3121 = DIRECTION ( 'NONE',  ( -0.000000000000000000, -1.047310526070460688E-16, 1.000000000000000000 ) ) ;
#3122 = CARTESIAN_POINT ( 'NONE',  ( 0.4128171869767541247, 0.2475097606456760913, -0.8376116071428634235 ) ) ;
#3123 = CARTESIAN_POINT ( 'NONE',  ( -0.4041263468044597462, 0.2559830220057582317, -0.7251674107142829229 ) ) ;
#3124 = CARTESIAN_POINT ( 'NONE',  ( -0.05095240763273941459, 0.5166065056009725431, -0.6395089285713881910 ) ) ;
#3125 = CARTESIAN_POINT ( 'NONE',  ( 0.07781348618286237917, -0.5250426540206256654, -0.9581473214286054807 ) ) ;
#3126 = CARTESIAN_POINT ( 'NONE',  ( 0.4693552607936681831, -0.1174992437764476733, -0.9001116071428558740 ) ) ;
#3127 = CARTESIAN_POINT ( 'NONE',  ( 0.1647105463100421718, 0.4845752641308719855, -0.5673708002250110738 ) ) ;
#3128 = LINE ( 'NONE', #3046, #2133 ) ;
#3129 = VERTEX_POINT ( 'NONE', #3340 ) ;
#3130 = CARTESIAN_POINT ( 'NONE',  ( 0.1180701991918457622, -0.5080846159197216494, -0.8824767566876456915 ) ) ;
#3131 = CARTESIAN_POINT ( 'NONE',  ( 0.02408226868764057685, -0.5070100771364139947, -0.9737711295527059496 ) ) ;
#3132 = CARTESIAN_POINT ( 'NONE',  ( -0.1471154510307447205, -0.4451326998705825710, -0.4188058035714496974 ) ) ;
#3133 = CARTESIAN_POINT ( 'NONE',  ( 0.2968749999999999445, 0.5142025834970105347, -0.9749999999999998668 ) ) ;
#3135 = CARTESIAN_POINT ( 'NONE',  ( -0.3798616011782160462, -0.3615649117037261773, -0.7547433035714163907 ) ) ;
#3134 = DIRECTION ( 'NONE',  ( -0.000000000000000000, -0.000000000000000000, 1.000000000000000000 ) ) ;
#3136 = CARTESIAN_POINT ( 'NONE',  ( -0.4125829967353081829, 0.3169374510287503721, -0.8389497990009083805 ) ) ;
#3137 = CARTESIAN_POINT ( 'NONE',  ( 0.4226548455098961821, 0.2395072658156721379, -0.9807477678571477897 ) ) ;
#3138 = ORIENTED_EDGE ( 'NONE', *, *, #4695, .T. ) ;
#3139 = CARTESIAN_POINT ( 'NONE',  ( -0.4833825200190150495, -0.05968656473560107756, -1.003069196428453047 ) ) ;
#3140 = CARTESIAN_POINT ( 'NONE',  ( 0.4188898244729147846, -0.2239705428725508873, -0.6350446428572019686 ) ) ;
#3141 = CARTESIAN_POINT ( 'NONE',  ( 0.5937499999999998890, 0.3428017223313404305, -0.07803161100199271227 ) ) ;
#3142 = MANIFOLD_SOLID_BREP ( 'Cut-Extrude3', #7334 ) ;
#3143 = CARTESIAN_POINT ( 'NONE',  ( 0.4171549481713922036, -0.2363862494417019178, -0.7781808035715653826 ) ) ;
#3144 = B_SPLINE_CURVE_WITH_KNOTS ( 'NONE', 3,
 ( #2421, #4298, #5488, #1882, #651, #1381, #6553, #4792 ),
 .UNSPECIFIED., .F., .F.,
 ( 4, 2, 2, 4 ),
 ( 0.06302087262444197591, 0.06742504842460926573, 0.06962713632469291758, 0.07182922422477655555 ),
 .UNSPECIFIED. ) ;
#3145 = CARTESIAN_POINT ( 'NONE',  ( 0.01187747491608435492, -0.4863861702707001911, -0.9863281250000208722 ) ) ;
#3146 = CARTESIAN_POINT ( 'NONE',  ( -0.01159382818549027638, 0.4696631451026792026, -0.4684709821428831855 ) ) ;
#3147 = CARTESIAN_POINT ( 'NONE',  ( -0.4596208674663527227, 0.1150622772436781516, -0.5786830357143124548 ) ) ;
#3148 = CARTESIAN_POINT ( 'NONE',  ( 0.3070812969312137208, 0.3559000411841568012, -0.4768415178571533963 ) ) ;
#3149 = CARTESIAN_POINT ( 'NONE',  ( -0.3574588193002589676, -0.3238980243922268132, -0.8710937499999243938 ) ) ;
#3150 = CARTESIAN_POINT ( 'NONE',  ( -0.2852111247511893710, 0.3922769769194120459, -0.9511597277047184607 ) ) ;
#3151 = CARTESIAN_POINT ( 'NONE',  ( -0.4440626986866323400, 0.1588197069736071443, -0.5083705357142864756 ) ) ;
#3152 = CARTESIAN_POINT ( 'NONE',  ( 0.5055348186089669849, -0.08764760190258424899, -0.4461495535714620209 ) ) ;
#3153 = CARTESIAN_POINT ( 'NONE',  ( 0.3084545228526365812, -0.3759515773850873321, -0.9966517857141976577 ) ) ;
#3154 = CARTESIAN_POINT ( 'NONE',  ( 0.2463723946406873866, -0.5433602762959869326, -0.9737465324023080182 ) ) ;
#3155 = CARTESIAN_POINT ( 'NONE',  ( 0.5069052196399423948, 0.1007617776406627974, -0.5111607142857068631 ) ) ;
#3156 = CARTESIAN_POINT ( 'NONE',  ( -0.3020895417535044425, 0.3681937274907735591, -0.6573660714285936013 ) ) ;
#3157 = CARTESIAN_POINT ( 'NONE',  ( 0.4206068924387554864, 0.2247495179522934206, -0.6953125000000582867 ) ) ;
#3158 = CARTESIAN_POINT ( 'NONE',  ( 0.3149890235444426922, 0.4094763631116135061, -0.7217389693574413068 ) ) ;
#3159 = CARTESIAN_POINT ( 'NONE',  ( -0.3329513030002463347, 0.3497998051115300822, -0.8708147321428288956 ) ) ;
#3160 = CARTESIAN_POINT ( 'NONE',  ( 0.4921095268410350942, 0.1668715304240535879, -0.7920727558136309021 ) ) ;
#3161 = CARTESIAN_POINT ( 'NONE',  ( -0.05853583364520821564, 0.4750990348563975951, -0.7530691964285564088 ) ) ;
#3162 = CARTESIAN_POINT ( 'NONE',  ( 0.08196482625847495429, -0.4727359625947343269, -0.7703683035714177230 ) ) ;
#3163 = CARTESIAN_POINT ( 'NONE',  ( 0.4388678468072398364, 0.2779938212315378743, -0.6520647321428609811 ) ) ;
#3164 = CARTESIAN_POINT ( 'NONE',  ( -0.2027262785330019301, 0.4892359859049439930, -0.9196428571428182375 ) ) ;
#3165 = CARTESIAN_POINT ( 'NONE',  ( -0.4010877060936579586, -0.2680774942212962308, -0.8549107142856268160 ) ) ;
#3166 = CARTESIAN_POINT ( 'NONE',  ( 0.4069571017805975188, 0.3120636597143779944, -0.5740634863747879901 ) ) ;
#3167 = CARTESIAN_POINT ( 'NONE',  ( 0.3870087074937409444, 0.3389559583493215178, -0.6525353008615165651 ) ) ;
#3168 = EDGE_LOOP ( 'NONE', ( #7412, #6898 ) ) ;
#3169 = CARTESIAN_POINT ( 'NONE',  ( 0.3802405576479454541, -0.3567708646586074672, -0.8757829039974218688 ) ) ;
#3170 = CARTESIAN_POINT ( 'NONE',  ( -0.2271988372966476100, 0.4612461183069049286, -0.9803950867431572291 ) ) ;
#3171 = CARTESIAN_POINT ( 'NONE',  ( -0.2112170516061934733, 0.4194734116137983637, -0.4455915178571389634 ) ) ;
#3172 = CARTESIAN_POINT ( 'NONE',  ( -0.1531590976530286807, 0.5046503237550059584, -0.8493303571428617582 ) ) ;
#3173 = CARTESIAN_POINT ( 'NONE',  ( -0.3444815208262402839, 0.3929424219991402567, -0.9126042057158907372 ) ) ;
#3175 = CARTESIAN_POINT ( 'NONE',  ( 0.2013169604277852409, -0.4861995203050256675, -0.8124999999999992228 ) ) ;
#3174 = CARTESIAN_POINT ( 'NONE',  ( 0.3368231437059738820, -0.3844585214027903541, -0.5197536637537545356 ) ) ;
#3176 = CARTESIAN_POINT ( 'NONE',  ( 0.2291823500712163175, 0.4635643025835231579, -0.7117232903384740350 ) ) ;
#3177 = CARTESIAN_POINT ( 'NONE',  ( -0.09462684471152386922, 0.4760414356071144271, -0.9665178571427998078 ) ) ;
#3178 = EDGE_LOOP ( 'NONE', ( #5472, #5722, #3047, #2682 ) ) ;
#3179 = CARTESIAN_POINT ( 'NONE',  ( -0.03427180965125613959, -0.5216736741931332633, -0.8936012696021672363 ) ) ;
#3180 = CARTESIAN_POINT ( 'NONE',  ( 0.3081533411295894198, 0.3753874099060111047, -0.9587053571429077214 ) ) ;
#3181 = CARTESIAN_POINT ( 'NONE',  ( -0.1694722829874154291, -0.4395192923331009416, -0.5086495535713937421 ) ) ;
#3182 = DIRECTION ( 'NONE',  ( 1.000000000000000000, 0.000000000000000000, 0.000000000000000000 ) ) ;
#3183 = CARTESIAN_POINT ( 'NONE',  ( 0.01168356126656075814, 0.4786008788643311140, -0.7547433035714934402 ) ) ;
#3184 = CARTESIAN_POINT ( 'NONE',  ( -0.3672963965446680024, 0.3169144972253916115, -0.9411272321428114651 ) ) ;
#3185 = CARTESIAN_POINT ( 'NONE',  ( -0.01172799243860987196, -0.4752541293792589827, -0.6297433035713428939 ) ) ;
#3186 = CARTESIAN_POINT ( 'NONE',  ( -0.2014703918580938447, -0.4258316923805036125, -0.5094866071428276744 ) ) ;
#3187 = CARTESIAN_POINT ( 'NONE',  ( 0.2057620250118450955, 0.4349024753790835529, -0.8309151785713755345 ) ) ;
#3188 = CARTESIAN_POINT ( 'NONE',  ( -0.1963463645752012154, -0.5722428182207838221, -0.9699458067251215398 ) ) ;
#3189 = CARTESIAN_POINT ( 'NONE',  ( -0.4210236651282169840, -0.2118576603367048894, -0.4991629464285901041 ) ) ;
#3190 = CARTESIAN_POINT ( 'NONE',  ( 0.02521197339458928002, 0.5118552525651398621, -0.4268973214285895490 ) ) ;
#3191 = CARTESIAN_POINT ( 'NONE',  ( -0.4294574236334708917, -0.2294787162890026821, -1.016741071428593157 ) ) ;
#3192 = CARTESIAN_POINT ( 'NONE',  ( -6.671737619689179920E-05, -0.5174500006495902360, -0.5312500000000014433 ) ) ;
#3193 = CARTESIAN_POINT ( 'NONE',  ( -0.3081161506801461947, 0.3572851186920588673, -0.5142299107142667136 ) ) ;
#3194 = CARTESIAN_POINT ( 'NONE',  ( -0.4100137971272381221, -0.2456811311688605060, -0.7304687499998723244 ) ) ;
#3195 = CARTESIAN_POINT ( 'NONE',  ( 0.2589440430592573894, 0.4479439402458009201, -0.7202416388879149256 ) ) ;
#3196 = CARTESIAN_POINT ( 'NONE',  ( 0.4299875910530364664, 0.2163682314135864093, -0.8205915178572102953 ) ) ;
#3197 = CARTESIAN_POINT ( 'NONE',  ( -0.1172428786264050060, 0.5048484192633365675, -0.7753364051027105130 ) ) ;
#3198 = CARTESIAN_POINT ( 'NONE',  ( 0.3901818058292897962, -0.2748721183030208848, -0.7078683035714709026 ) ) ;
#3199 = CARTESIAN_POINT ( 'NONE',  ( 0.01168356126551968986, 0.4786008788614142251, -0.7368861607141802272 ) ) ;
#3200 = CARTESIAN_POINT ( 'NONE',  ( 0.4802485946612830570, -0.1989980394314558032, -0.6629464285713655425 ) ) ;
#3201 = CARTESIAN_POINT ( 'NONE',  ( -0.5234716198567388457, 0.07771870384496883111, -0.9079241071428532095 ) ) ;
#3202 = CARTESIAN_POINT ( 'NONE',  ( -0.4201279954288848484, 0.2379237705262744473, -0.8674665178571527857 ) ) ;
#3203 = EDGE_CURVE ( 'NONE', #2954, #2635, #3712, .T. ) ;
#3204 = CARTESIAN_POINT ( 'NONE',  ( -0.3495298253073386707, 0.3733343998289678223, -0.5550919800623926870 ) ) ;
#3205 = CARTESIAN_POINT ( 'NONE',  ( 0.3139051666969639443, 0.4085360135724310782, -0.6503039279810849393 ) ) ;
#3206 = ORIENTED_EDGE ( 'NONE', *, *, #5164, .T. ) ;
#3207 = CARTESIAN_POINT ( 'NONE',  ( -0.4756543758608616779, -0.2152881748314129651, -0.8980979123342448522 ) ) ;
#3208 = CARTESIAN_POINT ( 'NONE',  ( -0.5234166054589136641, 0.03825392026952723762, -0.9829709519139834262 ) ) ;
#3209 = CARTESIAN_POINT ( 'NONE',  ( 0.1253894902404220357, 0.4528728907331888154, -0.4539620535713740912 ) ) ;
#3210 = CARTESIAN_POINT ( 'NONE',  ( -0.09044804120946539627, -0.5208659611262209665, -0.8903459821428899579 ) ) ;
#3211 = CARTESIAN_POINT ( 'NONE',  ( 0.3459243533911866564, 0.3934578016955830870, -0.9289874753131298624 ) ) ;
#3213 = CARTESIAN_POINT ( 'NONE',  ( -0.1025286823643304646, 0.5150796339772686361, -0.7790178571427512910 ) ) ;
#3212 = CARTESIAN_POINT ( 'NONE',  ( -0.04290541098780555757, 0.5232463779164181483, -0.9912858769999662867 ) ) ;
#3214 = DIRECTION ( 'NONE',  ( 0.000000000000000000, 0.000000000000000000, 1.000000000000000000 ) ) ;
#3215 = CARTESIAN_POINT ( 'NONE',  ( 0.4859823895351061407, -6.254372625234884170E-05, -0.9866071428571189239 ) ) ;
#3216 = CARTESIAN_POINT ( 'NONE',  ( -0.2096192831033194537, 0.4641765183137820383, -0.4873953149882347957 ) ) ;
#3217 = VERTEX_POINT ( 'NONE', #535 ) ;
#3218 = CARTESIAN_POINT ( 'NONE',  ( -0.2223274756749038239, -0.4602686431080695306, -0.4694019434413974068 ) ) ;
#3219 = CARTESIAN_POINT ( 'NONE',  ( 0.5141490987706969218, -0.1023395564617543135, -0.8035714285714232741 ) ) ;
#3220 = CARTESIAN_POINT ( 'NONE',  ( 0.08077196734630588681, 0.4651452488047346789, -0.5421316964285659568 ) ) ;
#3221 = CARTESIAN_POINT ( 'NONE',  ( 0.5937499999999997780, 0.2873503142819792133, -0.06202416831987158513 ) ) ;
#3222 = CARTESIAN_POINT ( 'NONE',  ( 0.4814516071700096767, -0.04748139823361735568, -0.8984374999999805711 ) ) ;
#3223 = CARTESIAN_POINT ( 'NONE',  ( 0.3816094874803812598, -0.2829400558768215834, -0.6188616071427983645 ) ) ;
#3224 = CARTESIAN_POINT ( 'NONE',  ( 0.3637531680933525080, -0.2986027829753186147, -0.4944196428571226987 ) ) ;
#3225 = CARTESIAN_POINT ( 'NONE',  ( -0.3715093293021390353, 0.3049698217503546971, -0.8158482142857955699 ) ) ;
#3226 = CONICAL_SURFACE ( 'NONE', #770, 0.5250000000000000222, 0.03112503826906170765 ) ;
#3227 = CARTESIAN_POINT ( 'NONE',  ( 0.02141473217188225031, 0.4836543887091772076, -0.9513958762165687366 ) ) ;
#3228 = CARTESIAN_POINT ( 'NONE',  ( -0.5063183104190779327, -0.07503853024870879573, -0.4068080357142905834 ) ) ;
#3229 = CARTESIAN_POINT ( 'NONE',  ( 0.2795826374925348690, 0.3970920317096993113, -0.9757254464285586293 ) ) ;
#3230 = CARTESIAN_POINT ( 'NONE',  ( 0.4314211958002522884, 0.2883515040322414680, -0.5781250000000283107 ) ) ;
#3231 = CARTESIAN_POINT ( 'NONE',  ( -0.2027701620150437756, 0.4285699330517216965, -0.5887276785714397054 ) ) ;
#3232 = CARTESIAN_POINT ( 'NONE',  ( 0.4700886672398348343, -0.08163040722474206035, -0.7028459821428917342 ) ) ;
#3233 = CARTESIAN_POINT ( 'NONE',  ( 0.4993085185072657084, 0.1334988212165615085, -0.7291729664639843289 ) ) ;
#3234 = CARTESIAN_POINT ( 'NONE',  ( 0.2271141171153106542, -0.4250321580388250475, -0.8381696428571494550 ) ) ;
#3235 = CARTESIAN_POINT ( 'NONE',  ( 0.06817814778162735456, 0.5139115471350005349, -0.7794301179355445086 ) ) ;
#3236 = CIRCLE ( 'NONE', #5424, 0.3704503952807373657 ) ;
#3237 = CARTESIAN_POINT ( 'NONE',  ( 0.4171549481687814587, -0.2363862494477264320, -0.7781808035715156446 ) ) ;
#3238 = EDGE_CURVE ( 'NONE', #3421, #2251, #2247, .T. ) ;
#3239 = CARTESIAN_POINT ( 'NONE',  ( -0.4442007300527313074, 0.1712773995254978088, -0.6515066964285420870 ) ) ;
#3240 = CARTESIAN_POINT ( 'NONE',  ( 0.2889853961297791374, -0.4323696100329287861, -0.6696428571428378884 ) ) ;
#3241 = CARTESIAN_POINT ( 'NONE',  ( -0.5277545771630092197, 0.03885721935040099134, -0.9070870535714671279 ) ) ;
#3242 = CIRCLE ( 'NONE', #6891, 0.3754282004472574985 ) ;
#3243 = CARTESIAN_POINT ( 'NONE',  ( 0.4334448002759951346, -0.2049316609852802618, -0.7594866071427814891 ) ) ;
#3244 = CARTESIAN_POINT ( 'NONE',  ( -0.4978970298720876153, 0.1159223762696938165, -0.5483883443862627161 ) ) ;
#3245 = VERTEX_POINT ( 'NONE', #722 ) ;
#3246 = CARTESIAN_POINT ( 'NONE',  ( -0.01725376662924007348, -0.5214253047920188733, -0.8854484062562207880 ) ) ;
#3247 = CARTESIAN_POINT ( 'NONE',  ( 0.5937499999999998890, 0.3428017223313404305, -0.9999999999999998890 ) ) ;
#3248 = CARTESIAN_POINT ( 'NONE',  ( -0.08025056919616686824, 0.4628486706463024736, -0.4489397321428699739 ) ) ;
#3249 = CARTESIAN_POINT ( 'NONE',  ( 0.3821877249376730568, 0.3639722578270859210, -0.8618861607142955794 ) ) ;
#3250 = DIRECTION ( 'NONE',  ( -1.000000000000000000, 0.000000000000000000, 0.000000000000000000 ) ) ;
#3252 = CARTESIAN_POINT ( 'NONE',  ( 0.3949200090666553642, -0.3407491799981297032, -0.6643415178570952762 ) ) ;
#3251 = CARTESIAN_POINT ( 'NONE',  ( -0.4907797539281952282, -0.1846140388199542515, -0.9702691240647052240 ) ) ;
#3253 = CARTESIAN_POINT ( 'NONE',  ( -0.4228981082607923270, 0.3034298759920250887, -0.8463603665771359807 ) ) ;
#3254 = CARTESIAN_POINT ( 'NONE',  ( -0.1638887608635128112, -0.4582356813014188401, -1.008370535714243843 ) ) ;
#3255 = CARTESIAN_POINT ( 'NONE',  ( 0.4184797578585119360, -0.3000553319780139283, -0.6677845308984345918 ) ) ;
#3256 = ORIENTED_EDGE ( 'NONE', *, *, #1967, .F. ) ;
#3257 = CARTESIAN_POINT ( 'NONE',  ( 0.4523987119769138920, -0.2612442268700243542, -0.8809507069305378968 ) ) ;
#3258 = CARTESIAN_POINT ( 'NONE',  ( 0.4445942446043863461, 0.2814558583540203718, -0.8663504464286019280 ) ) ;
#3259 = CARTESIAN_POINT ( 'NONE',  ( -0.4679927071698705143, 0.05765645209478759137, -0.5237165178571323576 ) ) ;
#3260 = CARTESIAN_POINT ( 'NONE',  ( 0.000000000000000000, 0.000000000000000000, -0.9999999999999998890 ) ) ;
#3261 = CARTESIAN_POINT ( 'NONE',  ( 0.4420887888461963455, 0.1960367370939460896, -0.8925781249999978906 ) ) ;
#3262 = CARTESIAN_POINT ( 'NONE',  ( 0.03495259397477296776, 0.4730116279553590042, -0.5945870535714435912 ) ) ;
#3263 = CARTESIAN_POINT ( 'NONE',  ( -0.4475628327380165583, -0.1479226471812216948, -0.5186941964286133633 ) ) ;
#3264 = CARTESIAN_POINT ( 'NONE',  ( -0.3635344682912626246, -0.3136736206615189371, -0.7999441964285702866 ) ) ;
#3265 = CARTESIAN_POINT ( 'NONE',  ( -0.4835669137568160414, 0.01640470511696733372, -0.9508345440801696524 ) ) ;
#3266 = CARTESIAN_POINT ( 'NONE',  ( -0.09462684471792744134, 0.4760414356076521081, -0.9665178571427692766 ) ) ;
#3267 = CARTESIAN_POINT ( 'NONE',  ( 0.2211110524086382645, -0.4676560369033083697, -0.5262276785713942973 ) ) ;
#3268 = CARTESIAN_POINT ( 'NONE',  ( 0.2719825141041195549, 0.3860800388445116971, -0.5292968749999962252 ) ) ;
#3269 = CARTESIAN_POINT ( 'NONE',  ( -0.1494971458767869743, 0.4523267868416700477, -0.6794084821428989507 ) ) ;
#3270 = CARTESIAN_POINT ( 'NONE',  ( 0.4894349233301326652, 0.1660130537637395376, -0.7284251678538605779 ) ) ;
#3271 = CARTESIAN_POINT ( 'NONE',  ( -0.3325519674270648318, -0.3493858100695413915, -0.8523995535714588012 ) ) ;
#3272 = FACE_OUTER_BOUND ( 'NONE', #1079, .T. ) ;
#3273 = CARTESIAN_POINT ( 'NONE',  ( -0.2850995582252390248, 0.3843025007842323371, -0.7472098214286387874 ) ) ;
#3274 = CARTESIAN_POINT ( 'NONE',  ( 0.09303524238930353796, 0.4674055555176707677, -0.6674107142857319541 ) ) ;
#3275 = CARTESIAN_POINT ( 'NONE',  ( -0.4314053327262454829, 0.2881707686812249869, -0.6294642857143173398 ) ) ;
#3276 = B_SPLINE_CURVE_WITH_KNOTS ( 'NONE', 3,
 ( #6627, #2656, #7358, #3678, #5524, #1955, #4293, #6668, #1377, #4993, #3720, #2617, #7324, #1460, #2578, #6589, #6060, #6017, #3110, #2081, #802, #4412, #5445, #2540, #4333, #4907, #7239, #6138, #1997, #3332, #5776, #5203, #3402, #7463, #2726, #5064, #1636, #3978, #7396, #4520, #7500, #6920, #3368, #955, #2220, #6310, #527, #4553 ),
 .UNSPECIFIED., .F., .F.,
 ( 4, 2, 2, 2, 2, 2, 2, 2, 2, 2, 2, 2, 2, 2, 2, 2, 2, 2, 2, 2, 2, 2, 2, 4 ),
 ( 0.5280034130450199648, 0.5306251802536614548, 0.5319360638579821998, 0.5332469474623029448, 0.5345578310666236899, 0.5358687146709444349, 0.5384904818795859249, 0.5398013654839066700, 0.5411122490882274150, 0.5437340162968689050, 0.5450448999011896500, 0.5463557835055103951, 0.5489775507141518851, 0.5515993179227933751, 0.5529102015271141202, 0.5542210851314348652, 0.5568428523400763552, 0.5594646195487178453, 0.5620863867573593353, 0.5633972703616800803, 0.5647081539660008254, 0.5660190375703215704, 0.5673299211746423154, 0.5699516883832838055 ),
 .UNSPECIFIED. ) ;
#3277 = CARTESIAN_POINT ( 'NONE',  ( -0.2957114018162290692, 0.3790196697504465417, -0.8005022321428963972 ) ) ;
#3278 = CARTESIAN_POINT ( 'NONE',  ( -0.3748801090938143066, -0.3506744199184752553, -0.6164497297152078392 ) ) ;
#3279 = VECTOR ( 'NONE', #3028, 39.37007874015748143 ) ;
#3280 = ORIENTED_EDGE ( 'NONE', *, *, #610, .F. ) ;
#3281 = VERTEX_POINT ( 'NONE', #2415 ) ;
#3282 = CARTESIAN_POINT ( 'NONE',  ( 7.726769008014644924E-17, -0.6856034446626805279, -0.07803161100199271227 ) ) ;
#3283 = CARTESIAN_POINT ( 'NONE',  ( -0.1514748882848076794, 0.4587191906299759592, -0.8758370535715359617 ) ) ;
#3284 = CARTESIAN_POINT ( 'NONE',  ( -0.3045532556419677239, -0.4323139115191906301, -0.8953683035714106175 ) ) ;
#3285 = CARTESIAN_POINT ( 'NONE',  ( 0.4694530105636033901, 0.2309994950609940423, -0.9334458203867710413 ) ) ;
#3286 = CARTESIAN_POINT ( 'NONE',  ( 0.5937500000000000000, 0.05825673773193470323, -0.9737567862587561685 ) ) ;
#3287 = CARTESIAN_POINT ( 'NONE',  ( -0.4890331306222432395, 0.1662469023080004327, -0.6923696866311133125 ) ) ;
#3288 = CARTESIAN_POINT ( 'NONE',  ( -0.4702356838632502090, -0.1178561644117041979, -0.9481026785714903315 ) ) ;
#3289 = CARTESIAN_POINT ( 'NONE',  ( -0.4378923219748609985, -0.2722510541058237310, -0.6901032024623989791 ) ) ;
#3290 = ORIENTED_EDGE ( 'NONE', *, *, #6152, .F. ) ;
#3291 = CARTESIAN_POINT ( 'NONE',  ( 0.3181024176931291358, -0.4145910295533417611, -0.8854132885388608099 ) ) ;
#3292 = CARTESIAN_POINT ( 'NONE',  ( 0.5161984344819123827, 0.1027513798871785844, -0.8705357142857328423 ) ) ;
#3293 = CARTESIAN_POINT ( 'NONE',  ( 0.04620768830505304209, 0.4698128594429226701, -0.5412946428571325796 ) ) ;
#3294 = CARTESIAN_POINT ( 'NONE',  ( 0.5099650853699122521, 0.03364647753866519680, -0.5171071254016180729 ) ) ;
#3295 = CARTESIAN_POINT ( 'NONE',  ( -0.3254643625014426167, -0.3590017337375551731, -0.9235491071428378884 ) ) ;
#3296 = EDGE_CURVE ( 'NONE', #4082, #1231, #3054, .T. ) ;
#3297 = CARTESIAN_POINT ( 'NONE',  ( 0.1367349823507660322, -0.4505331118575153782, -0.4832589285714349869 ) ) ;
#3298 = CARTESIAN_POINT ( 'NONE',  ( 0.4702382566961016419, -0.01160419400262561150, -0.4868861607142831449 ) ) ;
#3299 = CARTESIAN_POINT ( 'NONE',  ( -0.4802700020642184375, 0.01185179087692487740, -0.8083147321428161280 ) ) ;
#3300 = CARTESIAN_POINT ( 'NONE',  ( 0.4103961649319221583, 0.2554097102736873071, -0.4543000000000000371 ) ) ;
#3301 = CARTESIAN_POINT ( 'NONE',  ( -0.02388401736858126664, 0.4848192495988600803, -0.9681919642858018982 ) ) ;
#3302 = CARTESIAN_POINT ( 'NONE',  ( -0.3749209678186127270, -0.3570518922107523974, -0.5404575892857069741 ) ) ;
#3303 = CARTESIAN_POINT ( 'NONE',  ( 0.3927448139919560988, 0.2625013512215002565, -0.5334821428571556723 ) ) ;
#3304 = CARTESIAN_POINT ( 'NONE',  ( -0.4645340288347918900, -0.09246756691496473002, -0.5915178571428334475 ) ) ;
#3305 = DIRECTION ( 'NONE',  ( 0.000000000000000000, 1.047310526070460688E-16, -1.000000000000000000 ) ) ;
#3306 = CARTESIAN_POINT ( 'NONE',  ( 0.07051484701432340907, 0.4758203312773582327, -0.8097098214285954887 ) ) ;
#3307 = CARTESIAN_POINT ( 'NONE',  ( 0.03416616354726424026, 0.5172638219224237055, -0.7786815964076920782 ) ) ;
#3308 = CARTESIAN_POINT ( 'NONE',  ( -0.4416244266392804763, -0.1829975262154569238, -0.7321428571429595689 ) ) ;
#3309 = CARTESIAN_POINT ( 'NONE',  ( 0.1385566645934104835, -0.4569716979917380906, -0.6975446428571039359 ) ) ;
#3310 = CARTESIAN_POINT ( 'NONE',  ( 0.4158641644880430865, -0.3083380141483473280, -0.5943080357142570547 ) ) ;
#3311 = CARTESIAN_POINT ( 'NONE',  ( 0.4171549481720807639, -0.2363862494421809235, -0.7603236607143510906 ) ) ;
#3312 = ORIENTED_EDGE ( 'NONE', *, *, #857, .F. ) ;
#3313 = CARTESIAN_POINT ( 'NONE',  ( 0.3860109965615586836, -0.3387521207339893592, -0.5974730590051967605 ) ) ;
#3314 = ORIENTED_EDGE ( 'NONE', *, *, #5954, .T. ) ;
#3315 = VERTEX_POINT ( 'NONE', #5896 ) ;
#3316 = CARTESIAN_POINT ( 'NONE',  ( -0.4597941784609771987, 0.2554627952661695511, -0.9879107896001738665 ) ) ;
#3317 = CARTESIAN_POINT ( 'NONE',  ( -0.2889822097167394910, 0.3897522211243267809, -0.9436383928571547841 ) ) ;
#3318 = CARTESIAN_POINT ( 'NONE',  ( -0.5267756513525184703, 0.01299961242012163433, -0.8351004464285267659 ) ) ;
#3319 = CARTESIAN_POINT ( 'NONE',  ( -0.1362469970943206710, -0.5059980972027935398, -0.9594933719076701450 ) ) ;
#3320 = CARTESIAN_POINT ( 'NONE',  ( -0.1346579953915194305, 0.5038928950452422617, -0.8541739859064797491 ) ) ;
#3321 = CARTESIAN_POINT ( 'NONE',  ( -0.5937500000000002220, 0.3428017223313401529, -0.9999999999999998890 ) ) ;
#3322 = ORIENTED_EDGE ( 'NONE', *, *, #5864, .T. ) ;
#3323 = CARTESIAN_POINT ( 'NONE',  ( 0.4239647446511353723, -0.3038562280044426744, -0.8820698155899863169 ) ) ;
#3324 = EDGE_CURVE ( 'NONE', #6291, #6303, #1749, .T. ) ;
#3325 = CARTESIAN_POINT ( 'NONE',  ( -0.08978477503544861349, -0.5170464715076861228, -0.8211495535714474769 ) ) ;
#3326 = CARTESIAN_POINT ( 'NONE',  ( -0.1590467837213924984, 0.4443145059755774229, -0.5362723214285806117 ) ) ;
#3327 = CARTESIAN_POINT ( 'NONE',  ( -0.2249916958820028789, 0.4571817871905649033, -0.4948003610491099047 ) ) ;
#3328 = CARTESIAN_POINT ( 'NONE',  ( -0.4847107631580737097, -0.01196522350478337361, -0.9327566964286734263 ) ) ;
#3329 = CARTESIAN_POINT ( 'NONE',  ( 0.2012268476920055782, -0.4255999872447380761, -0.4815848214285655682 ) ) ;
#3330 = CARTESIAN_POINT ( 'NONE',  ( -0.1796813774580017786, 0.4339470013548230032, -0.4642857142857243491 ) ) ;
#3331 = CARTESIAN_POINT ( 'NONE',  ( 0.4587364737764449418, -0.1392206332536027602, -0.7756696428571572266 ) ) ;
#3332 = CARTESIAN_POINT ( 'NONE',  ( 0.1683584769584128560, 0.4953432765839396179, -0.9322965569634853455 ) ) ;
#3333 = ADVANCED_FACE ( 'NONE', ( #69 ), #4688, .F. ) ;
#3334 = CARTESIAN_POINT ( 'NONE',  ( 0.1628831129342488138, 0.4550432035031755640, -0.9012276785714311567 ) ) ;
#3335 = CARTESIAN_POINT ( 'NONE',  ( 0.1734687978346476089, -0.4850099250158218522, -0.4559151785714888327 ) ) ;
#3336 = CARTESIAN_POINT ( 'NONE',  ( 0.08094558979059554571, -0.4661227011675235787, -0.5560825892857145236 ) ) ;
#3337 = CARTESIAN_POINT ( 'NONE',  ( -0.2738056054286360785, -0.3888869649920583260, -0.6542968750000607292 ) ) ;
#3338 = LINE ( 'NONE', #5673, #4561 ) ;
#3339 = CARTESIAN_POINT ( 'NONE',  ( -0.4503193243461412476, 0.1611921751619045107, -0.7226562499999311662 ) ) ;
#3340 = CARTESIAN_POINT ( 'NONE',  ( -0.4835553104792686407, 2.870574649592526593E-16, -0.9508229408026219742 ) ) ;
#3341 = CARTESIAN_POINT ( 'NONE',  ( -0.1155908553154353785, -0.4612128935523240325, -0.6501116071428074683 ) ) ;
#3342 = VECTOR ( 'NONE', #5348, 39.37007874015748854 ) ;
#3343 = CARTESIAN_POINT ( 'NONE',  ( -0.4553342712798003067, -0.1381920935516214866, -0.6439732142857335084 ) ) ;
#3344 = CARTESIAN_POINT ( 'NONE',  ( 0.1382084999777175582, -0.4991566061200602977, -0.6018415178570870605 ) ) ;
#3345 = CARTESIAN_POINT ( 'NONE',  ( -0.3857218111066273436, -0.2859938824457728956, -0.7829241071429082766 ) ) ;
#3346 = ORIENTED_EDGE ( 'NONE', *, *, #6743, .T. ) ;
#3347 = AXIS2_PLACEMENT_3D ( 'NONE', #6853, #2911, #4632 ) ;
#3348 = CONICAL_SURFACE ( 'NONE', #1389, 0.5937500000000000000, 1.047197551196600074 ) ;
#3349 = CARTESIAN_POINT ( 'NONE',  ( -0.4784190373413503283, 0.1802758135399500083, -0.5498855177450414633 ) ) ;
#3350 = ORIENTED_EDGE ( 'NONE', *, *, #934, .F. ) ;
#3351 = AXIS2_PLACEMENT_3D ( 'NONE', #6771, #3897, #6302 ) ;
#3352 = CARTESIAN_POINT ( 'NONE',  ( 0.1383653063275383510, 0.4477603612705856606, -0.4542999999999961513 ) ) ;
#3353 = CARTESIAN_POINT ( 'NONE',  ( -0.4776796085717734952, -0.08282195479047103903, -0.9310825892858572983 ) ) ;
#3354 = CARTESIAN_POINT ( 'NONE',  ( -0.1795550039791524444, -0.5020382124686566527, -1.035156249999944933 ) ) ;
#3355 = CARTESIAN_POINT ( 'NONE',  ( -0.4715472416915404419, 0.03564378871502933699, -0.4542999999999999261 ) ) ;
#3356 = CARTESIAN_POINT ( 'NONE',  ( -0.3241814862152472276, 0.4137432269634515603, -0.9846611486793790391 ) ) ;
#3357 = CARTESIAN_POINT ( 'NONE',  ( -0.3911961806606256142, 0.3433899618982277913, -0.8474746710840138642 ) ) ;
#3358 = FACE_OUTER_BOUND ( 'NONE', #5020, .T. ) ;
#3359 = EDGE_LOOP ( 'NONE', ( #4006, #4034, #2424, #41 ) ) ;
#3360 = CARTESIAN_POINT ( 'NONE',  ( -0.5175298480776741039, -7.005696124377300154E-16, -0.7600729219812309978 ) ) ;
#3361 = CARTESIAN_POINT ( 'NONE',  ( 0.5215996803794891168, 0.05144486111775920661, -0.8002232142855989494 ) ) ;
#3362 = CARTESIAN_POINT ( 'NONE',  ( 0.2216047699123901149, 0.4144651862783731433, -0.4743303571428776899 ) ) ;
#3363 = CARTESIAN_POINT ( 'NONE',  ( -0.4925987921552043569, 0.1323035491002898800, -0.4851267322558899253 ) ) ;
#3364 = CARTESIAN_POINT ( 'NONE',  ( 0.05921526309719874620, 0.4795967089402976558, -0.8808593750000239808 ) ) ;
#3365 = APPROVAL ( #4136, 'UNSPECIFIED' ) ;
#3366 = CARTESIAN_POINT ( 'NONE',  ( -0.05784203330955292599, 0.4684437634664541661, -0.5209263392856964270 ) ) ;
#3367 = CARTESIAN_POINT ( 'NONE',  ( -0.3623140311443970307, 0.3124479029776699446, -0.7446986607142506154 ) ) ;
#3368 = CARTESIAN_POINT ( 'NONE',  ( 0.4957409710915952616, 0.1681905229018732240, -0.9427092706068632699 ) ) ;
#3369 = CARTESIAN_POINT ( 'NONE',  ( 0.4150606601838321974, -0.2488503884433909963, -0.9213169642856234853 ) ) ;
#3370 = CARTESIAN_POINT ( 'NONE',  ( -0.01274164973532769182, 0.5161687943892545594, -0.4952566964285975981 ) ) ;
#3371 = CARTESIAN_POINT ( 'NONE',  ( -0.4210236651282169840, -0.2118576603367048894, -0.4991629464285901041 ) ) ;
#3372 = CARTESIAN_POINT ( 'NONE',  ( -0.4714652576078591784, 0.04649649125556905294, -0.5948660714285675111 ) ) ;
#3373 = CARTESIAN_POINT ( 'NONE',  ( -0.4254611870717056599, 0.1958988357433609495, -0.4542999999999998706 ) ) ;
#3374 = CARTESIAN_POINT ( 'NONE',  ( -0.3857218111072894806, -0.2859938824386309975, -0.7829241071428947318 ) ) ;
#3375 = CARTESIAN_POINT ( 'NONE',  ( 0.4655853999363846474, 0.2293365838923779598, -0.7983669050694437441 ) ) ;
#3376 = CARTESIAN_POINT ( 'NONE',  ( 0.3103958872302359784, -0.3597356831723118598, -0.6392299107143210035 ) ) ;
#3377 = CARTESIAN_POINT ( 'NONE',  ( 0.06759881986326247982, -0.5181119715041976326, -0.8835989161846895534 ) ) ;
#3378 = CARTESIAN_POINT ( 'NONE',  ( 0.4531120607658033483, -0.1496193367789835360, -0.6866629464286054807 ) ) ;
#3379 = CARTESIAN_POINT ( 'NONE',  ( 0.4779820370733513513, 0.1979144442656651515, -0.5825892857142689341 ) ) ;
#3380 = CARTESIAN_POINT ( 'NONE',  ( 0.2911395755302517152, -0.4355926418495066899, -0.7388392857142652703 ) ) ;
#3381 = CARTESIAN_POINT ( 'NONE',  ( -0.1280671822435277829, -0.4625438361331855042, -0.7753906250000851541 ) ) ;
#3382 = ORIENTED_EDGE ( 'NONE', *, *, #7318, .T. ) ;
#3383 = CARTESIAN_POINT ( 'NONE',  ( -0.1356708268540082196, -0.5049595528350367957, -0.8958395737145621318 ) ) ;
#3384 = EDGE_CURVE ( 'NONE', #6698, #7051, #5284, .T. ) ;
#3385 = CARTESIAN_POINT ( 'NONE',  ( -0.06685762863248873034, -0.5064722437507985786, -0.5372049679328703142 ) ) ;
#3386 = ORIENTED_EDGE ( 'NONE', *, *, #6357, .F. ) ;
#3387 = CARTESIAN_POINT ( 'NONE',  ( 0.3505018319799616533, 0.3734887459013708222, -0.5799952944895516715 ) ) ;
#3388 = CARTESIAN_POINT ( 'NONE',  ( 0.2586678813790390108, 0.4083649591931300393, -0.8858816964285540774 ) ) ;
#3389 = CARTESIAN_POINT ( 'NONE',  ( -0.5295517257066797434, -0.06538720996224961501, -1.047712053571347335 ) ) ;
#3390 = CARTESIAN_POINT ( 'NONE',  ( -0.1103340602113360297, -0.4880884210434107140, -0.4543000000000000371 ) ) ;
#3391 = CARTESIAN_POINT ( 'NONE',  ( -0.5111409850019802414, 0.1178632467377512538, -0.9769369781272443376 ) ) ;
#3392 = CARTESIAN_POINT ( 'NONE',  ( 0.5937500000000001110, -0.2013281588651359977, -0.04382366669002279308 ) ) ;
#3393 = FACE_OUTER_BOUND ( 'NONE', #2596, .T. ) ;
#3394 = VERTEX_POINT ( 'NONE', #5120 ) ;
#3395 = CARTESIAN_POINT ( 'NONE',  ( 0.5075060393220387489, 0.08398416989351155382, -0.6510671334907852659 ) ) ;
#3396 = VECTOR ( 'NONE', #6296, 39.37007874015748143 ) ;
#3397 = CARTESIAN_POINT ( 'NONE',  ( 0.1148062752391302982, 0.5109472801769345818, -0.7859933035714221639 ) ) ;
#3398 = CARTESIAN_POINT ( 'NONE',  ( 0.4697852781019221102, 0.02314344688559171609, -0.4860491071428559295 ) ) ;
#3399 = CARTESIAN_POINT ( 'NONE',  ( -0.08268863257598592365, 0.5028942227162109813, -0.4981474676920955025 ) ) ;
#3400 = CARTESIAN_POINT ( 'NONE',  ( 0.4713526505916857956, -0.03470428470154140327, -0.5410156249999664713 ) ) ;
#3401 = CARTESIAN_POINT ( 'NONE',  ( -0.2449297306576040667, 0.4085139614295377752, -0.6768973214285630702 ) ) ;
#3402 = CARTESIAN_POINT ( 'NONE',  ( 0.2623216694233375668, 0.4536978851843821436, -0.9345306933713927178 ) ) ;
#3403 = CARTESIAN_POINT ( 'NONE',  ( -0.2478805035619572605, -0.4136917789746455409, -0.8677455357143226689 ) ) ;
#3404 = CARTESIAN_POINT ( 'NONE',  ( -0.4664289288284902413, 0.2205266388690251822, -0.4827008928571979163 ) ) ;
#3405 = CARTESIAN_POINT ( 'NONE',  ( 0.3637531680985349736, -0.2986027829726786709, -0.4765624999999958367 ) ) ;
#3406 = CARTESIAN_POINT ( 'NONE',  ( -0.3017863023586338511, -0.3676312487028625675, -0.6551339285713669858 ) ) ;
#3407 =( NAMED_UNIT ( * ) PLANE_ANGLE_UNIT ( ) SI_UNIT ( $, .RADIAN. ) );
#3408 = CARTESIAN_POINT ( 'NONE',  ( 0.4470767495671167380, 0.1723904667032391536, -0.7502790178570877266 ) ) ;
#3409 = CARTESIAN_POINT ( 'NONE',  ( -0.4846473963383158834, 0.1826826413018426409, -0.7641713581325794147 ) ) ;
#3410 = CARTESIAN_POINT ( 'NONE',  ( 0.4657895677988486138, -0.09258513248635531767, -0.6316964285714922189 ) ) ;
#3411 = FACE_OUTER_BOUND ( 'NONE', #5267, .T. ) ;
#3412 = CARTESIAN_POINT ( 'NONE',  ( -0.3802728836093630105, -0.2821101619171820230, -0.5686383928571527857 ) ) ;
#3413 = CARTESIAN_POINT ( 'NONE',  ( -0.4510248238563431267, -0.2555836307488575931, -0.6169084821428353349 ) ) ;
#3414 = CARTESIAN_POINT ( 'NONE',  ( -0.3005870494499707224, -0.4269244092543039715, -0.6810825892857085284 ) ) ;
#3415 = CARTESIAN_POINT ( 'NONE',  ( 0.1162807605131756933, 0.4644880641315622949, -0.7393973214286249096 ) ) ;
#3416 = ORIENTED_EDGE ( 'NONE', *, *, #5805, .F. ) ;
#3417 = CARTESIAN_POINT ( 'NONE',  ( -0.1168172991199387112, -0.4994008827179864385, -0.6019707380691977638 ) ) ;
#3418 = CARTESIAN_POINT ( 'NONE',  ( 0.4583523696669409841, -0.2264668842735832188, -0.5230760023907344847 ) ) ;
#3419 = CARTESIAN_POINT ( 'NONE',  ( 0.3157246286039376848, 0.3661136856049334032, -0.9054129464285354256 ) ) ;
#3420 = VERTEX_POINT ( 'NONE', #7454 ) ;
#3421 = VERTEX_POINT ( 'NONE', #5155 ) ;
#3422 = CARTESIAN_POINT ( 'NONE',  ( 0.1807262030962035471, 0.4791083469192586319, -0.5755294445010277204 ) ) ;
#3423 = CARTESIAN_POINT ( 'NONE',  ( -0.1396492047559032001, 0.4601354306955823814, -0.8046874999999703570 ) ) ;
#3424 = CARTESIAN_POINT ( 'NONE',  ( -0.2161407229637175575, -0.4874358643341858977, -1.035993303571308255 ) ) ;
#3425 = CARTESIAN_POINT ( 'NONE',  ( -0.1987159229413199557, -0.4549054607597950994, -0.4542999999999996485 ) ) ;
#3426 = ADVANCED_FACE ( 'NONE', ( #3358 ), #778, .T. ) ;
#3427 = CARTESIAN_POINT ( 'NONE',  ( -0.4277391008632343561, 0.2287020887885919118, -0.9386160714285850526 ) ) ;
#3428 = CARTESIAN_POINT ( 'NONE',  ( 0.4137270099755425701, 0.3169190813100160597, -0.8675681217443739213 ) ) ;
#3429 = CARTESIAN_POINT ( 'NONE',  ( -0.4075407379513571460, 0.3129468150903444990, -0.6324427063463041732 ) ) ;
#3430 = ORIENTED_EDGE ( 'NONE', *, *, #5156, .F. ) ;
#3431 = CARTESIAN_POINT ( 'NONE',  ( 0.1337749475001293598, -0.5004200190135968951, -0.7392437907720649237 ) ) ;
#3432 = CARTESIAN_POINT ( 'NONE',  ( -0.3414944009571250771, -0.3957836956200782574, -0.7558593750000074385 ) ) ;
#3433 = CARTESIAN_POINT ( 'NONE',  ( 0.3161293751157416287, -0.3486992086200486063, -0.4960937500000200950 ) ) ;
#3435 = CARTESIAN_POINT ( 'NONE',  ( 0.1895373681782231978, -0.4915459846184188630, -0.8864397321428758580 ) ) ;
#3434 = CARTESIAN_POINT ( 'NONE',  ( -0.5088880299617790648, 0.01662224691898282758, -0.4825141533142158767 ) ) ;
#3436 = B_SPLINE_SURFACE_WITH_KNOTS ( 'NONE', 1, 3, ( 
 ( #2898, #15, #3622, #2360, #4655, #515, #4692, #2862, #5194, #2398, #6451, #6948, #2967, #4042, #7285, #1424, #844, #6711, #312, #3191, #5602, #4910, #6671, #4414, #231, #2581, #6749, #1502, #4450, #7242, #5527, #2000, #270, #2045, #4377, #3153, #6180, #2692, #4336, #3763, #883, #6784, #4995, #1539, #7326, #5066, #1462, #346, #2620, #3876, #4958, #5032, #3229, #6212, #3803, #2084, #956, #922, #3301, #3266, #3723, #3842, #6140, #5566, #2658, #6063, #5636, #381, #7359, #2116, #2727, #1958, #6630, #4297, #806, #1380, #5487, #6102, #2835, #4593, #6346, #6277, #987, #7539, #4628, #2261, #565, #2873, #6958, #529, #5129, #6849, #1023, #4554, #5739, #3369, #3441, #2765, #4521, #6921, #5669, #420, #1676, #4015, #2298, #5098, #5702, #7430, #452, #7464, #2221, #3334, #1097, #5204, #2186, #1602, #6311, #1714, #5167, #4052, #7502, #2907, #6883, #5777, #2800, #6384, #1638, #1139, #1059, #3482, #3979, #5819, #7397, #2153, #4487, #6816, #1569, #3910, #3403, #487, #6243, #3940, #1331, #6581, #1827, #4131, #1293, #5396, #2336, #102, #6993, #4247, #3671, #7574, #677, #2449, #4208, #6460, #6425, #141, #2488, #3518, #753, #6497, #1754, #4093, #6009, #5357, #5241, #7151, #4780, #7070, #3019, #4743, #2409, #7110, #2941, #4822, #1179, #5855, #4664, #1867, #5276, #6540, #602, #1908, #24, #2372, #1790, #3633, #5970, #1252, #4705, #1215, #7031, #3555, #5890, #4168, #636, #2978, #5316, #717, #63, #3595, #3060, #5930, #1370, #5519, #3753, #3143, #6663, #262, #4287, #6094, #3710, #2532, #2611, #4946, #7194, #4368, #4901, #183, #7232, #2572, #1990, #4860, #1415, #835, #3183, #222, #4327, #7277, #1949, #2037, #6621, #3099, #5437, #6053, #796, #5476, #4380, #2004, #6752, #1465, #3727, #886, #2048, #3194, #4417, #6067, #4873, #1506, #1384, #3767, #235, #5491, #6634, #3806, #349, #6106, #7288, #5530, #810, #4998, #6143, #2585, #6714, #3845, #4301, #3232, #2696, #2661, #6183, #315, #4914, #3157, #7246, #4340, #273, #6675, #5569, #2546, #1429, #7329, #5452, #196, #2087, #925, #3269, #7206, #847, #1962, #2623, #4961, #5605, #767, #7167, #1923, #4261, #6595, #1345, #3684, #6023, #3116, #2803, #532, #7433, #3406, #3337, #6924, #3913, #490, #6280, #2265, #2189, #5132, #7505, #1641, #6349, #6314, #6787, #7467, #5672, #3943, #5706, #1542, #1101, #3444, #1605, #6246, #1064, #5170, #2119, #2224, #3879, #4019, #5781, #7363, #456, #4557, #6215, #6888, #4596, #7401, #384, #990, #423, #3982, #5639, #959, #1026, #1572, #5742, #4524, #2838, #3372, #6852, #1679, #3304, #5035, #4454, #2730, #5069, #2157, #4490, #6819, #2769, #5101, #105, #5973, #2375, #1142, #1871, #7034, #5280, #4784, #3636, #1219, #6500, #5858, #1793, #4631, #7113, #7577, #1256, #6544, #5208, #4708, #5822, #569, #2944, #3485, #1831, #2910, #28, #4171, #4134, #6997, #2452, #5244, #2876, #4211, #4746, #2339, #3598, #4667, #1757, #4096, #1296, #6464, #6428, #3022, #5933, #680, #5360, #7542, #2302, #6961, #3558, #5893, #1717, #640, #4056, #6387, #1183, #3522, #2981, #605, #5319, #66, #2412, #7073, #4289, #1951, #4903, #720, #756, #3674, #5399, #224, #3105, #1334, #1992, #3714, #7234, #7196, #6012, #6584, #6056, #145, #798, #6623, #1912, #4250, #2493, #3063, #3146, #2534, #4825, #4862, #5478, #7154, #2574, #5440, #185, #1372, #1119, #2243, #439, #5839, #4001, #5151, #7016, #2893, #2355, #6943, #4577, #473, #4649, #5688, #5225, #4612, #6298, #1045, #5115, #10, #6368, #1660, #4074, #6332, #550, #1735, #6906, #5802 ),
 ( #587, #6868, #4113, #2282, #1697, #6408, #4036, #2321, #1775, #2927, #3462, #2854, #7560, #510, #5760, #6978, #3389, #5262, #4540, #7450, #1004, #1162, #5725, #3503, #4685, #3424, #3354, #2786, #7485, #2206, #1620, #3963, #2820, #1082, #5189, #7523, #662, #3043, #7093, #4765, #5914, #737, #7213, #5379, #6562, #2471, #3003, #4268, #3080, #1850, #1314, #3691, #3579, #3654, #1970, #1931, #6030, #7175, #4191, #5339, #85, #3617, #4802, #2431, #2515, #1813, #6523, #5991, #4727, #7053, #5416, #165, #1352, #4154, #1278, #6482, #5953, #700, #124, #49, #4843, #6603, #1238, #7134, #1892, #777, #4230, #3125, #4880, #5459, #204, #2554, #6445, #1201, #3539, #5876, #623, #2963, #5300, #2394, #1393, #6150, #5537, #2014, #4388, #4347, #2630, #6721, #4923, #4967, #2592, #3814, #855, #3735, #2056, #7253, #1474, #5499, #3164, #6682, #1436, #7296, #817, #6074, #6114, #3774, #893, #3201, #3241, #281, #5576, #4308, #242, #6641, #7378, #2136, #5013, #3284, #7342, #4932, #2710, #3210, #400, #6260, #2674, #1444, #2171, #2099, #5584, #5084, #3926, #1522, #6799, #6159, #4430, #7264, #7416, #292, #1553, #6834, #5507, #6764, #6122, #864, #3249, #3783, #4472, #5545, #328, #3893, #3859, #7305, #2750, #2639, #3172, #4505, #5048, #4975, #6227, #2064, #4396, #6730, #1587, #6197, #1482, #3318, #971, #5652, #251, #2600, #2025, #4355, #939, #5620, #6691, #362, #3823, #903, #2603, #2526, #6614, #4280, #135, #3175, #7267, #7145, #1902, #5469, #1447, #1982, #3786, #4318, #2068, #1362, #4935, #3703, #2481, #5510, #2028, #4240, #6574, #215, #6125, #6654, #867, #1407, #6534, #6044, #4359, #4853, #3213, #5429, #6694, #2564, #5549, #789, #3745, #295, #254, #2642, #4978, #711, #6085, #7187, #4893, #7224, #3052, #7309, #1287, #3135, #177, #3627, #5963, #3665, #827, #5389, #1942, #4814, #1325, #6001, #747, #3092, #3380, #5587, #4639, #1726, #2678, #1, #5750, #5179, #7551, #499, #5791, #2918, #6397, #4604, #6321, #7514, #3991, #1650, #6358, #2102, #4064, #331, #907, #5254, #1109, #4434, #6933, #1687, #6896, #1152, #3452, #1035, #541, #4027, #2845, #3493, #5716, #6768, #5830, #6289, #1071, #5140, #2811, #3863, #2884, #4399, #3414, #5216, #2273, #464, #2311, #6969, #7475, #577, #6733, #1525, #1486, #3826, #6162, #3252, #5016, #2233, #4565, #7345, #7084, #690, #1229, #5983, #5290, #7044, #4793, #614, #2952, #7124, #1883, #1267, #4834, #4104, #729, #5903, #2422, #4259, #3569, #5408, #3608, #7165, #4756, #114, #1921, #6554, #3682, #3645, #6436, #2462, #652, #5944, #3033, #1192, #6021, #765, #6512, #2993, #3072, #2505, #1803, #4221, #6593, #5329, #1343, #4676, #5370, #1306, #155, #76, #3530, #3114, #5450, #39, #2347, #7005, #1766, #5867, #2385, #4718, #4145, #6473, #1841, #4182, #3230, #7286, #4959, #2085, #5489, #5033, #3725, #4299, #957, #4415, #233, #313, #4996, #2621, #7361, #6750, #4338, #1503, #2659, #3804, #2117, #6673, #2583, #4451, #2002, #4378, #845, #6104, #7244, #3843, #3302, #6712, #7327, #6141, #1427, #5603, #6181, #3192, #923, #6785, #4912, #3267, #194, #347, #1540, #2694, #5528, #3765, #271, #2046, #884, #1463, #3877, #3155, #5567, #6213, #6065, #808, #2544, #4871, #7204, #1960, #6632, #1382, #1603, #5703, #3370, #6817, #2263, #6347, #6244, #988, #4555, #530, #1060, #2874, #3404, #1140, #453, #4016, #3941, #6278, #6850, #5067, #5206, #1024, #2187, #4053, #7503, #6959, #3980, #2801, #5099, #1677, #2728, #4594, #1639, #3335, #5670, #2155, #4629, #5740, #5130, #1098 ) ),
 .UNSPECIFIED., .F., .F., .F.,
 ( 2, 2 ),
 ( 4, 2, 2, 2, 2, 2, 2, 2, 2, 2, 2, 2, 2, 2, 2, 2, 2, 2, 2, 2, 2, 2, 2, 2, 2, 2, 2, 2, 2, 2, 2, 2, 2, 2, 2, 2, 2, 2, 2, 2, 2, 2, 2, 2, 2, 2, 2, 2, 2, 2, 2, 2, 2, 2, 2, 2, 2, 2, 2, 2, 2, 2, 2, 2, 2, 2, 2, 2, 2, 2, 2, 2, 2, 2, 2, 2, 2, 2, 2, 2, 2, 2, 2, 2, 2, 2, 2, 2, 2, 2, 2, 2, 2, 2, 2, 2, 2, 2, 2, 2, 2, 2, 2, 2, 2, 2, 2, 2, 2, 2, 2, 2, 2, 2, 2, 2, 2, 2, 2, 2, 2, 2, 2, 2, 2, 2, 2, 2, 2, 2, 2, 2, 2, 2, 2, 2, 2, 2, 2, 2, 2, 2, 2, 2, 2, 2, 2, 2, 2, 2, 2, 2, 2, 2, 2, 2, 2, 2, 2, 2, 2, 2, 2, 2, 2, 2, 2, 2, 2, 2, 2, 2, 2, 2, 2, 2, 2, 2, 2, 2, 2, 2, 2, 2, 2, 2, 2, 2, 2, 2, 2, 2, 2, 2, 2, 2, 2, 2, 2, 2, 2, 2, 2, 2, 2, 2, 2, 2, 2, 2, 2, 2, 2, 2, 2, 2, 2, 2, 2, 2, 2, 2, 2, 2, 2, 2, 2, 2, 2, 2, 2, 2, 2, 2, 2, 2, 2, 2, 2, 2, 2, 2, 2, 2, 2, 2, 4 ),
 ( 0.000000000000000000, 1.000000000000000000 ),
 ( 0.000000000000000000, 0.003906250000000000000, 0.007812500000000000000, 0.01171875000000000000, 0.01562500000000000000, 0.01953125000000000000, 0.02343750000000000000, 0.02734375000000000000, 0.03125000000000000000, 0.03515625000000000000, 0.03906250000000000000, 0.04296875000000000000, 0.04687500000000000000, 0.05078125000000000000, 0.05468750000000000000, 0.05859375000000000000, 0.06250000000000000000, 0.06640625000000000000, 0.07031250000000000000, 0.07421875000000000000, 0.07812500000000000000, 0.08203125000000000000, 0.08593750000000000000, 0.08984375000000000000, 0.09375000000000000000, 0.09765625000000000000, 0.1015625000000000000, 0.1054687500000000000, 0.1093750000000000000, 0.1132812500000000000, 0.1171875000000000000, 0.1210937500000000000, 0.1250000000000000000, 0.1289062500000000000, 0.1328125000000000000, 0.1367187500000000000, 0.1406250000000000000, 0.1445312500000000000, 0.1484375000000000000, 0.1523437500000000000, 0.1562500000000000000, 0.1601562500000000000, 0.1640625000000000000, 0.1679687500000000000, 0.1718750000000000000, 0.1757812500000000000, 0.1796875000000000000, 0.1835937500000000000, 0.1875000000000000000, 0.1914062500000000000, 0.1953125000000000000, 0.1992187500000000000, 0.2031250000000000000, 0.2070312500000000000, 0.2109375000000000000, 0.2148437500000000000, 0.2187500000000000000, 0.2226562500000000000, 0.2265625000000000000, 0.2304687500000000000, 0.2343750000000000000, 0.2382812500000000000, 0.2421875000000000000, 0.2460937500000000000, 0.2500000000000000000, 0.2539062500000000000, 0.2578125000000000000, 0.2617187500000000000, 0.2656250000000000000, 0.2695312500000000000, 0.2734375000000000000, 0.2773437500000000000, 0.2812500000000000000, 0.2851562500000000000, 0.2890625000000000000, 0.2929687500000000000, 0.2968750000000000000, 0.3007812500000000000, 0.3046875000000000000, 0.3085937500000000000, 0.3125000000000000000, 0.3164062500000000000, 0.3203125000000000000, 0.3242187500000000000, 0.3281250000000000000, 0.3320312500000000000, 0.3359375000000000000, 0.3398437500000000000, 0.3437500000000000000, 0.3476562500000000000, 0.3515625000000000000, 0.3554687500000000000, 0.3593750000000000000, 0.3632812500000000000, 0.3671875000000000000, 0.3710937500000000000, 0.3750000000000000000, 0.3789062500000000000, 0.3828125000000000000, 0.3867187500000000000, 0.3906250000000000000, 0.3945312500000000000, 0.3984375000000000000, 0.4023437500000000000, 0.4062500000000000000, 0.4101562500000000000, 0.4140625000000000000, 0.4179687500000000000, 0.4218750000000000000, 0.4257812500000000000, 0.4296875000000000000, 0.4335937500000000000, 0.4375000000000000000, 0.4414062500000000000, 0.4453125000000000000, 0.4492187500000000000, 0.4531250000000000000, 0.4570312500000000000, 0.4609375000000000000, 0.4648437500000000000, 0.4687500000000000000, 0.4726562500000000000, 0.4765625000000000000, 0.4804687500000000000, 0.4843750000000000000, 0.4882812500000000000, 0.4921875000000000000, 0.4960937500000000000, 0.5000000000000000000, 0.5039062500000000000, 0.5078125000000000000, 0.5117187500000000000, 0.5156250000000000000, 0.5195312500000000000, 0.5234375000000000000, 0.5273437500000000000, 0.5312500000000000000, 0.5351562500000000000, 0.5390625000000000000, 0.5429687500000000000, 0.5468750000000000000, 0.5507812500000000000, 0.5546875000000000000, 0.5585937500000000000, 0.5625000000000000000, 0.5664062500000000000, 0.5703125000000000000, 0.5742187500000000000, 0.5781250000000000000, 0.5820312500000000000, 0.5859375000000000000, 0.5898437500000000000, 0.5937500000000000000, 0.5976562500000000000, 0.6015625000000000000, 0.6054687500000000000, 0.6093750000000000000, 0.6132812500000000000, 0.6171875000000000000, 0.6210937500000000000, 0.6250000000000000000, 0.6289062500000000000, 0.6328125000000000000, 0.6367187500000000000, 0.6406250000000000000, 0.6445312500000000000, 0.6484375000000000000, 0.6523437500000000000, 0.6562500000000000000, 0.6601562500000000000, 0.6640625000000000000, 0.6679687500000000000, 0.6718750000000000000, 0.6757812500000000000, 0.6796875000000000000, 0.6835937500000000000, 0.6875000000000000000, 0.6914062500000000000, 0.6953125000000000000, 0.6992187500000000000, 0.7031250000000000000, 0.7070312500000000000, 0.7109375000000000000, 0.7148437500000000000, 0.7187500000000000000, 0.7226562500000000000, 0.7265625000000000000, 0.7304687500000000000, 0.7343750000000000000, 0.7382812500000000000, 0.7421875000000000000, 0.7460937500000000000, 0.7500000000000000000, 0.7539062500000000000, 0.7578125000000000000, 0.7617187500000000000, 0.7656250000000000000, 0.7695312500000000000, 0.7734375000000000000, 0.7773437500000000000, 0.7812500000000000000, 0.7851562500000000000, 0.7890625000000000000, 0.7929687500000000000, 0.7968750000000000000, 0.8007812500000000000, 0.8046875000000000000, 0.8085937500000000000, 0.8125000000000000000, 0.8164062500000000000, 0.8203125000000000000, 0.8242187500000000000, 0.8281250000000000000, 0.8320312500000000000, 0.8359375000000000000, 0.8398437500000000000, 0.8437500000000000000, 0.8476562500000000000, 0.8515625000000000000, 0.8554687500000000000, 0.8593750000000000000, 0.8632812500000000000, 0.8671875000000000000, 0.8710937500000000000, 0.8750000000000000000, 0.8789062500000000000, 0.8828125000000000000, 0.8867187500000000000, 0.8906250000000000000, 0.8945312500000000000, 0.8984375000000000000, 0.9023437500000000000, 0.9062500000000000000, 0.9101562500000000000, 0.9140625000000000000, 0.9179687500000000000, 0.9218750000000000000, 0.9257812500000000000, 0.9296875000000000000, 0.9335937500000000000, 0.9375000000000000000, 0.9414062500000000000, 0.9453125000000000000, 0.9492187500000000000, 0.9531250000000000000, 0.9570312500000000000, 0.9599777752165404854 ),
 .UNSPECIFIED. ) ;
#3437 = DIRECTION ( 'NONE',  ( -0.000000000000000000, -0.000000000000000000, -1.000000000000000000 ) ) ;
#3438 = CARTESIAN_POINT ( 'NONE',  ( -0.4210236651305763189, -0.2118576603300974803, -0.4991629464285295414 ) ) ;
#3439 = CARTESIAN_POINT ( 'NONE',  ( -0.3461655088087925991, -0.3294920841265860378, -0.7279575892857655939 ) ) ;
#3440 = FACE_OUTER_BOUND ( 'NONE', #4582, .T. ) ;
#3441 = CARTESIAN_POINT ( 'NONE',  ( 0.4322767283450119069, -0.2175158209824163136, -0.9204799107142602743 ) ) ;
#3442 = CARTESIAN_POINT ( 'NONE',  ( 1.839405667042604025E-17, 0.6856034446626805279, -0.9219683889980070379 ) ) ;
#3443 = CARTESIAN_POINT ( 'NONE',  ( 0.2582960799359543813, 0.4142075639116808428, -0.9551630802656373431 ) ) ;
#3444 = CARTESIAN_POINT ( 'NONE',  ( 0.4742750588368258025, -0.02336078041028131005, -0.6300223214285523010 ) ) ;
#3445 = CARTESIAN_POINT ( 'NONE',  ( 0.1383653063275383510, 0.4477603612705856606, -0.4542999999999961513 ) ) ;
#3446 = CARTESIAN_POINT ( 'NONE',  ( 0.04698894474763620766, 0.4764584323874829774, -0.7377232142856420261 ) ) ;
#3447 = CARTESIAN_POINT ( 'NONE',  ( -0.4654546336797805162, 0.2296833960534730434, -0.7730667316267323397 ) ) ;
#3448 = CARTESIAN_POINT ( 'NONE',  ( -0.4643199940951413529, -0.1042038148994056251, -0.6626674107143091241 ) ) ;
#3449 = CARTESIAN_POINT ( 'NONE',  ( 0.2586678813850806224, 0.4083649591911191479, -0.9037388392857499397 ) ) ;
#3450 = CARTESIAN_POINT ( 'NONE',  ( 0.2027870475722548249, 0.4289088397242173945, -0.5987723214285605167 ) ) ;
#3451 = CARTESIAN_POINT ( 'NONE',  ( -0.5162154296324300562, 0.01260195472198800265, -0.5516183035713990712 ) ) ;
#3452 = CARTESIAN_POINT ( 'NONE',  ( -0.3605120750191411760, 0.3785543463779051376, -0.7011718749999723554 ) ) ;
#3453 = CARTESIAN_POINT ( 'NONE',  ( -0.1386135798362697347, -0.4571726032886418434, -0.7042410714285212148 ) ) ;
#3454 = ORIENTED_EDGE ( 'NONE', *, *, #98, .T. ) ;
#3455 = CARTESIAN_POINT ( 'NONE',  ( 0.1643474691000703369, -0.4865150330509723231, -0.5956588257483560467 ) ) ;
#3456 = AXIS2_PLACEMENT_3D ( 'NONE', #657, #1233, #1925 ) ;
#3457 = CARTESIAN_POINT ( 'NONE',  ( -0.3975000000000000755, 0.000000000000000000, 0.2380000000000000171 ) ) ;
#3458 = CARTESIAN_POINT ( 'NONE',  ( -0.2980551139094054225, -0.3820299030307740540, -0.9405691964285556317 ) ) ;
#3459 = ORIENTED_EDGE ( 'NONE', *, *, #370, .T. ) ;
#3460 = ORIENTED_EDGE ( 'NONE', *, *, #2676, .F. ) ;
#3461 = CARTESIAN_POINT ( 'NONE',  ( -0.3574588192977841694, -0.3238980243980696949, -0.8532366071429449139 ) ) ;
#3462 = CARTESIAN_POINT ( 'NONE',  ( -0.4579002341648986674, 0.2743700625088047462, -1.055245535714266492 ) ) ;
#3463 = CYLINDRICAL_SURFACE ( 'NONE', #2968, 0.3125000000000000000 ) ;
#3464 = AXIS2_PLACEMENT_3D ( 'NONE', #570, #4668, #6350 ) ;
#3465 = AXIS2_PLACEMENT_3D ( 'NONE', #5183, #6900, #6326 ) ;
#3466 = CARTESIAN_POINT ( 'NONE',  ( 0.5230897053481986525, 2.337010588329975722E-16, -0.9386449675016899086 ) ) ;
#3467 = CARTESIAN_POINT ( 'NONE',  ( 0.4878729612441972119, 0.1835569730740030936, -0.8709071898449346483 ) ) ;
#3468 = CARTESIAN_POINT ( 'NONE',  ( -0.5067397730741790562, 0.08400251660141791477, -0.6268654096002825860 ) ) ;
#3469 = VECTOR ( 'NONE', #769, 39.37007874015748143 ) ;
#3470 = ORIENTED_EDGE ( 'NONE', *, *, #7120, .T. ) ;
#3471 = CARTESIAN_POINT ( 'NONE',  ( -0.4108786663810307105, -0.3147483191423339211, -0.7526415554936680685 ) ) ;
#3472 = CARTESIAN_POINT ( 'NONE',  ( 0.3597463264921999526, 0.3777558192188074093, -0.7207031250000052180 ) ) ;
#3473 = CARTESIAN_POINT ( 'NONE',  ( -0.3701623262843534157, 0.2887960985327440722, -0.4584263392857151342 ) ) ;
#3475 = CARTESIAN_POINT ( 'NONE',  ( -0.2138727224740800681, 0.4826571937507878052, -0.9215959821427893717 ) ) ;
#3474 = CARTESIAN_POINT ( 'NONE',  ( -0.4582268718393222584, -0.2260910803387406465, -0.5405779282632363625 ) ) ;
#3476 = CIRCLE ( 'NONE', #417, 0.3750000000000000555 ) ;
#3477 = DIRECTION ( 'NONE',  ( -0.000000000000000000, -0.000000000000000000, 1.000000000000000000 ) ) ;
#3478 = CARTESIAN_POINT ( 'NONE',  ( 0.4146474929315741020, 0.2217065862560474443, -0.4631696428571829838 ) ) ;
#3479 = ADVANCED_FACE ( 'NONE', ( #3393 ), #2105, .F. ) ;
#3480 = CARTESIAN_POINT ( 'NONE',  ( -0.1719974461014536493, -0.4457158627186321720, -0.7229352678571711044 ) ) ;
#3481 = CARTESIAN_POINT ( 'NONE',  ( 0.4924222164564105997, -0.1674148573722514799, -0.8072937773151801499 ) ) ;
#3482 = CARTESIAN_POINT ( 'NONE',  ( -0.4813082356192343036, -0.03544116307323538773, -0.8786272321428183485 ) ) ;
#3483 = CARTESIAN_POINT ( 'NONE',  ( -0.1782494837198401461, -0.4983880015393626906, -0.9659598214285974871 ) ) ;
#3484 = CARTESIAN_POINT ( 'NONE',  ( -0.4713384542298133528, -0.01151007125186493188, -0.5041852678571210333 ) ) ;
#3485 = CARTESIAN_POINT ( 'NONE',  ( 0.3500226288910180950, 0.3171600505445579254, -0.5496651785714002925 ) ) ;
#3486 = DIRECTION ( 'NONE',  ( -0.03112001302226621510, 0.000000000000000000, -0.9995156550997557066 ) ) ;
#3487 = CARTESIAN_POINT ( 'NONE',  ( -0.09344706582144840512, 0.4694548912321089840, -0.7343750000000155431 ) ) ;
#3488 = CARTESIAN_POINT ( 'NONE',  ( 0.2298872540435715484, 0.4650503671224988089, -0.7909323861977950454 ) ) ;
#3489 = CARTESIAN_POINT ( 'NONE',  ( 0.3610847731561290797, 0.3113928762997449917, -0.6928013392857366171 ) ) ;
#3490 = CARTESIAN_POINT ( 'NONE',  ( 0.1628831129408835621, 0.4550432035024170596, -0.9012276785714311567 ) ) ;
#3491 = CARTESIAN_POINT ( 'NONE',  ( -0.2633263046610362368, 0.3942053959101980420, -0.5870535714285606277 ) ) ;
#3492 = CARTESIAN_POINT ( 'NONE',  ( -0.02523986550568188200, -0.5152025670599563734, -0.5340401785714784522 ) ) ;
#3493 = CARTESIAN_POINT ( 'NONE',  ( -0.5098342819057114506, 0.1145561880502563856, -0.6944754464285743945 ) ) ;
#3494 = CARTESIAN_POINT ( 'NONE',  ( -0.4758463424163415501, -0.04680497253958338516, -0.7176339285713654315 ) ) ;
#3495 = EDGE_LOOP ( 'NONE', ( #2745, #1410, #2349, #783, #3583, #5336, #2060, #5112, #5946, #4758, #6976, #4438, #5837, #1041, #1001, #4769, #1614, #2464, #1050, #3830, #3993 ) ) ;
#3496 = CARTESIAN_POINT ( 'NONE',  ( 0.000000000000000000, 0.000000000000000000, -0.02500000000000000139 ) ) ;
#3497 = CARTESIAN_POINT ( 'NONE',  ( 0.000000000000000000, 0.000000000000000000, -0.9999999999999998890 ) ) ;
#3498 = CARTESIAN_POINT ( 'NONE',  ( 0.3419115141498619836, 0.3418235345251416368, -0.9062499999999997780 ) ) ;
#3499 = EDGE_CURVE ( 'NONE', #3739, #3035, #5919, .T. ) ;
#3500 = EDGE_LOOP ( 'NONE', ( #5869, #6129 ) ) ;
#3501 = EDGE_LOOP ( 'NONE', ( #1158, #54, #2168, #966 ) ) ;
#3502 = CARTESIAN_POINT ( 'NONE',  ( 0.2057620250068206702, 0.4349024753837958390, -0.8130580357142603853 ) ) ;
#3503 = CARTESIAN_POINT ( 'NONE',  ( -0.3177334754740129830, -0.4282984734073410071, -1.038504464285685991 ) ) ;
#3504 = CARTESIAN_POINT ( 'NONE',  ( -0.1890992085303534187, -0.4594336343322312222, -0.4542999999999998706 ) ) ;
#3505 = CARTESIAN_POINT ( 'NONE',  ( -0.1965971227091340146, 0.4436701082739350488, -0.9461495535713609906 ) ) ;
#3506 = CARTESIAN_POINT ( 'NONE',  ( 0.5937500000000002220, -0.2866322704703234137, -0.06255709675360217326 ) ) ;
#3507 = CARTESIAN_POINT ( 'NONE',  ( 0.03388800964506982066, 0.5130611994600053904, -0.6436067542981533940 ) ) ;
#3508 = EDGE_LOOP ( 'NONE', ( #6438, #1199, #1652, #7059 ) ) ;
#3509 = CARTESIAN_POINT ( 'NONE',  ( -0.5108151890041346954, -0.08443010645406874570, -0.7582123628302688267 ) ) ;
#3510 = CARTESIAN_POINT ( 'NONE',  ( 0.5065824608620154157, -0.1361066959279101374, -0.9494122831112609129 ) ) ;
#3512 = CARTESIAN_POINT ( 'NONE',  ( -0.02598206718180631758, 0.5274107671592145330, -0.9257812499999463762 ) ) ;
#3511 = CARTESIAN_POINT ( 'NONE',  ( -0.3137659040130208465, -0.4087080206529428161, -0.6782320852612777617 ) ) ;
#3513 = DIRECTION ( 'NONE',  ( 0.000000000000000000, 0.000000000000000000, -1.000000000000000000 ) ) ;
#3514 = CARTESIAN_POINT ( 'NONE',  ( -0.01143862547861447532, -0.4685690681653377210, -0.4154575892856963715 ) ) ;
#3515 = AXIS2_PLACEMENT_3D ( 'NONE', #382, #2222, #421 ) ;
#3516 = CARTESIAN_POINT ( 'NONE',  ( -0.4758463424183003720, -0.04680497253307087241, -0.7354910714285594064 ) ) ;
#3517 = CARTESIAN_POINT ( 'NONE',  ( 0.4600212774233767288, -0.2030814883091600909, -0.4542999999999999261 ) ) ;
#3518 = CARTESIAN_POINT ( 'NONE',  ( 0.4299875910463415996, 0.2163682314188166700, -0.8384486607141999892 ) ) ;
#3519 = EDGE_CURVE ( 'NONE', #4273, #1154, #5711, .T. ) ;
#3520 = CARTESIAN_POINT ( 'NONE',  ( -0.4670679999562588058, -0.2495755749968348036, -0.9743303571427986975 ) ) ;
#3521 = CARTESIAN_POINT ( 'NONE',  ( 0.1367349823449097723, -0.4505331118588334904, -0.4832589285713666527 ) ) ;
#3522 = CARTESIAN_POINT ( 'NONE',  ( -0.1032576515723326732, -0.4595508122847714039, -0.5069754464285942674 ) ) ;
#3523 = PERSON_AND_ORGANIZATION ( #5341, #159 ) ;
#3524 = CARTESIAN_POINT ( 'NONE',  ( -0.1819171045370916173, -0.4393565545497043479, -0.6339285714286210238 ) ) ;
#3525 = CARTESIAN_POINT ( 'NONE',  ( -0.5086457251750223785, 0.01661388632318980610, -0.4747317842163726320 ) ) ;
#3526 = CARTESIAN_POINT ( 'NONE',  ( 0.3256335296792187695, 0.3421172174616761152, -0.5488281250000296430 ) ) ;
#3527 = CARTESIAN_POINT ( 'NONE',  ( 0.2689002343684395169, -0.4025497668870928192, -0.9263392857143624148 ) ) ;
#3528 = CARTESIAN_POINT ( 'NONE',  ( -0.1039602621593911647, 0.4626602802343839915, -0.5912388392856866570 ) ) ;
#3529 = CARTESIAN_POINT ( 'NONE',  ( -0.4842150189240305158, 0.1731804298233644568, -0.4838169642857149122 ) ) ;
#3530 = CARTESIAN_POINT ( 'NONE',  ( 0.2991683145628871165, -0.4246633904101749235, -0.5957031249999834577 ) ) ;
#3531 = CARTESIAN_POINT ( 'NONE',  ( -0.3208769480088079495, -0.3541303868807749722, -0.7092633928571556723 ) ) ;
#3532 = ORIENTED_EDGE ( 'NONE', *, *, #5705, .T. ) ;
#3533 = CARTESIAN_POINT ( 'NONE',  ( -0.5213681636416942489, -0.03405447259581790426, -0.9099729353886125693 ) ) ;
#3534 = CARTESIAN_POINT ( 'NONE',  ( 0.1899351384386719077, -0.4283287293439638765, -0.4282924107142495052 ) ) ;
#3535 = CARTESIAN_POINT ( 'NONE',  ( -0.5133242956692559700, -8.953204947985612434E-16, -0.6249985739226749937 ) ) ;
#3536 = CARTESIAN_POINT ( 'NONE',  ( 0.4594245621722496398, -0.1518389471422909587, -0.9188058035713224658 ) ) ;
#3537 = VERTEX_POINT ( 'NONE', #1205 ) ;
#3538 = CARTESIAN_POINT ( 'NONE',  ( -0.3325519674305167928, -0.3493858100638820297, -0.8523995535714656846 ) ) ;
#3539 = CARTESIAN_POINT ( 'NONE',  ( 0.4101401616009316964, -0.3364998300627671246, -0.9497767857143762926 ) ) ;
#3540 = CARTESIAN_POINT ( 'NONE',  ( 0.3268530546362213851, -0.3891988036365255366, -0.4563425742098189963 ) ) ;
#3541 = CARTESIAN_POINT ( 'NONE',  ( -0.4673793088298653919, 0.1294060282430976316, -0.9361049107142301873 ) ) ;
#3542 = CARTESIAN_POINT ( 'NONE',  ( 0.2152714425033811774, 0.4744230460315330689, -0.8619859104456929488 ) ) ;
#3543 = APPLICATION_CONTEXT ( 'configuration controlled 3d designs of mechanical parts and assemblies' ) ;
#3544 = CARTESIAN_POINT ( 'NONE',  ( 0.000000000000000000, 0.000000000000000000, 0.4759999999999999787 ) ) ;
#3545 = VERTEX_POINT ( 'NONE', #6336 ) ;
#3546 = CARTESIAN_POINT ( 'NONE',  ( 0.4879549389668537129, 0.1653110773235081099, -0.6492176326746045278 ) ) ;
#3547 = CARTESIAN_POINT ( 'NONE',  ( 0.1680297081985142604, -0.4972820003889783513, -0.9605823783340450284 ) ) ;
#3549 = CARTESIAN_POINT ( 'NONE',  ( 0.09021898749786373684, 0.5203657565305124244, -0.9282924107142461745 ) ) ;
#3548 = CARTESIAN_POINT ( 'NONE',  ( 0.3393495651044082795, -0.3870798497728452636, -0.6626056876775847648 ) ) ;
#3550 = CARTESIAN_POINT ( 'NONE',  ( 4.567189174054057802E-17, -0.3704503952807374212, 1.189999999999999947 ) ) ;
#3551 = CARTESIAN_POINT ( 'NONE',  ( -0.1796813774580017786, 0.4339470013548230032, -0.4464285714285817774 ) ) ;
#3552 = EDGE_CURVE ( 'NONE', #408, #4469, #6723, .T. ) ;
#3553 = CARTESIAN_POINT ( 'NONE',  ( -0.4776218835925460926, 0.02339864135986331750, -0.7371651785714401495 ) ) ;
#3554 = CARTESIAN_POINT ( 'NONE',  ( -0.5086341436211514466, 3.873675084766123413E-16, -0.4743598067240779037 ) ) ;
#3555 = CARTESIAN_POINT ( 'NONE',  ( -0.2263363158288068111, -0.4233144626722898374, -0.7957589285714242733 ) ) ;
#3556 = CARTESIAN_POINT ( 'NONE',  ( 0.000000000000000000, 0.5288661848383232611, -0.9977678571428570953 ) ) ;
#3557 = CARTESIAN_POINT ( 'NONE',  ( 0.4914642312658473178, 0.06215350676793240936, -0.9616749630959459116 ) ) ;
#3558 = CARTESIAN_POINT ( 'NONE',  ( -0.4042107358870646872, -0.2423497006617215954, -0.5161830357142853654 ) ) ;
#3559 = PERSON_AND_ORGANIZATION ( #5341, #159 ) ;
#3560 = CARTESIAN_POINT ( 'NONE',  ( 0.3457515137659428750, -0.3290927485529173135, -0.6916852678571006052 ) ) ;
#3561 = CARTESIAN_POINT ( 'NONE',  ( 0.2550706318989012789, 0.4412257418999265268, -0.4981751500993759629 ) ) ;
#3562 = CARTESIAN_POINT ( 'NONE',  ( 0.3930947956964599976, -0.2627306649203599020, -0.5647321428571929758 ) ) ;
#3563 = EDGE_CURVE ( 'NONE', #90, #6256, #1872, .T. ) ;
#3564 = CARTESIAN_POINT ( 'NONE',  ( 0.3157246286039376848, 0.3661136856049334032, -0.9054129464285354256 ) ) ;
#3565 = CARTESIAN_POINT ( 'NONE',  ( -0.4438256627382489716, 0.2560735550964702845, -0.5595179108384749078 ) ) ;
#3566 = CARTESIAN_POINT ( 'NONE',  ( 0.4342580315061533858, -0.1924223430871101481, -0.6163504464285385342 ) ) ;
#3567 = CARTESIAN_POINT ( 'NONE',  ( 0.4285481456880634865, -0.2864266383223245671, -0.5223214285714150584 ) ) ;
#3568 = CARTESIAN_POINT ( 'NONE',  ( 0.000000000000000000, 0.000000000000000000, -0.02500000000000000139 ) ) ;
#3569 = CARTESIAN_POINT ( 'NONE',  ( -0.1141588307345006575, 0.5080484076332761889, -0.6358816964285308737 ) ) ;
#3570 = CARTESIAN_POINT ( 'NONE',  ( 0.04698894474215591782, 0.4764584323887991468, -0.7377232142856611219 ) ) ;
#3571 = ORIENTED_EDGE ( 'NONE', *, *, #6111, .F. ) ;
#3572 = CARTESIAN_POINT ( 'NONE',  ( -0.5937499999999998890, -0.3428017223313405415, -0.9999999999999998890 ) ) ;
#3573 = DIRECTION ( 'NONE',  ( -1.000000000000000000, 0.000000000000000000, 0.000000000000000000 ) ) ;
#3574 = CARTESIAN_POINT ( 'NONE',  ( 0.06748117894560323737, -0.5150271095944176647, -0.8121628317778787354 ) ) ;
#3575 = CARTESIAN_POINT ( 'NONE',  ( -0.4234967693183828152, -0.2264381321770524147, -0.8024553571428194587 ) ) ;
#3576 = ADVANCED_FACE ( 'NONE', ( #5343 ), #2016, .F. ) ;
#3577 = ORIENTED_EDGE ( 'NONE', *, *, #2434, .T. ) ;
#3578 = CARTESIAN_POINT ( 'NONE',  ( 0.02359173888785164389, -0.4814849235747561407, -0.8431919642857486075 ) ) ;
#3579 = CARTESIAN_POINT ( 'NONE',  ( 0.3063640815140987739, 0.4351294759718343230, -1.002511160714272931 ) ) ;
#3580 = CARTESIAN_POINT ( 'NONE',  ( 0.4158713257776746608, -0.3195032353270714776, -0.9460913192093706181 ) ) ;
#3581 = CARTESIAN_POINT ( 'NONE',  ( 0.1326965542882839744, 0.4942778980226517072, -0.5666256533135934914 ) ) ;
#3582 = CARTESIAN_POINT ( 'NONE',  ( -0.5125049833447327119, 0.03388625207048711480, -0.6257508085437709644 ) ) ;
#3583 = ORIENTED_EDGE ( 'NONE', *, *, #433, .F. ) ;
#3584 = CARTESIAN_POINT ( 'NONE',  ( -0.4173344884041698677, 0.2993177920524021096, -0.6242883696943385408 ) ) ;
#3585 = CARTESIAN_POINT ( 'NONE',  ( -0.4835545878207665460, -0.001021694049721401116, -0.9508222181441198240 ) ) ;
#3587 = CARTESIAN_POINT ( 'NONE',  ( 7.180531138449676779E-05, -0.5269528011171225046, -0.8906250000000017764 ) ) ;
#3586 = CARTESIAN_POINT ( 'NONE',  ( 0.5109482573123942384, -0.06713274476487210429, -0.6544140392389907745 ) ) ;
#3588 = CARTESIAN_POINT ( 'NONE',  ( 0.2754157243880546724, 0.4420024181034881150, -0.8556938849264477120 ) ) ;
#3589 = CIRCLE ( 'NONE', #6167, 0.3125000000000000000 ) ;
#3590 = CARTESIAN_POINT ( 'NONE',  ( 0.4702382566961016419, -0.01160419400262561150, -0.4690290178571405733 ) ) ;
#3591 = CARTESIAN_POINT ( 'NONE',  ( -0.3441855398413600220, -0.3442795597873171132, -0.9955357142856910979 ) ) ;
#3592 = CARTESIAN_POINT ( 'NONE',  ( -0.3348148976686570188, -0.3347288002896161574, -0.5848214285714263827 ) ) ;
#3593 = CARTESIAN_POINT ( 'NONE',  ( -0.03476940143937299471, -0.5194243226182493345, -0.8221905535855041913 ) ) ;
#3594 = CIRCLE ( 'NONE', #413, 0.3975000000000000755 ) ;
#3595 = CARTESIAN_POINT ( 'NONE',  ( 0.1835202996607551706, -0.4432184573189107413, -0.7857142857142848102 ) ) ;
#3596 = CARTESIAN_POINT ( 'NONE',  ( -0.2591275968187857770, -0.4481593277909329820, -0.7559590223983926327 ) ) ;
#3597 = CARTESIAN_POINT ( 'NONE',  ( 0.4056209322423967589, 0.2769994539937682965, -0.9582007205799205618 ) ) ;
#3598 = CARTESIAN_POINT ( 'NONE',  ( -0.2524901939972592491, 0.3986050340167363037, -0.5337611607143154524 ) ) ;
#3599 = PERSON_AND_ORGANIZATION ( #5341, #159 ) ;
#3600 = CARTESIAN_POINT ( 'NONE',  ( -0.2141129458713908751, 0.4255056280914115696, -0.6598772321428454379 ) ) ;
#3601 = CARTESIAN_POINT ( 'NONE',  ( -0.5045672037729206361, 0.06670838193517832082, -0.4758528267505999221 ) ) ;
#3602 = CARTESIAN_POINT ( 'NONE',  ( -0.02315311387551171468, -0.4726104944528912166, -0.5764508928571518975 ) ) ;
#3603 = CARTESIAN_POINT ( 'NONE',  ( 0.4723264179154078035, -0.09401474129674841640, -0.8459821428570635238 ) ) ;
#3604 = CARTESIAN_POINT ( 'NONE',  ( 0.4957172004267375032, 0.1329314451757991067, -0.5863040099828799034 ) ) ;
#3605 = CARTESIAN_POINT ( 'NONE',  ( 0.4702382566960044419, -0.01160419399543059955, -0.4690290178571095980 ) ) ;
#3606 = CARTESIAN_POINT ( 'NONE',  ( -0.5139689103483068289, -0.01255093259827643609, -0.4796316964285494144 ) ) ;
#3607 = DIRECTION ( 'NONE',  ( -0.000000000000000000, -0.000000000000000000, 1.000000000000000000 ) ) ;
#3608 = CARTESIAN_POINT ( 'NONE',  ( -0.2226655220991177464, 0.4706207066108387127, -0.6333705357142329628 ) ) ;
#3609 = CARTESIAN_POINT ( 'NONE',  ( 0.3880730321838137820, 0.2732372118481410372, -0.6046316964285838313 ) ) ;
#3610 = ORIENTED_EDGE ( 'NONE', *, *, #3031, .F. ) ;
#3611 = CARTESIAN_POINT ( 'NONE',  ( -0.3388470532205670183, 0.4006829512140812621, -0.9920191456807532226 ) ) ;
#3612 = CARTESIAN_POINT ( 'NONE',  ( 0.000000000000000000, 0.000000000000000000, 0.2380000000000000171 ) ) ;
#3613 = CARTESIAN_POINT ( 'NONE',  ( -0.3167470015932963290, -0.4120320727875664835, -0.8210966413343736559 ) ) ;
#3614 = CARTESIAN_POINT ( 'NONE',  ( 0.07051484701432340907, 0.4758203312773582327, -0.8275669642857380603 ) ) ;
#3615 = CARTESIAN_POINT ( 'NONE',  ( -0.3136367637875688841, -0.3634976114267207126, -0.7804129464285790574 ) ) ;
#3616 = CARTESIAN_POINT ( 'NONE',  ( -0.4833915902670592457, 0.2001501713451176445, -0.7700892857143228909 ) ) ;
#3617 = CARTESIAN_POINT ( 'NONE',  ( -0.2154432315454051783, 0.4862014742517464794, -0.9907924107143876169 ) ) ;
#3618 = CARTESIAN_POINT ( 'NONE',  ( 0.4800787832981813774, 0.05914935652433882946, -0.8959263392857365060 ) ) ;
#3619 = EDGE_CURVE ( 'NONE', #1843, #3281, #4460, .T. ) ;
#3620 = CARTESIAN_POINT ( 'NONE',  ( 0.4857468589776868795, 0.1647925690066256166, -0.5777866553226912449 ) ) ;
#3621 = PLANE ( 'NONE',  #3960 ) ;
#3622 = CARTESIAN_POINT ( 'NONE',  ( -0.07161198362168165465, 0.4823149803871183972, -1.038504464285713080 ) ) ;
#3623 = CARTESIAN_POINT ( 'NONE',  ( 0.3868167935233408627, 0.3388077088228814149, -0.6447529717183403397 ) ) ;
#3624 = CARTESIAN_POINT ( 'NONE',  ( -0.4495128784180559278, 0.2083563434173983375, -0.9624551697729857302 ) ) ;
#3625 = CARTESIAN_POINT ( 'NONE',  ( 0.03364638404644059583, -0.5230693505330364923, -0.9635534941478890447 ) ) ;
#3627 = CARTESIAN_POINT ( 'NONE',  ( -0.2913688892214583714, -0.4359426235579912934, -0.7522321428571062674 ) ) ;
#3626 = CARTESIAN_POINT ( 'NONE',  ( 0.2694769285676844039, -0.4334385515992927318, -0.5216065023124863975 ) ) ;
#3628 = CARTESIAN_POINT ( 'NONE',  ( -0.4502533464033289246, 0.2605763303416487320, -0.8374655139962282613 ) ) ;
#3629 = CARTESIAN_POINT ( 'NONE',  ( 0.3595493920964297208, -0.2982069602533060082, -0.4051928587893700029 ) ) ;
#3630 = CARTESIAN_POINT ( 'NONE',  ( -0.03581026523998143835, 0.4863120893961027091, -1.021484359505045791 ) ) ;
#3631 = CARTESIAN_POINT ( 'NONE',  ( -0.3664180967915843801, 0.3006277624314651620, -0.6015625000000089928 ) ) ;
#3632 = CARTESIAN_POINT ( 'NONE',  ( -0.1837440601607256974, -0.4862893447790641588, -0.8255333234151135402 ) ) ;
#3633 = CARTESIAN_POINT ( 'NONE',  ( -0.4390828824219450421, -0.1945644732590187109, -0.8032924107142720427 ) ) ;
#3634 = CARTESIAN_POINT ( 'NONE',  ( -0.4009775548330384853, -0.3457953993190022723, -0.9718191964285440854 ) ) ;
#3635 = CARTESIAN_POINT ( 'NONE',  ( -0.1638887608635128112, -0.4582356813014188401, -0.9905133928571013824 ) ) ;
#3636 = CARTESIAN_POINT ( 'NONE',  ( 0.2723767814131149989, -0.3866330517138250045, -0.5689174107142690451 ) ) ;
#3637 = CARTESIAN_POINT ( 'NONE',  ( 0.4531120607669515965, -0.1496193367726274537, -0.6866629464285610718 ) ) ;
#3638 = CARTESIAN_POINT ( 'NONE',  ( 0.1644014636015409259, 0.4823305678425665044, -0.4959500725276186350 ) ) ;
#3639 = CARTESIAN_POINT ( 'NONE',  ( -0.4596208674663527227, 0.1150622772436781516, -0.5965401785714550265 ) ) ;
#3640 = CARTESIAN_POINT ( 'NONE',  ( -0.4014376877985796344, 0.2683068079182249766, -0.8861607142857189645 ) ) ;
#3641 = FACE_OUTER_BOUND ( 'NONE', #6617, .T. ) ;
#3642 = CARTESIAN_POINT ( 'NONE',  ( -0.2524901939971539444, 0.3986050340156149230, -0.5159040178571623336 ) ) ;
#3643 = CARTESIAN_POINT ( 'NONE',  ( -0.3528259608696462934, -0.3704890620953476543, -0.3992745535714276595 ) ) ;
#3644 = CARTESIAN_POINT ( 'NONE',  ( 0.5122123178150956857, 1.215458931556092062E-15, -0.5892839592609772081 ) ) ;
#3645 = CARTESIAN_POINT ( 'NONE',  ( -0.4940665906075768499, 0.1632882238651985340, -0.6241629464285686213 ) ) ;
#3646 = CARTESIAN_POINT ( 'NONE',  ( -0.4644461545050992402, 0.1043576194752657976, -0.6498325892857438335 ) ) ;
#3647 = DIRECTION ( 'NONE',  ( -1.000000000000000000, 0.000000000000000000, 0.000000000000000000 ) ) ;
#3648 = CARTESIAN_POINT ( 'NONE',  ( -0.5937500000000000000, 7.271340369937410515E-17, -0.9999999999999998890 ) ) ;
#3649 = CARTESIAN_POINT ( 'NONE',  ( -0.4656824276425372000, -0.2109306775580922499, -0.5487348351217024023 ) ) ;
#3650 = CARTESIAN_POINT ( 'NONE',  ( -0.2370336193245465017, 0.4182895989090804623, -0.8200334821429282606 ) ) ;
#3651 = EDGE_CURVE ( 'NONE', #4403, #4971, #3594, .T. ) ;
#3652 = CARTESIAN_POINT ( 'NONE',  ( -0.05853583365191099286, 0.4750990348568431831, -0.7352120535715344074 ) ) ;
#3653 = CARTESIAN_POINT ( 'NONE',  ( 0.5190656070414054746, 0.02543296302681805413, -0.6579241071428366672 ) ) ;
#3654 = CARTESIAN_POINT ( 'NONE',  ( 0.2393041124750191762, 0.4752629053917968305, -1.000837053571441260 ) ) ;
#3655 = CARTESIAN_POINT ( 'NONE',  ( -0.04729610148547525733, 0.4808396476557160737, -0.8783482142856544606 ) ) ;
#3656 = CARTESIAN_POINT ( 'NONE',  ( 0.4436032746542385996, 0.2557786858707667976, -0.5755568704373109634 ) ) ;
#3657 = CARTESIAN_POINT ( 'NONE',  ( -0.3750000000000000555, 0.000000000000000000, 0.4759999999999999787 ) ) ;
#3658 = ORIENTED_EDGE ( 'NONE', *, *, #4212, .F. ) ;
#3659 = EDGE_CURVE ( 'NONE', #5554, #4498, #2747, .T. ) ;
#3660 = CARTESIAN_POINT ( 'NONE',  ( 0.3396476369986951571, 0.3871159951098896990, -0.6432603506467845511 ) ) ;
#3661 = CARTESIAN_POINT ( 'NONE',  ( -0.3909875049289553428, -0.3340847458687452032, -0.9804571364942761269 ) ) ;
#3662 = CARTESIAN_POINT ( 'NONE',  ( 0.4461850183033890804, -0.2253612593397707198, -0.9660277301397912630 ) ) ;
#3663 = CARTESIAN_POINT ( 'NONE',  ( -0.4266476251257923513, -0.3050860567361985409, -0.9750855821628153786 ) ) ;
#3665 = CARTESIAN_POINT ( 'NONE',  ( -0.1887454520316458328, -0.4891162913692303493, -0.7497209821427552878 ) ) ;
#3664 = CARTESIAN_POINT ( 'NONE',  ( 0.4581299427229119092, -0.2263700542941826932, -0.5152937205032880330 ) ) ;
#3666 = DIRECTION ( 'NONE',  ( -1.000000000000000000, 0.000000000000000000, 0.000000000000000000 ) ) ;
#3667 = CARTESIAN_POINT ( 'NONE',  ( 0.01187747491608435492, -0.4863861702707001911, -1.004185267857163444 ) ) ;
#3668 = CARTESIAN_POINT ( 'NONE',  ( 0.01197558930887389871, 0.4852858747523187133, -0.9511718750000397460 ) ) ;
#3669 = CARTESIAN_POINT ( 'NONE',  ( 0.1925318237984993963, -0.4344956565676386662, -0.6425781250000037748 ) ) ;
#3670 = DIRECTION ( 'NONE',  ( 0.000000000000000000, 0.000000000000000000, -1.000000000000000000 ) ) ;
#3671 = CARTESIAN_POINT ( 'NONE',  ( 0.4070202145525866899, -0.2576648175686783171, -0.8501674107143387671 ) ) ;
#3672 = CARTESIAN_POINT ( 'NONE',  ( 0.05193731460340416523, -0.5265928551643739297, -0.9609374999999357181 ) ) ;
#3673 = CARTESIAN_POINT ( 'NONE',  ( 0.4948632062065448922, 0.03131502141748317841, -0.9621308365299292564 ) ) ;
#3674 = CARTESIAN_POINT ( 'NONE',  ( 0.4202689596651690285, -0.2116133437278548968, -0.4919084821428387211 ) ) ;
#3675 = CARTESIAN_POINT ( 'NONE',  ( 0.3205290374670734521, -0.3537407240988816870, -0.6925223214285235462 ) ) ;
#3676 = CARTESIAN_POINT ( 'NONE',  ( -0.1261609873979738228, -0.4561297499615555862, -0.5789620535714710137 ) ) ;
#3677 = CARTESIAN_POINT ( 'NONE',  ( -0.2370336193245465017, 0.4182895989090804623, -0.8200334821429282606 ) ) ;
#3678 = CARTESIAN_POINT ( 'NONE',  ( -0.5089173331244254417, 0.1187363666835215825, -0.9133180550883753801 ) ) ;
#3679 = CARTESIAN_POINT ( 'NONE',  ( 0.1031051456123999038, -0.4594243602584806574, -0.4840959821428695853 ) ) ;
#3680 = CARTESIAN_POINT ( 'NONE',  ( 0.5128684352086801956, -0.01265636374941792042, -0.4444754464285379791 ) ) ;
#3681 = CARTESIAN_POINT ( 'NONE',  ( 9.258213315666536054E-17, -0.6856034446626805279, -0.9219683889980070379 ) ) ;
#3682 = CARTESIAN_POINT ( 'NONE',  ( -0.4648682027761907865, 0.2339155729857979593, -0.6258370535714313787 ) ) ;
#3683 = CARTESIAN_POINT ( 'NONE',  ( -0.3284303101212081577, 0.3448667630453760569, -0.6565290178571762114 ) ) ;
#3684 = CARTESIAN_POINT ( 'NONE',  ( -0.4643199940926731051, -0.1042038149063408414, -0.6626674107143061265 ) ) ;
#3685 = CARTESIAN_POINT ( 'NONE',  ( 0.5054257131920972812, -0.08367031735127086756, -0.5833670487796717152 ) ) ;
#3686 = FACE_OUTER_BOUND ( 'NONE', #3168, .T. ) ;
#3687 = CARTESIAN_POINT ( 'NONE',  ( -0.3431462267529667431, -0.3903510270906636048, -0.8218437344369257103 ) ) ;
#3688 = CARTESIAN_POINT ( 'NONE',  ( -0.02360763724689703483, -0.4792863826686451501, -0.7907366071429097198 ) ) ;
#3689 = CARTESIAN_POINT ( 'NONE',  ( 0.04698894474215591782, 0.4764584323887991468, -0.7377232142856611219 ) ) ;
#3690 = CARTESIAN_POINT ( 'NONE',  ( 0.06348433968769978675, 0.5152956121763161423, -0.6420200892856475772 ) ) ;
#3691 = CARTESIAN_POINT ( 'NONE',  ( 0.3376699667313695641, 0.4113437963107607342, -1.003348214285765927 ) ) ;
#3692 = CARTESIAN_POINT ( 'NONE',  ( 0.4322767283452751408, -0.2175158209821219102, -0.9026227678571745461 ) ) ;
#3693 = B_SPLINE_CURVE_WITH_KNOTS ( 'NONE', 3,
 ( #6878, #3434, #2830, #6844, #4337, #3363, #5125, #4010, #5697, #2796, #448, #1671, #2582, #981, #1563, #7243, #5161, #3327, #4481, #6341, #2216, #3399, #1596, #7494, #2759, #7460, #4549, #2255, #1632, #6236, #2001, #3973, #5661, #3935, #6307, #5057, #412, #4587, #1054, #4911, #5734, #2721, #6270, #1425, #483, #6810, #6915, #7389, #3294, #3903 ),
 .UNSPECIFIED., .F., .F.,
 ( 4, 2, 2, 2, 2, 2, 2, 2, 2, 2, 2, 2, 2, 2, 2, 2, 2, 2, 2, 2, 2, 2, 2, 2, 4 ),
 ( 0.03177570348196276373, 0.03305240099316154867, 0.03432909850436034055, 0.03688249352675791043, 0.03815919103795670231, 0.03943588854915548725, 0.04198928357155305713, 0.04454267859395062701, 0.04581937610514941195, 0.04709607361634820383, 0.04964946863874577371, 0.05092616614994455865, 0.05220286366114334359, 0.05475625868354092041, 0.05603295619473970535, 0.05730965370593849029, 0.05858635121713727523, 0.05986304872833606711, 0.06241644375073364392, 0.06369314126193242886, 0.06496983877313122768, 0.06752323379552879756, 0.06879993130672759638, 0.07007662881792639520, 0.07263002384032396508 ),
 .UNSPECIFIED. ) ;
#3694 = ADVANCED_BREP_SHAPE_REPRESENTATION ( '5346K58_Brass Barbed Hose Fitting for Air and Water', ( #3142, #33 ), #283 ) ;
#3695 = CARTESIAN_POINT ( 'NONE',  ( 0.4954809524868001303, 0.1328708395973646206, -0.5785205896944775050 ) ) ;
#3696 = CARTESIAN_POINT ( 'NONE',  ( 0.4183853271998053125, 0.2994201612547622848, -0.6536526702331670879 ) ) ;
#3697 = ORIENTED_EDGE ( 'NONE', *, *, #3987, .T. ) ;
#3698 = CARTESIAN_POINT ( 'NONE',  ( -0.4433348348878052847, -0.2756773906863490553, -0.8966077819733569987 ) ) ;
#3699 = CARTESIAN_POINT ( 'NONE',  ( -0.3435937863424926575, -0.3813738533947237386, -0.9795003204921008955 ) ) ;
#3700 = CARTESIAN_POINT ( 'NONE',  ( 0.1578025547260138994, -0.4412073938459238898, -0.4112723214285155526 ) ) ;
#3701 = DIRECTION ( 'NONE',  ( 0.000000000000000000, 0.000000000000000000, -1.000000000000000000 ) ) ;
#3703 = CARTESIAN_POINT ( 'NONE',  ( 0.5200794619911530692, 0.07707793894751904795, -0.7974330357142072057 ) ) ;
#3702 = CARTESIAN_POINT ( 'NONE',  ( 0.5097695043010054272, -0.03369642528648773838, -0.5108254332932740116 ) ) ;
#3704 = CARTESIAN_POINT ( 'NONE',  ( -0.2599494984867178893, 0.4508307506800602882, -0.8434138458604037991 ) ) ;
#3705 = CARTESIAN_POINT ( 'NONE',  ( 0.4846343738258001022, 0.03581532716583695625, -0.9857700892857933495 ) ) ;
#3706 = VERTEX_POINT ( 'NONE', #5844 ) ;
#3707 = CARTESIAN_POINT ( 'NONE',  ( 0.4042900692013747799, -0.2700581304162529839, -0.9754464285713988492 ) ) ;
#3708 = CARTESIAN_POINT ( 'NONE',  ( 0.3668206688449436315, 0.3011258487492260438, -0.6216517857142471737 ) ) ;
#3709 = PLANE ( 'NONE',  #1175 ) ;
#3710 = CARTESIAN_POINT ( 'NONE',  ( 0.4792922403181079094, 6.548393004431129572E-05, -0.7723214285715068739 ) ) ;
#3711 = AXIS2_PLACEMENT_3D ( 'NONE', #5803, #7417, #6333 ) ;
#3712 = CIRCLE ( 'NONE', #5065, 0.3970717995527425770 ) ;
#3713 = CARTESIAN_POINT ( 'NONE',  ( -0.2900167002062262744, -0.3909370858720011555, -0.9938616071429645649 ) ) ;
#3714 = CARTESIAN_POINT ( 'NONE',  ( 0.4612780694471919629, 0.09169226413873041159, -0.4843749999999924505 ) ) ;
#3715 = EDGE_CURVE ( 'NONE', #2744, #2886, #4581, .T. ) ;
#3716 = CARTESIAN_POINT ( 'NONE',  ( 0.3668206688449436315, 0.3011258487492260438, -0.6037946428571346891 ) ) ;
#3717 = CARTESIAN_POINT ( 'NONE',  ( -0.3985415656675557194, 0.2522973477287441257, -0.5287388392857128583 ) ) ;
#3718 = AXIS2_PLACEMENT_3D ( 'NONE', #3568, #2543, #4755 ) ;
#3719 = CARTESIAN_POINT ( 'NONE',  ( -0.4617732437647340538, -0.1400125021544712245, -0.8761160714285550766 ) ) ;
#3720 = CARTESIAN_POINT ( 'NONE',  ( -0.4437223952956502737, 0.2762703158612264120, -0.9170453353919463257 ) ) ;
#3721 = CARTESIAN_POINT ( 'NONE',  ( 0.3256335296824731107, 0.3421172174573856584, -0.5309709821428614251 ) ) ;
#3722 = CARTESIAN_POINT ( 'NONE',  ( 0.4196520888693268669, -0.2954667464165433022, -0.4511718749999515943 ) ) ;
#3723 = CARTESIAN_POINT ( 'NONE',  ( -0.1295072659898928724, 0.4677306024290998621, -0.9656808035713264626 ) ) ;
#3724 = CARTESIAN_POINT ( 'NONE',  ( -0.5937500000000000000, -2.365849761810083768E-16, -0.02500000000000000139 ) ) ;
#3725 = CARTESIAN_POINT ( 'NONE',  ( 0.1626326586530578433, 0.4925214966860606558, -0.5705915178571439039 ) ) ;
#3726 = CARTESIAN_POINT ( 'NONE',  ( -0.4139243523116256651, -0.2345599728280269025, -0.6414620535714069538 ) ) ;
#3727 = CARTESIAN_POINT ( 'NONE',  ( -0.4710661196032561726, -0.08180402967706013051, -0.7346540178571590030 ) ) ;
#3728 = CARTESIAN_POINT ( 'NONE',  ( 0.5119815437577154293, -0.01669618779849302292, -0.5818719352693029201 ) ) ;
#3729 = CONICAL_SURFACE ( 'NONE', #3711, 0.3975000000000000755, 0.09425767512363275591 ) ;
#3730 = CARTESIAN_POINT ( 'NONE',  ( -0.4813603591018774663, 0.03544116306645722636, -0.8624441964285686213 ) ) ;
#3731 = CARTESIAN_POINT ( 'NONE',  ( -0.3029372620515685677, -0.4222712271498229586, -0.8207197356031058488 ) ) ;
#3732 = CARTESIAN_POINT ( 'NONE',  ( 0.4070202145537453742, -0.2576648175616373382, -0.8501674107143227799 ) ) ;
#3733 = CARTESIAN_POINT ( 'NONE',  ( -0.4234967693190448967, -0.2264381321699104888, -0.7845982142856633423 ) ) ;
#3734 = CARTESIAN_POINT ( 'NONE',  ( -0.3291377044025421417, 0.4011609244982115574, -0.6328125000000219824 ) ) ;
#3735 = CARTESIAN_POINT ( 'NONE',  ( 0.06491590831784010973, 0.5257659146274176187, -0.9255022321429540177 ) ) ;
#3736 = CARTESIAN_POINT ( 'NONE',  ( -0.4198080074472213541, -0.2377469543386093731, -0.8557477678570876156 ) ) ;
#3737 = CARTESIAN_POINT ( 'NONE',  ( 0.4666020851101451150, 0.2109971894106144885, -0.5766732707342427933 ) ) ;
#3738 = CARTESIAN_POINT ( 'NONE',  ( 0.5102296144447946435, 0.06743430085545122632, -0.6592188293021927770 ) ) ;
#3739 = VERTEX_POINT ( 'NONE', #7564 ) ;
#3740 = CARTESIAN_POINT ( 'NONE',  ( 0.03376598326480205470, -0.5214149213131756833, -0.8843380928634814175 ) ) ;
#3741 = CARTESIAN_POINT ( 'NONE',  ( -0.009150307465825058967, 0.5246717304592980469, -0.9920191456807396779 ) ) ;
#3742 = CARTESIAN_POINT ( 'NONE',  ( 0.3430002259524128072, -0.3181877140011878935, -0.4058242570550590345 ) ) ;
#3743 = CARTESIAN_POINT ( 'NONE',  ( -0.3571430231361030216, 0.3814478805223618929, -0.9122340391411137839 ) ) ;
#3745 = CARTESIAN_POINT ( 'NONE',  ( -0.3975432741586256147, 0.3428287085460232086, -0.7714843750000218714 ) ) ;
#3744 = CARTESIAN_POINT ( 'NONE',  ( 0.3220697773799490182, -0.4996563719945243398, -0.02499999999999959199 ) ) ;
#3746 = CARTESIAN_POINT ( 'NONE',  ( 0.3148205162197245666, 0.4093007547783618638, -0.7139556321982325482 ) ) ;
#3747 = CARTESIAN_POINT ( 'NONE',  ( 0.08293420484543852222, 0.4783494368111601558, -0.9707031249999730216 ) ) ;
#3748 = EDGE_LOOP ( 'NONE', ( #6480, #2319, #3454, #1703 ) ) ;
#3749 = CARTESIAN_POINT ( 'NONE',  ( -0.3489417321125091731, -0.3702293707152534141, -0.4728780954391502700 ) ) ;
#3750 = CARTESIAN_POINT ( 'NONE',  ( 0.4846343738266378764, 0.03581532715979417192, -0.9679129464285544104 ) ) ;
#3751 = CARTESIAN_POINT ( 'NONE',  ( -0.3524164100106821906, -0.3194993482086725400, -0.6568080357142958015 ) ) ;
#3752 = FACE_OUTER_BOUND ( 'NONE', #7339, .T. ) ;
#3753 = CARTESIAN_POINT ( 'NONE',  ( 0.3780740441108708660, -0.2949687754553980135, -0.7798549107141483638 ) ) ;
#3754 = CARTESIAN_POINT ( 'NONE',  ( 0.4594245621722496398, -0.1518389471422909587, -0.9009486607141798942 ) ) ;
#3755 = CIRCLE ( 'NONE', #7304, 0.3970717995527425770 ) ;
#3756 = CARTESIAN_POINT ( 'NONE',  ( 0.4605019373182936970, 0.1154166157618078670, -0.6088169642857381714 ) ) ;
#3757 = CARTESIAN_POINT ( 'NONE',  ( -0.3412333844793632442, -0.3249701273167154847, -0.5136718749999973355 ) ) ;
#3758 = CARTESIAN_POINT ( 'NONE',  ( 0.3146696019261021049, -0.3648844276157401922, -0.8535156250000055511 ) ) ;
#3759 = CARTESIAN_POINT ( 'NONE',  ( -0.09210453176843523548, 0.4754797773290930785, -0.9513119374763322478 ) ) ;
#3760 = EDGE_CURVE ( 'NONE', #5592, #4273, #6884, .T. ) ;
#3761 = CARTESIAN_POINT ( 'NONE',  ( -0.2014703918525007076, -0.4258316923844075452, -0.4916294642857074737 ) ) ;
#3762 = CARTESIAN_POINT ( 'NONE',  ( -0.1848140679277797682, -0.4793070896588557672, -0.4662388392857337305 ) ) ;
#3763 = CARTESIAN_POINT ( 'NONE',  ( 0.4394378668858281434, -0.2079078415848766015, -0.9916294642856440245 ) ) ;
#3764 = CARTESIAN_POINT ( 'NONE',  ( -0.5144665192652958519, -0.03354302686051417043, -0.6879058034309605274 ) ) ;
#3765 = CARTESIAN_POINT ( 'NONE',  ( 0.4618188117400397474, -0.2325346893450365160, -0.5186941964285530782 ) ) ;
#3766 = CARTESIAN_POINT ( 'NONE',  ( 0.4713005271097990834, 0.03470428470798200132, -0.5393415178571412394 ) ) ;
#3767 = CARTESIAN_POINT ( 'NONE',  ( -0.1719974460936335159, -0.4457158627195418887, -0.7229352678571077107 ) ) ;
#3768 = CARTESIAN_POINT ( 'NONE',  ( 0.3535821856051361567, 0.3766978555212321944, -0.7228527752062201550 ) ) ;
#3769 = CARTESIAN_POINT ( 'NONE',  ( -0.2781559898087099802, 0.3948365856887086633, -0.8724888392857427233 ) ) ;
#3770 = CARTESIAN_POINT ( 'NONE',  ( -0.06725851247078586115, 0.5147775487198292810, -0.7764567301244981179 ) ) ;
#3771 = CARTESIAN_POINT ( 'NONE',  ( 0.4792922403158487721, 6.548393637901006603E-05, -0.7723214285714867788 ) ) ;
#3772 = CARTESIAN_POINT ( 'NONE',  ( -0.4758463424163415501, -0.04680497253958338516, -0.7176339285713654315 ) ) ;
#3773 = CARTESIAN_POINT ( 'NONE',  ( -0.5020655437364134333, 0.1388665746019417946, -0.6972656250000146549 ) ) ;
#3774 = CARTESIAN_POINT ( 'NONE',  ( -0.4937972500910104423, 0.1905518103301382937, -0.9104352678570399870 ) ) ;
#3775 = CARTESIAN_POINT ( 'NONE',  ( 0.1624286592730299905, -0.4537622642875205337, -0.8398437500001243450 ) ) ;
#3776 = CARTESIAN_POINT ( 'NONE',  ( -0.3512606529603383709, -0.3742993352043156308, -0.6157108199316456698 ) ) ;
#3777 = CARTESIAN_POINT ( 'NONE',  ( 0.000000000000000000, 0.3974999999999999090, 4.163059341130080981E-17 ) ) ;
#3778 = ORIENTED_EDGE ( 'NONE', *, *, #5446, .T. ) ;
#3779 = B_SPLINE_CURVE_WITH_KNOTS ( 'NONE', 3,
 ( #7493, #4696, #1744, #4085, #1631, #3510, #7459, #447, #3934, #6416, #3972, #2795, #5124, #518, #4548, #6877, #6306, #6914, #4009, #2865, #1707, #3547, #4160, #56, #4122, #3625, #4734, #7061, #1858, #2401, #745, #1819, #212, #6488, #1208, #1900, #7143, #4238, #7184, #4851, #3663, #2562, #1940, #5883, #1285, #4890, #5961, #669, #6532, #132 ),
 .UNSPECIFIED., .F., .F.,
 ( 4, 2, 2, 2, 2, 2, 2, 2, 2, 2, 2, 2, 2, 2, 2, 2, 2, 2, 2, 2, 2, 2, 2, 2, 4 ),
 ( 0.5699516883832838055, 0.5712650573588273772, 0.5725784263343709490, 0.5752051642854580926, 0.5765185332610016644, 0.5778319022365452362, 0.5804586401876324908, 0.5817720091631760626, 0.5830853781387196344, 0.5843987471142632062, 0.5857121160898067780, 0.5883388540408939216, 0.5896522230164374934, 0.5909655919919810652, 0.5935923299430682087, 0.5949056989186117805, 0.5962190678941554633, 0.5988458058452426069, 0.6014725437963297505, 0.6027859127718733223, 0.6040992817474168941, 0.6067260196985040377, 0.6080393886740477205, 0.6093527576495912923, 0.6119794956006784359 ),
 .UNSPECIFIED. ) ;
#3780 = CARTESIAN_POINT ( 'NONE',  ( 0.5175300051350006925, -0.06831377302687310915, -0.8687092707644780143 ) ) ;
#3781 = CARTESIAN_POINT ( 'NONE',  ( -0.2626416564436607204, -0.4384355189182108092, -0.9780803276118856804 ) ) ;
#3782 = CARTESIAN_POINT ( 'NONE',  ( -0.2703486958167056753, 0.3839704988227981008, -0.4439174107142901393 ) ) ;
#3783 = CARTESIAN_POINT ( 'NONE',  ( 0.3247236800676795987, 0.4159842855031870568, -0.8602120535714187222 ) ) ;
#3784 = CARTESIAN_POINT ( 'NONE',  ( 0.4533098584699558065, 0.2612141180032921395, -0.9327010090316542046 ) ) ;
#3786 = CARTESIAN_POINT ( 'NONE',  ( 0.4755008499356400686, -0.2248158656960306534, -0.8041294642856747776 ) ) ;
#3785 = CARTESIAN_POINT ( 'NONE',  ( -0.02603933806249019225, 0.5243657861112257512, -0.9916530997017793947 ) ) ;
#3787 = CARTESIAN_POINT ( 'NONE',  ( 0.3534272128071332952, 0.3765109319709261659, -0.7150711180407073320 ) ) ;
#3788 = CARTESIAN_POINT ( 'NONE',  ( 0.01197558931467740222, 0.4852858747493820069, -0.9690290178571693280 ) ) ;
#3789 = CARTESIAN_POINT ( 'NONE',  ( 0.2695283329343743928, 0.4325626454257068265, -0.4985496758132096362 ) ) ;
#3790 = ORIENTED_EDGE ( 'NONE', *, *, #6042, .T. ) ;
#3791 = CARTESIAN_POINT ( 'NONE',  ( -0.4773377105861101866, -0.1778968181617772426, -0.4780859310721602973 ) ) ;
#3792 = CARTESIAN_POINT ( 'NONE',  ( 0.4680800413717140507, 0.2355360275817347249, -0.7960379464285937123 ) ) ;
#3793 = CARTESIAN_POINT ( 'NONE',  ( 0.08094558979787198905, -0.4661227011676198906, -0.5739397321428514331 ) ) ;
#3794 = FACE_BOUND ( 'NONE', #3500, .T. ) ;
#3795 = CARTESIAN_POINT ( 'NONE',  ( 0.4150606601793323525, -0.2488503884486259199, -0.9034598214285510798 ) ) ;
#3796 = ADVANCED_FACE ( 'NONE', ( #859 ), #1633, .T. ) ;
#3797 = CARTESIAN_POINT ( 'NONE',  ( -0.4233128024291463176, 0.2130052498932042127, -0.5811941964285609608 ) ) ;
#3798 = AXIS2_PLACEMENT_3D ( 'NONE', #182, #2531, #4859 ) ;
#3799 = CARTESIAN_POINT ( 'NONE',  ( 0.4612780694479149401, 0.09169226413276777843, -0.4843750000000011102 ) ) ;
#3800 = CARTESIAN_POINT ( 'NONE',  ( 0.3303380420013615759, 0.3468755344871622404, -0.7631138392856243735 ) ) ;
#3801 = CARTESIAN_POINT ( 'NONE',  ( -0.4664362922031671799, 0.1289219001251342422, -0.9509188589061189356 ) ) ;
#3802 = CARTESIAN_POINT ( 'NONE',  ( 0.3967131889667440126, -0.3256596897726620754, -0.4520089285714242178 ) ) ;
#3803 = CARTESIAN_POINT ( 'NONE',  ( 0.1857560267400211185, 0.4486280105129913931, -0.9732142857142939141 ) ) ;
#3804 = CARTESIAN_POINT ( 'NONE',  ( -0.4736758048341358496, 0.2100391243077439629, -0.5538504464285590734 ) ) ;
#3805 = CARTESIAN_POINT ( 'NONE',  ( -0.4735849735139112671, 0.01156109337558361254, -0.5761718749999706901 ) ) ;
#3806 = CARTESIAN_POINT ( 'NONE',  ( 0.03507272389058099099, -0.4763043813647615532, -0.7179129464285621820 ) ) ;
#3807 = CARTESIAN_POINT ( 'NONE',  ( 0.3773523096501875118, 0.3529174487697239737, -0.7235946423143961859 ) ) ;
#3808 = CARTESIAN_POINT ( 'NONE',  ( -0.1511925717025566496, -0.4578764323653473078, -0.8473772321429479115 ) ) ;
#3809 = EDGE_CURVE ( 'NONE', #7190, #1689, #2861, .T. ) ;
#3810 = CARTESIAN_POINT ( 'NONE',  ( 0.4492246733454931529, 0.2593940880359024148, -0.7898333622073523408 ) ) ;
#3811 = CARTESIAN_POINT ( 'NONE',  ( -0.3382761674049525880, 0.3383632059067987474, -0.7455357142856465780 ) ) ;
#3812 = CARTESIAN_POINT ( 'NONE',  ( -0.4759475892080097248, 6.121277130243353917E-05, -0.6473214285714495864 ) ) ;
#3813 = CARTESIAN_POINT ( 'NONE',  ( -0.3495101536476665771, -0.3857306830195357805, -0.6847098214285840534 ) ) ;
#3814 = CARTESIAN_POINT ( 'NONE',  ( 0.1785609748484841830, 0.4988415773962123767, -0.9280133928571455693 ) ) ;
#3815 = CARTESIAN_POINT ( 'NONE',  ( 0.3043093681346660806, -0.3706987494535918248, -0.7645089285714800065 ) ) ;
#3816 = CARTESIAN_POINT ( 'NONE',  ( 0.3117000428990870375, -0.4072095402852942692, -0.5997139595185607686 ) ) ;
#3817 = B_SPLINE_CURVE_WITH_KNOTS ( 'NONE', 3,
 ( #6424, #5854, #2371, #23, #3481, #6496, #3018, #2906, #5240, #1214, #4779, #62, #7109, #2408, #5395, #4704, #676, #601, #4206, #1178, #5356, #2940, #1752, #5929, #6957, #3593, #5889, #7573, #2335, #6383, #3632, #4742, #5275, #101, #7030, #1826, #2448, #4051, #1789, #1866, #4663, #4167, #6539, #4130, #5969, #1713, #716, #3059 ),
 .UNSPECIFIED., .F., .F.,
 ( 4, 2, 2, 2, 2, 2, 2, 2, 2, 2, 2, 2, 2, 2, 2, 2, 2, 2, 2, 2, 2, 2, 2, 4 ),
 ( 0.4027324974398012181, 0.4053370477561522023, 0.4079415980725032420, 0.4092438732306787341, 0.4105461483888542262, 0.4131506987052052660, 0.4144529738633807581, 0.4157552490215562502, 0.4183597993379072344, 0.4196620744960827265, 0.4209643496542582186, 0.4222666248124337107, 0.4235688999706092028, 0.4261734502869601871, 0.4274757254451356792, 0.4287780006033112268, 0.4313825509196622110, 0.4326848260778377031, 0.4339871012360131952, 0.4365916515523641794, 0.4391962018687151637, 0.4404984770268906558, 0.4418007521850661479, 0.4444053025014171321 ),
 .UNSPECIFIED. ) ;
#3818 = CARTESIAN_POINT ( 'NONE',  ( 0.000000000000000000, 0.000000000000000000, -0.9999999999999998890 ) ) ;
#3819 = VERTEX_POINT ( 'NONE', #4768 ) ;
#3820 = CARTESIAN_POINT ( 'NONE',  ( 0.000000000000000000, 0.000000000000000000, -0.9749999999999998668 ) ) ;
#3821 = FACE_BOUND ( 'NONE', #1896, .T. ) ;
#3822 = CARTESIAN_POINT ( 'NONE',  ( -0.4641358677110793973, -0.06878707374666931385, -0.4313616071428622023 ) ) ;
#3823 = CARTESIAN_POINT ( 'NONE',  ( -0.2133011013742713291, -0.4813766233341199574, -0.8217075892857902408 ) ) ;
#3824 = CARTESIAN_POINT ( 'NONE',  ( -0.009150307465825058967, 0.5246717304592980469, -0.9920191456807396779 ) ) ;
#3826 = CARTESIAN_POINT ( 'NONE',  ( 0.3107124187351811284, -0.4190601396382418464, -0.6668526785714115057 ) ) ;
#3825 = CARTESIAN_POINT ( 'NONE',  ( -0.5937500000000000000, -0.2866329017587906924, -0.9374427505053883891 ) ) ;
#3827 = CARTESIAN_POINT ( 'NONE',  ( -0.4697465806485881523, 0.2128768547409745637, -0.6934833294170418272 ) ) ;
#3828 = CARTESIAN_POINT ( 'NONE',  ( -0.4179956887688526801, 0.2504593919528326218, -1.028459821428585608 ) ) ;
#3829 = CARTESIAN_POINT ( 'NONE',  ( -0.01708975457786123323, -0.5149972182539408472, -0.6789486610934980515 ) ) ;
#3830 = ORIENTED_EDGE ( 'NONE', *, *, #6608, .F. ) ;
#3831 = CARTESIAN_POINT ( 'NONE',  ( 0.5078734076654086715, -0.1182874091656581778, -0.8776005607783388118 ) ) ;
#3832 = CARTESIAN_POINT ( 'NONE',  ( -0.5238362688403990219, -0.03857254799271037787, -0.8362165178571132618 ) ) ;
#3833 = CARTESIAN_POINT ( 'NONE',  ( -0.3336346350719501253, 0.3335434384839722766, -0.5312499999999887867 ) ) ;
#3834 = DIRECTION ( 'NONE',  ( -1.000000000000000000, 0.000000000000000000, 0.000000000000000000 ) ) ;
#3835 = CARTESIAN_POINT ( 'NONE',  ( 0.4322767283483539003, -0.2175158209769353090, -0.9026227678572491531 ) ) ;
#3836 = CARTESIAN_POINT ( 'NONE',  ( 0.2339126029560665565, 0.4127897015669524383, -0.5996093750000283107 ) ) ;
#3837 = CARTESIAN_POINT ( 'NONE',  ( -0.1590467837213924984, 0.4443145059755774229, -0.5362723214285806117 ) ) ;
#3838 = CARTESIAN_POINT ( 'NONE',  ( -0.4798079257671778453, -0.02363716054551394039, -0.8074776785713650984 ) ) ;
#3839 = AXIS2_PLACEMENT_3D ( 'NONE', #3036, #4796, #3647 ) ;
#3840 = CARTESIAN_POINT ( 'NONE',  ( -0.3882660263491697905, 0.2890675898178083347, -0.9510498663521832485 ) ) ;
#3841 = CIRCLE ( 'NONE', #4569, 0.5937500000000000000 ) ;
#3842 = CARTESIAN_POINT ( 'NONE',  ( -0.1965971227108896380, 0.4436701082770477256, -0.9640066964286732043 ) ) ;
#3843 = CARTESIAN_POINT ( 'NONE',  ( -0.4002790174620041164, -0.3284141377323087085, -0.5412946428571432378 ) ) ;
#3844 = CARTESIAN_POINT ( 'NONE',  ( 0.4110762022019442408, 0.2328019774388694063, -0.5343191964285466389 ) ) ;
#3845 = CARTESIAN_POINT ( 'NONE',  ( 0.4408536157668331290, -0.1826739829736372944, -0.7053571428571302482 ) ) ;
#3846 = CARTESIAN_POINT ( 'NONE',  ( 0.03452166321600565191, 0.5160838613928595553, -0.7150435748558272575 ) ) ;
#3847 = CARTESIAN_POINT ( 'NONE',  ( -0.2777617224982257826, -0.3942835728190322575, -0.8507254464285416429 ) ) ;
#3848 = CARTESIAN_POINT ( 'NONE',  ( -0.3892399138769694900, 0.3418816037483074499, -0.7682677752786890579 ) ) ;
#3849 = AXIS2_PLACEMENT_3D ( 'NONE', #4317, #6653, #3051 ) ;
#3850 = CARTESIAN_POINT ( 'NONE',  ( -0.1386135798301675603, -0.4571726032928634109, -0.7220982142857987895 ) ) ;
#3851 = CARTESIAN_POINT ( 'NONE',  ( 0.4700886672398852384, -0.08163040722556193229, -0.6849888392856804398 ) ) ;
#3852 = CARTESIAN_POINT ( 'NONE',  ( 0.1009841783756223466, -0.5080240791771296616, -0.6026785714285961548 ) ) ;
#3853 = CIRCLE ( 'NONE', #536, 0.3975000000000000755 ) ;
#3854 = CARTESIAN_POINT ( 'NONE',  ( 0.1054575873784276141, 0.4693414967268216831, -0.8105468749999937828 ) ) ;
#3855 = CARTESIAN_POINT ( 'NONE',  ( -0.1168781504795662757, -0.4996358416024328508, -0.6097533660646283771 ) ) ;
#3856 = VERTEX_POINT ( 'NONE', #5994 ) ;
#3857 = CARTESIAN_POINT ( 'NONE',  ( -0.3532676009511328541, 0.3884711429656674819, -0.9916088636725730598 ) ) ;
#3858 = CARTESIAN_POINT ( 'NONE',  ( 0.02364416885070409410, 0.4826332727315930660, -0.8800223214286314599 ) ) ;
#3859 = CARTESIAN_POINT ( 'NONE',  ( 0.07733461775139648109, 0.5218375415056940581, -0.8543526785714266047 ) ) ;
#3860 = CARTESIAN_POINT ( 'NONE',  ( -0.2313369133894862817, 0.4696026644871197919, -0.9155825170233986565 ) ) ;
#3861 = ADVANCED_FACE ( 'NONE', ( #6034, #1974 ), #3621, .F. ) ;
#3863 = CARTESIAN_POINT ( 'NONE',  ( -0.4117413341561154128, -0.3212406568823795161, -0.6844308035714478100 ) ) ;
#3862 = CARTESIAN_POINT ( 'NONE',  ( 0.5937499999999998890, 0.3428017223313404305, -0.9219683889980072600 ) ) ;
#3864 = CARTESIAN_POINT ( 'NONE',  ( -0.2600767356964293064, 0.4510384933786345529, -0.8511956697131739524 ) ) ;
#3865 = CARTESIAN_POINT ( 'NONE',  ( -0.1514748882784297812, 0.4587191906297019006, -0.8936941964285458617 ) ) ;
#3866 = CARTESIAN_POINT ( 'NONE',  ( -0.3885324374526675228, -0.3401620675798873727, -0.6882533482025874338 ) ) ;
#3867 = EDGE_LOOP ( 'NONE', ( #1111, #1117, #6295, #1975, #2275, #7258 ) ) ;
#3868 = CARTESIAN_POINT ( 'NONE',  ( 0.03093084388060640677, -0.5075243489989700318, -0.4635918729567694019 ) ) ;
#3869 = CARTESIAN_POINT ( 'NONE',  ( -0.4365410560832872489, -0.2917734676287505602, -0.8303571428570551971 ) ) ;
#3870 = CARTESIAN_POINT ( 'NONE',  ( 0.3260328652509688618, -0.3425312125040396727, -0.5672433035714294913 ) ) ;
#3871 = CARTESIAN_POINT ( 'NONE',  ( -0.03569212702373049384, -0.4830191406438607560, -0.9160156250000115463 ) ) ;
#3872 = CARTESIAN_POINT ( 'NONE',  ( 0.3256335296792187695, 0.3421172174616761152, -0.5309709821428870713 ) ) ;
#3873 = CARTESIAN_POINT ( 'NONE',  ( -0.4572880129278245054, -0.1144822020841545218, -0.5195312499999987788 ) ) ;
#3874 = CARTESIAN_POINT ( 'NONE',  ( -0.2859283831501120976, -0.3856398975031325449, -0.7974330357142124237 ) ) ;
#3875 = CARTESIAN_POINT ( 'NONE',  ( 0.4821516557501904221, 0.09158197148298488632, -0.4542999999999999816 ) ) ;
#3876 = CARTESIAN_POINT ( 'NONE',  ( 0.3829755286658677593, 0.2987977402754017908, -0.9790736607143089021 ) ) ;
#3877 = CARTESIAN_POINT ( 'NONE',  ( 0.5162487518061779079, 0.02543222849379560627, -0.5128348214285789464 ) ) ;
#3878 = CARTESIAN_POINT ( 'NONE',  ( 0.4521701522182686728, 0.1371008270247836835, -0.5368303571428458820 ) ) ;
#3879 = CARTESIAN_POINT ( 'NONE',  ( 0.3668206688493965695, 0.3011258487458876032, -0.6216517857142308534 ) ) ;
#3880 = CARTESIAN_POINT ( 'NONE',  ( 0.5034525715425439696, 0.1169396818824720713, -0.7295466314527542240 ) ) ;
#3881 = CARTESIAN_POINT ( 'NONE',  ( 0.2672711655551245347, 0.4001178837199255711, -0.8147321428571959734 ) ) ;
#3882 = CARTESIAN_POINT ( 'NONE',  ( 0.01712014974387753713, 0.5180912890183571040, -0.7783072031006483815 ) ) ;
#3883 = CARTESIAN_POINT ( 'NONE',  ( 0.3043093681360045100, -0.3706987494469730082, -0.7823660714286319040 ) ) ;
#3884 = CARTESIAN_POINT ( 'NONE',  ( 0.2549810826507642458, 0.4027808901083996806, -0.6715959821429015042 ) ) ;
#3885 = CARTESIAN_POINT ( 'NONE',  ( 0.2441791940500648850, -0.4566773750997326631, -0.5993303571428667542 ) ) ;
#3886 = CARTESIAN_POINT ( 'NONE',  ( -0.3228693212955043301, 0.3561336114055151936, -0.7996651785713655425 ) ) ;
#3887 = CARTESIAN_POINT ( 'NONE',  ( -0.2968750000000000000, 0.5142025834970105347, -0.02500000000000000139 ) ) ;
#3888 = AXIS2_PLACEMENT_3D ( 'NONE', #6881, #486, #6848 ) ;
#3889 = EDGE_CURVE ( 'NONE', #3545, #3819, #4350, .T. ) ;
#3890 = VERTEX_POINT ( 'NONE', #6686 ) ;
#3891 = CARTESIAN_POINT ( 'NONE',  ( -3.506341393428179785E-18, -4.928547240401228113E-20, 0.005000000000000000104 ) ) ;
#3892 = CARTESIAN_POINT ( 'NONE',  ( -0.3962780989071205684, -0.2790142439134696839, -0.9260602678571631108 ) ) ;
#3893 = CARTESIAN_POINT ( 'NONE',  ( 0.1156561559532685302, 0.5147296241262117045, -0.8551897321428445498 ) ) ;
#3894 = CARTESIAN_POINT ( 'NONE',  ( -0.4758258408325141131, 0.2156327773610926812, -0.9077670290150596788 ) ) ;
#3895 = CARTESIAN_POINT ( 'NONE',  ( -0.5070895034265645585, 0.1342825198574503498, -0.9773029408224439551 ) ) ;
#3896 = CARTESIAN_POINT ( 'NONE',  ( -0.4465518753394180362, 0.2580910673953177303, -0.6946014204900816669 ) ) ;
#3897 = DIRECTION ( 'NONE',  ( -0.000000000000000000, -0.000000000000000000, -1.000000000000000000 ) ) ;
#3898 = EDGE_CURVE ( 'NONE', #6155, #4806, #2509, .T. ) ;
#3899 = ORIENTED_EDGE ( 'NONE', *, *, #3296, .T. ) ;
#3900 = CARTESIAN_POINT ( 'NONE',  ( 0.4684046208936318290, -0.2312689979645947969, -0.8802148008586978545 ) ) ;
#3901 = CARTESIAN_POINT ( 'NONE',  ( 0.4955326966988686799, 0.1772323314718636800, -0.8688616071428384435 ) ) ;
#3902 = CARTESIAN_POINT ( 'NONE',  ( 0.3930947956964599976, -0.2627306649203599020, -0.5647321428571929758 ) ) ;
#3903 = CARTESIAN_POINT ( 'NONE',  ( 0.5099884372332511573, -1.750090120941168828E-15, -0.5178571428571453472 ) ) ;
#3904 = CARTESIAN_POINT ( 'NONE',  ( 0.08293420484543852222, 0.4783494368111601558, -0.9528459821428304499 ) ) ;
#3905 = CARTESIAN_POINT ( 'NONE',  ( 0.08077196734630588681, 0.4651452488047346789, -0.5242745535714233851 ) ) ;
#3906 = CARTESIAN_POINT ( 'NONE',  ( -0.4579460340121110362, 0.1027694595539569572, -0.4534040178571622781 ) ) ;
#3907 = B_SPLINE_CURVE_WITH_KNOTS ( 'NONE', 3,
 ( #1093, #1672, #5925, #1785, #7535, #20, #4126, #6989 ),
 .UNSPECIFIED., .F., .F.,
 ( 4, 2, 2, 4 ),
 ( 0.008810461554733126088, 0.01100478119882384448, 0.01319910084291456287, 0.01758774013109599965 ),
 .UNSPECIFIED. ) ;
#3908 = CARTESIAN_POINT ( 'NONE',  ( -0.4390828824252815954, -0.1945644732527361809, -0.8032924107143137871 ) ) ;
#3909 = CARTESIAN_POINT ( 'NONE',  ( 0.4833790041901442347, -0.1265136379431807401, -0.4542999999999999261 ) ) ;
#3910 = CARTESIAN_POINT ( 'NONE',  ( -0.2777617224922697137, -0.3942835728227513936, -0.8685825892856962049 ) ) ;
#3911 = CARTESIAN_POINT ( 'NONE',  ( 0.3411245120095722783, -0.3899177717598630855, -0.7418312076171649228 ) ) ;
#3912 = CARTESIAN_POINT ( 'NONE',  ( 0.3260328652563212470, -0.3425312125000964936, -0.5493861607142547232 ) ) ;
#3913 = CARTESIAN_POINT ( 'NONE',  ( -0.1819171045447258162, -0.4393565545469229616, -0.6517857142856927632 ) ) ;
#3914 = DIRECTION ( 'NONE',  ( 1.000000000000000000, 0.000000000000000000, 0.000000000000000000 ) ) ;
#3915 = CARTESIAN_POINT ( 'NONE',  ( -0.4041263468026276007, 0.2559830220116889321, -0.7251674107143210035 ) ) ;
#3916 = CARTESIAN_POINT ( 'NONE',  ( 0.1347050468564528758, 0.5015046303171921682, -0.7809156790439784057 ) ) ;
#3917 = CARTESIAN_POINT ( 'NONE',  ( 0.3303380420013615759, 0.3468755344871622404, -0.7631138392856243735 ) ) ;
#3918 = CARTESIAN_POINT ( 'NONE',  ( -0.4708571392486834983, 0.06977929978607264050, -0.6489955357142650483 ) ) ;
#3919 = CARTESIAN_POINT ( 'NONE',  ( -0.4686873266501602187, -0.2215986487626701584, -0.6177455357142668246 ) ) ;
#3920 = CARTESIAN_POINT ( 'NONE',  ( 0.4128171869784937886, 0.2475097606400257777, -0.8197544642856744446 ) ) ;
#3921 = VERTEX_POINT ( 'NONE', #246 ) ;
#3922 = CARTESIAN_POINT ( 'NONE',  ( 0.1644289955555190974, -0.4867424785192446812, -0.6034412741079205889 ) ) ;
#3923 = VERTEX_POINT ( 'NONE', #7097 ) ;
#3924 = DIRECTION ( 'NONE',  ( 3.984589072489772316E-16, -1.000000000000000000, 0.000000000000000000 ) ) ;
#3925 = CARTESIAN_POINT ( 'NONE',  ( -0.08266246956190866080, 0.4760095380347775240, -0.8775111607141787839 ) ) ;
#3926 = CARTESIAN_POINT ( 'NONE',  ( 0.3736300886976160474, -0.3735282840641048763, -0.8794642857142856984 ) ) ;
#3927 = CARTESIAN_POINT ( 'NONE',  ( -0.4686693418305001857, 0.05639607292518621778, -0.4542999999999998706 ) ) ;
#3928 = CARTESIAN_POINT ( 'NONE',  ( -0.5937499999999998890, -0.3148836628922085379, -0.9300276385642255450 ) ) ;
#3929 = CARTESIAN_POINT ( 'NONE',  ( -0.3000482180835913337, 0.4196912579866599047, -0.6994447469329642120 ) ) ;
#3930 = CARTESIAN_POINT ( 'NONE',  ( -0.5937500000000002220, 0.3428017223313401529, -0.9999999999999998890 ) ) ;
#3931 = VERTEX_POINT ( 'NONE', #6566 ) ;
#3932 = DIRECTION ( 'NONE',  ( -1.000000000000000000, 0.000000000000000000, 0.000000000000000000 ) ) ;
#3933 = CARTESIAN_POINT ( 'NONE',  ( 0.06444085454914845468, 0.5219184808186541069, -0.8563058035713791982 ) ) ;
#3934 = CARTESIAN_POINT ( 'NONE',  ( 0.4696279324931121324, -0.2319341008863272657, -0.9516424485525165622 ) ) ;
#3935 = CARTESIAN_POINT ( 'NONE',  ( 0.2551891056217206466, 0.4414373830276396848, -0.5059578514582320219 ) ) ;
#3936 = CARTESIAN_POINT ( 'NONE',  ( 0.2586678813850806224, 0.4083649591911191479, -0.8858816964286073681 ) ) ;
#3937 = CARTESIAN_POINT ( 'NONE',  ( 0.4563460202803365506, -0.1143710809903080300, -0.4715401785714365968 ) ) ;
#3938 = CARTESIAN_POINT ( 'NONE',  ( -0.3929894983567778222, 0.2766941214564362927, -0.8150111607143774028 ) ) ;
#3939 = PLANE ( 'NONE',  #3888 ) ;
#3940 = CARTESIAN_POINT ( 'NONE',  ( -0.08248884711027787420, -0.4750320856718194817, -0.8635602678571755453 ) ) ;
#3941 = CARTESIAN_POINT ( 'NONE',  ( -0.5157772515954979209, -7.032306127764459056E-05, -0.4776785714285577411 ) ) ;
#3942 = CARTESIAN_POINT ( 'NONE',  ( 0.4563460202838938162, -0.1143710809853347027, -0.4715401785714129490 ) ) ;
#3943 = CARTESIAN_POINT ( 'NONE',  ( 0.4188898244768200496, -0.2239705428667267684, -0.6350446428571522306 ) ) ;
#3944 = CARTESIAN_POINT ( 'NONE',  ( 0.000000000000000000, 0.000000000000000000, -0.9999999999999998890 ) ) ;
#3945 = CARTESIAN_POINT ( 'NONE',  ( 0.2157300003649875730, -0.4284361407101723307, -0.7670200892856867680 ) ) ;
#3946 = CARTESIAN_POINT ( 'NONE',  ( 0.4407038614905340879, 0.2740486244341884814, -0.7972461916344619759 ) ) ;
#3947 = CARTESIAN_POINT ( 'NONE',  ( 0.4028436464005720197, 0.2551750533772152441, -0.6944754464285490814 ) ) ;
#3948 = AXIS2_PLACEMENT_3D ( 'NONE', #6542, #5318, #6055 ) ;
#3949 = LINE ( 'NONE', #7472, #7380 ) ;
#3950 = CARTESIAN_POINT ( 'NONE',  ( -0.1386135798362697347, -0.4571726032886418434, -0.7042410714285212148 ) ) ;
#3951 = CARTESIAN_POINT ( 'NONE',  ( -0.4430275602738682483, 0.2656181456043557043, -0.5574776785714754546 ) ) ;
#3952 = CARTESIAN_POINT ( 'NONE',  ( 0.1730825160575552302, 0.4488821677735973514, -0.8122209821428638676 ) ) ;
#3953 = VERTEX_POINT ( 'NONE', #6527 ) ;
#3954 = AXIS2_PLACEMENT_3D ( 'NONE', #7578, #5133, #7543 ) ;
#3955 = CARTESIAN_POINT ( 'NONE',  ( -0.1813258382370362409, -0.4798064361294202551, -0.6034667394892599956 ) ) ;
#3956 = CONICAL_SURFACE ( 'NONE', #6276, 0.3975000000000000755, 0.09425767512363275591 ) ;
#3957 = CARTESIAN_POINT ( 'NONE',  ( -0.5133010464048735066, -0.03366043709958082414, -0.6242518517505681874 ) ) ;
#3958 = ORIENTED_EDGE ( 'NONE', *, *, #6238, .F. ) ;
#3959 = LOCAL_TIME ( 1, 52, 41.00000000000000000, #1758 ) ;
#3960 = AXIS2_PLACEMENT_3D ( 'NONE', #1397, #820, #703 ) ;
#3961 = CARTESIAN_POINT ( 'NONE',  ( 0.1963082422441441155, 0.5722648281588817998, -0.03110425066356711440 ) ) ;
#3962 = CARTESIAN_POINT ( 'NONE',  ( -0.4329175052611780039, -0.2179864747354549881, -0.9277343749999801270 ) ) ;
#3963 = CARTESIAN_POINT ( 'NONE',  ( 0.1294350589039147958, -0.5170167732773917058, -1.028459821428499898 ) ) ;
#3964 = B_SPLINE_CURVE_WITH_KNOTS ( 'NONE', 3,
 ( #2223, #1604, #4556, #6887, #1640, #3981, #5169, #3443, #5780, #104, #679, #6463, #4288, #2451, #3597, #5477, #1333, #797, #5398, #4133, #1792, #3557, #3673, #6622 ),
 .UNSPECIFIED., .F., .F.,
 ( 4, 2, 2, 2, 2, 2, 2, 2, 2, 2, 2, 4 ),
 ( 0.000000000000000000, 0.002382811616131950885, 0.004765623232263901769, 0.005957029040329878296, 0.007148434848395853088, 0.009531246464527803539, 0.01072265227259377833, 0.01191405808065974792, 0.01429686969679169403, 0.01548827550485766709, 0.01667968131292364015, 0.01906249292905558279 ),
 .UNSPECIFIED. ) ;
#3965 = CARTESIAN_POINT ( 'NONE',  ( -0.4426908994316509638, -0.1912307700900786334, -0.4542999999999999261 ) ) ;
#3966 = CARTESIAN_POINT ( 'NONE',  ( -0.3201901383702035475, -0.4160776205162162733, -0.9639587215558895750 ) ) ;
#3967 = CARTESIAN_POINT ( 'NONE',  ( -0.3883130550966661931, 0.3408177411156220193, -0.6968313183964256474 ) ) ;
#3968 = DIRECTION ( 'NONE',  ( 0.8660254037844385966, 0.4999999999999998890, 0.000000000000000000 ) ) ;
#3969 = ORIENTED_EDGE ( 'NONE', *, *, #1691, .T. ) ;
#3970 = CARTESIAN_POINT ( 'NONE',  ( 0.5141823962144129734, 0.01683598986905864708, -0.6525591320728458822 ) ) ;
#3971 = CARTESIAN_POINT ( 'NONE',  ( 0.1998339053644320185, -0.4826177650569601907, -0.7433035714285325390 ) ) ;
#3972 = CARTESIAN_POINT ( 'NONE',  ( 0.4445416700331084048, -0.2770513244490528937, -0.9527633992986205280 ) ) ;
#3973 = CARTESIAN_POINT ( 'NONE',  ( 0.2107605909360659724, 0.4642524581297052255, -0.5048440257697500710 ) ) ;
#3974 = B_SPLINE_CURVE_WITH_KNOTS ( 'NONE', 3,
 ( #6441, #4031, #2277, #1197, #2958, #5797, #1076, #3418, #4608, #5834, #6937, #1040, #1692, #1114, #2200, #2888, #7555, #582, #2922, #5258, #6, #4681, #7445, #3385, #7011, #6863, #695, #160, #2550, #2427, #2511, #6070, #771, #4876, #6026, #3038, #4761, #4187, #2467, #3649, #6518, #4150, #7209, #813, #1965, #4798, #733 ),
 .UNSPECIFIED., .F., .F.,
 ( 4, 2, 2, 2, 2, 2, 2, 2, 2, 2, 2, 2, 2, 2, 2, 2, 2, 2, 1, 2, 2, 2, 2, 4 ),
 ( 0.07263002384032396508, 0.07518931480176371807, 0.07646896028248359456, 0.07774860576320347105, 0.08030789672464322404, 0.08286718768608297703, 0.08542647864752273001, 0.08670612412824260651, 0.08798576960896248300, 0.09054506057040223599, 0.09310435153184198898, 0.09438399701256186547, 0.09566364249328174196, 0.09822293345472149495, 0.09950257893544137144, 0.1007822244161612479, 0.1033415153776010009, 0.1046211608583208774, 0.1059008063390407539, 0.1071804518197606443, 0.1084600973004805208, 0.1110193882619202876, 0.1122990337426401641, 0.1135786792233600406 ),
 .UNSPECIFIED. ) ;
#3975 = CARTESIAN_POINT ( 'NONE',  ( -0.4440626986895109818, 0.1588197069672738493, -0.5083705357142939141 ) ) ;
#3976 = B_SPLINE_CURVE_WITH_KNOTS ( 'NONE', 3,
 ( #978, #258, #6807, #3831, #947, #5658, #6169, #3900, #3257, #3323, #5593, #6659, #5021, #2717, #3291, #5054, #4478, #1560, #6090, #2568, #4897, #7228, #1986, #1411, #831, #3179, #2607, #3383, #1690, #6899, #4642, #5182, #7554, #4030, #4607, #6361, #4534, #5219, #6972, #1729, #2779, #4067, #6400, #467, #4, #6292, #6862, #3533, #1155, #2814 ),
 .UNSPECIFIED., .F., .F.,
 ( 4, 2, 2, 2, 2, 2, 2, 2, 2, 2, 2, 2, 2, 2, 2, 2, 2, 2, 2, 2, 2, 2, 2, 2, 4 ),
 ( 0.4861569062845177425, 0.4887723129570491487, 0.4900800162933148241, 0.4913877196295804994, 0.4940031263021119057, 0.4953108296383775810, 0.4966185329746433119, 0.4992339396471746626, 0.5005416429834403935, 0.5018493463197060134, 0.5031570496559717443, 0.5044647529922374751, 0.5070801596647688259, 0.5096955663373002876, 0.5123109730098316383, 0.5136186763460973692, 0.5149263796823629891, 0.5162340830186287199, 0.5175417863548944508, 0.5201571930274258015, 0.5214648963636915324, 0.5227725996999571523, 0.5253880063724886140, 0.5266957097087542339, 0.5280034130450199648 ),
 .UNSPECIFIED. ) ;
#3977 = CARTESIAN_POINT ( 'NONE',  ( -0.4708571392497656882, 0.06977929977942448625, -0.6668526785713798644 ) ) ;
#3978 = CARTESIAN_POINT ( 'NONE',  ( 0.4445753401684148787, 0.2762566743438608641, -0.9401079512276994121 ) ) ;
#3979 = CARTESIAN_POINT ( 'NONE',  ( -0.4773519836483706147, -0.07087511984345350180, -0.8777901785713653204 ) ) ;
#3980 = CARTESIAN_POINT ( 'NONE',  ( -0.2316602874443965121, -0.4603862398189901284, -0.4651227678571578372 ) ) ;
#3981 = CARTESIAN_POINT ( 'NONE',  ( 0.2172139638626587044, 0.4363645844321988321, -0.9544595433126981110 ) ) ;
#3982 = CARTESIAN_POINT ( 'NONE',  ( -0.2633263046610354041, 0.3942053959111624928, -0.6049107142857670372 ) ) ;
#3983 = DIRECTION ( 'NONE',  ( 0.000000000000000000, 0.000000000000000000, 1.000000000000000000 ) ) ;
#3984 = CARTESIAN_POINT ( 'NONE',  ( 0.4675556224548276241, 0.1050602300695345492, -0.7519531250000552891 ) ) ;
#3985 = CARTESIAN_POINT ( 'NONE',  ( -0.4848783259666936130, 0.1827560601416673980, -0.7719538256700083645 ) ) ;
#3986 = CARTESIAN_POINT ( 'NONE',  ( 0.3596988263046980716, -0.3103590303626230229, -0.6375558035713929650 ) ) ;
#3987 = EDGE_CURVE ( 'NONE', #5554, #3035, #3128, .T. ) ;
#3988 = DIRECTION ( 'NONE',  ( 0.03112001302226621510, 3.811102433714226808E-18, -0.9995156550997557066 ) ) ;
#3989 = CARTESIAN_POINT ( 'NONE',  ( 0.3930947956985718639, -0.2627306649147315709, -0.5468749999999866773 ) ) ;
#3990 = CARTESIAN_POINT ( 'NONE',  ( -0.3741224406556124538, 0.3562861436794966807, -0.5599888392857087505 ) ) ;
#3991 = CARTESIAN_POINT ( 'NONE',  ( 0.3699809169474345683, 0.3700817804591322591, -0.7187500000000229816 ) ) ;
#3992 = CARTESIAN_POINT ( 'NONE',  ( 0.4028436464053080646, 0.2551750533722648151, -0.6766183035714326000 ) ) ;
#3993 = ORIENTED_EDGE ( 'NONE', *, *, #1126, .F. ) ;
#3994 = DIRECTION ( 'NONE',  ( 0.000000000000000000, 0.000000000000000000, 1.000000000000000000 ) ) ;
#3995 = CARTESIAN_POINT ( 'NONE',  ( -0.3970717995527425770, -4.928547240401697559E-20, 0.004529409175434031751 ) ) ;
#3996 = CARTESIAN_POINT ( 'NONE',  ( -0.2388598959372314756, -0.4215201947673003491, -0.9388950892857297337 ) ) ;
#3997 = ORIENTED_EDGE ( 'NONE', *, *, #7400, .F. ) ;
#3998 = ORIENTED_EDGE ( 'NONE', *, *, #7074, .T. ) ;
#3999 = CARTESIAN_POINT ( 'NONE',  ( -0.4940231743653917262, 0.1324459274344632342, -0.5565470666924001719 ) ) ;
#4000 = CARTESIAN_POINT ( 'NONE',  ( 0.4322767283452751408, -0.2175158209821219102, -0.9026227678571745461 ) ) ;
#4001 = CARTESIAN_POINT ( 'NONE',  ( -0.4692574399900652504, -6.415298073065087018E-05, -0.4508928571428433285 ) ) ;
#4002 = CARTESIAN_POINT ( 'NONE',  ( -0.4746923016459059230, -0.02699827745788318731, -0.4543000000000000371 ) ) ;
#4003 = CARTESIAN_POINT ( 'NONE',  ( 0.3046170753669416031, -0.4259978052766213996, -0.9494462345441188056 ) ) ;
#4004 = CARTESIAN_POINT ( 'NONE',  ( -0.01639905967850506172, 0.5205590332455420910, -0.8567850937414566159 ) ) ;
#4005 = CARTESIAN_POINT ( 'NONE',  ( -0.5155367701363869903, -0.01677478190917827336, -0.6960590476064171250 ) ) ;
#4006 = ORIENTED_EDGE ( 'NONE', *, *, #5117, .F. ) ;
#4007 = CARTESIAN_POINT ( 'NONE',  ( 0.08389357319171134031, -0.5103446427763076443, -0.7403644215621442148 ) ) ;
#4008 = CARTESIAN_POINT ( 'NONE',  ( -0.1520332732446312285, 0.5009407493303075221, -0.7801339285713988492 ) ) ;
#4009 = CARTESIAN_POINT ( 'NONE',  ( 0.2617178440135524142, -0.4539414740738058063, -0.9583380322051615607 ) ) ;
#4010 = CARTESIAN_POINT ( 'NONE',  ( -0.4638210664303423214, 0.2103751640425218505, -0.4869822885523329425 ) ) ;
#4011 = CARTESIAN_POINT ( 'NONE',  ( 0.4934658016646607526, 0.1672235943311627948, -0.8635026399724945456 ) ) ;
#4012 = CARTESIAN_POINT ( 'NONE',  ( -0.4572880129278245054, -0.1144822020841545218, -0.5016741071428562071 ) ) ;
#4013 = CARTESIAN_POINT ( 'NONE',  ( 0.3610847731561290797, 0.3113928762997449917, -0.6928013392857366171 ) ) ;
#4014 = CARTESIAN_POINT ( 'NONE',  ( 0.2141096447508677447, 0.4211999808749552487, -0.4542999999999994820 ) ) ;
#4015 = CARTESIAN_POINT ( 'NONE',  ( 0.4553803764606735305, 0.1628716086220740877, -0.9112723214286020390 ) ) ;
#4016 = CARTESIAN_POINT ( 'NONE',  ( -0.5144011818727444174, 0.03801119044449435130, -0.4785156249999737987 ) ) ;
#4017 = CARTESIAN_POINT ( 'NONE',  ( 0.4532241843325606756, 0.1254907279870803027, -0.4656808035714203875 ) ) ;
#4018 = ADVANCED_FACE ( 'NONE', ( #5383 ), #127, .T. ) ;
#4019 = CARTESIAN_POINT ( 'NONE',  ( 0.3187244163098783001, 0.3515673309575662042, -0.6199776785714831151 ) ) ;
#4020 = CARTESIAN_POINT ( 'NONE',  ( -0.07389241617699113251, 0.4628787084114856509, -0.4542999999999999261 ) ) ;
#4021 = CARTESIAN_POINT ( 'NONE',  ( -0.1280671822486492417, -0.4625438361297427026, -0.7753906250000381917 ) ) ;
#4022 = CARTESIAN_POINT ( 'NONE',  ( 0.03425528001533333783, 0.5174999797709636251, -0.7864659456909716129 ) ) ;
#4023 = CARTESIAN_POINT ( 'NONE',  ( -0.4746268611335855980, -0.03507579411697503424, -0.6643415178571191460 ) ) ;
#4024 = CARTESIAN_POINT ( 'NONE',  ( 0.2070617951746782093, -0.4376407160475773162, -0.9280133928570656332 ) ) ;
#4025 = CARTESIAN_POINT ( 'NONE',  ( 0.1268295739884234830, -0.4580596570296101011, -0.6263950892856257058 ) ) ;
#4026 = CARTESIAN_POINT ( 'NONE',  ( 0.3820125878172911937, -0.3461411667199756903, -0.5239955357142992431 ) ) ;
#4027 = CARTESIAN_POINT ( 'NONE',  ( -0.4724178574458431368, 0.2235115685134918817, -0.6969866071428679755 ) ) ;
#4028 = CARTESIAN_POINT ( 'NONE',  ( -0.2655187364125495830, -0.3972662417496815590, -0.7075892857142732639 ) ) ;
#4029 = VERTEX_POINT ( 'NONE', #3657 ) ;
#4030 = CARTESIAN_POINT ( 'NONE',  ( -0.3043327206889184233, -0.4243036488964987418, -0.8999306834798086463 ) ) ;
#4031 = CARTESIAN_POINT ( 'NONE',  ( 0.5100118430174133133, -0.03372416923102802833, -0.5186088921470184410 ) ) ;
#4032 = CARTESIAN_POINT ( 'NONE',  ( -0.4201279954341782807, 0.2379237705218107679, -0.8853236607144018278 ) ) ;
#4033 = EDGE_LOOP ( 'NONE', ( #1656, #218, #3312, #3969, #3000, #692, #5756, #584, #3470 ) ) ;
#4034 = ORIENTED_EDGE ( 'NONE', *, *, #1967, .T. ) ;
#4035 = CARTESIAN_POINT ( 'NONE',  ( 0.2960983582164111172, 0.3793143542354825426, -0.8155691964286061468 ) ) ;
#4036 = CARTESIAN_POINT ( 'NONE',  ( -0.2967157185285286825, 0.4439355339518568644, -1.060267857142935144 ) ) ;
#4037 = CARTESIAN_POINT ( 'NONE',  ( 0.000000000000000000, 0.000000000000000000, 1.189999999999999947 ) ) ;
#4038 = CARTESIAN_POINT ( 'NONE',  ( 0.2156413370546477193, -0.4773282469329391819, -0.9516794077415056119 ) ) ;
#4039 = EDGE_CURVE ( 'NONE', #300, #4533, #1399, .T. ) ;
#4040 = FACE_OUTER_BOUND ( 'NONE', #4646, .T. ) ;
#4041 = CARTESIAN_POINT ( 'NONE',  ( -0.2115743719179042637, 0.4684395431690584477, -0.6380343043473997167 ) ) ;
#4042 = CARTESIAN_POINT ( 'NONE',  ( -0.4799755041077206630, 0.08334728699619471659, -1.024274553571490998 ) ) ;
#4043 = CARTESIAN_POINT ( 'NONE',  ( -0.3159129969868895160, -0.4109112789224862450, -0.7496677770508227701 ) ) ;
#4044 = CARTESIAN_POINT ( 'NONE',  ( -0.1394461082328204427, -0.5036407852236167715, -0.7508370535715135352 ) ) ;
#4045 = CARTESIAN_POINT ( 'NONE',  ( 0.3637531680933525080, -0.2986027829753186147, -0.4944196428571226987 ) ) ;
#4047 = CARTESIAN_POINT ( 'NONE',  ( 0.5107218336211506449, -0.1278552002133084842, -0.8755580357142842551 ) ) ;
#4046 = CARTESIAN_POINT ( 'NONE',  ( -0.5042043918905054767, -0.08349561158274458605, -0.5439210407748309439 ) ) ;
#4048 = DIRECTION ( 'NONE',  ( -1.000000000000000000, 0.000000000000000000, 0.000000000000000000 ) ) ;
#4049 = CARTESIAN_POINT ( 'NONE',  ( -0.1141968414364573636, 0.4556350640466726998, -0.4481026785714186667 ) ) ;
#4050 = CARTESIAN_POINT ( 'NONE',  ( -0.2354512820708120902, -0.4157620928107449432, -0.7246093749999715783 ) ) ;
#4051 = CARTESIAN_POINT ( 'NONE',  ( -0.3917827471959484664, -0.3431962242068366531, -0.8311064073518334983 ) ) ;
#4052 = CARTESIAN_POINT ( 'NONE',  ( -0.2482600195656234632, 0.4143177069192874873, -0.8911830357143242232 ) ) ;
#4053 = CARTESIAN_POINT ( 'NONE',  ( -0.3554994412788370917, -0.3732963607070142742, -0.4684709821429059451 ) ) ;
#4054 = CARTESIAN_POINT ( 'NONE',  ( -6.054729774440594810E-05, -0.4709301890434953730, -0.4866071428570537538 ) ) ;
#4055 = EDGE_CURVE ( 'NONE', #7300, #6079, #1394, .T. ) ;
#4056 = CARTESIAN_POINT ( 'NONE',  ( -0.2616972358483062866, -0.3917735127415378771, -0.5111607142857123032 ) ) ;
#4057 = FACE_OUTER_BOUND ( 'NONE', #2519, .T. ) ;
#4058 = CARTESIAN_POINT ( 'NONE',  ( 0.3038102529807573671, 0.3702970217391249874, -0.7444196428571454582 ) ) ;
#4059 = CARTESIAN_POINT ( 'NONE',  ( -0.3780682295408063220, 0.3545614209252375693, -0.7764213342368192494 ) ) ;
#4060 = CARTESIAN_POINT ( 'NONE',  ( -0.3959456982310443629, 0.2644842006975470228, -0.6718749999999483746 ) ) ;
#4061 = CARTESIAN_POINT ( 'NONE',  ( 0.4836167842110090653, -0.01180602914955508100, -0.9154575892857671482 ) ) ;
#4062 = CARTESIAN_POINT ( 'NONE',  ( -0.1595012373784168991, -0.4455954451932842009, -0.5619419642857266251 ) ) ;
#4063 = CARTESIAN_POINT ( 'NONE',  ( -0.4407840870728591542, -0.2642775178018670346, -0.4737723214285565754 ) ) ;
#4064 = CARTESIAN_POINT ( 'NONE',  ( 0.1761756347143376977, 0.4925895573923282367, -0.7137276785714511407 ) ) ;
#4065 = CARTESIAN_POINT ( 'NONE',  ( 0.3370908056066407310, 0.3371829433087347172, -0.6741071428570600821 ) ) ;
#4066 = ORIENTED_EDGE ( 'NONE', *, *, #201, .T. ) ;
#4067 = CARTESIAN_POINT ( 'NONE',  ( -0.4685070530042227399, -0.2309541393201221815, -0.9055060992181891422 ) ) ;
#4068 = AXIS2_PLACEMENT_3D ( 'NONE', #618, #3075, #3573 ) ;
#4069 = DIRECTION ( 'NONE',  ( 0.000000000000000000, 0.000000000000000000, 1.000000000000000000 ) ) ;
#4070 = CARTESIAN_POINT ( 'NONE',  ( -0.1060654674356154431, -0.4726329355099402330, -0.9355468749999884537 ) ) ;
#4071 = ORIENTED_EDGE ( 'NONE', *, *, #4928, .T. ) ;
#4072 = ORIENTED_EDGE ( 'NONE', *, *, #2868, .T. ) ;
#4073 = CARTESIAN_POINT ( 'NONE',  ( 0.3869074686967044485, -0.2870273038974470170, -0.8331473214284439432 ) ) ;
#4074 = CARTESIAN_POINT ( 'NONE',  ( 0.1899351384317435887, -0.4283287293464255741, -0.4282924107143143422 ) ) ;
#4075 = CARTESIAN_POINT ( 'NONE',  ( 0.000000000000000000, 0.000000000000000000, 0.7139999999999999680 ) ) ;
#4076 = CONICAL_SURFACE ( 'NONE', #6517, 0.3974999999999999090, 0.09425767512363218692 ) ;
#4077 = AXIS2_PLACEMENT_3D ( 'NONE', #6146, #5608, #2733 ) ;
#4078 = CARTESIAN_POINT ( 'NONE',  ( -0.3474536884537464121, 0.4850009641029817131, -0.9750000000000004219 ) ) ;
#4079 = CARTESIAN_POINT ( 'NONE',  ( 0.5937500000000001110, -0.3148834599923118205, -0.06997230286361937057 ) ) ;
#4080 = CARTESIAN_POINT ( 'NONE',  ( -0.03305047005472686039, 0.5130686772787590444, -0.6421239184692355551 ) ) ;
#4081 = AXIS2_PLACEMENT_3D ( 'NONE', #2595, #6606, #4194 ) ;
#4082 = VERTEX_POINT ( 'NONE', #2634 ) ;
#4083 = ADVANCED_FACE ( 'NONE', ( #1477 ), #297, .F. ) ;
#4084 = CARTESIAN_POINT ( 'NONE',  ( 0.4300461887790641979, -0.2877713807749118224, -0.7310656915433321190 ) ) ;
#4085 = CARTESIAN_POINT ( 'NONE',  ( 0.5191675213225935837, -0.06845882313622254911, -0.9479182004775135173 ) ) ;
#4087 = CARTESIAN_POINT ( 'NONE',  ( -0.2253034620521403575, -0.4765321396870065285, -0.8956473214285638473 ) ) ;
#4086 = CARTESIAN_POINT ( 'NONE',  ( 0.5142172432355897049, -0.03375436622558824346, -0.6536783521443479961 ) ) ;
#4088 = AXIS2_PLACEMENT_3D ( 'NONE', #2297, #1137, #564 ) ;
#4089 = CARTESIAN_POINT ( 'NONE',  ( -0.01634893257813761422, 0.5203184237960697400, -0.8490032863326445467 ) ) ;
#4090 = CARTESIAN_POINT ( 'NONE',  ( -0.04600403777754193818, -0.4664720828234458216, -0.4162946428571468460 ) ) ;
#4091 = CARTESIAN_POINT ( 'NONE',  ( -0.03507272388311706568, -0.4763565048480651876, -0.7195870535713527749 ) ) ;
#4092 = DIRECTION ( 'NONE',  ( -0.000000000000000000, -1.047310526070460688E-16, 1.000000000000000000 ) ) ;
#4093 = CARTESIAN_POINT ( 'NONE',  ( 0.2960983582192410757, 0.3793143542386331335, -0.8334263392857043096 ) ) ;
#4094 = CARTESIAN_POINT ( 'NONE',  ( -0.4332464836179709122, 0.3052102320762111187, -0.9868861607142701553 ) ) ;
#4095 = CARTESIAN_POINT ( 'NONE',  ( -0.2968749999999998335, -0.5142025834970106457, -0.02500000000000000139 ) ) ;
#4096 = CARTESIAN_POINT ( 'NONE',  ( -0.3788482343451331502, 0.2810485112964133392, -0.5295758928571113744 ) ) ;
#4097 = PERSON_AND_ORGANIZATION ( #5341, #159 ) ;
#4098 = CARTESIAN_POINT ( 'NONE',  ( -0.4553342712769171130, -0.1381920935572363562, -0.6439732142857095276 ) ) ;
#4099 = CARTESIAN_POINT ( 'NONE',  ( -0.3894346771861059708, 0.3420260859908037521, -0.7760492944624847178 ) ) ;
#4100 = CARTESIAN_POINT ( 'NONE',  ( -0.3802728836044667604, -0.2821101619208866151, -0.5864955357142875858 ) ) ;
#4101 = CARTESIAN_POINT ( 'NONE',  ( -0.1060654674356154431, -0.4726329355099402330, -0.9355468749999884537 ) ) ;
#4102 = CARTESIAN_POINT ( 'NONE',  ( 0.4677923166222553442, 0.08110769772775119901, -0.6096540178571386859 ) ) ;
#4103 = CARTESIAN_POINT ( 'NONE',  ( -0.1734181571378558273, 0.4844630153805510875, -0.4938616071428794663 ) ) ;
#4104 = CARTESIAN_POINT ( 'NONE',  ( 0.1512734149391563310, 0.4984502074146772710, -0.6417410714285409767 ) ) ;
#4105 = CARTESIAN_POINT ( 'NONE',  ( 0.2352744658881464057, -0.4154421048238489678, -0.6950334821427918142 ) ) ;
#4106 = ORIENTED_EDGE ( 'NONE', *, *, #1515, .F. ) ;
#4107 = CARTESIAN_POINT ( 'NONE',  ( -0.4999662330325614912, -0.1161220320861309219, -0.6146218303962565077 ) ) ;
#4108 = PLANE ( 'NONE',  #7014 ) ;
#4109 = DIRECTION ( 'NONE',  ( 0.000000000000000000, 0.000000000000000000, -1.000000000000000000 ) ) ;
#4110 = CARTESIAN_POINT ( 'NONE',  ( -0.4478541853017827812, -0.1854397607523199099, -0.9464285714285093354 ) ) ;
#4111 = EDGE_LOOP ( 'NONE', ( #2132, #3658 ) ) ;
#4112 = CARTESIAN_POINT ( 'NONE',  ( -0.4292316887638097933, 0.2161262924806324204, -0.7954799107142899173 ) ) ;
#4113 = CARTESIAN_POINT ( 'NONE',  ( -0.07844396094872209402, 0.5283303799363748832, -1.065290178571427493 ) ) ;
#4114 = PRODUCT_DEFINITION_SHAPE ( 'NONE', 'NONE',  #2201 ) ;
#4115 = CARTESIAN_POINT ( 'NONE',  ( 0.3909836592347026296, -0.3243539906463591138, -0.4542999999999998706 ) ) ;
#4116 = CARTESIAN_POINT ( 'NONE',  ( 0.5163808857483370707, -0.08560500461643294479, -0.9405111599324037508 ) ) ;
#4117 = EDGE_CURVE ( 'NONE', #6911, #6698, #5614, .T. ) ;
#4118 = CARTESIAN_POINT ( 'NONE',  ( -0.3975000000000000755, 0.000000000000000000, 0.4759999999999999787 ) ) ;
#4119 = CARTESIAN_POINT ( 'NONE',  ( 0.2462963115462536989, 0.5434042028910390787, -0.9750000000000001998 ) ) ;
#4120 = FACE_OUTER_BOUND ( 'NONE', #7528, .T. ) ;
#4121 = CARTESIAN_POINT ( 'NONE',  ( 0.1338548646821408061, 0.4971349085249119337, -0.6380663766106261514 ) ) ;
#4122 = CARTESIAN_POINT ( 'NONE',  ( 0.06805485635290904611, -0.5196900306823948323, -0.9628044807121142190 ) ) ;
#4124 = CARTESIAN_POINT ( 'NONE',  ( 0.5157195236404108485, 0.1157388043921550452, -0.9416852678571596691 ) ) ;
#4123 = CARTESIAN_POINT ( 'NONE',  ( -0.1659323507468825065, -0.4885772222627106642, -0.6745080083889052336 ) ) ;
#4125 = EDGE_CURVE ( 'NONE', #7051, #5905, #3144, .T. ) ;
#4126 = CARTESIAN_POINT ( 'NONE',  ( -0.04844357981370830263, -0.6576345308167268477, -0.06188375106408518928 ) ) ;
#4127 = CARTESIAN_POINT ( 'NONE',  ( -0.3234176763844118785, -0.3396087773673515109, -0.4238281250000153766 ) ) ;
#4128 = CIRCLE ( 'NONE', #5353, 0.3750000000000001110 ) ;
#4129 = CARTESIAN_POINT ( 'NONE',  ( 0.2652894227269024796, -0.3969162600390604978, -0.7120535714286190254 ) ) ;
#4130 = CARTESIAN_POINT ( 'NONE',  ( -0.5025029640402454145, -0.1344664174105157095, -0.8363126488494708743 ) ) ;
#4131 = CARTESIAN_POINT ( 'NONE',  ( 0.1284915543298446039, -0.4645413264539156040, -0.8585379464285110007 ) ) ;
#4132 = CARTESIAN_POINT ( 'NONE',  ( -0.5110466921425828035, -0.08451601231723200602, -0.7659932854809586855 ) ) ;
#4133 = CARTESIAN_POINT ( 'NONE',  ( 0.4782206146685072934, 0.1227832486531139355, -0.9607513479566798242 ) ) ;
#4134 = CARTESIAN_POINT ( 'NONE',  ( 0.1480461018509633131, 0.4483476891692170230, -0.5438058035714294913 ) ) ;
#4135 = EDGE_CURVE ( 'NONE', #5905, #1657, #393, .T. ) ;
#4136 = APPROVAL_STATUS ( 'not_yet_approved' ) ;
#4137 = CARTESIAN_POINT ( 'NONE',  ( -0.3907348186981124405, -0.2752663856130226350, -0.7117745535713775329 ) ) ;
#4138 = CARTESIAN_POINT ( 'NONE',  ( -0.4044098716038219132, 0.3106411206580445561, -0.4818057412821029617 ) ) ;
#4139 = CARTESIAN_POINT ( 'NONE',  ( -0.1595012373834453767, -0.4455954451905546065, -0.5797991071428503229 ) ) ;
#4140 = CARTESIAN_POINT ( 'NONE',  ( 0.3883321179590840111, 0.2880889545247433126, -0.9079241071428570953 ) ) ;
#4141 = CARTESIAN_POINT ( 'NONE',  ( 0.5056224082951014109, 0.08326611604898144503, -0.5874288736752945050 ) ) ;
#4142 = CARTESIAN_POINT ( 'NONE',  ( 0.3668206688498097390, 0.3011258487487011304, -0.6037946428571624446 ) ) ;
#4143 = CARTESIAN_POINT ( 'NONE',  ( -0.5063567096841707915, -0.1007923820859342873, -0.5491071428571326907 ) ) ;
#4144 = CARTESIAN_POINT ( 'NONE',  ( -0.5937499999999998890, -0.3428017223313405415, -0.07803161100199272615 ) ) ;
#4145 = CARTESIAN_POINT ( 'NONE',  ( 0.5134413897244073377, 0.07623336961492292729, -0.5831473214285918250 ) ) ;
#4146 = CARTESIAN_POINT ( 'NONE',  ( -0.07014986274007754818, -0.4724932235687603344, -0.7025669642857648167 ) ) ;
#4147 = VERTEX_POINT ( 'NONE', #4220 ) ;
#4148 = CARTESIAN_POINT ( 'NONE',  ( 4.536708908234267898E-17, -0.3704503952807374212, 1.184999999999999831 ) ) ;
#4149 = CARTESIAN_POINT ( 'NONE',  ( -0.01143862547861447532, -0.4685690681653377210, -0.4333147321428389431 ) ) ;
#4150 = CARTESIAN_POINT ( 'NONE',  ( -0.4946464428583016715, -0.1325257355967572881, -0.5505943906573805835 ) ) ;
#4151 = CARTESIAN_POINT ( 'NONE',  ( -0.4439922825310135823, 0.1838365656350649524, -0.8124999999999192868 ) ) ;
#4152 = ORIENTED_EDGE ( 'NONE', *, *, #1031, .F. ) ;
#4153 = CARTESIAN_POINT ( 'NONE',  ( 6.187824578630575663E-05, 0.4809649893716224089, -0.8080357142857388375 ) ) ;
#4154 = CARTESIAN_POINT ( 'NONE',  ( -0.5235155937240199009, -0.09076899040580842237, -0.9757254464286830853 ) ) ;
#4155 = CARTESIAN_POINT ( 'NONE',  ( -0.005504202772536000154, 0.4848242714359860539, -0.9507631734300900916 ) ) ;
#4156 = CARTESIAN_POINT ( 'NONE',  ( 4.862727083539455210E-17, -0.3970717995527425215, 0.004529409175433990117 ) ) ;
#4157 = CARTESIAN_POINT ( 'NONE',  ( -0.3131059162147339925, 0.4085705590294486100, -0.6354237070432657841 ) ) ;
#4158 = VERTEX_POINT ( 'NONE', #3644 ) ;
#4159 = CARTESIAN_POINT ( 'NONE',  ( -0.3859415823563016601, 0.3388934190784184675, -0.6254094770688130023 ) ) ;
#4160 = CARTESIAN_POINT ( 'NONE',  ( 0.1353433792234347843, -0.5071619594917295970, -0.9613184312326691350 ) ) ;
#4162 = CARTESIAN_POINT ( 'NONE',  ( 0.4397497036983296081, -0.2937446983939008271, -0.9508928571428272303 ) ) ;
#4161 = CARTESIAN_POINT ( 'NONE',  ( 0.1653828111202279294, -0.4876313965228172842, -0.6670696452605231475 ) ) ;
#4163 = CARTESIAN_POINT ( 'NONE',  ( 0.4876451912861655136, 0.1834710562432975700, -0.8631247078189591138 ) ) ;
#4164 = CARTESIAN_POINT ( 'NONE',  ( 0.1253894902473201567, 0.4528728907303901097, -0.4539620535714158356 ) ) ;
#4165 = CARTESIAN_POINT ( 'NONE',  ( -0.09462684471752501325, 0.4760414356088826238, -0.9486607142857680364 ) ) ;
#4166 = CARTESIAN_POINT ( 'NONE',  ( -0.4498966539698424083, 0.1486899497396931003, -0.5973772321428677534 ) ) ;
#4167 = CARTESIAN_POINT ( 'NONE',  ( -0.4868642443156019350, -0.1830662674071994456, -0.8351954914844661459 ) ) ;
#4168 = CARTESIAN_POINT ( 'NONE',  ( -0.1280671822420552664, -0.4625438361323064851, -0.7932477678570669655 ) ) ;
#4169 = CARTESIAN_POINT ( 'NONE',  ( -0.3420611161224648145, -0.3897640380044503639, -0.7581875912507787252 ) ) ;
#4170 = CARTESIAN_POINT ( 'NONE',  ( -0.4626408039574467779, 0.1527658066310271234, -1.008091517857169217 ) ) ;
#4171 = CARTESIAN_POINT ( 'NONE',  ( 0.1807532922400049979, 0.4362183971135784044, -0.5446428571428343357 ) ) ;
#4172 = PERSON_AND_ORGANIZATION_ROLE ( 'design_supplier' ) ;
#4173 = CARTESIAN_POINT ( 'NONE',  ( 0.07013825607277052177, -0.4723889869104465067, -0.6992187499999626965 ) ) ;
#4174 = CARTESIAN_POINT ( 'NONE',  ( 0.2106687393904143613, 0.4640279305286879596, -0.4970622267045663456 ) ) ;
#4175 = CARTESIAN_POINT ( 'NONE',  ( 0.4713526505916857956, -0.03470428470154140327, -0.5588727678571089319 ) ) ;
#4176 = CARTESIAN_POINT ( 'NONE',  ( -0.4813603591018774663, 0.03544116306645722636, -0.8803013392857111930 ) ) ;
#4177 = CARTESIAN_POINT ( 'NONE',  ( -0.1642733350902125800, 0.4847402792021021090, -0.5677139939473085928 ) ) ;
#4178 = EDGE_CURVE ( 'NONE', #1732, #6647, #5982, .T. ) ;
#4179 = CARTESIAN_POINT ( 'NONE',  ( 0.3847844316289411037, -0.2709170893968962934, -0.4757254464285232132 ) ) ;
#4180 = CARTESIAN_POINT ( 'NONE',  ( -0.1375290113360752020, -0.4972297160542285543, -0.5365513392857252928 ) ) ;
#4181 = CARTESIAN_POINT ( 'NONE',  ( 0.1714436101237994114, -0.5866204302068636078, -0.9653030983791777153 ) ) ;
#4182 = CARTESIAN_POINT ( 'NONE',  ( 0.4515555263302336586, 0.2557261399765440868, -0.5789620535714135041 ) ) ;
#4183 = CARTESIAN_POINT ( 'NONE',  ( 0.2240723592123805563, -0.4190721311299638874, -0.6238839285714383731 ) ) ;
#4184 = ORIENTED_EDGE ( 'NONE', *, *, #1505, .F. ) ;
#4185 = DIRECTION ( 'NONE',  ( -3.984589072489771823E-16, 1.000000000000000000, 0.000000000000000000 ) ) ;
#4186 = CARTESIAN_POINT ( 'NONE',  ( 0.3595493920964297208, -0.2982069602533060082, -0.4230500016465126856 ) ) ;
#4187 = CARTESIAN_POINT ( 'NONE',  ( -0.4426668443642757800, -0.2556547597007129413, -0.5476173581408467772 ) ) ;
#4188 = CARTESIAN_POINT ( 'NONE',  ( -0.4734057908370298828, 0.08207707631367756884, -0.8099888392857550468 ) ) ;
#4189 = CARTESIAN_POINT ( 'NONE',  ( -0.4198080074472213541, -0.2377469543386093731, -0.8557477678570876156 ) ) ;
#4190 = CARTESIAN_POINT ( 'NONE',  ( 0.5162446944733187770, 0.07650962471990396807, -0.7282366071428414411 ) ) ;
#4191 = CARTESIAN_POINT ( 'NONE',  ( -0.02617279898251625644, 0.5312827233023968976, -0.9949776785715163108 ) ) ;
#4192 = CARTESIAN_POINT ( 'NONE',  ( -0.1845946737102000523, -0.4454888344207322270, -0.8482142857143244452 ) ) ;
#4193 = CARTESIAN_POINT ( 'NONE',  ( 0.09781752358033114769, -0.4985032247813610540, -0.4542999999999999816 ) ) ;
#4194 = DIRECTION ( 'NONE',  ( -1.000000000000000000, 0.000000000000000000, 0.000000000000000000 ) ) ;
#4195 = CARTESIAN_POINT ( 'NONE',  ( -0.2968749999999998335, -0.5142025834970106457, -0.9749999999999998668 ) ) ;
#4196 = CARTESIAN_POINT ( 'NONE',  ( 0.01715615173425481810, 0.5136356579454200988, -0.6354544781034747736 ) ) ;
#4197 = CARTESIAN_POINT ( 'NONE',  ( -0.1676501005367563857, 0.4887882681032075793, -0.9837486834250493972 ) ) ;
#4198 = CARTESIAN_POINT ( 'NONE',  ( -0.4020496047192625988, -4.928547240401228113E-20, 0.000000000000000000 ) ) ;
#4200 = CARTESIAN_POINT ( 'NONE',  ( -0.4872534930391415053, -0.2017533664618614830, -0.9040178571428147958 ) ) ;
#4199 = DIRECTION ( 'NONE',  ( -0.03112001302226621510, 0.000000000000000000, -0.9995156550997557066 ) ) ;
#4201 = CARTESIAN_POINT ( 'NONE',  ( -0.06704410843651752161, 0.5117196342707693857, -0.7050209248761227787 ) ) ;
#4202 = CONICAL_SURFACE ( 'NONE', #7501, 0.5327323696766466110, 0.7853981633974500554 ) ;
#4203 = CARTESIAN_POINT ( 'NONE',  ( 0.1578025547175888055, -0.4412073938493278336, -0.4112723214285498585 ) ) ;
#4204 = CARTESIAN_POINT ( 'NONE',  ( 0.4394378668840032698, -0.2079078415842287308, -0.9737723214286011508 ) ) ;
#4205 = CARTESIAN_POINT ( 'NONE',  ( -0.4064542090897973470, 0.2436903284721982643, -0.5998883928571336899 ) ) ;
#4206 = CARTESIAN_POINT ( 'NONE',  ( 0.1664395477565565051, -0.4922245425840323096, -0.8177196070375984949 ) ) ;
#4207 = AXIS2_PLACEMENT_3D ( 'NONE', #689, #7123, #4870 ) ;
#4208 = CARTESIAN_POINT ( 'NONE',  ( 0.4779522040518280335, -0.05888349784661253000, -0.8451450892857222952 ) ) ;
#4209 = CARTESIAN_POINT ( 'NONE',  ( -0.5290883853201947540, -0.02592401799649815194, -0.9793526785715056526 ) ) ;
#4210 = CARTESIAN_POINT ( 'NONE',  ( -0.07161198362848708587, 0.4823149803874896557, -1.020647321428661103 ) ) ;
#4211 = CARTESIAN_POINT ( 'NONE',  ( -0.1258164278002732450, 0.4548696710950083100, -0.5371093749999868994 ) ) ;
#4212 = EDGE_CURVE ( 'NONE', #6232, #4029, #4574, .T. ) ;
#4213 = CARTESIAN_POINT ( 'NONE',  ( -0.4442007300546838011, 0.1712773995181387232, -0.6515066964285525231 ) ) ;
#4214 = CARTESIAN_POINT ( 'NONE',  ( 0.5097227929904551980, 0.03361958246324255745, -0.5093251548026548337 ) ) ;
#4215 = CARTESIAN_POINT ( 'NONE',  ( 0.4713005271083567926, 0.03470428470153816974, -0.5571986607143193382 ) ) ;
#4216 = CARTESIAN_POINT ( 'NONE',  ( -0.1511925717025566496, -0.4578764323653473078, -0.8652343750000904832 ) ) ;
#4217 = CARTESIAN_POINT ( 'NONE',  ( -0.3496962595397962725, 0.3735107151564789896, -0.5628743127097598498 ) ) ;
#4218 = CARTESIAN_POINT ( 'NONE',  ( -0.1590467837162880538, 0.4443145059786672846, -0.5184151785714511407 ) ) ;
#4219 = CARTESIAN_POINT ( 'NONE',  ( -0.2630381156164884882, -0.4387243347299190632, -0.3967633928571860924 ) ) ;
#4220 = CARTESIAN_POINT ( 'NONE',  ( 0.000000000000000000, 0.3754282004472573875, 1.185470590824565962 ) ) ;
#4221 = CARTESIAN_POINT ( 'NONE',  ( -0.1751790992908942579, -0.4893938190870287253, -0.6065848214285888274 ) ) ;
#4222 = CARTESIAN_POINT ( 'NONE',  ( 0.1605093916054232128, 0.4487870262263024546, -0.6690848214285539663 ) ) ;
#4223 = DIRECTION ( 'NONE',  ( -1.000000000000000000, 0.000000000000000000, 0.000000000000000000 ) ) ;
#4224 = LINE ( 'NONE', #6557, #150 ) ;
#4225 = EDGE_CURVE ( 'NONE', #3035, #3739, #1753, .T. ) ;
#4226 = CARTESIAN_POINT ( 'NONE',  ( -0.4736913168885265590, -0.2142204611459654351, -0.8266746040299218778 ) ) ;
#4227 = CARTESIAN_POINT ( 'NONE',  ( -0.2055160745207055828, 0.4346719083524778204, -0.8208705357142842551 ) ) ;
#4228 = CARTESIAN_POINT ( 'NONE',  ( -0.09344706581549203084, 0.4694548912312309641, -0.7343749999999684697 ) ) ;
#4229 = CARTESIAN_POINT ( 'NONE',  ( 0.3308584156347711969, 0.4032642187436628056, -0.7198660714285752826 ) ) ;
#4230 = CARTESIAN_POINT ( 'NONE',  ( 7.231948446475433426E-05, -0.5308294520854626164, -0.9598214285713941862 ) ) ;
#4231 = CARTESIAN_POINT ( 'NONE',  ( 0.3407312515498344130, -0.3406381727269185977, -0.8348214285715563898 ) ) ;
#4232 = CARTESIAN_POINT ( 'NONE',  ( -0.06652939868105683940, 0.5081195834410160428, -0.5621651685513590069 ) ) ;
#4233 = CARTESIAN_POINT ( 'NONE',  ( 0.5135756362401250330, 0.03384655040822338867, -0.6599642970858103919 ) ) ;
#4234 = ORIENTED_EDGE ( 'NONE', *, *, #3760, .T. ) ;
#4235 = CARTESIAN_POINT ( 'NONE',  ( 0.2275347990124811370, 0.4609830453697383867, -0.6402869411175113878 ) ) ;
#4236 = CARTESIAN_POINT ( 'NONE',  ( -0.2333270785180102946, -0.4541775781197688877, -0.9776028787621848792 ) ) ;
#4237 = CARTESIAN_POINT ( 'NONE',  ( -0.4579460340125131035, 0.1027694595601050254, -0.4355468749999937828 ) ) ;
#4238 = CARTESIAN_POINT ( 'NONE',  ( -0.3829618257758067856, -0.3583210586004162423, -0.9735900700906252592 ) ) ;
#4240 = CARTESIAN_POINT ( 'NONE',  ( 0.4370608190316653263, 0.2919531618572784315, -0.7924107142857456099 ) ) ;
#4239 = CARTESIAN_POINT ( 'NONE',  ( 0.4967719428879989185, -0.1158353717786840681, -0.5126790790506603468 ) ) ;
#4241 = CARTESIAN_POINT ( 'NONE',  ( 0.3884798712886802230, 0.3402825050931786999, -0.7161821367328381482 ) ) ;
#4242 = EDGE_CURVE ( 'NONE', #2072, #4533, #6401, .T. ) ;
#4243 = CARTESIAN_POINT ( 'NONE',  ( -0.4693771541392603441, -0.1298291175889338400, -1.019252232142930259 ) ) ;
#4244 = CARTESIAN_POINT ( 'NONE',  ( 0.4741112617577262767, 0.1064011534926932456, -0.9662388392857312880 ) ) ;
#4245 = CARTESIAN_POINT ( 'NONE',  ( -0.05798557547356829323, -0.4696375379017618257, -0.5772879464285287643 ) ) ;
#4246 = CARTESIAN_POINT ( 'NONE',  ( 0.5937500000000000000, 0.05825790392586113059, -0.02624328821288479316 ) ) ;
#4247 = CARTESIAN_POINT ( 'NONE',  ( 0.3869074687003892232, -0.2870273039002685933, -0.8510044642857139685 ) ) ;
#4248 = CARTESIAN_POINT ( 'NONE',  ( -0.4110625946594057001, -0.3149054620409420524, -0.7604237561568045756 ) ) ;
#4249 = CARTESIAN_POINT ( 'NONE',  ( -0.4833825200194306060, -0.05968656474184284855, -1.003069196428498122 ) ) ;
#4250 = CARTESIAN_POINT ( 'NONE',  ( 0.1253894902387390486, 0.4528728907332336684, -0.4718191964285480267 ) ) ;
#4251 = CALENDAR_DATE ( 2026, 12, 1 ) ;
#4252 = CARTESIAN_POINT ( 'NONE',  ( -0.2138698181097148099, -0.4247503242115193700, -0.6347656250000567324 ) ) ;
#4253 = CARTESIAN_POINT ( 'NONE',  ( 0.4521701522199250145, 0.1371008270179588928, -0.5546875000000218714 ) ) ;
#4254 = CARTESIAN_POINT ( 'NONE',  ( 0.4813702649254542609, 0.01175500702502596181, -0.8434709821427956999 ) ) ;
#4255 = CARTESIAN_POINT ( 'NONE',  ( -0.2558769501898349730, 0.4441354401785264083, -0.5654876388337676252 ) ) ;
#4256 = CARTESIAN_POINT ( 'NONE',  ( 0.4713526505902435049, -0.03470428470798523485, -0.5410156250000018874 ) ) ;
#4257 = CARTESIAN_POINT ( 'NONE',  ( 0.5123767956641108734, 0.02524149669134826551, -0.4436383928571474566 ) ) ;
#4258 = CARTESIAN_POINT ( 'NONE',  ( 0.5144362988985016205, 4.922389911537055886E-13, -0.6607140035838842129 ) ) ;
#4259 = CARTESIAN_POINT ( 'NONE',  ( -0.07634239171272184932, 0.5151162699647006127, -0.6367187499999890088 ) ) ;
#4260 = CARTESIAN_POINT ( 'NONE',  ( -0.4759475892080097248, 6.121277130243353917E-05, -0.6473214285714495864 ) ) ;
#4261 = CARTESIAN_POINT ( 'NONE',  ( -0.4708571392479122264, 0.06977929978516635157, -0.6668526785714241623 ) ) ;
#4262 = FACE_OUTER_BOUND ( 'NONE', #555, .T. ) ;
#4263 = CARTESIAN_POINT ( 'NONE',  ( 0.5937500000000000000, 2.365849761790802529E-16, -0.9749999999999998668 ) ) ;
#4264 = CARTESIAN_POINT ( 'NONE',  ( 0.1338391543707344034, -0.5018437728952322985, -0.8106823435027932234 ) ) ;
#4265 = CARTESIAN_POINT ( 'NONE',  ( -0.1053024841930753353, 0.4692156279252726603, -0.8233816964285860518 ) ) ;
#4266 = CARTESIAN_POINT ( 'NONE',  ( -0.09356332601859662645, -0.4707106898516522642, -0.7745535714286638784 ) ) ;
#4267 = CARTESIAN_POINT ( 'NONE',  ( 0.1748701144551830233, 0.4889393464637258324, -0.6445312499999823475 ) ) ;
#4268 = CARTESIAN_POINT ( 'NONE',  ( 0.4812639185630692151, 0.2275448926515337422, -1.008370535714263161 ) ) ;
#4269 = CARTESIAN_POINT ( 'NONE',  ( -0.2478805035600842033, -0.4136917789735335416, -0.8498883928571041579 ) ) ;
#4270 = CARTESIAN_POINT ( 'NONE',  ( -0.3783731900850517138, -0.3415666188397940561, -0.4660090972912661056 ) ) ;
#4271 = B_SPLINE_CURVE_WITH_KNOTS ( 'NONE', 3,
 ( #6708, #3265, #228, #345, #1339, #2042, #3801, #5564, #5484, #190, #6747, #3840, #7200, #2115, #267, #7282, #3150, #5030, #881, #2691, #4955, #6179, #3759, #4374, #1501, #3227 ),
 .UNSPECIFIED., .F., .F.,
 ( 4, 2, 2, 2, 2, 2, 2, 2, 2, 2, 2, 2, 4 ),
 ( 7.781676043623018133E-05, 0.001327272023938803848, 0.002576727287441377568, 0.003826182550943951939, 0.005075637814446525009, 0.007574548341451670282, 0.008824003604954243352, 0.01007345886845681382, 0.01257236939546196169, 0.01507127992246710783, 0.01632073518596968351, 0.01757019044947225744, 0.02006910097647740532 ),
 .UNSPECIFIED. ) ;
#4272 = CARTESIAN_POINT ( 'NONE',  ( 0.1963463645752013542, -0.5722428182207834890, -0.03005419327487837688 ) ) ;
#4273 = VERTEX_POINT ( 'NONE', #4258 ) ;
#4274 = CARTESIAN_POINT ( 'NONE',  ( 0.4619524387874832105, 0.2279907166200647040, -0.6477196093218885453 ) ) ;
#4275 = CARTESIAN_POINT ( 'NONE',  ( -0.5183774633442121971, -6.071382767981671499E-13, -0.9856450936675654750 ) ) ;
#4276 = CARTESIAN_POINT ( 'NONE',  ( -0.1138437939864800352, -0.4547536707988556470, -0.4179687500000353606 ) ) ;
#4277 = CARTESIAN_POINT ( 'NONE',  ( 0.000000000000000000, 0.000000000000000000, 0.9519999999999999574 ) ) ;
#4278 = ADVANCED_FACE ( 'NONE', ( #6592 ), #6656, .F. ) ;
#4280 = CARTESIAN_POINT ( 'NONE',  ( 0.08991186187343461200, -0.5185719477517338749, -0.8150111607142275227 ) ) ;
#4279 = CARTESIAN_POINT ( 'NONE',  ( 0.03305904165198607358, -0.5102922405616671098, -0.5271960724288863309 ) ) ;
#4281 = CARTESIAN_POINT ( 'NONE',  ( -0.2297864228039339929, 0.4669523888661561428, -0.8441618177467687945 ) ) ;
#4282 = CARTESIAN_POINT ( 'NONE',  ( 0.4649365901172026749, 0.1411063159689698032, -0.9832589285714448124 ) ) ;
#4283 = ORIENTED_EDGE ( 'NONE', *, *, #5, .F. ) ;
#4284 = CARTESIAN_POINT ( 'NONE',  ( -0.4584861434426524829, -0.1641195970519552516, -1.000558035714344207 ) ) ;
#4285 = CARTESIAN_POINT ( 'NONE',  ( 0.2240723592176903367, -0.4190721311259104631, -0.6417410714286260198 ) ) ;
#4286 = DIRECTION ( 'NONE',  ( -1.000000000000000000, 0.000000000000000000, -0.000000000000000000 ) ) ;
#4287 = CARTESIAN_POINT ( 'NONE',  ( 0.4677373016749645229, -0.1049667981486492596, -0.7748325892857230723 ) ) ;
#4288 = CARTESIAN_POINT ( 'NONE',  ( 0.3767107899094426227, 0.3140997225408348470, -0.9574959948531384102 ) ) ;
#4289 = CARTESIAN_POINT ( 'NONE',  ( 0.2320863263373066088, -0.4095591057119326583, -0.4986049107142649928 ) ) ;
#4290 = CARTESIAN_POINT ( 'NONE',  ( 0.3103958872302359784, -0.3597356831723118598, -0.6213727678571784319 ) ) ;
#4291 = CARTESIAN_POINT ( 'NONE',  ( -0.1032576515781282595, -0.4595508122821502783, -0.5069754464286061468 ) ) ;
#4292 = CARTESIAN_POINT ( 'NONE',  ( 0.4403228126003691512, -0.1952494664224916909, -0.8484933035713911886 ) ) ;
#4293 = CARTESIAN_POINT ( 'NONE',  ( -0.4890630039699132570, 0.1842674702267332321, -0.9148103901700072038 ) ) ;
#4294 = CIRCLE ( 'NONE', #3798, 0.3970717995527425770 ) ;
#4295 = CARTESIAN_POINT ( 'NONE',  ( -0.02310068391866966150, 0.4714621452961980652, -0.5217633928571177027 ) ) ;
#4296 = CARTESIAN_POINT ( 'NONE',  ( 0.3157696856298181087, -0.4047290149639234391, -0.4545200892857689801 ) ) ;
#4297 = CARTESIAN_POINT ( 'NONE',  ( -0.4776796085724266394, -0.08282195479124762616, -0.9489397321429686727 ) ) ;
#4298 = CARTESIAN_POINT ( 'NONE',  ( -0.5937500000000000000, 0.2873503142814955447, -0.06202416831973208561 ) ) ;
#4299 = CARTESIAN_POINT ( 'NONE',  ( 0.08873116143834543224, 0.5109791242621478657, -0.5689174107142846992 ) ) ;
#4300 = CARTESIAN_POINT ( 'NONE',  ( 0.1932156001980971927, 0.4357361261023232069, -0.6699218749999560352 ) ) ;
#4301 = CARTESIAN_POINT ( 'NONE',  ( 0.4531120607658537525, -0.1496193367798034080, -0.7045200892856793295 ) ) ;
#4302 = PLANE ( 'NONE',  #5063 ) ;
#4303 = CARTESIAN_POINT ( 'NONE',  ( -0.1053024841930753353, 0.4692156279252726603, -0.8055245535714434801 ) ) ;
#4304 = DIRECTION ( 'NONE',  ( 0.000000000000000000, 1.000000000000000000, 0.000000000000000000 ) ) ;
#4305 = CARTESIAN_POINT ( 'NONE',  ( 0.2271141171153106542, -0.4250321580388250475, -0.8560267857142920267 ) ) ;
#4306 = CARTESIAN_POINT ( 'NONE',  ( -0.4390828824203217851, -0.1945644732577925529, -0.7854352678569920254 ) ) ;
#4307 = CARTESIAN_POINT ( 'NONE',  ( 0.1872591731389955383, -0.4852541481337704354, -0.6721540178572082969 ) ) ;
#4308 = CARTESIAN_POINT ( 'NONE',  ( -0.5062917189824505115, -0.1535105862607117899, -0.9029017857143485370 ) ) ;
#4309 = CARTESIAN_POINT ( 'NONE',  ( -0.4773519836500425551, -0.07087511984413227828, -0.8599330357141811154 ) ) ;
#4310 = CARTESIAN_POINT ( 'NONE',  ( -0.2557533713729832070, 0.4439269862582139736, -0.5577059191892198564 ) ) ;
#4311 = CARTESIAN_POINT ( 'NONE',  ( 0.4881825909365155591, 0.1653907509979116730, -0.6570003394233904226 ) ) ;
#4312 = ORIENTED_EDGE ( 'NONE', *, *, #5805, .T. ) ;
#4313 = CARTESIAN_POINT ( 'NONE',  ( -0.06850309435972672112, -0.5172347796966402234, -0.8865718539200593273 ) ) ;
#4314 = DIRECTION ( 'NONE',  ( -1.000000000000000000, 0.000000000000000000, 0.000000000000000000 ) ) ;
#4315 = CARTESIAN_POINT ( 'NONE',  ( 0.000000000000000000, 0.000000000000000000, -0.02500000000000000139 ) ) ;
#4316 = FACE_OUTER_BOUND ( 'NONE', #1356, .T. ) ;
#4318 = CARTESIAN_POINT ( 'NONE',  ( 0.5032513668363691739, -0.1527305261451555596, -0.8024553571428967302 ) ) ;
#4317 = CARTESIAN_POINT ( 'NONE',  ( 0.000000000000000000, 0.000000000000000000, 0.000000000000000000 ) ) ;
#4319 = CARTESIAN_POINT ( 'NONE',  ( -0.3431050995184805052, 0.3923197130385090992, -0.8411922559079724193 ) ) ;
#4320 = CARTESIAN_POINT ( 'NONE',  ( -0.4294574236369916864, -0.2294787162833608063, -1.016741071428487908 ) ) ;
#4321 = EDGE_CURVE ( 'NONE', #2106, #6118, #6800, .T. ) ;
#4322 = ORIENTED_EDGE ( 'NONE', *, *, #4953, .T. ) ;
#4323 = CARTESIAN_POINT ( 'NONE',  ( -0.1609639775039476695, -0.4824588128806652221, -0.4679461224478412285 ) ) ;
#4324 = CARTESIAN_POINT ( 'NONE',  ( 0.2500897906287338213, -0.4171204125246065764, -0.9804687499999147349 ) ) ;
#4325 = CARTESIAN_POINT ( 'NONE',  ( 0.4746790177894319451, 0.01171762662934779098, -0.6291852678571814295 ) ) ;
#4326 = LINE ( 'NONE', #916, #4732 ) ;
#4327 = CARTESIAN_POINT ( 'NONE',  ( -0.09344706581398616596, 0.4694548912305471777, -0.7522321428570368784 ) ) ;
#4328 = VECTOR ( 'NONE', #1778, 39.37007874015748143 ) ;
#4329 = CARTESIAN_POINT ( 'NONE',  ( -0.1965971227040424485, 0.4436701082775321714, -0.9461495535714273819 ) ) ;
#4330 = CARTESIAN_POINT ( 'NONE',  ( -0.06952262097510605865, 0.4690990597392792338, -0.5920758928571604462 ) ) ;
#4331 = CARTESIAN_POINT ( 'NONE',  ( 0.1807532922462956881, 0.4362183971132220228, -0.5446428571428584275 ) ) ;
#4332 = CARTESIAN_POINT ( 'NONE',  ( -0.2781559898087099802, 0.3948365856887086633, -0.8903459821428852949 ) ) ;
#4333 = CARTESIAN_POINT ( 'NONE',  ( -0.03411693991063180498, 0.5227799656058587097, -0.9278272304607254606 ) ) ;
#4334 = CARTESIAN_POINT ( 'NONE',  ( -0.4691760630290515155, -0.04627456481401100163, -0.5033482142856844366 ) ) ;
#4335 = CARTESIAN_POINT ( 'NONE',  ( 0.1124427965117344719, -0.5010326221411546266, -0.4595424107142979664 ) ) ;
#4336 = CARTESIAN_POINT ( 'NONE',  ( 0.4042900691995499063, -0.2700581304156051132, -0.9933035714286411189 ) ) ;
#4337 = CARTESIAN_POINT ( 'NONE',  ( -0.5023413960282037127, 0.08333386139451111341, -0.4840095593616565162 ) ) ;
#4338 = CARTESIAN_POINT ( 'NONE',  ( -0.3665334722171150195, 0.3664335498285212767, -0.5580357142857457209 ) ) ;
#4339 = CARTESIAN_POINT ( 'NONE',  ( 0.4577083634307805848, -0.1267283362416189441, -0.6146763392857477193 ) ) ;
#4340 = CARTESIAN_POINT ( 'NONE',  ( 0.3610847731507353386, 0.3113928763045224479, -0.6928013392856984254 ) ) ;
#4341 = CARTESIAN_POINT ( 'NONE',  ( 0.3012519822050496732, 0.4196737576534764758, -0.7213639582987830812 ) ) ;
#4342 = CARTESIAN_POINT ( 'NONE',  ( -0.3929894983567778222, 0.2766941214564362927, -0.7971540178572348312 ) ) ;
#4343 = CARTESIAN_POINT ( 'NONE',  ( 0.4406708987651385967, -0.2743963071885804350, -0.8021180362607439607 ) ) ;
#4344 = CARTESIAN_POINT ( 'NONE',  ( 0.03507272388311601791, -0.4763043813631374634, -0.7179129464286468920 ) ) ;
#4345 = CARTESIAN_POINT ( 'NONE',  ( 0.4675556224555353357, 0.1050602300628901281, -0.7519531249999850120 ) ) ;
#4346 = CARTESIAN_POINT ( 'NONE',  ( -0.5182847189564515622, -0.05097910452754794014, -0.6930803571427938126 ) ) ;
#4347 = CARTESIAN_POINT ( 'NONE',  ( 0.4478697220773570353, 0.2835294229942950106, -0.9355468750000119904 ) ) ;
#4348 = CARTESIAN_POINT ( 'NONE',  ( 0.2586678813790390108, 0.4083649591931300393, -0.8858816964285540774 ) ) ;
#4349 = CARTESIAN_POINT ( 'NONE',  ( -0.4840495121689927793, 0.1645383824373514436, -0.5495130294094908718 ) ) ;
#4350 = LINE ( 'NONE', #3777, #5431 ) ;
#4351 = ORIENTED_EDGE ( 'NONE', *, *, #4212, .T. ) ;
#4352 = CARTESIAN_POINT ( 'NONE',  ( 0.5034978495461827075, -0.1348355984522498219, -0.8701895448656492560 ) ) ;
#4353 = CARTESIAN_POINT ( 'NONE',  ( -0.3761660685888745803, 0.3354423235126903213, -0.9702221439711585793 ) ) ;
#4354 = CARTESIAN_POINT ( 'NONE',  ( -0.01143862548466778074, -0.4685690681661126011, -0.4154575892857121366 ) ) ;
#4355 = CARTESIAN_POINT ( 'NONE',  ( -0.4230905496617695660, -0.3137007460087241073, -0.8275669642857077513 ) ) ;
#4356 = CARTESIAN_POINT ( 'NONE',  ( 0.4955177382419658771, 0.1680942441107823870, -0.9349269659431587165 ) ) ;
#4357 = EDGE_CURVE ( 'NONE', #3315, #1657, #6020, .T. ) ;
#4359 = CARTESIAN_POINT ( 'NONE',  ( 0.01281904637187570445, 0.5251068309936385292, -0.7815290178572078528 ) ) ;
#4358 = CARTESIAN_POINT ( 'NONE',  ( 0.4223063898762008384, -0.4417847367871570730, -0.03469690162082204876 ) ) ;
#4360 = CARTESIAN_POINT ( 'NONE',  ( 0.000000000000000000, 0.000000000000000000, 0.000000000000000000 ) ) ;
#4361 = CARTESIAN_POINT ( 'NONE',  ( -0.4864963127130252363, -0.02383726636630369503, -1.021763392857200969 ) ) ;
#4362 = CARTESIAN_POINT ( 'NONE',  ( 0.4966815764293129876, 0.1155047602738540624, -0.5074770750624992832 ) ) ;
#4363 = ORIENTED_EDGE ( 'NONE', *, *, #1426, .T. ) ;
#4364 = CARTESIAN_POINT ( 'NONE',  ( 0.5327323696766466110, 6.524089913266896741E-17, -0.9999999999999998890 ) ) ;
#4365 = CARTESIAN_POINT ( 'NONE',  ( 0.2478971419333154680, 0.4639349921043171010, -0.8604910714286514439 ) ) ;
#4366 = CARTESIAN_POINT ( 'NONE',  ( 0.4674259901728549660, 0.06940139229540252808, -0.5563616071428351129 ) ) ;
#4367 = FACE_OUTER_BOUND ( 'NONE', #257, .T. ) ;
#4368 = CARTESIAN_POINT ( 'NONE',  ( 0.3983775813986559777, 0.2661132695180721819, -0.7656250000000313083 ) ) ;
#4369 = ADVANCED_FACE ( 'NONE', ( #7083 ), #1017, .F. ) ;
#4370 = CARTESIAN_POINT ( 'NONE',  ( 0.3081533411330539263, 0.3753874099008093213, -0.9587053571427203158 ) ) ;
#4371 = CARTESIAN_POINT ( 'NONE',  ( 0.02339030371553621132, -0.4747966019340635890, -0.6289062499999257261 ) ) ;
#4372 = CARTESIAN_POINT ( 'NONE',  ( 0.1367349823507660322, -0.4505331118575153782, -0.5011160714285775031 ) ) ;
#4373 = CARTESIAN_POINT ( 'NONE',  ( -0.4503193243461412476, 0.1611921751619045107, -0.7405133928570737378 ) ) ;
#4374 = CARTESIAN_POINT ( 'NONE',  ( -0.04384644068534432337, 0.4831938831825223768, -0.9513516628732616720 ) ) ;
#4375 = CARTESIAN_POINT ( 'NONE',  ( 0.3070812969271668469, 0.3559000411871414138, -0.4589843749999569233 ) ) ;
#4376 = CARTESIAN_POINT ( 'NONE',  ( -0.2948983528363757212, 0.4188381560631719847, -0.4193638392857185204 ) ) ;
#4377 = CARTESIAN_POINT ( 'NONE',  ( 0.2500897906293368944, -0.4171204125263196505, -0.9983258928572308344 ) ) ;
#4378 = CARTESIAN_POINT ( 'NONE',  ( -0.5024151832829866215, -0.1257796091125535365, -0.5463169642857019781 ) ) ;
#4379 = CARTESIAN_POINT ( 'NONE',  ( 0.4407894631507172645, 0.1701004760641627034, -0.5359933035714538052 ) ) ;
#4380 = CARTESIAN_POINT ( 'NONE',  ( -0.4609655776401049287, 0.1274985506684338521, -0.7396763392856975372 ) ) ;
#4381 = CARTESIAN_POINT ( 'NONE',  ( -0.5114706343427537494, 0.06723579336577222010, -0.6979130717741570678 ) ) ;
#4382 = CARTESIAN_POINT ( 'NONE',  ( -0.4501513805892524145, -0.1737131926651064862, -0.8574218749999783507 ) ) ;
#4383 = CARTESIAN_POINT ( 'NONE',  ( 0.4495223330143913176, -0.2596176759308475579, -0.8017426564109897402 ) ) ;
#4384 = CARTESIAN_POINT ( 'NONE',  ( 0.3780740441134816110, -0.2949687754493734992, -0.7798549107141981018 ) ) ;
#4385 = TOROIDAL_SURFACE ( 'NONE', #4500, 0.4020496047192625988, 0.005000000000000000104 ) ;
#4386 = CARTESIAN_POINT ( 'NONE',  ( -0.4416244266391778361, -0.1829975262085237198, -0.7142857142855533192 ) ) ;
#4387 = CARTESIAN_POINT ( 'NONE',  ( 0.4582174687604169683, 0.2448463766599928704, -0.6529017857143117887 ) ) ;
#4388 = CARTESIAN_POINT ( 'NONE',  ( 0.4846151540801833524, 0.2148941274176048299, -0.9372209821428452159 ) ) ;
#4389 = CARTESIAN_POINT ( 'NONE',  ( -0.4798079257632041905, -0.02363716053893504324, -0.7896205357142178638 ) ) ;
#4390 = CARTESIAN_POINT ( 'NONE',  ( 0.5122238539259147405, -0.01670486383821682963, -0.5896544772088385677 ) ) ;
#4391 = DIRECTION ( 'NONE',  ( 0.000000000000000000, 0.000000000000000000, -1.000000000000000000 ) ) ;
#4392 = ORIENTED_EDGE ( 'NONE', *, *, #6608, .T. ) ;
#4393 = CARTESIAN_POINT ( 'NONE',  ( -0.3933957557313484954, -0.3444129533907532847, -0.8947582802087913345 ) ) ;
#4394 = CARTESIAN_POINT ( 'NONE',  ( 0.000000000000000000, 0.3750000000000000555, 0.7139999999999999680 ) ) ;
#4395 = CARTESIAN_POINT ( 'NONE',  ( 0.4955753973338555274, -0.01668876167913593139, -0.9628430276571929847 ) ) ;
#4396 = CARTESIAN_POINT ( 'NONE',  ( -0.4310269426119051062, 0.3034755654818919735, -0.8417968749999571454 ) ) ;
#4397 = CARTESIAN_POINT ( 'NONE',  ( 0.5230665978852229170, 0.03407014246482326092, -0.9379027997211979439 ) ) ;
#4399 = CARTESIAN_POINT ( 'NONE',  ( -0.3313029279584073783, -0.4035876351046699950, -0.6819196428570812873 ) ) ;
#4398 = CARTESIAN_POINT ( 'NONE',  ( 0.2103329626019263821, -0.4650713935581878289, -0.5231021517092919737 ) ) ;
#4400 = FACE_OUTER_BOUND ( 'NONE', #368, .T. ) ;
#4401 = CARTESIAN_POINT ( 'NONE',  ( -0.4113208711793021055, -0.2605447721244120163, -1.015904017857221397 ) ) ;
#4402 = CARTESIAN_POINT ( 'NONE',  ( 0.3869492341302440130, -0.3397962092215053298, -0.6689064082715997506 ) ) ;
#4403 = VERTEX_POINT ( 'NONE', #3071 ) ;
#4404 = LINE ( 'NONE', #6738, #3100 ) ;
#4405 = CARTESIAN_POINT ( 'NONE',  ( -0.4572340425464542224, 0.2589375861846698879, -0.8429129464285811668 ) ) ;
#4406 = CARTESIAN_POINT ( 'NONE',  ( 0.3500226288976168165, 0.3171600505406435566, -0.5496651785714473659 ) ) ;
#4407 = CARTESIAN_POINT ( 'NONE',  ( 0.5937500000000000000, 0.02903135203305911433, -0.02500000000000000486 ) ) ;
#4408 = CARTESIAN_POINT ( 'NONE',  ( 0.1741955832361389289, -0.4517581872894255723, -0.9109933035713616567 ) ) ;
#4409 = CARTESIAN_POINT ( 'NONE',  ( 0.1810768354807749114, -0.4369892079869297508, -0.5535714285714626870 ) ) ;
#4410 = CARTESIAN_POINT ( 'NONE',  ( -0.02310068391312133235, 0.4714621452966046844, -0.5396205357142958015 ) ) ;
#4411 = CARTESIAN_POINT ( 'NONE',  ( -0.4711203135537786468, -0.09364865118494702934, -0.8058035714286343465 ) ) ;
#4412 = CARTESIAN_POINT ( 'NONE',  ( -0.1347030491428197752, 0.5053191495028742652, -0.9256082692612377372 ) ) ;
#4413 = CARTESIAN_POINT ( 'NONE',  ( 0.1721632775757861722, -0.4813597140832824306, -0.3867187499999439892 ) ) ;
#4414 = CARTESIAN_POINT ( 'NONE',  ( -0.2900167002004986894, -0.3909370858753563605, -1.011718749999971578 ) ) ;
#4415 = CARTESIAN_POINT ( 'NONE',  ( -0.02537714023662231144, 0.5179262245037183909, -0.5664062500000023315 ) ) ;
#4416 = CARTESIAN_POINT ( 'NONE',  ( 0.4675302268311465892, -0.06941299896058869545, -0.5418526785713970728 ) ) ;
#4417 = CARTESIAN_POINT ( 'NONE',  ( -0.3907348187040331489, -0.2752663856085802441, -0.7296316964285833873 ) ) ;
#4418 = CARTESIAN_POINT ( 'NONE',  ( -0.3885041399886440816, 0.3409708683677472596, -0.7046136824945358201 ) ) ;
#4419 = CARTESIAN_POINT ( 'NONE',  ( 0.4070202145537453742, -0.2576648175616373382, -0.8323102678571802082 ) ) ;
#4420 = CARTESIAN_POINT ( 'NONE',  ( 0.3547092387408385949, 0.3783669473031843755, -0.7864932167813053487 ) ) ;
#4421 = CARTESIAN_POINT ( 'NONE',  ( 0.1385566645865133339, -0.4569716979934773660, -0.7154017857143231129 ) ) ;
#4422 = EDGE_CURVE ( 'NONE', #3537, #936, #6511, .T. ) ;
#4423 = CARTESIAN_POINT ( 'NONE',  ( 0.4490383851322731767, 0.1607377214942241062, -0.6791294642856882113 ) ) ;
#4424 = CARTESIAN_POINT ( 'NONE',  ( 0.3491622431105259050, -0.3853410202334145440, -0.6679687500000188738 ) ) ;
#4425 = CARTESIAN_POINT ( 'NONE',  ( 0.2672711655601489045, 0.4001178837152132850, -0.8147321428571682178 ) ) ;
#4426 = CARTESIAN_POINT ( 'NONE',  ( 0.4958191554341899732, -0.1332389767544433223, -0.5922685481821396980 ) ) ;
#4427 = VERTEX_POINT ( 'NONE', #5943 ) ;
#4428 = CARTESIAN_POINT ( 'NONE',  ( -0.3388470532205670183, 0.4006829512140812621, -0.9920191456807532226 ) ) ;
#4429 = CARTESIAN_POINT ( 'NONE',  ( -0.1295072659916484958, 0.4677306024322124833, -0.9478236607143535331 ) ) ;
#4430 = CARTESIAN_POINT ( 'NONE',  ( 0.4973138849332398581, -0.1778653193467973070, -0.8744419642858247688 ) ) ;
#4431 = B_SPLINE_CURVE_WITH_KNOTS ( 'NONE', 3,
 ( #3862, #6199, #2101, #5727, #1555, #3286, #1622, #4542 ),
 .UNSPECIFIED., .F., .F.,
 ( 4, 2, 2, 4 ),
 ( 0.06284439260639315683, 0.06724861607534989016, 0.06945072780982824989, 0.07165283954430662350 ),
 .UNSPECIFIED. ) ;
#4432 = CARTESIAN_POINT ( 'NONE',  ( 0.2622511374384532412, 0.4534586362222274292, -0.9267492929134598656 ) ) ;
#4434 = CARTESIAN_POINT ( 'NONE',  ( -0.1269980923761951375, 0.5072823799483379137, -0.7070312500000686118 ) ) ;
#4433 = CARTESIAN_POINT ( 'NONE',  ( -0.5242017025902678817, 1.105988660234976980E-12, -0.9743602048661791359 ) ) ;
#4435 = CARTESIAN_POINT ( 'NONE',  ( -0.5112334264177031962, 0.06717721369375208307, -0.6901304641524905747 ) ) ;
#4436 = CARTESIAN_POINT ( 'NONE',  ( 0.4814516071700096767, -0.04748139823361735568, -0.9162946428571231428 ) ) ;
#4437 = DIRECTION ( 'NONE',  ( 0.4999999999999999445, -0.8660254037844387076, 0.000000000000000000 ) ) ;
#4438 = ORIENTED_EDGE ( 'NONE', *, *, #98, .F. ) ;
#4439 = CARTESIAN_POINT ( 'NONE',  ( -0.5088584187585236673, -0.02585692698684421628, -0.4815630977603899132 ) ) ;
#4440 = CARTESIAN_POINT ( 'NONE',  ( 0.3435737003737409645, 0.3984071583662299743, -0.8630022321428747478 ) ) ;
#4441 = CARTESIAN_POINT ( 'NONE',  ( -0.2014703918580938447, -0.4258316923805036125, -0.5094866071428276744 ) ) ;
#4442 = CARTESIAN_POINT ( 'NONE',  ( -0.4702356838632502090, -0.1178561644117041979, -0.9302455357143477599 ) ) ;
#4443 = AXIS2_PLACEMENT_3D ( 'NONE', #4760, #3119, #7127 ) ;
#4444 = CARTESIAN_POINT ( 'NONE',  ( -0.1039602621665040999, 0.4626602802332986930, -0.5912388392857018671 ) ) ;
#4445 = CARTESIAN_POINT ( 'NONE',  ( 0.4563460202803365506, -0.1143710809903080300, -0.4893973214285791684 ) ) ;
#4446 = CARTESIAN_POINT ( 'NONE',  ( -0.3228693212994323547, 0.3561336114017303878, -0.8175223214284900175 ) ) ;
#4447 = CIRCLE ( 'NONE', #3839, 0.5937500000000000000 ) ;
#4448 = CARTESIAN_POINT ( 'NONE',  ( 0.3988595307342257534, 0.2716163539482405187, -0.4543000000000001481 ) ) ;
#4449 = AXIS2_PLACEMENT_3D ( 'NONE', #4701, #5200, #2404 ) ;
#4450 = CARTESIAN_POINT ( 'NONE',  ( -0.05949702071833512518, -0.4829319524904504557, -1.005859375000091704 ) ) ;
#4451 = CARTESIAN_POINT ( 'NONE',  ( -0.5178444063564227040, -0.01264555635618943609, -0.5488281250000122125 ) ) ;
#4452 = CARTESIAN_POINT ( 'NONE',  ( -0.4329154158463707769, -0.1919690046523124527, -0.5711495535714206095 ) ) ;
#4453 = EDGE_CURVE ( 'NONE', #3281, #4147, #6283, .T. ) ;
#4454 = CARTESIAN_POINT ( 'NONE',  ( -0.4329154158470436276, -0.1919690046515439563, -0.5890066964285827211 ) ) ;
#4455 = B_SPLINE_CURVE_WITH_KNOTS ( 'NONE', 3,
 ( #2257, #5886, #1247, #522, #1822, #4011, #4163, #2974, #5815, #5312, #561, #59, #6491, #6342, #2903, #3588, #2293, #5162, #2869, #7497, #1710, #6380, #5236, #1748, #4089, #6419, #1174, #5430, #255, #1288, #6126, #4281, #3704, #6087, #6615, #4319, #1448, #4936, #3136, #4854, #4894, #3628, #5511, #712, #2565, #3053, #2604, #3014, #2527, #5964, #2029 ),
 .UNSPECIFIED., .F., .F.,
 ( 4, 2, 2, 2, 2, 2, 2, 2, 2, 1, 2, 2, 2, 2, 2, 2, 2, 2, 2, 2, 2, 2, 2, 2, 2, 4 ),
 ( 0.1558172491146461447, 0.1584233825823569697, 0.1597264493162124099, 0.1610295160500678224, 0.1636356495177786474, 0.1649387162516340877, 0.1662417829854895002, 0.1688479164532003529, 0.1701509831870557654, 0.1714540499209111779, 0.1727571166547666182, 0.1740601833886220307, 0.1766663168563328556, 0.1779693835901882681, 0.1792724503240437084, 0.1818785837917545334, 0.1831816505256099459, 0.1844847172594653584, 0.1870908507271762111, 0.1883939174610316236, 0.1896969841948870639, 0.1910000509287424764, 0.1923031176625978889, 0.1949092511303087139, 0.1962123178641641541, 0.1975153845980195666 ),
 .UNSPECIFIED. ) ;
#4456 = CARTESIAN_POINT ( 'NONE',  ( 0.5937499999999998890, 0.3428017223313404305, -0.9999999999999998890 ) ) ;
#4457 = CARTESIAN_POINT ( 'NONE',  ( -0.4617732437647340538, -0.1400125021544712245, -0.8582589285714125049 ) ) ;
#4458 = LOCAL_TIME ( 1, 52, 41.00000000000000000, #7114 ) ;
#4459 = CARTESIAN_POINT ( 'NONE',  ( 0.2297554847412413281, 0.4648457363706526846, -0.7831498048553203750 ) ) ;
#4460 = CIRCLE ( 'NONE', #6046, 0.3704503952807373657 ) ;
#4461 = CARTESIAN_POINT ( 'NONE',  ( -0.4710661196009843232, -0.08180402968331090818, -0.7346540178570833968 ) ) ;
#4462 = CARTESIAN_POINT ( 'NONE',  ( -0.1819171045434809508, -0.4393565545486219914, -0.6339285714285781692 ) ) ;
#4463 = CARTESIAN_POINT ( 'NONE',  ( -0.2330477182534382852, -0.4628376886168043547, -0.6102120535714580241 ) ) ;
#4464 = AXIS2_PLACEMENT_3D ( 'NONE', #7102, #5467, #3050 ) ;
#4465 = CARTESIAN_POINT ( 'NONE',  ( -0.4734057908344508903, 0.08207707631996853659, -0.7921316964286000406 ) ) ;
#4466 = AXIS2_PLACEMENT_3D ( 'NONE', #6992, #4092, #6459 ) ;
#4467 = EDGE_CURVE ( 'NONE', #5793, #2392, #3693, .T. ) ;
#4468 = CARTESIAN_POINT ( 'NONE',  ( -0.4436149336487026362, 0.2559516713267498411, -0.5517363210035847176 ) ) ;
#4469 = VERTEX_POINT ( 'NONE', #232 ) ;
#4470 = CARTESIAN_POINT ( 'NONE',  ( 0.1714436101237992727, 0.5866204302068639409, -0.03469690162082203488 ) ) ;
#4471 = CARTESIAN_POINT ( 'NONE',  ( -0.3254643624969468241, -0.3590017337407372944, -0.9235491071428862941 ) ) ;
#4472 = CARTESIAN_POINT ( 'NONE',  ( 0.2931110579008391337, 0.4388011213492152285, -0.8593750000000602851 ) ) ;
#4473 = CARTESIAN_POINT ( 'NONE',  ( 0.4443990743432261747, 0.2760814258059139936, -0.9323262555767313220 ) ) ;
#4474 = CARTESIAN_POINT ( 'NONE',  ( -0.3942798814259744766, -0.3454849856214373682, -0.9661792613020131482 ) ) ;
#4475 = CARTESIAN_POINT ( 'NONE',  ( -0.3432846808703913788, 0.3924785982187452005, -0.8489730977707556914 ) ) ;
#4476 = CARTESIAN_POINT ( 'NONE',  ( 0.4972781668367017849, -0.1332004995454831031, -0.6636893567444180908 ) ) ;
#4477 = ORIENTED_EDGE ( 'NONE', *, *, #2433, .F. ) ;
#4478 = CARTESIAN_POINT ( 'NONE',  ( 0.2604522740297955385, -0.4521014675760595680, -0.8869157426529152843 ) ) ;
#4479 = CARTESIAN_POINT ( 'NONE',  ( -0.4569140545648024410, -0.2587607699969864394, -0.8311941964285159967 ) ) ;
#4480 = CARTESIAN_POINT ( 'NONE',  ( 0.4675302268287009344, -0.06941299896849852102, -0.5597098214286063689 ) ) ;
#4481 = CARTESIAN_POINT ( 'NONE',  ( -0.2097196263217319667, 0.4643971515685814122, -0.4951780750263074515 ) ) ;
#4482 = CARTESIAN_POINT ( 'NONE',  ( -0.2388598959372314756, -0.4215201947673003491, -0.9210379464285871620 ) ) ;
#4483 = CARTESIAN_POINT ( 'NONE',  ( -0.1258164277929610109, 0.4548696710972843782, -0.5192522321428754140 ) ) ;
#4484 = CARTESIAN_POINT ( 'NONE',  ( -0.2112170516119148966, 0.4194734116107036725, -0.4634486607142838110 ) ) ;
#4485 = CARTESIAN_POINT ( 'NONE',  ( -0.1611819239835655115, 0.4506560489235779676, -0.7505580357142700443 ) ) ;
#4486 = CARTESIAN_POINT ( 'NONE',  ( 0.3125000000000000000, 0.000000000000000000, 1.189999999999999947 ) ) ;
#4487 = CARTESIAN_POINT ( 'NONE',  ( -0.4010877060938451422, -0.2680774942209108724, -0.8727678571427338605 ) ) ;
#4488 = CARTESIAN_POINT ( 'NONE',  ( 0.5001606784742700373, -0.1341988675021874300, -0.7351214462535643479 ) ) ;
#4489 = CARTESIAN_POINT ( 'NONE',  ( 0.1483284184271992656, -0.4491904474398571989, -0.5544084821428572063 ) ) ;
#4490 = CARTESIAN_POINT ( 'NONE',  ( -0.3091711773593116552, -0.3585143766837690094, -0.5839843749999495959 ) ) ;
#4491 = DIRECTION ( 'NONE',  ( -0.09411816491319552336, 0.000000000000000000, -0.9955610333040223470 ) ) ;
#4492 = CARTESIAN_POINT ( 'NONE',  ( -0.4390828824252815954, -0.1945644732527361809, -0.7854352678571712154 ) ) ;
#4493 = CARTESIAN_POINT ( 'NONE',  ( 0.4404928153969394078, 0.2739281715024096120, -0.7894632451479788315 ) ) ;
#4494 = CARTESIAN_POINT ( 'NONE',  ( -0.07014986274617972251, -0.4724932235645387668, -0.7204241071427723853 ) ) ;
#4495 = CARTESIAN_POINT ( 'NONE',  ( -0.4746268611373163915, -0.03507579411095330252, -0.6464843749999973355 ) ) ;
#4496 = CARTESIAN_POINT ( 'NONE',  ( 0.3181133977298394311, 0.4077392482409395447, -0.5767299107142596082 ) ) ;
#4497 = CARTESIAN_POINT ( 'NONE',  ( 0.3485001416064650859, 0.3318904929319261843, -0.8172433035713939642 ) ) ;
#4498 = VERTEX_POINT ( 'NONE', #6672 ) ;
#4499 = CARTESIAN_POINT ( 'NONE',  ( 0.2704742235120508043, -0.4357206331334361193, -0.6008278954925451165 ) ) ;
#4500 = AXIS2_PLACEMENT_3D ( 'NONE', #3891, #2672, #901 ) ;
#4501 = ORIENTED_EDGE ( 'NONE', *, *, #1691, .F. ) ;
#4502 = EDGE_LOOP ( 'NONE', ( #78, #1012, #5292, #2020 ) ) ;
#4503 = PLANE ( 'NONE',  #7185 ) ;
#4504 = CARTESIAN_POINT ( 'NONE',  ( -0.4673793088298653919, 0.1294060282430976316, -0.9361049107142301873 ) ) ;
#4505 = CARTESIAN_POINT ( 'NONE',  ( -0.2254002792376038622, 0.4767279580096289715, -0.8476562499999952260 ) ) ;
#4506 = CARTESIAN_POINT ( 'NONE',  ( -0.4560279148716760989, -0.1515531483349559227, -0.4542999999999997596 ) ) ;
#4507 = CARTESIAN_POINT ( 'NONE',  ( -0.5207886350941213216, -0.06844495645559964259, -0.9728751945409934709 ) ) ;
#4508 = CARTESIAN_POINT ( 'NONE',  ( -0.08449723929654157084, 0.5138728109278070111, -0.8552885582660912922 ) ) ;
#4509 = B_SPLINE_CURVE_WITH_KNOTS ( 'NONE', 3,
 ( #7525, #1738, #2395, #2323, #4078, #6411 ),
 .UNSPECIFIED., .F., .F.,
 ( 4, 2, 4 ),
 ( 2.380728834786060832E-07, 0.004405349813808304843, 0.008810461554733131292 ),
 .UNSPECIFIED. ) ;
#4510 = CARTESIAN_POINT ( 'NONE',  ( -0.03415286134501386434, -0.5141601203463027625, -0.6793237722301483927 ) ) ;
#4511 = VERTEX_POINT ( 'NONE', #1091 ) ;
#4512 = EDGE_CURVE ( 'NONE', #3217, #2167, #1216, .T. ) ;
#4513 = CARTESIAN_POINT ( 'NONE',  ( 0.5097825332159897638, -0.08457781090638308297, -0.7262290207516770568 ) ) ;
#4514 = CARTESIAN_POINT ( 'NONE',  ( 0.4793053140644519816, -0.2125354075520491937, -0.8060825892856607888 ) ) ;
#4515 = CARTESIAN_POINT ( 'NONE',  ( 0.1483284184199228362, -0.4491904474397609426, -0.5722656250000054401 ) ) ;
#4516 = CARTESIAN_POINT ( 'NONE',  ( -0.4376765562348972072, -0.2721382940998761102, -0.6823202930745275729 ) ) ;
#4517 = CARTESIAN_POINT ( 'NONE',  ( -0.08266246956828657289, 0.4760095380350515826, -0.8775111607143111225 ) ) ;
#4518 = CARTESIAN_POINT ( 'NONE',  ( 0.3930947956964599976, -0.2627306649203599020, -0.5468750000000504041 ) ) ;
#4519 = CARTESIAN_POINT ( 'NONE',  ( 0.2152605354343513355, 0.4277947653873436229, -0.7597656249999762412 ) ) ;
#4520 = CARTESIAN_POINT ( 'NONE',  ( 0.4696567711127497824, 0.2311351617450538576, -0.9412275860612302480 ) ) ;
#4521 = CARTESIAN_POINT ( 'NONE',  ( 0.4693552607957583445, -0.1174992437775230908, -0.9179687499999699130 ) ) ;
#4522 = CARTESIAN_POINT ( 'NONE',  ( 0.2589029077756996866, -0.4488107622236666150, -0.7440536500109722340 ) ) ;
#4523 = CARTESIAN_POINT ( 'NONE',  ( -0.4645340288330133682, -0.09246756691463080269, -0.5736607142857043096 ) ) ;
#4524 = CARTESIAN_POINT ( 'NONE',  ( -0.4498966539739644999, 0.1486899497324458419, -0.5973772321428542087 ) ) ;
#4525 = CARTESIAN_POINT ( 'NONE',  ( 0.07872049756166972501, 0.4629797617976122437, -0.4542999999999997596 ) ) ;
#4526 = CARTESIAN_POINT ( 'NONE',  ( 0.08196482625293317892, -0.4727359625986476410, -0.7703683035713920768 ) ) ;
#4527 = CARTESIAN_POINT ( 'NONE',  ( 0.3549277462617775880, 0.3784932322894790091, -0.7942775303438188716 ) ) ;
#4528 = CARTESIAN_POINT ( 'NONE',  ( 0.2840379076018935134, 0.3828778515149192652, -0.6902901785713602134 ) ) ;
#4529 = CARTESIAN_POINT ( 'NONE',  ( 0.5166601983111961394, 4.492609395830682718E-15, -0.7321414247988070612 ) ) ;
#4530 = CARTESIAN_POINT ( 'NONE',  ( -0.01172799243344566436, -0.4752541293814325218, -0.6297433035714544713 ) ) ;
#4531 = CARTESIAN_POINT ( 'NONE',  ( -0.3179351207407060120, 0.4072817087420750881, -0.5616629464285770590 ) ) ;
#4532 = CARTESIAN_POINT ( 'NONE',  ( 0.4299875910498361931, 0.2163682314201359203, -0.8205915178571653312 ) ) ;
#4533 = VERTEX_POINT ( 'NONE', #18 ) ;
#4534 = CARTESIAN_POINT ( 'NONE',  ( -0.3571080557385443721, -0.3810265326989153434, -0.9014164021886748035 ) ) ;
#4535 = DIRECTION ( 'NONE',  ( -0.000000000000000000, -0.000000000000000000, -1.000000000000000000 ) ) ;
#4536 = ORIENTED_EDGE ( 'NONE', *, *, #5512, .T. ) ;
#4537 = ORIENTED_EDGE ( 'NONE', *, *, #5547, .F. ) ;
#4538 = CARTESIAN_POINT ( 'NONE',  ( -0.3932209492106816251, 0.3479211720099601446, -0.9903765526899013238 ) ) ;
#4539 = CARTESIAN_POINT ( 'NONE',  ( 6.614940429556666313E-05, -0.4843096404788258535, -0.9151785714285733953 ) ) ;
#4540 = CARTESIAN_POINT ( 'NONE',  ( -0.5022845173364264282, -0.1797974589658364319, -1.045200892857121033 ) ) ;
#4541 = FACE_BOUND ( 'NONE', #1592, .T. ) ;
#4542 = CARTESIAN_POINT ( 'NONE',  ( 0.5937500000000000000, 2.365849761790802529E-16, -0.9749999999999998668 ) ) ;
#4543 = CARTESIAN_POINT ( 'NONE',  ( 0.5188841509846563449, 6.573509234754633431E-16, -0.8035705566482685969 ) ) ;
#4544 = CARTESIAN_POINT ( 'NONE',  ( 0.4817627068222012920, -0.1815565621538324792, -0.6648091974112158020 ) ) ;
#4545 = ORIENTED_EDGE ( 'NONE', *, *, #1647, .F. ) ;
#4546 = CARTESIAN_POINT ( 'NONE',  ( -0.2736788622108775049, -0.4391499740155048181, -0.7485530611669191092 ) ) ;
#4547 = CARTESIAN_POINT ( 'NONE',  ( 0.1266367169499601764, 0.5058546369590615210, -0.7148437500000532907 ) ) ;
#4548 = CARTESIAN_POINT ( 'NONE',  ( 0.3449756702877621040, -0.3943062644086322566, -0.9561123774410077436 ) ) ;
#4549 = CARTESIAN_POINT ( 'NONE',  ( 0.06691218768305168263, 0.5061769357285086368, -0.5014905948848460415 ) ) ;
#4550 = EDGE_CURVE ( 'NONE', #5800, #1451, #2364, .T. ) ;
#4551 = CARTESIAN_POINT ( 'NONE',  ( -0.2524901940034023351, 0.3986050340120163571, -0.5159040178571246971 ) ) ;
#4552 = CARTESIAN_POINT ( 'NONE',  ( 0.1605093915985196240, 0.4487870262266700494, -0.6869419642857284014 ) ) ;
#4553 = CARTESIAN_POINT ( 'NONE',  ( 0.5233320033158785911, -3.747753966308161220E-15, -0.9464271175837570826 ) ) ;
#4554 = CARTESIAN_POINT ( 'NONE',  ( 0.3505089130553724064, -0.3337982248086279191, -0.9238281250000208722 ) ) ;
#4555 = CARTESIAN_POINT ( 'NONE',  ( -0.3274589549584371317, 0.3988989746473052822, -0.4877232142857480524 ) ) ;
#4556 = CARTESIAN_POINT ( 'NONE',  ( 0.08385089869133358076, 0.4788024713169774516, -0.9523420077804594097 ) ) ;
#4557 = CARTESIAN_POINT ( 'NONE',  ( 0.1377635220422600837, 0.4539353143586469796, -0.6149553571428264531 ) ) ;
#4558 = CARTESIAN_POINT ( 'NONE',  ( 0.2152605354343513355, 0.4277947653873436229, -0.7419084821428336696 ) ) ;
#4559 = CARTESIAN_POINT ( 'NONE',  ( -0.1665395957102966951, 0.4910182560091293502, -0.7819959944261074547 ) ) ;
#4560 = CARTESIAN_POINT ( 'NONE',  ( 0.4188898244729147846, -0.2239705428725508873, -0.6350446428572019686 ) ) ;
#4561 = VECTOR ( 'NONE', #3486, 39.37007874015748143 ) ;
#4562 = CARTESIAN_POINT ( 'NONE',  ( 0.2751281337332534549, -0.4430284715357616920, -0.8787569051609024351 ) ) ;
#4563 = CARTESIAN_POINT ( 'NONE',  ( 0.3260328652563212470, -0.3425312125000964936, -0.5493861607142547232 ) ) ;
#4564 = CARTESIAN_POINT ( 'NONE',  ( 0.03809526005403235382, 0.5155388290291620379, -0.5700334821428286736 ) ) ;
#4565 = CARTESIAN_POINT ( 'NONE',  ( 0.4767893974798780299, -0.2112684519233399560, -0.6609933035714106175 ) ) ;
#4566 = CARTESIAN_POINT ( 'NONE',  ( 0.4531120607658033483, -0.1496193367789835360, -0.6866629464286054807 ) ) ;
#4567 = EDGE_LOOP ( 'NONE', ( #898, #1517, #7421 ) ) ;
#4568 = DIRECTION ( 'NONE',  ( 1.000000000000000000, 0.000000000000000000, 0.000000000000000000 ) ) ;
#4569 = AXIS2_PLACEMENT_3D ( 'NONE', #5220, #5872, #2815 ) ;
#4570 = FACE_OUTER_BOUND ( 'NONE', #4033, .T. ) ;
#4571 = CARTESIAN_POINT ( 'NONE',  ( -0.2070762743936979955, -0.4379807608321609758, -0.9380580357142855874 ) ) ;
#4572 = VERTEX_POINT ( 'NONE', #1130 ) ;
#4573 = EDGE_LOOP ( 'NONE', ( #579, #6203, #5912 ) ) ;
#4574 = CIRCLE ( 'NONE', #5073, 0.3750000000000000555 ) ;
#4575 = CARTESIAN_POINT ( 'NONE',  ( 0.4668236768393535518, 0.2110954241590944636, -0.5844557157819307847 ) ) ;
#4576 = CARTESIAN_POINT ( 'NONE',  ( 0.4553803764614747229, 0.1628716086220014236, -0.8934151785714100624 ) ) ;
#4577 = CARTESIAN_POINT ( 'NONE',  ( -0.3697125650082356274, -0.2886078546711590143, -0.4433593749999510392 ) ) ;
#4578 = CARTESIAN_POINT ( 'NONE',  ( -0.2449320475794971308, -0.4297971477197338741, -0.4542999999999994265 ) ) ;
#4579 = CARTESIAN_POINT ( 'NONE',  ( -0.5176452234736180769, 0.08471313308840593137, -0.9762030790919162815 ) ) ;
#4580 = CARTESIAN_POINT ( 'NONE',  ( 0.5210964646104839781, 0.01714842371664524953, -0.8746258644162900886 ) ) ;
#4581 = LINE ( 'NONE', #3007, #4952 ) ;
#4582 = EDGE_LOOP ( 'NONE', ( #1817, #6486, #6726, #5147, #7443, #4283 ) ) ;
#4583 = CARTESIAN_POINT ( 'NONE',  ( 0.3884921219588463592, -0.3410444990461127812, -0.7325487480464609735 ) ) ;
#4584 = EDGE_CURVE ( 'NONE', #3856, #4147, #3242, .T. ) ;
#4585 = CARTESIAN_POINT ( 'NONE',  ( -0.4673190531657835378, 0.2353041926296508268, -0.7709263392857182984 ) ) ;
#4586 = CARTESIAN_POINT ( 'NONE',  ( 0.000000000000000000, 0.000000000000000000, -0.4542999999999999816 ) ) ;
#4587 = CARTESIAN_POINT ( 'NONE',  ( 0.3723487067999334821, 0.3484956074030729489, -0.5093027786091121056 ) ) ;
#4588 = CARTESIAN_POINT ( 'NONE',  ( 0.5250000000000000222, 6.429395695523603660E-17, -0.9999999999999998890 ) ) ;
#4589 = CARTESIAN_POINT ( 'NONE',  ( -0.4691760630288804301, -0.04627456482073936256, -0.5033482142857154118 ) ) ;
#4590 = B_SPLINE_CURVE_WITH_KNOTS ( 'NONE', 3,
 ( #6886, #7431, #6922, #488, #2836, #4488, #5168, #5779, #1715, #7540, #2299, #6385, #5637, #7398, #1570, #3911, #2766, #4522, #6462, #26, #1909, #2373, #6541, #4744, #718, #5891, #1254, #5971, #103, #4823, #4782, #5242, #3596, #1791, #2410, #4169, #7575, #7152, #4248, #64, #4706, #7032, #3061, #1829, #4665, #7111, #4132, #5397, #5856, #6426, #1217 ),
 .UNSPECIFIED., .F., .F.,
 ( 4, 2, 2, 2, 2, 2, 2, 2, 2, 2, 2, 2, 1, 2, 2, 2, 2, 2, 2, 2, 2, 2, 2, 2, 2, 4 ),
 ( 0.3196733841869621728, 0.3209696331512778555, 0.3222658821155934827, 0.3248583800442247926, 0.3261546290085404753, 0.3274508779728561580, 0.3287471269371717852, 0.3300433759014874679, 0.3326358738301187778, 0.3352283717587500877, 0.3378208696873814532, 0.3391171186516970804, 0.3404133676160127631, 0.3417096165803284458, 0.3430058655446440730, 0.3455983634732753829, 0.3468946124375910656, 0.3481908614019067483, 0.3507833593305380582, 0.3520796082948537409, 0.3533758572591693681, 0.3559683551878006780, 0.3572646041521163607, 0.3585608531164320434, 0.3598571020807476706, 0.3611533510450633533 ),
 .UNSPECIFIED. ) ;
#4591 = CARTESIAN_POINT ( 'NONE',  ( 0.1932156002030955000, 0.4357361260985493367, -0.6877790178571037139 ) ) ;
#4592 = CARTESIAN_POINT ( 'NONE',  ( 0.1578760164289146617, 0.4426352590266179887, -0.4542999999999836058 ) ) ;
#4593 = CARTESIAN_POINT ( 'NONE',  ( -0.3254643624957534453, -0.3590017337403931807, -0.9414062499998530065 ) ) ;
#4594 = CARTESIAN_POINT ( 'NONE',  ( 0.06299718577828991584, -0.5113102542299851061, -0.4584263392856805508 ) ) ;
#4595 = CARTESIAN_POINT ( 'NONE',  ( -0.4440626986866323400, 0.1588197069736071443, -0.5083705357142864756 ) ) ;
#4596 = CARTESIAN_POINT ( 'NONE',  ( -6.481845554377054050E-05, 0.4742748401531597380, -0.6116071428571537849 ) ) ;
#4597 = CARTESIAN_POINT ( 'NONE',  ( -0.2451005295573258913, 0.3993961867423950762, -0.4542999999999996485 ) ) ;
#4598 = CARTESIAN_POINT ( 'NONE',  ( -0.02360763724689703483, -0.4792863826686451501, -0.7728794642857671482 ) ) ;
#4599 = CARTESIAN_POINT ( 'NONE',  ( 0.2597873040402439160, 0.4490596788324261457, -0.7916771066235201992 ) ) ;
#4600 = CARTESIAN_POINT ( 'NONE',  ( 0.1925318237984993963, -0.4344956565676386662, -0.6425781250000037748 ) ) ;
#4601 = CARTESIAN_POINT ( 'NONE',  ( -0.3962780989087525407, -0.2790142439071107150, -0.9439174107143172288 ) ) ;
#4602 = CARTESIAN_POINT ( 'NONE',  ( 0.3816094874772302248, -0.2829400558819889500, -0.6188616071427956999 ) ) ;
#4603 = CARTESIAN_POINT ( 'NONE',  ( -0.5130395819567041826, 0.07603075628829508714, -0.6244419642856934294 ) ) ;
#4604 = CARTESIAN_POINT ( 'NONE',  ( 0.4616366120629328829, 0.2466733638155972630, -0.7220982142857726993 ) ) ;
#4605 = CARTESIAN_POINT ( 'NONE',  ( -0.4539548190333768107, -0.1499016533551737473, -0.7151227678571393520 ) ) ;
#4606 = EDGE_LOOP ( 'NONE', ( #7520, #7046, #2239, #5044, #5121 ) ) ;
#4607 = CARTESIAN_POINT ( 'NONE',  ( -0.3179913514619759907, -0.4141827655107908623, -0.9002990118364612160 ) ) ;
#4608 = CARTESIAN_POINT ( 'NONE',  ( 0.4426808540042512785, -0.2557759376891091119, -0.5238095657043456699 ) ) ;
#4609 = CARTESIAN_POINT ( 'NONE',  ( -0.3329513030002463347, 0.3497998051115300822, -0.8886718749999714673 ) ) ;
#4610 = ORIENTED_EDGE ( 'NONE', *, *, #1598, .F. ) ;
#4611 = CARTESIAN_POINT ( 'NONE',  ( -0.4802700020667974301, 0.01185179087063390965, -0.7904575892856859909 ) ) ;
#4612 = CARTESIAN_POINT ( 'NONE',  ( -0.1471154510305682783, -0.4451326998703775684, -0.4366629464285564088 ) ) ;
#4613 = CARTESIAN_POINT ( 'NONE',  ( -0.4543215467073218883, 0.1182069751555726439, -0.4542999999999441374 ) ) ;
#4614 = CARTESIAN_POINT ( 'NONE',  ( 6.614940429556666313E-05, -0.4843096404788258535, -0.9151785714285733953 ) ) ;
#4615 = CARTESIAN_POINT ( 'NONE',  ( 0.5099884372332511573, -1.750090120941168828E-15, -0.5178571428571453472 ) ) ;
#4616 = CARTESIAN_POINT ( 'NONE',  ( -0.2566104108341975554, 0.4453311901449690247, -0.6369122367517426886 ) ) ;
#4617 = CARTESIAN_POINT ( 'NONE',  ( -0.5453064201862917182, -0.3707706361772943882, -0.9381162489359149426 ) ) ;
#4618 = FACE_OUTER_BOUND ( 'NONE', #547, .T. ) ;
#4619 = VECTOR ( 'NONE', #5011, 39.37007874015748143 ) ;
#4620 = CARTESIAN_POINT ( 'NONE',  ( -0.3515109084359753222, 0.3877263109940677910, -0.7751116071427939236 ) ) ;
#4621 = CARTESIAN_POINT ( 'NONE',  ( -0.1141968414364573636, 0.4556350640466726998, -0.4659598214285612383 ) ) ;
#4623 = CARTESIAN_POINT ( 'NONE',  ( 0.3352102479293568860, 0.4083474307744141552, -0.9341517857143361026 ) ) ;
#4622 = CARTESIAN_POINT ( 'NONE',  ( -0.08440753975786767505, -0.5081184212248733845, -0.6726597749750500288 ) ) ;
#4624 = FACE_OUTER_BOUND ( 'NONE', #4606, .T. ) ;
#4625 = CARTESIAN_POINT ( 'NONE',  ( -0.3412333844793632442, -0.3249701273167154847, -0.4958147321428547083 ) ) ;
#4626 = CARTESIAN_POINT ( 'NONE',  ( 0.1719068343670104304, -0.4454704218680053951, -0.7145647321428862941 ) ) ;
#4627 = CARTESIAN_POINT ( 'NONE',  ( 0.4348666518257843228, -0.2572058172744928761, -0.4542999999999999816 ) ) ;
#4628 = CARTESIAN_POINT ( 'NONE',  ( -0.1060654674422434607, -0.4726329355089751716, -0.9355468750000539568 ) ) ;
#4629 = CARTESIAN_POINT ( 'NONE',  ( 0.3068375408890317568, -0.4136046539636456520, -0.4525669642856535724 ) ) ;
#4630 = CARTESIAN_POINT ( 'NONE',  ( 0.4635184988866388744, -0.08036281925613633637, -0.4707031250000336398 ) ) ;
#4631 = CARTESIAN_POINT ( 'NONE',  ( 0.4410349040001080301, -0.1701910877958305313, -0.5622209821428393317 ) ) ;
#4632 = DIRECTION ( 'NONE',  ( 1.000000000000000000, 0.000000000000000000, 0.000000000000000000 ) ) ;
#4633 = CARTESIAN_POINT ( 'NONE',  ( -0.1944549925331975626, -0.4388452573619643915, -0.7770647321428194587 ) ) ;
#4634 = CARTESIAN_POINT ( 'NONE',  ( 0.06822395974870582025, 0.5141490678529271330, -0.7872131715531689444 ) ) ;
#4635 = CARTESIAN_POINT ( 'NONE',  ( -0.3284303101254876234, 0.3448667630392066585, -0.6743861607142561665 ) ) ;
#4636 = CARTESIAN_POINT ( 'NONE',  ( -0.4702356838632502090, -0.1178561644117041979, -0.9481026785714903315 ) ) ;
#4637 = CARTESIAN_POINT ( 'NONE',  ( 0.2431022427729187807, -0.4057098873386861260, -0.5518973214285758377 ) ) ;
#4638 = CARTESIAN_POINT ( 'NONE',  ( 0.4808186302631379250, -0.1855434265744035915, -0.5198102678571400181 ) ) ;
#4639 = CARTESIAN_POINT ( 'NONE',  ( 0.3794476061372986653, -0.3611655761314641055, -0.7363281250001298961 ) ) ;
#4640 = CARTESIAN_POINT ( 'NONE',  ( 0.1385566645934104835, -0.4569716979917380906, -0.6975446428571039359 ) ) ;
#4641 = ORIENTED_EDGE ( 'NONE', *, *, #2858, .F. ) ;
#4642 = CARTESIAN_POINT ( 'NONE',  ( -0.2313170098972434641, -0.4680680785773493890, -0.8980729100176536583 ) ) ;
#4643 = EDGE_CURVE ( 'NONE', #3394, #4082, #4980, .T. ) ;
#4644 = CARTESIAN_POINT ( 'NONE',  ( 0.000000000000000000, 0.000000000000000000, 0.2380000000000000171 ) ) ;
#4645 = CARTESIAN_POINT ( 'NONE',  ( -0.4501513805892524145, -0.1737131926651064862, -0.8752790178571209223 ) ) ;
#4646 = EDGE_LOOP ( 'NONE', ( #2326, #5331, #2212 ) ) ;
#4647 = ORIENTED_EDGE ( 'NONE', *, *, #3238, .T. ) ;
#4648 = CARTESIAN_POINT ( 'NONE',  ( 0.4670224062608267501, 0.1169191686184157530, -0.8231026785715440663 ) ) ;
#4649 = CARTESIAN_POINT ( 'NONE',  ( -0.2974452718877941826, -0.3625391718406709152, -0.4408482142857507724 ) ) ;
#4650 = CARTESIAN_POINT ( 'NONE',  ( -0.3273568537351744800, -0.3653940709505296147, -0.4542999999999997596 ) ) ;
#4651 = CARTESIAN_POINT ( 'NONE',  ( 0.2313379572569639331, -0.4699067338394234405, -0.9513017025160158679 ) ) ;
#4652 = CARTESIAN_POINT ( 'NONE',  ( 0.4936912277110779290, 0.1673106066289987703, -0.8712843813823744066 ) ) ;
#4653 = CONICAL_SURFACE ( 'NONE', #3026, 0.5250000000000000222, 0.03112503826906170765 ) ;
#4654 = CARTESIAN_POINT ( 'NONE',  ( 0.09748446414032793661, 0.6293207630494560556, -0.9514934187884387384 ) ) ;
#4655 = CARTESIAN_POINT ( 'NONE',  ( -0.1755195509561393585, 0.4548323393105725421, -1.035993303571319357 ) ) ;
#4656 = CARTESIAN_POINT ( 'NONE',  ( -0.5175181981838441470, -0.01700254830806628703, -0.7596987495393738854 ) ) ;
#4657 = DIRECTION ( 'NONE',  ( -1.000000000000000000, 0.000000000000000000, 0.000000000000000000 ) ) ;
#4659 = CARTESIAN_POINT ( 'NONE',  ( -0.03883479310236698234, -0.5255463417166283957, -0.8914620535714901095 ) ) ;
#4658 = CARTESIAN_POINT ( 'NONE',  ( -0.2584236739527619453, -0.4466550589318882825, -0.6767479352585642483 ) ) ;
#4660 = DIRECTION ( 'NONE',  ( 0.03112001302226621510, 3.811102433714226808E-18, -0.9995156550997557066 ) ) ;
#4661 = CARTESIAN_POINT ( 'NONE',  ( -0.4577649380125135004, -0.1028602942636456380, -0.4305245535714447014 ) ) ;
#4662 = CARTESIAN_POINT ( 'NONE',  ( 0.3205290374670734521, -0.3537407240988816870, -0.7103794642856661179 ) ) ;
#4663 = CARTESIAN_POINT ( 'NONE',  ( -0.4674238785774866289, -0.2299751278776825947, -0.8340875674530880968 ) ) ;
#4664 = CARTESIAN_POINT ( 'NONE',  ( -0.3929894983497098093, 0.2766941214604013988, -0.8150111607142427328 ) ) ;
#4665 = CARTESIAN_POINT ( 'NONE',  ( -0.5003489143826168606, -0.1338990702559719193, -0.7648829736283561109 ) ) ;
#4666 = CARTESIAN_POINT ( 'NONE',  ( 0.2216047699078246558, 0.4144651862824003108, -0.4564732142857373387 ) ) ;
#4667 = CARTESIAN_POINT ( 'NONE',  ( -0.3081161506800408345, 0.3572851186909374310, -0.5320870535713987381 ) ) ;
#4668 = DIRECTION ( 'NONE',  ( -0.000000000000000000, -1.047310526070460688E-16, 1.000000000000000000 ) ) ;
#4669 = CARTESIAN_POINT ( 'NONE',  ( 0.4700886672387369902, -0.08163040723191800074, -0.6849888392857248487 ) ) ;
#4670 = CARTESIAN_POINT ( 'NONE',  ( -0.03372099871143436484, 0.5183172604133030603, -0.7849719804732939732 ) ) ;
#4671 = CARTESIAN_POINT ( 'NONE',  ( 0.4531120607669515965, -0.1496193367726274537, -0.7045200892857036434 ) ) ;
#4672 = CARTESIAN_POINT ( 'NONE',  ( 0.4223063898762005608, 0.4417847367871570730, -0.9653030983791778263 ) ) ;
#4673 = CARTESIAN_POINT ( 'NONE',  ( -0.4329154158463707769, -0.1919690046523124527, -0.5711495535714206095 ) ) ;
#4674 = CARTESIAN_POINT ( 'NONE',  ( 0.5096067730946464147, 0.07566403817192790537, -0.5139508928571543400 ) ) ;
#4675 = CC_DESIGN_PERSON_AND_ORGANIZATION_ASSIGNMENT ( #2376, #1184, ( #495 ) ) ;
#4676 = CARTESIAN_POINT ( 'NONE',  ( 0.05086744212487382538, -0.5171494479520348797, -0.6015624999999957812 ) ) ;
#4677 = CARTESIAN_POINT ( 'NONE',  ( 0.4748061646805830094, -0.04669881725625984331, -0.6841517857143062376 ) ) ;
#4678 = ORIENTED_EDGE ( 'NONE', *, *, #1180, .F. ) ;
#4679 = CARTESIAN_POINT ( 'NONE',  ( -0.4611571059484340651, -0.2270253322242009042, -0.6120152735594736049 ) ) ;
#4680 = CIRCLE ( 'NONE', #1376, 0.3750000000000000555 ) ;
#4681 = CARTESIAN_POINT ( 'NONE',  ( -0.01682634927199022287, -0.5105498288421169706, -0.5360880151823804729 ) ) ;
#4682 = CARTESIAN_POINT ( 'NONE',  ( -0.1849182169506689011, 0.4462596452933453861, -0.8928571428572221746 ) ) ;
#4683 = ORIENTED_EDGE ( 'NONE', *, *, #4453, .F. ) ;
#4684 = CARTESIAN_POINT ( 'NONE',  ( -0.2370336193182516482, 0.4182895989107638379, -0.8021763392856755548 ) ) ;
#4685 = CARTESIAN_POINT ( 'NONE',  ( -0.2852313281577248949, -0.4505652686629754156, -1.037667410714406158 ) ) ;
#4686 = CARTESIAN_POINT ( 'NONE',  ( 0.3561566046811895925, -0.3632413141005677026, -0.4554677028917951676 ) ) ;
#4687 = EDGE_CURVE ( 'NONE', #4806, #4469, #6177, .T. ) ;
#4688 = CONICAL_SURFACE ( 'NONE', #3108, 0.5250000000000000222, 0.03112503826906170765 ) ;
#4689 = CARTESIAN_POINT ( 'NONE',  ( 0.06801762204620268037, -0.5194506583124758325, -0.9550218789092923544 ) ) ;
#4690 = CARTESIAN_POINT ( 'NONE',  ( 0.3804247790238969307, 0.3561490403359596213, -0.8664453070799134071 ) ) ;
#4691 = CARTESIAN_POINT ( 'NONE',  ( 1.839405667042604025E-17, 0.6856034446626805279, -0.9219683889980070379 ) ) ;
#4692 = CARTESIAN_POINT ( 'NONE',  ( -0.2708655657204909750, 0.4052591521448750123, -1.033482142857220731 ) ) ;
#4693 = B_SPLINE_CURVE_WITH_KNOTS ( 'NONE', 3,
 ( #1406, #3744, #7266, #826, #4358, #5548, #6693, #6124 ),
 .UNSPECIFIED., .F., .F.,
 ( 4, 2, 2, 4 ),
 ( 0.008810461554733122619, 0.01100478119882384448, 0.01319910084291456634, 0.01758774013109600659 ),
 .UNSPECIFIED. ) ;
#4694 = CARTESIAN_POINT ( 'NONE',  ( 0.000000000000000000, 0.000000000000000000, -0.9749999999999998668 ) ) ;
#4695 = EDGE_CURVE ( 'NONE', #1078, #4511, #909, .T. ) ;
#4696 = CARTESIAN_POINT ( 'NONE',  ( 0.5233435718943767467, -0.01707503485150025160, -0.9467986783317543509 ) ) ;
#4698 = CARTESIAN_POINT ( 'NONE',  ( 0.4779844093140810379, -0.2261452549945687507, -0.9492187500000295319 ) ) ;
#4697 = CARTESIAN_POINT ( 'NONE',  ( 0.2996523587489947626, -0.4186128483302230530, -0.6637250513075008129 ) ) ;
#4699 = AXIS2_PLACEMENT_3D ( 'NONE', #6949, #1127, #3932 ) ;
#4700 = CIRCLE ( 'NONE', #1400, 0.5080095796703096855 ) ;
#4701 = CARTESIAN_POINT ( 'NONE',  ( 0.000000000000000000, 0.000000000000000000, 0.9519999999999999574 ) ) ;
#4702 = CARTESIAN_POINT ( 'NONE',  ( 0.3430002260968637029, -0.3181877138528247939, -0.4058242570500606439 ) ) ;
#4703 = CARTESIAN_POINT ( 'NONE',  ( 0.07013825607277052177, -0.4723889869104465067, -0.7170758928571052682 ) ) ;
#4704 = CARTESIAN_POINT ( 'NONE',  ( 0.2598648656295216575, -0.4508265870684147747, -0.8154826737921904156 ) ) ;
#4705 = CARTESIAN_POINT ( 'NONE',  ( -0.3635344682969423591, -0.3136736206569040730, -0.7999441964285630702 ) ) ;
#4706 = CARTESIAN_POINT ( 'NONE',  ( -0.4492372637546450109, -0.2592663932900048929, -0.7619087826374456585 ) ) ;
#4707 = CARTESIAN_POINT ( 'NONE',  ( 0.3559368980553876405, 0.3071181537954140173, -0.4606584821429006715 ) ) ;
#4708 = CARTESIAN_POINT ( 'NONE',  ( 0.4521701522176255206, 0.1371008270256371120, -0.5546874999999794609 ) ) ;
#4709 = CARTESIAN_POINT ( 'NONE',  ( 0.000000000000000000, 0.000000000000000000, 0.000000000000000000 ) ) ;
#4710 = CARTESIAN_POINT ( 'NONE',  ( -0.1494971458830872679, 0.4523267868379813317, -0.6615513392857261810 ) ) ;
#4711 = CARTESIAN_POINT ( 'NONE',  ( 0.06688756629580298874, 0.5059348662519115303, -0.4937089155894400783 ) ) ;
#4712 = CARTESIAN_POINT ( 'NONE',  ( 0.04631384358715379124, -0.4708530371814838578, -0.5747767857142764836 ) ) ;
#4713 = CARTESIAN_POINT ( 'NONE',  ( 0.000000000000000000, 0.3750000000000000555, 0.4759999999999999787 ) ) ;
#4714 = CARTESIAN_POINT ( 'NONE',  ( 0.03402334959598745517, 0.5108223630082580069, -0.5721828563108298793 ) ) ;
#4715 = CARTESIAN_POINT ( 'NONE',  ( -0.4645340288330133682, -0.09246756691463080269, -0.5736607142857043096 ) ) ;
#4716 = CARTESIAN_POINT ( 'NONE',  ( -0.4718979173085936507, -0.2092549457883870756, -0.5465959821428489906 ) ) ;
#4717 = DIRECTION ( 'NONE',  ( -0.000000000000000000, -0.000000000000000000, -1.000000000000000000 ) ) ;
#4718 = CARTESIAN_POINT ( 'NONE',  ( 0.5176947451681591650, 0.03812034098510433400, -0.5839843750000131006 ) ) ;
#4719 = CARTESIAN_POINT ( 'NONE',  ( 0.01168356126551968986, 0.4786008788614142251, -0.7368861607141802272 ) ) ;
#4720 = ORIENTED_EDGE ( 'NONE', *, *, #4321, .F. ) ;
#4721 = CARTESIAN_POINT ( 'NONE',  ( 0.5079114555316166513, -0.06685099154367545038, -0.5829911293304880227 ) ) ;
#4722 = CARTESIAN_POINT ( 'NONE',  ( -0.2107499643526452582, -0.4188308394694415515, -0.4383370535714337102 ) ) ;
#4723 = CARTESIAN_POINT ( 'NONE',  ( -0.1674465030193511283, -0.4918744482606265955, -0.8173743496660602625 ) ) ;
#4724 = CARTESIAN_POINT ( 'NONE',  ( 0.4299875910530364664, 0.2163682314135864093, -0.8384486607143528669 ) ) ;
#4725 = EDGE_LOOP ( 'NONE', ( #6658, #5920 ) ) ;
#4726 = CARTESIAN_POINT ( 'NONE',  ( 0.4535113537610128143, -0.1621990762371659234, -0.8297991071428625354 ) ) ;
#4727 = CARTESIAN_POINT ( 'NONE',  ( -0.4859638491866987153, 0.2153337508253790333, -0.9824218749998926414 ) ) ;
#4728 = CARTESIAN_POINT ( 'NONE',  ( -0.4847107631563602470, -0.01196522349845521860, -0.9327566964284285111 ) ) ;
#4729 = CARTESIAN_POINT ( 'NONE',  ( -0.5086341436211514466, 3.873675084766123413E-16, -0.4743598067240779037 ) ) ;
#4730 = DIRECTION ( 'NONE',  ( -1.000000000000000000, 0.000000000000000000, 0.000000000000000000 ) ) ;
#4731 = VERTEX_POINT ( 'NONE', #5468 ) ;
#4732 = VECTOR ( 'NONE', #4945, 39.37007874015748143 ) ;
#4733 = CARTESIAN_POINT ( 'NONE',  ( 0.1658828543115193899, 0.4873898481942582905, -0.6387999006454342377 ) ) ;
#4734 = CARTESIAN_POINT ( 'NONE',  ( 0.01642661722138942862, -0.5238989123407351567, -0.9639275766967072556 ) ) ;
#4736 = CARTESIAN_POINT ( 'NONE',  ( -0.5115995081440228853, -0.1282230936555226464, -0.9056919642857564900 ) ) ;
#4735 = CARTESIAN_POINT ( 'NONE',  ( 0.1812444793741868621, -0.4819426644826407258, -0.6666978387006871065 ) ) ;
#4737 = CYLINDRICAL_SURFACE ( 'NONE', #900, 0.3125000000000000000 ) ;
#4738 = CARTESIAN_POINT ( 'NONE',  ( -0.2979423293642126658, 0.3629425882405699633, -0.4430803571428692522 ) ) ;
#4739 = ADVANCED_FACE ( 'NONE', ( #7223 ), #5962, .T. ) ;
#4740 = CARTESIAN_POINT ( 'NONE',  ( 0.2183827668563400048, 0.4337130533131511312, -0.9561941964284924600 ) ) ;
#4741 = CARTESIAN_POINT ( 'NONE',  ( 0.4577083634302794302, -0.1267283362478165143, -0.6325334821428461041 ) ) ;
#4742 = CARTESIAN_POINT ( 'NONE',  ( -0.2307970618355787706, -0.4667687445695924975, -0.8266498741880912160 ) ) ;
#4743 = CARTESIAN_POINT ( 'NONE',  ( -0.1053024842003392053, 0.4692156279258815621, -0.8233816964285193274 ) ) ;
#4744 = CARTESIAN_POINT ( 'NONE',  ( 0.03321230626368276706, -0.5164041557615045575, -0.7492699593660019364 ) ) ;
#4745 = CARTESIAN_POINT ( 'NONE',  ( -0.4799755041056229521, 0.08334728700244241340, -1.006417410714259608 ) ) ;
#4746 = CARTESIAN_POINT ( 'NONE',  ( -0.1590467837142613139, 0.4443145059767803495, -0.5362723214285519679 ) ) ;
#4747 = PERSON_AND_ORGANIZATION_ROLE ( 'classification_officer' ) ;
#4748 = CARTESIAN_POINT ( 'NONE',  ( -0.3208769480026527621, -0.3541303868837554214, -0.7092633928571100421 ) ) ;
#4749 = CARTESIAN_POINT ( 'NONE',  ( 0.4424110334131505229, 0.2550157980199513896, -0.5041282014872178197 ) ) ;
#4750 = CARTESIAN_POINT ( 'NONE',  ( -0.3432421559285415147, 0.3268778591948685586, -0.6023995535714278260 ) ) ;
#4751 = CARTESIAN_POINT ( 'NONE',  ( -0.2388598959372314756, -0.4215201947673003491, -0.9388950892857297337 ) ) ;
#4752 = CARTESIAN_POINT ( 'NONE',  ( 0.3859959725737178715, 0.3379769202344818368, -0.5811121679072775992 ) ) ;
#4753 = CARTESIAN_POINT ( 'NONE',  ( 0.4675302268311465892, -0.06941299896058869545, -0.5418526785713970728 ) ) ;
#4754 = CARTESIAN_POINT ( 'NONE',  ( -0.2753089618564288910, 0.4346292344175697875, -0.4913504464285907147 ) ) ;
#4755 = DIRECTION ( 'NONE',  ( 1.000000000000000000, 0.000000000000000000, 0.000000000000000000 ) ) ;
#4756 = CARTESIAN_POINT ( 'NONE',  ( -0.3203205642283933341, 0.4103375363464482062, -0.6308593749999744649 ) ) ;
#4757 = CARTESIAN_POINT ( 'NONE',  ( -0.4553342712798003067, -0.1381920935516214866, -0.6439732142857335084 ) ) ;
#4758 = ORIENTED_EDGE ( 'NONE', *, *, #1165, .F. ) ;
#4759 = DIRECTION ( 'NONE',  ( 0.000000000000000000, 1.000000000000000000, 1.047310526070460811E-16 ) ) ;
#4760 = CARTESIAN_POINT ( 'NONE',  ( 0.000000000000000000, 0.6856034446626805279, -0.9999999999999998890 ) ) ;
#4761 = CARTESIAN_POINT ( 'NONE',  ( -0.4255235899022868362, -0.2841978321668985896, -0.5468743628904486620 ) ) ;
#4762 = CARTESIAN_POINT ( 'NONE',  ( 0.1730825160523379869, 0.4488821677786022368, -0.8300781250000870415 ) ) ;
#4763 = CARTESIAN_POINT ( 'NONE',  ( -0.1053024841990819194, 0.4692156279255741969, -0.8055245535714323779 ) ) ;
#4764 = CARTESIAN_POINT ( 'NONE',  ( 0.08924960890503672029, -0.5147522823170326278, -0.7458147321428461041 ) ) ;
#4765 = CARTESIAN_POINT ( 'NONE',  ( 0.4814886404459568503, -0.2278032016688522066, -1.018415178571358437 ) ) ;
#4766 = CARTESIAN_POINT ( 'NONE',  ( -0.4501513805910264954, -0.1737131926594500664, -0.8574218750000552891 ) ) ;
#4767 = CARTESIAN_POINT ( 'NONE',  ( 0.5111357191626740848, 0.03330795150581249142, -0.5807631415896757909 ) ) ;
#4768 = CARTESIAN_POINT ( 'NONE',  ( 0.000000000000000000, 0.3970717995527425215, 0.004529409175434073384 ) ) ;
#4769 = ORIENTED_EDGE ( 'NONE', *, *, #2693, .F. ) ;
#4770 = CARTESIAN_POINT ( 'NONE',  ( 0.5937500000000000000, 2.365849761790802529E-16, -0.9749999999999998668 ) ) ;
#4771 = CARTESIAN_POINT ( 'NONE',  ( -0.1405677674284945833, -0.4902251018659353754, -0.9761710494784244796 ) ) ;
#4772 = CARTESIAN_POINT ( 'NONE',  ( 0.5937500000000002220, -0.3428017223313401529, -0.9999999999999998890 ) ) ;
#4774 = CARTESIAN_POINT ( 'NONE',  ( 0.1155088858257461853, -0.5140567481242489523, -0.8881138392856950947 ) ) ;
#4773 = CARTESIAN_POINT ( 'NONE',  ( 0.4815337791260326239, -0.1814770763476948878, -0.6570269375157944403 ) ) ;
#4775 = CARTESIAN_POINT ( 'NONE',  ( -0.2968749999999998335, -0.5142025834970106457, -0.02500000000000000139 ) ) ;
#4776 = CARTESIAN_POINT ( 'NONE',  ( 0.02311392358764104496, 0.4692637350035449018, -0.4514508928571458468 ) ) ;
#4777 = CARTESIAN_POINT ( 'NONE',  ( -0.1638887608699650389, -0.4582356813019897723, -0.9905133928571691060 ) ) ;
#4778 = CARTESIAN_POINT ( 'NONE',  ( -0.2230710848819041359, -0.4174738845886683536, -0.5814732142857209629 ) ) ;
#4779 = CARTESIAN_POINT ( 'NONE',  ( 0.3909948779701651334, -0.3431941160855508377, -0.8117596987212634119 ) ) ;
#4780 = CARTESIAN_POINT ( 'NONE',  ( 0.07051484702160872031, 0.4758203312787570582, -0.8275669642857121922 ) ) ;
#4781 = EDGE_CURVE ( 'NONE', #4533, #5463, #4693, .T. ) ;
#4782 = CARTESIAN_POINT ( 'NONE',  ( -0.2138306606766674778, -0.4714118578495588019, -0.7548394808465257455 ) ) ;
#4783 = CARTESIAN_POINT ( 'NONE',  ( -0.4847927751558989140, 0.04768107514292077576, -1.005580357142798809 ) ) ;
#4784 = CARTESIAN_POINT ( 'NONE',  ( 0.2431022427729382929, -0.4057098873398588545, -0.5697544642857079733 ) ) ;
#4785 = CARTESIAN_POINT ( 'NONE',  ( 0.2840379076018935134, 0.3828778515149192652, -0.6724330357142176418 ) ) ;
#4786 = CARTESIAN_POINT ( 'NONE',  ( 0.3833815138374840337, 0.3359786227792918578, -0.5018935503415743460 ) ) ;
#4787 = CARTESIAN_POINT ( 'NONE',  ( 0.2027870475660581429, 0.4289088397264950725, -0.6166294642856738895 ) ) ;
#4788 = CARTESIAN_POINT ( 'NONE',  ( -0.1053024841930753353, 0.4692156279252726603, -0.8233816964285860518 ) ) ;
#4789 = CARTESIAN_POINT ( 'NONE',  ( -0.1319657594775741627, 0.4945379686710917322, -0.5684641942694560468 ) ) ;
#4790 = CARTESIAN_POINT ( 'NONE',  ( 0.1480461018498897274, 0.4483476891695760691, -0.5259486607142457304 ) ) ;
#4791 = CARTESIAN_POINT ( 'NONE',  ( -0.3794428291540182241, 0.3439960303585933299, -0.4168526785714299354 ) ) ;
#4792 = CARTESIAN_POINT ( 'NONE',  ( -0.5937500000000000000, -2.365849761810083768E-16, -0.02500000000000000139 ) ) ;
#4793 = CARTESIAN_POINT ( 'NONE',  ( 0.4655046282380594369, 0.2343948716003181887, -0.6509486607142839221 ) ) ;
#4794 = CARTESIAN_POINT ( 'NONE',  ( 0.05826997497346875915, 0.4729724556087282483, -0.6665736607142191961 ) ) ;
#4795 = ORIENTED_EDGE ( 'NONE', *, *, #5591, .F. ) ;
#4796 = DIRECTION ( 'NONE',  ( 0.000000000000000000, 0.000000000000000000, -1.000000000000000000 ) ) ;
#4797 = PLANE ( 'NONE',  #4443 ) ;
#4798 = CARTESIAN_POINT ( 'NONE',  ( -0.5110888441843770558, -0.01669165112156685213, -0.5532001221111767508 ) ) ;
#4799 = CARTESIAN_POINT ( 'NONE',  ( -0.3857218111072894806, -0.2859938824386309975, -0.8007812500000373035 ) ) ;
#4800 = CARTESIAN_POINT ( 'NONE',  ( -0.3382761674120557949, 0.3383632059045425522, -0.7276785714285664008 ) ) ;
#4801 = CARTESIAN_POINT ( 'NONE',  ( 0.5091614059055974417, 0.1144089179236240927, -0.7273995535714133931 ) ) ;
#4802 = CARTESIAN_POINT ( 'NONE',  ( -0.2507386340451909224, 0.4689453100283938469, -0.9899553571429602350 ) ) ;
#4803 = CARTESIAN_POINT ( 'NONE',  ( 0.3146696019309512815, -0.3648844276125366992, -0.8356584821429288157 ) ) ;
#4804 = CARTESIAN_POINT ( 'NONE',  ( 0.08384507306566145457, 0.5048281576152895411, -0.5655166703775685866 ) ) ;
#4805 = CARTESIAN_POINT ( 'NONE',  ( 0.5451851341360314240, 0.3708406607110605879, -0.06184332238066053700 ) ) ;
#4806 = VERTEX_POINT ( 'NONE', #710 ) ;
#4807 = AXIS2_PLACEMENT_3D ( 'NONE', #3496, #2350, #5143 ) ;
#4808 = CARTESIAN_POINT ( 'NONE',  ( -0.08326750713743313881, 0.5070670810579327448, -0.6332245258657245301 ) ) ;
#4809 = VECTOR ( 'NONE', #1771, 39.37007874015748854 ) ;
#4810 = CARTESIAN_POINT ( 'NONE',  ( -0.4120202501281100549, -0.3085101296898422052, -0.9809299002189794114 ) ) ;
#4811 = CARTESIAN_POINT ( 'NONE',  ( 0.2791207656164150230, -0.3762432664310682018, -0.4079241071428001963 ) ) ;
#4812 = CARTESIAN_POINT ( 'NONE',  ( 0.5937499999999998890, 0.3428017223313404305, -0.07803161100199271227 ) ) ;
#4814 = CARTESIAN_POINT ( 'NONE',  ( 0.03848878016765768656, -0.5226985994246423628, -0.7446986607142765946 ) ) ;
#4813 = CARTESIAN_POINT ( 'NONE',  ( -0.2224120924672255972, 0.4754226932727962374, -0.9872429675444204245 ) ) ;
#4815 = FACE_OUTER_BOUND ( 'NONE', #5256, .T. ) ;
#4816 = AXIS2_PLACEMENT_3D ( 'NONE', #788, #3134, #4934 ) ;
#4817 = CARTESIAN_POINT ( 'NONE',  ( 0.2799517286029877816, 0.3775790774592792665, -0.4581473214285511353 ) ) ;
#4818 = CARTESIAN_POINT ( 'NONE',  ( 0.4742368389443958332, -0.1065575552804475107, -0.9712611607142538350 ) ) ;
#4819 = CARTESIAN_POINT ( 'NONE',  ( -0.4645340288309225962, -0.09246756692072734263, -0.5915178571428959531 ) ) ;
#4820 = LINE ( 'NONE', #7150, #7371 ) ;
#4821 = CIRCLE ( 'NONE', #6994, 0.3754282004472574985 ) ;
#4822 = CARTESIAN_POINT ( 'NONE',  ( -0.2957114018164760383, 0.3790196697496359679, -0.8183593750000763833 ) ) ;
#4823 = CARTESIAN_POINT ( 'NONE',  ( -0.1671053933557299087, -0.4907599111002699521, -0.7537306799985487027 ) ) ;
#4824 = CARTESIAN_POINT ( 'NONE',  ( -0.3441855398378270148, -0.3442795597924459550, -0.9955357142856070540 ) ) ;
#4825 = CARTESIAN_POINT ( 'NONE',  ( -0.1141968414298434875, 0.4556350640497167648, -0.4659598214285594620 ) ) ;
#4826 = COORDINATED_UNIVERSAL_TIME_OFFSET ( 6, 0, .BEHIND. ) ;
#4827 = CARTESIAN_POINT ( 'NONE',  ( -0.4139243523076700515, -0.2345599728327871780, -0.6414620535713753124 ) ) ;
#4828 = CARTESIAN_POINT ( 'NONE',  ( 0.4410349039973111007, -0.1701910878020629903, -0.5622209821428473253 ) ) ;
#4829 = CARTESIAN_POINT ( 'NONE',  ( -0.08248884711644940970, -0.4750320856690276594, -0.8635602678570520885 ) ) ;
#4830 = CARTESIAN_POINT ( 'NONE',  ( 0.1327595218401894650, 0.4945121376762072196, -0.5744080649488033652 ) ) ;
#4831 = CARTESIAN_POINT ( 'NONE',  ( 0.3500226288924789819, 0.3171600505470802966, -0.5318080357142733749 ) ) ;
#4832 = CARTESIAN_POINT ( 'NONE',  ( 0.1491190508337590093, -0.4913384304935257130, -0.4587053571427950338 ) ) ;
#4833 = DIRECTION ( 'NONE',  ( -1.000000000000000000, 0.000000000000000000, 0.000000000000000000 ) ) ;
#4834 = CARTESIAN_POINT ( 'NONE',  ( 0.2226712522817766438, 0.4709648893835816086, -0.6434151785714591343 ) ) ;
#4835 = CARTESIAN_POINT ( 'NONE',  ( 0.2339126029503949544, 0.4127897015702155503, -0.5996093750000264233 ) ) ;
#4836 = CARTESIAN_POINT ( 'NONE',  ( -0.5937500000000002220, 0.3428017223313401529, -0.07803161100199275391 ) ) ;
#4837 = CARTESIAN_POINT ( 'NONE',  ( -0.1471154510370970281, -0.4451326998687452074, -0.4366629464285662343 ) ) ;
#4838 = CARTESIAN_POINT ( 'NONE',  ( -0.4131344245002019355, -0.3168514240135273941, -0.8240640523725504263 ) ) ;
#4839 = CARTESIAN_POINT ( 'NONE',  ( 0.1624286592781115368, -0.4537622642848571641, -0.8577008928571362434 ) ) ;
#4840 = EDGE_CURVE ( 'NONE', #6291, #5800, #6076, .T. ) ;
#4841 = CARTESIAN_POINT ( 'NONE',  ( 0.2157300003591412219, -0.4284361407127399990, -0.7670200892855892905 ) ) ;
#4842 = CARTESIAN_POINT ( 'NONE',  ( 0.2562882815464496145, -0.4525481519414609188, -0.6704799107142201953 ) ) ;
#4843 = CARTESIAN_POINT ( 'NONE',  ( -0.3266707074422781076, -0.4187074263494112714, -0.9673549107142341841 ) ) ;
#4844 = CARTESIAN_POINT ( 'NONE',  ( -0.08266246956190866080, 0.4760095380347775240, -0.8775111607141787839 ) ) ;
#4845 = CARTESIAN_POINT ( 'NONE',  ( -0.4749340369209442136, -0.1826506637123120613, -0.4701858468881601749 ) ) ;
#4846 = CARTESIAN_POINT ( 'NONE',  ( 0.2276444585133816922, 0.4611998303177365366, -0.6480694530863576608 ) ) ;
#4847 = ORIENTED_EDGE ( 'NONE', *, *, #7064, .F. ) ;
#4848 = CARTESIAN_POINT ( 'NONE',  ( 0.5937500000000002220, -0.2013280051280934568, -0.9561763651570233113 ) ) ;
#4849 = CARTESIAN_POINT ( 'NONE',  ( -0.4432108598986797543, 0.2233860736226117305, -0.9633217083312798357 ) ) ;
#4850 = CARTESIAN_POINT ( 'NONE',  ( -0.3701623262805335823, 0.2887960985361359145, -0.4405691964285833317 ) ) ;
#4851 = CARTESIAN_POINT ( 'NONE',  ( -0.4163031362374007283, -0.3190402320676810066, -0.9747093832779842870 ) ) ;
#4853 = CARTESIAN_POINT ( 'NONE',  ( -0.06422423152314196693, 0.5212697511094206426, -0.7798549107142206394 ) ) ;
#4852 = CARTESIAN_POINT ( 'NONE',  ( 0.2549640506632451231, -0.4421464176068450880, -0.5219848187514861682 ) ) ;
#4854 = CARTESIAN_POINT ( 'NONE',  ( -0.4226794726323132578, 0.3033189840297297879, -0.8385792343739446597 ) ) ;
#4855 = CARTESIAN_POINT ( 'NONE',  ( 0.4392078689063064756, 0.2076606879345726797, -0.9815848214285548545 ) ) ;
#4856 = EDGE_CURVE ( 'NONE', #432, #5108, #4431, .T. ) ;
#4857 = CARTESIAN_POINT ( 'NONE',  ( -0.02388401736898368433, 0.4848192495976295646, -0.9503348214285179951 ) ) ;
#4858 = CARTESIAN_POINT ( 'NONE',  ( -0.2633263046539134344, 0.3942053959141652020, -0.6049107142857528263 ) ) ;
#4859 = DIRECTION ( 'NONE',  ( 0.000000000000000000, 1.000000000000000000, 1.048122702880362589E-16 ) ) ;
#4860 = CARTESIAN_POINT ( 'NONE',  ( 0.1502644484350633414, 0.4546606080753699541, -0.7580915178571276947 ) ) ;
#4861 = CARTESIAN_POINT ( 'NONE',  ( 0.1181376518754381488, -0.4718896029215176036, -0.9838169642857904629 ) ) ;
#4862 = CARTESIAN_POINT ( 'NONE',  ( -0.1796813774646156825, 0.4339470013517788827, -0.4642857142857261254 ) ) ;
#4863 = PERSON_AND_ORGANIZATION_ROLE ( 'creator' ) ;
#4864 = CARTESIAN_POINT ( 'NONE',  ( -0.3091711773540564145, -0.3585143766868765791, -0.5661272321428798548 ) ) ;
#4865 = CARTESIAN_POINT ( 'NONE',  ( 0.4239547761597771136, 0.2134735259890637726, -0.6241629464284996764 ) ) ;
#4866 = CARTESIAN_POINT ( 'NONE',  ( -0.4198080074489953795, -0.2377469543329529256, -0.8736049107143073478 ) ) ;
#4867 = CARTESIAN_POINT ( 'NONE',  ( -0.04856486586396824984, -0.6575645062829602594, -0.9381566776193392965 ) ) ;
#4868 = CARTESIAN_POINT ( 'NONE',  ( 0.3637531680985349736, -0.2986027829726786709, -0.4765624999999958367 ) ) ;
#4869 = CARTESIAN_POINT ( 'NONE',  ( 0.1367684162297766737, 0.4939698398236598842, -0.4294084821428024723 ) ) ;
#4870 = DIRECTION ( 'NONE',  ( 0.000000000000000000, 0.000000000000000000, 1.000000000000000000 ) ) ;
#4871 = CARTESIAN_POINT ( 'NONE',  ( 0.3374714465659725549, 0.3911212239438760507, -0.5036272321428402199 ) ) ;
#4872 = CARTESIAN_POINT ( 'NONE',  ( 0.1038681288543828046, 0.4628416678418338925, -0.5962611607143143422 ) ) ;
#4873 = CARTESIAN_POINT ( 'NONE',  ( -0.3208769480080340131, -0.3541303868793848064, -0.7271205357143889492 ) ) ;
#4874 = DIRECTION ( 'NONE',  ( 1.000000000000000000, 3.984589072489771823E-16, 0.000000000000000000 ) ) ;
#4875 = CARTESIAN_POINT ( 'NONE',  ( -0.2478805035568993897, -0.4136917789800599876, -0.8498883928571367985 ) ) ;
#4876 = CARTESIAN_POINT ( 'NONE',  ( -0.3731276489957858766, -0.3492981647859714212, -0.5450170667813956094 ) ) ;
#4877 = CARTESIAN_POINT ( 'NONE',  ( 0.4791624125967064440, 0.04725947179188657449, -0.8426339285714408156 ) ) ;
#4878 = CARTESIAN_POINT ( 'NONE',  ( 0.4171549481720807639, -0.2363862494421809235, -0.7603236607143510906 ) ) ;
#4879 = CARTESIAN_POINT ( 'NONE',  ( -0.4255959625067433638, -0.2998252909955945733, -0.6872209821427200938 ) ) ;
#4880 = CARTESIAN_POINT ( 'NONE',  ( 0.1163587665401548815, -0.5178390920756579252, -0.9573102678572873447 ) ) ;
#4881 = CARTESIAN_POINT ( 'NONE',  ( 0.3741759466829192027, -0.3069927435347064026, -0.9051339285714732341 ) ) ;
#4882 = EDGE_CURVE ( 'NONE', #3420, #5045, #7135, .T. ) ;
#4883 = CARTESIAN_POINT ( 'NONE',  ( -0.1800545385636694584, 0.4788253189214749517, -0.5595562972047464223 ) ) ;
#4884 = CARTESIAN_POINT ( 'NONE',  ( 0.08423188049458174564, 0.5072699052524225483, -0.6447255765643521430 ) ) ;
#4885 = ORIENTED_EDGE ( 'NONE', *, *, #1629, .T. ) ;
#4886 = DIRECTION ( 'NONE',  ( 0.000000000000000000, 0.000000000000000000, -1.000000000000000000 ) ) ;
#4887 = DIRECTION ( 'NONE',  ( 0.000000000000000000, 0.000000000000000000, -1.000000000000000000 ) ) ;
#4888 = CARTESIAN_POINT ( 'NONE',  ( -0.4084244549700900562, 0.2314389564618829775, -0.4388950892857028663 ) ) ;
#4889 = B_SPLINE_CURVE_WITH_KNOTS ( 'NONE', 3,
 ( #851, #2090, #5642, #2699, #5072, #5038, #3160, #2664, #1545, #3810, #4493, #2052, #961, #4420, #6822, #5001, #7366, #2122, #1575, #4459, #889, #2008, #3916, #6790, #3235, #3307, #3882, #2588, #3770, #3197, #6755, #4917, #6678, #1432, #276, #2626, #7332, #7292, #3848, #6717, #7470, #2268, #5825, #3409, #6352, #5211, #572, #1104, #6890, #2772 ),
 .UNSPECIFIED., .F., .F.,
 ( 4, 2, 2, 2, 2, 2, 2, 2, 2, 2, 2, 2, 2, 2, 2, 2, 2, 2, 2, 2, 2, 2, 2, 2, 4 ),
 ( 0.2391331758265260454, 0.2404307566168816801, 0.2417283374072373148, 0.2443234989879486119, 0.2456210797783042465, 0.2469186605686598812, 0.2495138221493711783, 0.2508114029397268130, 0.2521089837300824477, 0.2534065645204380823, 0.2547041453107937170, 0.2572993068915049863, 0.2585968876818606210, 0.2598944684722162557, 0.2624896300529275806, 0.2637872108432832152, 0.2650847916336388499, 0.2676799532143501192, 0.2702751147950613886, 0.2715726955854170233, 0.2728702763757726579, 0.2754654379564839273, 0.2767630187468396175, 0.2780605995371952521, 0.2806557611179065215 ),
 .UNSPECIFIED. ) ;
#4890 = CARTESIAN_POINT ( 'NONE',  ( -0.5068673422570689757, -0.1353810532710595649, -0.9791743449212112482 ) ) ;
#4891 = B_SPLINE_CURVE_WITH_KNOTS ( 'NONE', 3,
 ( #4115, #1202, #4686, #3540, #2356, #5877, #6446, #2928, #5263, #11, #6774, #7386, #336, #872, #3868, #1531, #1452, #2073, #2683, #7273, #301, #7314, #4323, #3218, #5627, #4942, #913, #3749, #6204, #6699, #2144, #2033, #5515, #6130, #2648, #7350, #3791, #5555, #1492, #4984, #4439, #2107 ),
 .UNSPECIFIED., .F., .F.,
 ( 4, 2, 2, 2, 2, 2, 2, 2, 2, 2, 2, 2, 2, 2, 2, 2, 2, 2, 2, 2, 4 ),
 ( 4.359344908506975282E-15, 0.001985981467626763211, 0.002978972201437963402, 0.003971962935249163593, 0.005957944402871561372, 0.007943925870493959152, 0.009929907338116357798, 0.01092289807192755799, 0.01191588880573875818, 0.01390187027336115683, 0.01489486100717235702, 0.01588785174098355374, 0.01985981467622835797, 0.02085280541003955643, 0.02184579614385076182, 0.02383177761147316567, 0.02482476834528436066, 0.02581775907909556259, 0.02780374054671796297, 0.02978972201434036335, 0.03177570348196276373 ),
 .UNSPECIFIED. ) ;
#4893 = CARTESIAN_POINT ( 'NONE',  ( -0.5168999950576469438, -0.08976322377631743010, -0.7614397321428733045 ) ) ;
#4892 = CARTESIAN_POINT ( 'NONE',  ( 0.2254072073652473307, -0.4579469975085198041, -0.5227321610027036991 ) ) ;
#4894 = CARTESIAN_POINT ( 'NONE',  ( -0.4415146054054074898, 0.2751384118032310089, -0.8378364430482041492 ) ) ;
#4895 = CARTESIAN_POINT ( 'NONE',  ( 0.3829755286671330805, 0.2987977402683498762, -0.9790736607142803694 ) ) ;
#4896 = ORIENTED_EDGE ( 'NONE', *, *, #1810, .T. ) ;
#4897 = CARTESIAN_POINT ( 'NONE',  ( 0.1675855280456352847, -0.4941863785680544185, -0.8891402619542059238 ) ) ;
#4898 = CARTESIAN_POINT ( 'NONE',  ( 0.4226548455133253834, 0.2395072658107173513, -0.9628906250000175415 ) ) ;
#4899 = CARTESIAN_POINT ( 'NONE',  ( -0.2916952423838400921, 0.3736676050774106472, -0.6040736607142863646 ) ) ;
#4900 = CARTESIAN_POINT ( 'NONE',  ( -0.5130819962952424262, 5.421683153144712667E-13, -0.6172163786718526390 ) ) ;
#4901 = CARTESIAN_POINT ( 'NONE',  ( 0.3776226451556579655, 0.2947826300848386816, -0.7647879464284945694 ) ) ;
#4902 = CARTESIAN_POINT ( 'NONE',  ( 0.2070617951746782093, -0.4376407160475773162, -0.9101562499999230615 ) ) ;
#4903 = CARTESIAN_POINT ( 'NONE',  ( 0.3161293751085575421, -0.3486992086225958465, -0.4960937499999640288 ) ) ;
#4904 = CARTESIAN_POINT ( 'NONE',  ( -0.08121994778247480784, -0.4684621448626868356, -0.6314174107143715187 ) ) ;
#4905 = CARTESIAN_POINT ( 'NONE',  ( -0.3081161506738977485, 0.3572851186956573777, -0.5320870535714469218 ) ) ;
#4906 = CARTESIAN_POINT ( 'NONE',  ( -0.1514748882784297812, 0.4587191906297019006, -0.8936941964285458617 ) ) ;
#4907 = CARTESIAN_POINT ( 'NONE',  ( 0.03494159388922818410, 0.5227722858228412983, -0.9293299863940450711 ) ) ;
#4908 = CARTESIAN_POINT ( 'NONE',  ( -0.1032576515728817340, -0.4595508122844715326, -0.4891183035714094518 ) ) ;
#4909 = CARTESIAN_POINT ( 'NONE',  ( -0.07529520905247578944, -0.5080763899298261776, -0.4637276785715179206 ) ) ;
#4910 = CARTESIAN_POINT ( 'NONE',  ( -0.3686840820698977783, -0.3179463275559296087, -1.014229910714263827 ) ) ;
#4911 = CARTESIAN_POINT ( 'NONE',  ( 0.4048684509072825732, 0.3101866014195298060, -0.5104256758698020313 ) ) ;
#4912 = CARTESIAN_POINT ( 'NONE',  ( 0.1502448752414791699, -0.4950480049138200056, -0.5279017857143200043 ) ) ;
#4913 = CARTESIAN_POINT ( 'NONE',  ( 0.4657895677973380999, -0.09258513249229140263, -0.6138392857143386561 ) ) ;
#4914 = CARTESIAN_POINT ( 'NONE',  ( 0.4490383851317878983, 0.1607377214938853216, -0.6969866071427985865 ) ) ;
#4915 = CARTESIAN_POINT ( 'NONE',  ( 0.2292677794122294499, 0.4637915435439405876, -0.7195058965616050184 ) ) ;
#4916 = CARTESIAN_POINT ( 'NONE',  ( 0.2057620250118450955, 0.4349024753790835529, -0.8130580357142329628 ) ) ;
#4917 = CARTESIAN_POINT ( 'NONE',  ( -0.1664541024806774350, 0.4907903744638202892, -0.7742134214929980995 ) ) ;
#4918 = CARTESIAN_POINT ( 'NONE',  ( -0.1611819239835655115, 0.4506560489235779676, -0.7505580357142700443 ) ) ;
#4919 = EDGE_CURVE ( 'NONE', #4498, #5554, #1519, .T. ) ;
#4920 = EDGE_CURVE ( 'NONE', #3315, #6911, #2141, .T. ) ;
#4921 = CARTESIAN_POINT ( 'NONE',  ( 0.3043093681346660806, -0.3706987494535918248, -0.7645089285714800065 ) ) ;
#4922 = CARTESIAN_POINT ( 'NONE',  ( -0.1755426468392794759, 0.4908083691618997380, -0.7081473214286032603 ) ) ;
#4923 = CARTESIAN_POINT ( 'NONE',  ( 0.3461054341708797444, 0.4013429286168068710, -0.9321986607142465076 ) ) ;
#4924 = CARTESIAN_POINT ( 'NONE',  ( -0.04718994620290703490, -0.4797994699177053346, -0.8448660714285375350 ) ) ;
#4925 = CARTESIAN_POINT ( 'NONE',  ( 0.3117669777083127980, 0.4060371714619682160, -0.5710879756769733362 ) ) ;
#4926 = CARTESIAN_POINT ( 'NONE',  ( 0.2575520664520445924, 0.4452170478841769308, -0.6488193278598949343 ) ) ;
#4927 = ORIENTED_EDGE ( 'NONE', *, *, #3563, .T. ) ;
#4928 = EDGE_CURVE ( 'NONE', #5800, #2744, #5796, .T. ) ;
#4929 = CARTESIAN_POINT ( 'NONE',  ( 0.4877597996273118630, -0.1838925247912280292, -0.8713161116364527281 ) ) ;
#4930 = CARTESIAN_POINT ( 'NONE',  ( -0.1212939399266479840, 0.5048741855149985192, -0.9862535856073165741 ) ) ;
#4931 = CARTESIAN_POINT ( 'NONE',  ( -0.4692574399884067438, -6.415298264223589619E-05, -0.4330357142857096386 ) ) ;
#4932 = CARTESIAN_POINT ( 'NONE',  ( -0.2024027352975275584, -0.4884651750306322482, -0.8928571428571054902 ) ) ;
#4933 = CARTESIAN_POINT ( 'NONE',  ( -0.3040068324165074998, 0.4250693866681977129, -0.9137304672330985866 ) ) ;
#4935 = CARTESIAN_POINT ( 'NONE',  ( 0.5258120519235334189, 7.165401054949492772E-05, -0.7991071428572212865 ) ) ;
#4934 = DIRECTION ( 'NONE',  ( 1.000000000000000000, 0.000000000000000000, 0.000000000000000000 ) ) ;
#4936 = CARTESIAN_POINT ( 'NONE',  ( -0.3910199939334653152, 0.3432221800859250882, -0.8396917155541395728 ) ) ;
#4937 = CARTESIAN_POINT ( 'NONE',  ( -0.4833825200194306060, -0.05968656474184284855, -1.020926339285640694 ) ) ;
#4938 = DIRECTION ( 'NONE',  ( 0.000000000000000000, 0.000000000000000000, -1.000000000000000000 ) ) ;
#4939 = PRODUCT_DEFINITION_FORMATION_WITH_SPECIFIED_SOURCE ( 'ANY', '', #495, .NOT_KNOWN. ) ;
#4940 = ORIENTED_EDGE ( 'NONE', *, *, #2082, .F. ) ;
#4941 = EDGE_CURVE ( 'NONE', #6698, #4427, #4509, .T. ) ;
#4942 = CARTESIAN_POINT ( 'NONE',  ( -0.3195216964019039207, -0.3958669230629165980, -0.4720045466822524460 ) ) ;
#4943 = CARTESIAN_POINT ( 'NONE',  ( -0.4899351068532177278, -0.1890655314359712957, -0.8328683035714836702 ) ) ;
#4944 = CARTESIAN_POINT ( 'NONE',  ( 0.2012268476920055782, -0.4255999872447380761, -0.4994419642857081398 ) ) ;
#4945 = DIRECTION ( 'NONE',  ( -0.03112001302226621510, 0.000000000000000000, -0.9995156550997557066 ) ) ;
#4946 = CARTESIAN_POINT ( 'NONE',  ( 0.4470767495691556070, 0.1723904667115475631, -0.7681361607142885850 ) ) ;
#4947 = AXIS2_PLACEMENT_3D ( 'NONE', #7468, #3983, #3914 ) ;
#4948 = CIRCLE ( 'NONE', #6173, 0.3975000000000000755 ) ;
#4949 = CARTESIAN_POINT ( 'NONE',  ( 6.614941044521686951E-05, -0.4843096404775147912, -0.9151785714285055606 ) ) ;
#4950 = CARTESIAN_POINT ( 'NONE',  ( 0.2918824369914901351, 0.3741181851994928032, -0.6012834821428292287 ) ) ;
#4951 = CARTESIAN_POINT ( 'NONE',  ( 0.1253894902473201567, 0.4528728907303901097, -0.4718191964285584072 ) ) ;
#4952 = VECTOR ( 'NONE', #514, 39.37007874015748143 ) ;
#4953 = EDGE_CURVE ( 'NONE', #5845, #548, #2701, .T. ) ;
#4954 = CARTESIAN_POINT ( 'NONE',  ( 0.3552845323458094229, -0.3220943894085450121, -0.7806919642856535724 ) ) ;
#4955 = CARTESIAN_POINT ( 'NONE',  ( -0.1397637257708955194, 0.4636779905539548108, -0.9512763532085749540 ) ) ;
#4956 = CARTESIAN_POINT ( 'NONE',  ( 0.4146474929352592653, 0.2217065862514941421, -0.4631696428571348001 ) ) ;
#4957 = CARTESIAN_POINT ( 'NONE',  ( -0.4625810839791456019, -0.2188617588479848941, -0.4034598214285554096 ) ) ;
#4958 = CARTESIAN_POINT ( 'NONE',  ( 0.3598508127988025995, 0.3262392943889423913, -0.9782366071428053589 ) ) ;
#4959 = CARTESIAN_POINT ( 'NONE',  ( 0.3577063572571569927, 0.3758133098333709121, -0.5756138392857139685 ) ) ;
#4960 = CARTESIAN_POINT ( 'NONE',  ( -0.3336346350671123839, 0.3335434384897263405, -0.5133928571428416632 ) ) ;
#4961 = CARTESIAN_POINT ( 'NONE',  ( -0.3753593141630528485, 0.2930109705107638574, -0.6727120535714561367 ) ) ;
#4962 = CARTESIAN_POINT ( 'NONE',  ( 0.06798637469664758903, 0.5127640499000934993, -0.7157842812702222002 ) ) ;
#4963 = CARTESIAN_POINT ( 'NONE',  ( -0.3574588193002589676, -0.3238980243922268132, -0.8532366071427818222 ) ) ;
#4964 = CARTESIAN_POINT ( 'NONE',  ( 0.3552845323458094229, -0.3220943894085450121, -0.7806919642856535724 ) ) ;
#4965 = CARTESIAN_POINT ( 'NONE',  ( -0.4628951297310536783, -0.1281684199898689425, -0.7871093750001511014 ) ) ;
#4966 = CARTESIAN_POINT ( 'NONE',  ( -0.4595097265037558221, 0.2455325427631715740, -0.6997767857142475068 ) ) ;
#4967 = CARTESIAN_POINT ( 'NONE',  ( 0.2835610826796212125, 0.4476640869049490767, -0.9305245535714676830 ) ) ;
#4968 = CARTESIAN_POINT ( 'NONE',  ( 6.187824578630575663E-05, 0.4809649893716224089, -0.8080357142857388375 ) ) ;
#4969 = CARTESIAN_POINT ( 'NONE',  ( -0.3974417577558556625, 0.4561403388351389920, -0.03110425066356713175 ) ) ;
#4970 = CARTESIAN_POINT ( 'NONE',  ( -0.5937500000000000000, -2.365849761790802036E-16, -0.9749999999999998668 ) ) ;
#4971 = VERTEX_POINT ( 'NONE', #489 ) ;
#4972 = CARTESIAN_POINT ( 'NONE',  ( -0.4150036765883597378, -0.3180332833890939237, -0.8954955439837528619 ) ) ;
#4973 = DIRECTION ( 'NONE',  ( 0.000000000000000000, 0.000000000000000000, -1.000000000000000000 ) ) ;
#4974 = CARTESIAN_POINT ( 'NONE',  ( -0.01159382818421231427, 0.4696631451039323668, -0.4506138392857018671 ) ) ;
#4975 = CARTESIAN_POINT ( 'NONE',  ( -0.3243269953431348607, 0.4156971930710546270, -0.8451450892857907959 ) ) ;
#4976 = CARTESIAN_POINT ( 'NONE',  ( 0.3190151802064082331, 0.4155453262151264648, -0.9282303256084408760 ) ) ;
#4978 = CARTESIAN_POINT ( 'NONE',  ( -0.5058019042899003503, 0.1399000313230053250, -0.7664620535714119498 ) ) ;
#4977 = CARTESIAN_POINT ( 'NONE',  ( -0.07659116388036477097, 0.5193625088527238365, -0.9905506094561506991 ) ) ;
#4979 = CARTESIAN_POINT ( 'NONE',  ( -0.5191817373485415610, 0.03413377864623564489, -0.8400303667278871123 ) ) ;
#4980 = B_SPLINE_CURVE_WITH_KNOTS ( 'NONE', 3,
 ( #2866, #5198, #7533, #6952, #4046, #1708, #6378, #5812, #3474, #559, #1783, #2901, #2330, #6454, #1745, #6417, #1171, #1981, #2525, #3091, #6573, #2563, #6732, #7186, #1941, #5428, #214, #4279, #6613, #176, #5509, #4398, #4892, #4852, #3626, #134, #3174, #253, #1361, #6084, #866, #2602, #3664, #2027, #1324, #6000, #4239, #294, #3702, #6043 ),
 .UNSPECIFIED., .F., .F.,
 ( 4, 2, 2, 2, 2, 2, 2, 2, 2, 2, 2, 2, 2, 2, 2, 2, 2, 2, 2, 2, 2, 2, 2, 2, 4 ),
 ( 0.5279011357706598906, 0.5291790483839725612, 0.5304569609972851207, 0.5330127862239103509, 0.5342906988372230215, 0.5355686114505356921, 0.5368465240638482516, 0.5381244366771609222, 0.5406802619037861524, 0.5419581745170987119, 0.5432360871304113825, 0.5457919123570366127, 0.5470698249703492833, 0.5483477375836618428, 0.5509035628102871840, 0.5534593880369124141, 0.5547373006502249737, 0.5560152132635376443, 0.5585710384901628744, 0.5598489511034755450, 0.5611268637167881046, 0.5636826889434134458, 0.5649606015567260053, 0.5662385141700386759, 0.5687943393966639061 ),
 .UNSPECIFIED. ) ;
#4981 = CARTESIAN_POINT ( 'NONE',  ( -0.3896703075236248037, 0.2889167104228889116, -0.9581473214285530782 ) ) ;
#4982 = CARTESIAN_POINT ( 'NONE',  ( -0.1633658694334616523, 0.4833033374921632541, -0.4885110743148937673 ) ) ;
#4983 = EDGE_LOOP ( 'NONE', ( #6374, #3697, #286, #871 ) ) ;
#4984 = CARTESIAN_POINT ( 'NONE',  ( -0.5068812055917396586, -0.05159255753974278241, -0.4809891891939268027 ) ) ;
#4985 = CARTESIAN_POINT ( 'NONE',  ( 0.5240007210461337106, 0.01279586837826484150, -0.8010602678572267266 ) ) ;
#4986 = CARTESIAN_POINT ( 'NONE',  ( 0.4713005271083567926, 0.03470428470153816974, -0.5571986607143193382 ) ) ;
#4987 = DIRECTION ( 'NONE',  ( 0.8571673007021137769, 1.049727191138620298E-16, -0.5150380749100518241 ) ) ;
#4988 = CARTESIAN_POINT ( 'NONE',  ( 0.4553803764604487658, 0.1628716086153417786, -0.8934151785714392613 ) ) ;
#4989 = EDGE_CURVE ( 'NONE', #1657, #2072, #7159, .T. ) ;
#4990 = CARTESIAN_POINT ( 'NONE',  ( 0.2240723592176903367, -0.4190721311259104631, -0.6238839285714834482 ) ) ;
#4991 = CARTESIAN_POINT ( 'NONE',  ( -0.06904375254366314218, -0.4658939472207596633, -0.5061383928570982738 ) ) ;
#4992 = CARTESIAN_POINT ( 'NONE',  ( 0.4677373016743325285, -0.1049667981416436829, -0.7748325892856270380 ) ) ;
#4993 = CARTESIAN_POINT ( 'NONE',  ( -0.4526285562007773544, 0.2613967331884047840, -0.9166673524962740682 ) ) ;
#4994 = CARTESIAN_POINT ( 'NONE',  ( 0.09981288318420612760, -0.5014358472879496542, -0.3883928571429132171 ) ) ;
#4995 = CARTESIAN_POINT ( 'NONE',  ( 0.4807835233051953039, -0.07125039425633018786, -0.9882812500000156541 ) ) ;
#4996 = CARTESIAN_POINT ( 'NONE',  ( -0.1747246456285670435, 0.4881128798697929039, -0.5630580357142663805 ) ) ;
#4997 = CARTESIAN_POINT ( 'NONE',  ( 0.2723767814139328447, -0.3866330517134690670, -0.5510602678571742130 ) ) ;
#4998 = CARTESIAN_POINT ( 'NONE',  ( 0.3205290374718982593, -0.3537407240952865073, -0.7103794642856677832 ) ) ;
#4999 = CARTESIAN_POINT ( 'NONE',  ( -0.5155482665347895788, -2.442656272459960198E-15, -0.6964282900669522824 ) ) ;
#5000 = CARTESIAN_POINT ( 'NONE',  ( 0.1284915543243091429, -0.4645413264590753655, -0.8406808035714613547 ) ) ;
#5001 = CARTESIAN_POINT ( 'NONE',  ( 0.3158006333094118823, 0.4113517543999531401, -0.7853737307262184109 ) ) ;
#5002 = CARTESIAN_POINT ( 'NONE',  ( -0.2655187364187047705, -0.3972662417467011098, -0.7254464285714614658 ) ) ;
#5003 = CIRCLE ( 'NONE', #6409, 0.3125000000000000000 ) ;
#5004 = CARTESIAN_POINT ( 'NONE',  ( 0.03507272389046840744, -0.4763043813655770120, -0.7000558035713946303 ) ) ;
#5005 = CARTESIAN_POINT ( 'NONE',  ( -0.4401505472063532709, 0.2788017898650306803, -0.7006138392857113040 ) ) ;
#5006 = CARTESIAN_POINT ( 'NONE',  ( -0.02360763724098367475, -0.4792863826675250460, -0.7728794642856222641 ) ) ;
#5007 = EDGE_CURVE ( 'NONE', #5845, #1732, #3964, .T. ) ;
#5008 = CARTESIAN_POINT ( 'NONE',  ( -0.5108580608378745502, 6.691960456354919779E-15, -0.5457877997705470330 ) ) ;
#5009 = ORIENTED_EDGE ( 'NONE', *, *, #3898, .F. ) ;
#5010 = CARTESIAN_POINT ( 'NONE',  ( -0.2759737570782280769, -0.4429599463930385950, -0.8914087030086658148 ) ) ;
#5011 = DIRECTION ( 'NONE',  ( 0.000000000000000000, 0.000000000000000000, 1.000000000000000000 ) ) ;
#5012 = CARTESIAN_POINT ( 'NONE',  ( -0.04729610148547525733, 0.4808396476557160737, -0.8783482142856544606 ) ) ;
#5013 = CARTESIAN_POINT ( 'NONE',  ( -0.3646247950057473486, -0.3830819024411394325, -0.8970424107143034620 ) ) ;
#5014 = CARTESIAN_POINT ( 'NONE',  ( -0.1347291692590351919, 0.5050625944956179669, -0.9178235211312546493 ) ) ;
#5016 = CARTESIAN_POINT ( 'NONE',  ( 0.4189782260336293307, -0.3106469194460401706, -0.6635044642857047537 ) ) ;
#5015 = CARTESIAN_POINT ( 'NONE',  ( -0.4185974242983727667, 0.3163788559796781308, -0.9817178096696644873 ) ) ;
#5017 = CARTESIAN_POINT ( 'NONE',  ( -0.5087513615964195379, 0.08402944811339514708, -0.6905068752351436467 ) ) ;
#5018 = CARTESIAN_POINT ( 'NONE',  ( -0.4774562203021786022, 0.07088672652353676662, -0.8811383928571203672 ) ) ;
#5019 = CARTESIAN_POINT ( 'NONE',  ( 0.5111932814883627385, -0.06714055610034885824, -0.6621953506793309963 ) ) ;
#5020 = EDGE_LOOP ( 'NONE', ( #3790, #2847, #1666, #5693 ) ) ;
#5021 = CARTESIAN_POINT ( 'NONE',  ( 0.3804560589261136716, -0.3568948707047918667, -0.8835636219366181932 ) ) ;
#5022 = ADVANCED_FACE ( 'NONE', ( #5932 ), #637, .F. ) ;
#5023 = CARTESIAN_POINT ( 'NONE',  ( -0.05136407819090089977, -0.5222378464578431023, -0.8203124999999659162 ) ) ;
#5024 = CARTESIAN_POINT ( 'NONE',  ( -0.06904375254366314218, -0.4658939472207596633, -0.5061383928570982738 ) ) ;
#5025 = CARTESIAN_POINT ( 'NONE',  ( 4.597669439873847705E-17, -0.3754282004472574985, 1.185470590824565962 ) ) ;
#5026 = CARTESIAN_POINT ( 'NONE',  ( 0.4846343738258001022, 0.03581532716583695625, -0.9679129464286507778 ) ) ;
#5027 = CARTESIAN_POINT ( 'NONE',  ( -0.4701192864161424789, -0.05792231077321161742, -0.5744977678571100421 ) ) ;
#5028 = CARTESIAN_POINT ( 'NONE',  ( -0.1258164277929610109, 0.4548696710972843782, -0.5371093750000179856 ) ) ;
#5029 = CARTESIAN_POINT ( 'NONE',  ( 0.4780153843016456960, -0.03532236049964803531, -0.7731584821429441368 ) ) ;
#5030 = CARTESIAN_POINT ( 'NONE',  ( -0.2297116875939223257, 0.4272057082243645443, -0.9512068064209222573 ) ) ;
#5031 = ADVANCED_FACE ( 'NONE', ( #2411 ), #1661, .F. ) ;
#5032 = CARTESIAN_POINT ( 'NONE',  ( 0.3081533411316372262, 0.3753874099088655436, -0.9765625000000516254 ) ) ;
#5033 = CARTESIAN_POINT ( 'NONE',  ( 0.1985613538293961866, 0.4791947377244810125, -0.5714285714285487483 ) ) ;
#5034 = CARTESIAN_POINT ( 'NONE',  ( 0.1480461018498897274, 0.4483476891695760691, -0.5259486607142457304 ) ) ;
#5035 = CARTESIAN_POINT ( 'NONE',  ( -0.4459317213843728700, -0.1594922393570314678, -0.5898437500000235367 ) ) ;
#5036 = CARTESIAN_POINT ( 'NONE',  ( 0.1666713073471359496, 0.4888704962000386955, -0.7180196425229976587 ) ) ;
#5037 = CARTESIAN_POINT ( 'NONE',  ( -0.3578484820853773951, 0.3242459349285217729, -0.8699776785714238292 ) ) ;
#5038 = CARTESIAN_POINT ( 'NONE',  ( 0.5019283270273376951, 0.1345826035525856390, -0.7928091091395663703 ) ) ;
#5039 = CARTESIAN_POINT ( 'NONE',  ( 0.4677373016743325285, -0.1049667981416436829, -0.7748325892856270380 ) ) ;
#5040 = CARTESIAN_POINT ( 'NONE',  ( -0.3524164100151042089, -0.3194993482032179033, -0.6389508928571500102 ) ) ;
#5041 = CARTESIAN_POINT ( 'NONE',  ( -0.5139025253968418916, 0.05068188058963139786, -0.5524553571428543197 ) ) ;
#5042 = CARTESIAN_POINT ( 'NONE',  ( -0.2370336193182516482, 0.4182895989107638379, -0.8021763392856755548 ) ) ;
#5043 = CARTESIAN_POINT ( 'NONE',  ( 0.2561390238008792730, -0.4443145707963880864, -0.6011969567922210711 ) ) ;
#5044 = ORIENTED_EDGE ( 'NONE', *, *, #6684, .T. ) ;
#5045 = VERTEX_POINT ( 'NONE', #158 ) ;
#5046 = CARTESIAN_POINT ( 'NONE',  ( 0.2463723946406870813, 0.5433602762959873766, -0.02625346759769190894 ) ) ;
#5047 = CARTESIAN_POINT ( 'NONE',  ( -0.2781559898042488821, 0.3948365856923664041, -0.8724888392856406938 ) ) ;
#5048 = CARTESIAN_POINT ( 'NONE',  ( -0.2599685188679264347, 0.4587628405968134371, -0.8468191964284947915 ) ) ;
#5049 = CARTESIAN_POINT ( 'NONE',  ( 0.06879475453057490308, 0.5183138199572109306, -0.9222887408967191947 ) ) ;
#5050 = CARTESIAN_POINT ( 'NONE',  ( -0.2627323951875140118, -0.4544942970268566196, -0.9624586382581619137 ) ) ;
#5051 = DIRECTION ( 'NONE',  ( -0.7071067811865486830, 0.000000000000000000, -0.7071067811865462405 ) ) ;
#5052 = CARTESIAN_POINT ( 'NONE',  ( -0.2288973144148371830, -0.4627620796066653774, -0.6837952971144177772 ) ) ;
#5053 = ORIENTED_EDGE ( 'NONE', *, *, #341, .T. ) ;
#5054 = CARTESIAN_POINT ( 'NONE',  ( 0.2752079285902340189, -0.4432659017777084709, -0.8865401004730931733 ) ) ;
#5055 = CARTESIAN_POINT ( 'NONE',  ( 0.1402041378663750615, 0.5069013714177030838, -0.8579799107143351033 ) ) ;
#5056 = CARTESIAN_POINT ( 'NONE',  ( 0.04631384358715379124, -0.4708530371814838578, -0.5747767857142764836 ) ) ;
#5057 = CARTESIAN_POINT ( 'NONE',  ( 0.3114382702159769201, 0.4048294621780355040, -0.5074545054271196731 ) ) ;
#5058 = CARTESIAN_POINT ( 'NONE',  ( 0.2689002343684395169, -0.4025497668870928192, -0.9084821428572198432 ) ) ;
#5059 = VECTOR ( 'NONE', #5346, 39.37007874015748143 ) ;
#5060 = CARTESIAN_POINT ( 'NONE',  ( 0.2895387248929011115, -0.3711079519224063650, -0.4790736607142822567 ) ) ;
#5061 = CARTESIAN_POINT ( 'NONE',  ( 0.3161293751157416287, -0.3486992086200486063, -0.4960937500000200950 ) ) ;
#5062 = CARTESIAN_POINT ( 'NONE',  ( 0.1162807605076953965, 0.4644880641328784643, -0.7572544642857865771 ) ) ;
#5063 = AXIS2_PLACEMENT_3D ( 'NONE', #3572, #4874, #4185 ) ;
#5064 = CARTESIAN_POINT ( 'NONE',  ( 0.3943244690355319215, 0.3453760416724260818, -0.9382505999214134640 ) ) ;
#5065 = AXIS2_PLACEMENT_3D ( 'NONE', #2913, #2879, #1029 ) ;
#5066 = CARTESIAN_POINT ( 'NONE',  ( 0.4741112617572775800, 0.1064011534932780001, -0.9840959821428304499 ) ) ;
#5067 = CARTESIAN_POINT ( 'NONE',  ( -0.4811187439357350049, -0.1855167263022012292, -0.4734933035713889682 ) ) ;
#5068 = CARTESIAN_POINT ( 'NONE',  ( 0.4674259901745113632, 0.06940139228857773734, -0.5385044642857259589 ) ) ;
#5069 = CARTESIAN_POINT ( 'NONE',  ( -0.3802728836101835763, -0.2821101619174827269, -0.5864955357142328518 ) ) ;
#5070 = DIRECTION ( 'NONE',  ( 0.000000000000000000, 1.047310526070460688E-16, -1.000000000000000000 ) ) ;
#5071 = CARTESIAN_POINT ( 'NONE',  ( 0.3043093681360045100, -0.3706987494469730082, -0.7645089285714893323 ) ) ;
#5072 = CARTESIAN_POINT ( 'NONE',  ( 0.5119058651967030027, 0.08467255103939202998, -0.7939256415097076802 ) ) ;
#5073 = AXIS2_PLACEMENT_3D ( 'NONE', #193, #1228, #6064 ) ;
#5074 = CARTESIAN_POINT ( 'NONE',  ( -0.4758463424183003720, -0.04680497253307087241, -0.7354910714285594064 ) ) ;
#5075 = CARTESIAN_POINT ( 'NONE',  ( 0.3205290374716535662, -0.3537407240946413567, -0.6925223214285904927 ) ) ;
#5076 = CARTESIAN_POINT ( 'NONE',  ( 0.4620421405653092339, 0.2326514261324464095, -0.5817522321428448828 ) ) ;
#5077 = CARTESIAN_POINT ( 'NONE',  ( 0.2057620250068206702, 0.4349024753837958390, -0.8130580357142603853 ) ) ;
#5078 = VERTEX_POINT ( 'NONE', #3648 ) ;
#5079 = CARTESIAN_POINT ( 'NONE',  ( 0.4861144932495945481, -0.1652118774477584762, -0.5930098588761788525 ) ) ;
#5080 = B_SPLINE_CURVE_WITH_KNOTS ( 'NONE', 3,
 ( #4999, #1573, #2049, #4381, #274, #2662, #6715, #1466, #5531, #350, #6820, #7330, #4418, #2088, #236, #6753, #2005, #2586, #6068, #2697, #6107, #1507, #887, #385, #811, #3846, #4962, #2624, #1430, #5036, #7290, #4915, #3195, #4341, #3158, #316, #3768, #3807, #6144, #6676, #7364, #6184, #926, #7247, #3270, #3233, #3880, #5492, #5570, #5606 ),
 .UNSPECIFIED., .F., .F.,
 ( 4, 2, 2, 2, 2, 2, 2, 2, 2, 2, 2, 2, 2, 2, 2, 2, 2, 2, 2, 2, 2, 2, 2, 2, 4 ),
 ( 0.2782717877421574948, 0.2795655876310576549, 0.2808593875199577594, 0.2834469872977580795, 0.2847407871866582396, 0.2860345870755583442, 0.2886221868533586643, 0.2899159867422587689, 0.2912097866311589289, 0.2937973864089592491, 0.2963849861867595137, 0.2976787860756596737, 0.2989725859645597783, 0.3015601857423600984, 0.3028539856312602585, 0.3041477855201603631, 0.3067353852979606832, 0.3080291851868608433, 0.3093229850757609478, 0.3106167849646611079, 0.3119105848535612679, 0.3144981846313615881, 0.3157919845202616926, 0.3170857844091618527, 0.3196733841869621728 ),
 .UNSPECIFIED. ) ;
#5081 = ORIENTED_EDGE ( 'NONE', *, *, #4687, .T. ) ;
#5082 = CARTESIAN_POINT ( 'NONE',  ( -0.4057037976627934639, 0.3332619335778244651, -0.9899610727106794572 ) ) ;
#5083 = CARTESIAN_POINT ( 'NONE',  ( 0.2278002832252088716, 0.4263244157821704516, -0.8850446428572230628 ) ) ;
#5084 = CARTESIAN_POINT ( 'NONE',  ( 0.3450504074916053154, -0.4001136706260569609, -0.8803013392855899566 ) ) ;
#5085 = CARTESIAN_POINT ( 'NONE',  ( -0.3975000000000000755, 0.000000000000000000, 0.9519999999999999574 ) ) ;
#5086 = CARTESIAN_POINT ( 'NONE',  ( 0.01641676421506154532, -0.5236565603585789930, -0.9561456799217233904 ) ) ;
#5087 = CARTESIAN_POINT ( 'NONE',  ( -0.4417364625372129927, 0.2752405386957363365, -0.8456181398476393385 ) ) ;
#5088 = CARTESIAN_POINT ( 'NONE',  ( -0.5147084776478018098, -0.03355154457742466623, -0.6956879327637506272 ) ) ;
#5089 = ORIENTED_EDGE ( 'NONE', *, *, #3090, .F. ) ;
#5090 = CARTESIAN_POINT ( 'NONE',  ( 0.3769870883047581889, -0.3537403823334593356, -0.7329268713063417096 ) ) ;
#5091 = CARTESIAN_POINT ( 'NONE',  ( 0.5262472403265699983, -0.01284689050245971416, -0.8730468749999779066 ) ) ;
#5092 = CARTESIAN_POINT ( 'NONE',  ( -0.2899235828071736742, -0.3714042740835469814, -0.5119977678571453472 ) ) ;
#5093 = CARTESIAN_POINT ( 'NONE',  ( -0.4889260870269251380, -0.1658356175067713101, -0.6849266033277944254 ) ) ;
#5094 = CARTESIAN_POINT ( 'NONE',  ( 0.02364416884426871410, 0.4826332727335704842, -0.8800223214285928242 ) ) ;
#5095 = CARTESIAN_POINT ( 'NONE',  ( -0.4679927071698705143, 0.05765645209478759137, -0.5058593749999897859 ) ) ;
#5096 = CARTESIAN_POINT ( 'NONE',  ( 0.4740622517664589419, 0.07025816821144383051, -0.7706473214285128881 ) ) ;
#5097 = CARTESIAN_POINT ( 'NONE',  ( 0.4409549559483852965, 0.2040082618828612249, -0.4542999999999997596 ) ) ;
#5098 = CARTESIAN_POINT ( 'NONE',  ( 0.4085639924093771858, 0.2586466473222687190, -0.9087611607142975778 ) ) ;
#5099 = CARTESIAN_POINT ( 'NONE',  ( -0.1251412010081937032, -0.4998808411571505905, -0.4626116071429051124 ) ) ;
#5100 = CARTESIAN_POINT ( 'NONE',  ( 0.4713526505902435049, -0.03470428470798523485, -0.5410156250000018874 ) ) ;
#5101 = CARTESIAN_POINT ( 'NONE',  ( -0.1595012373766109548, -0.4455954451940297711, -0.5797991071428744148 ) ) ;
#5102 = CARTESIAN_POINT ( 'NONE',  ( -0.4746171234230992519, 0.05860041928592444466, -0.7201450892857613750 ) ) ;
#5103 = CARTESIAN_POINT ( 'NONE',  ( -0.5046381135057854683, 0.1174669548181714873, -0.7704551996988218132 ) ) ;
#5104 = CARTESIAN_POINT ( 'NONE',  ( -0.04676701830531969362, 0.4741692378120321849, -0.6819196428571159263 ) ) ;
#5105 = CARTESIAN_POINT ( 'NONE',  ( 0.1932156001980971927, 0.4357361261023232069, -0.6699218749999560352 ) ) ;
#5106 = CARTESIAN_POINT ( 'NONE',  ( 0.2210142352235840157, 0.4674602185780923902, -0.5742187499999888978 ) ) ;
#5107 = CARTESIAN_POINT ( 'NONE',  ( 0.01184142506093419089, -0.4796948904740970243, -0.7720424107142968007 ) ) ;
#5108 = VERTEX_POINT ( 'NONE', #4263 ) ;
#5109 = CARTESIAN_POINT ( 'NONE',  ( -0.1332688367560692089, -0.4952799246959212476, -0.6023479849067745473 ) ) ;
#5110 = CARTESIAN_POINT ( 'NONE',  ( -0.2994054403788828922, -0.4168927868169969853, -0.6142217087366976802 ) ) ;
#5111 = AXIS2_PLACEMENT_3D ( 'NONE', #4315, #1899, #1443 ) ;
#5112 = ORIENTED_EDGE ( 'NONE', *, *, #6709, .F. ) ;
#5113 = DIRECTION ( 'NONE',  ( -0.000000000000000000, -1.000000000000000000, -0.000000000000000000 ) ) ;
#5114 = CARTESIAN_POINT ( 'NONE',  ( 0.3419115141435914995, 0.3418235345278483606, -0.8883928571428435506 ) ) ;
#5115 = CARTESIAN_POINT ( 'NONE',  ( -0.01143862548584273151, -0.4685690681678278402, -0.4333147321428909016 ) ) ;
#5116 = CARTESIAN_POINT ( 'NONE',  ( -0.09729132997078826506, 0.6294322691142292259, -0.9514466211001627594 ) ) ;
#5117 = EDGE_CURVE ( 'NONE', #3923, #3931, #2466, .T. ) ;
#5118 = CARTESIAN_POINT ( 'NONE',  ( -0.3500740182005785406, 0.3920443491594599594, -0.9839296666932936253 ) ) ;
#5119 = CARTESIAN_POINT ( 'NONE',  ( -0.1652530959391487753, 0.4888458289948581226, -0.7027968060000443495 ) ) ;
#5120 = CARTESIAN_POINT ( 'NONE',  ( -0.5108580608378745502, 6.691960456354919779E-15, -0.5457877997705470330 ) ) ;
#5121 = ORIENTED_EDGE ( 'NONE', *, *, #1828, .F. ) ;
#5122 = CARTESIAN_POINT ( 'NONE',  ( -0.2290296406367701154, -0.4639649671626262517, -0.7474282278406388924 ) ) ;
#5123 = CARTESIAN_POINT ( 'NONE',  ( 0.1636461997232921406, 0.4951497166539663430, -0.7156808035714166127 ) ) ;
#5124 = CARTESIAN_POINT ( 'NONE',  ( 0.3944073756799864605, -0.3460877796496543701, -0.9546161240297758033 ) ) ;
#5125 = CARTESIAN_POINT ( 'NONE',  ( -0.4829815306678554299, 0.1640676759156962095, -0.4858623219222832357 ) ) ;
#5126 = CARTESIAN_POINT ( 'NONE',  ( 0.4713005271083567926, 0.03470428470153816974, -0.5393415178571767665 ) ) ;
#5127 = CARTESIAN_POINT ( 'NONE',  ( 0.4700886672387369902, -0.08163040723191800074, -0.7028459821428674204 ) ) ;
#5128 = CARTESIAN_POINT ( 'NONE',  ( 0.4578796988066795026, 0.1674077851762414415, -0.4542999999999997041 ) ) ;
#5129 = CARTESIAN_POINT ( 'NONE',  ( 0.2070617951699039450, -0.4376407160514280692, -0.9280133928571564494 ) ) ;
#5130 = CARTESIAN_POINT ( 'NONE',  ( 0.3770651265941880603, -0.3497885179064266770, -0.4504671141929693090 ) ) ;
#5131 = CARTESIAN_POINT ( 'NONE',  ( 0.4612780694472552456, 0.09169226413989123303, -0.4665178571428528209 ) ) ;
#5132 = CARTESIAN_POINT ( 'NONE',  ( 0.09267045766592704736, -0.4661991915021322375, -0.6450892857142531689 ) ) ;
#5133 = DIRECTION ( 'NONE',  ( 0.000000000000000000, 0.000000000000000000, -1.000000000000000000 ) ) ;
#5134 = CARTESIAN_POINT ( 'NONE',  ( 0.4587364737764449418, -0.1392206332536027602, -0.7578125000000146549 ) ) ;
#5135 = CARTESIAN_POINT ( 'NONE',  ( 0.4728806123790680327, 0.2139054198190927236, -0.7987420785810550594 ) ) ;
#5136 = CARTESIAN_POINT ( 'NONE',  ( -0.01172799243860987196, -0.4752541293792589827, -0.6476004464284854656 ) ) ;
#5137 = CARTESIAN_POINT ( 'NONE',  ( 0.1834672375970433367, -0.4882377812519461679, -0.8809874815105973589 ) ) ;
#5138 = CARTESIAN_POINT ( 'NONE',  ( -0.3959456982292453020, 0.2644842007036789511, -0.6540178571428888477 ) ) ;
#5139 = CARTESIAN_POINT ( 'NONE',  ( -0.01278016218739462702, -0.5178843078940954525, -0.6051897321428829635 ) ) ;
#5140 = CARTESIAN_POINT ( 'NONE',  ( -0.4721919974539959819, -0.2232556658237720426, -0.6869419642856935404 ) ) ;
#5141 = CARTESIAN_POINT ( 'NONE',  ( 0.3901818058332392480, -0.2748721182977405531, -0.6900111607143049053 ) ) ;
#5142 = ORIENTED_EDGE ( 'NONE', *, *, #7177, .T. ) ;
#5143 = DIRECTION ( 'NONE',  ( 1.000000000000000000, 0.000000000000000000, 0.000000000000000000 ) ) ;
#5144 = CARTESIAN_POINT ( 'NONE',  ( -3.506341393428179785E-18, -4.928547240401228113E-20, 0.000000000000000000 ) ) ;
#5145 = CARTESIAN_POINT ( 'NONE',  ( 0.2978700177994428322, -0.3815776852280131637, -0.9255022321428370002 ) ) ;
#5146 = ADVANCED_FACE ( 'NONE', ( #6440 ), #2124, .F. ) ;
#5147 = ORIENTED_EDGE ( 'NONE', *, *, #4989, .F. ) ;
#5148 = VERTEX_POINT ( 'NONE', #694 ) ;
#5149 = CARTESIAN_POINT ( 'NONE',  ( 0.000000000000000000, 0.000000000000000000, -0.9749999999999998668 ) ) ;
#5150 = CARTESIAN_POINT ( 'NONE',  ( -0.2070762744007102196, -0.4379807608330875679, -0.9202008928571354662 ) ) ;
#5151 = CARTESIAN_POINT ( 'NONE',  ( -0.4641358677094208907, -0.06878707374858089585, -0.4492187500000136557 ) ) ;
#5152 = CARTESIAN_POINT ( 'NONE',  ( -0.2463723946406872201, 0.5433602762959870436, -0.9737465324023079072 ) ) ;
#5153 = CARTESIAN_POINT ( 'NONE',  ( -0.5241784135977881620, -0.03446820483949828567, -0.9736122067007817460 ) ) ;
#5154 = DIRECTION ( 'NONE',  ( -1.224646799147353207E-16, 1.000000000000000000, 0.000000000000000000 ) ) ;
#5155 = CARTESIAN_POINT ( 'NONE',  ( -0.5177721552453492526, -7.529527977162422150E-13, -0.7678553675496464503 ) ) ;
#5156 = EDGE_CURVE ( 'NONE', #3245, #359, #3853, .T. ) ;
#5157 = ORIENTED_EDGE ( 'NONE', *, *, #2501, .F. ) ;
#5158 = CARTESIAN_POINT ( 'NONE',  ( -0.4649776000786811081, -0.2293944291546688163, -0.7548615904617372863 ) ) ;
#5159 = CARTESIAN_POINT ( 'NONE',  ( -0.2237432621787225906, 0.4732232872080880393, -0.7784598214286010398 ) ) ;
#5160 = CARTESIAN_POINT ( 'NONE',  ( 0.4146474929315741020, 0.2217065862560474443, -0.4810267857143255554 ) ) ;
#5161 = CARTESIAN_POINT ( 'NONE',  ( -0.2545035864565478589, 0.4414075725639760583, -0.4940520833500986475 ) ) ;
#5162 = CARTESIAN_POINT ( 'NONE',  ( 0.2305743216798353534, 0.4669228897557788360, -0.8545736492993882827 ) ) ;
#5163 = CARTESIAN_POINT ( 'NONE',  ( 0.2719825141073739516, 0.3860800388402212402, -0.5292968749999704681 ) ) ;
#5164 = EDGE_CURVE ( 'NONE', #5108, #2106, #6643, .T. ) ;
#5165 = CARTESIAN_POINT ( 'NONE',  ( 0.09303524239620714065, 0.4674055555173032284, -0.6852678571428426624 ) ) ;
#5166 = CARTESIAN_POINT ( 'NONE',  ( 0.2847238005490620449, 0.3828966397949068456, -0.4542999999999999816 ) ) ;
#5167 = CARTESIAN_POINT ( 'NONE',  ( -0.1849182169438013112, 0.4462596452939575076, -0.8928571428571038249 ) ) ;
#5168 = CARTESIAN_POINT ( 'NONE',  ( 0.4904060719737984853, -0.1665020124636855670, -0.7358637514914287969 ) ) ;
#5169 = CARTESIAN_POINT ( 'NONE',  ( 0.2311037714491444295, 0.4294391771180395834, -0.9546936854171398368 ) ) ;
#5170 = CARTESIAN_POINT ( 'NONE',  ( 0.4385827293338254718, 0.1816008385636894984, -0.6249999999999698019 ) ) ;
#5171 = CARTESIAN_POINT ( 'NONE',  ( -0.3799016333787859079, 0.2754049837581797333, -0.4543000000000000371 ) ) ;
#5172 = CARTESIAN_POINT ( 'NONE',  ( -0.3136367637960587595, -0.3634976114258001711, -0.7804129464285726181 ) ) ;
#5173 = CARTESIAN_POINT ( 'NONE',  ( 0.5121548344466676506, 0.08465787380347981894, -0.8017096530971665747 ) ) ;
#5174 = CARTESIAN_POINT ( 'NONE',  ( -0.4708571392497656882, 0.06977929977942448625, -0.6668526785713798644 ) ) ;
#5175 = CIRCLE ( 'NONE', #5786, 0.5937500000000000000 ) ;
#5176 = CARTESIAN_POINT ( 'NONE',  ( 0.4150606601793323525, -0.2488503884486259199, -0.9213169642856936514 ) ) ;
#5177 = CARTESIAN_POINT ( 'NONE',  ( -0.1705853501781648129, 0.4423953118449805988, -0.5895647321428851839 ) ) ;
#5178 = CARTESIAN_POINT ( 'NONE',  ( 0.02548835352188184855, -0.5173881194965221919, -0.6043526785714039562 ) ) ;
#5179 = CARTESIAN_POINT ( 'NONE',  ( 0.5159225426942004589, -0.08958960132395657472, -0.7296316964286061468 ) ) ;
#5180 = CARTESIAN_POINT ( 'NONE',  ( -0.1940028708698406656, 0.4375021023485978211, -0.7318638392857522712 ) ) ;
#5181 = EDGE_LOOP ( 'NONE', ( #5617, #2280 ) ) ;
#5182 = CARTESIAN_POINT ( 'NONE',  ( -0.2614749706463566081, -0.4519406501386897812, -0.8988184494722608608 ) ) ;
#5183 = CARTESIAN_POINT ( 'NONE',  ( 0.000000000000000000, 0.000000000000000000, 0.4759999999999999787 ) ) ;
#5184 = CARTESIAN_POINT ( 'NONE',  ( 0.3505089130492818339, -0.3337982248114089168, -0.9238281250000198730 ) ) ;
#5185 = ORIENTED_EDGE ( 'NONE', *, *, #4453, .T. ) ;
#5186 = ORIENTED_EDGE ( 'NONE', *, *, #1598, .T. ) ;
#5187 = AXIS2_PLACEMENT_3D ( 'NONE', #2210, #5656, #1624 ) ;
#5188 = CARTESIAN_POINT ( 'NONE',  ( -0.04718994620290703490, -0.4797994699177053346, -0.8448660714285375350 ) ) ;
#5189 = CARTESIAN_POINT ( 'NONE',  ( 0.2740110456895353819, -0.4570186138168531031, -1.025111607142945136 ) ) ;
#5190 = CARTESIAN_POINT ( 'NONE',  ( -0.4691004964257005083, -0.09010174158934000643, -0.4542999999999999816 ) ) ;
#5191 = CARTESIAN_POINT ( 'NONE',  ( -0.03569212701732576987, -0.4830191406437681079, -0.9160156250000617284 ) ) ;
#5192 = CARTESIAN_POINT ( 'NONE',  ( 0.4682140107757103431, 0.2309317905937463555, -0.8697886582312962522 ) ) ;
#5193 = CARTESIAN_POINT ( 'NONE',  ( 0.000000000000000000, -4.575905072978519662E-17, 1.189999999999999947 ) ) ;
#5194 = CARTESIAN_POINT ( 'NONE',  ( -0.3530201063684349494, 0.3360111863059218051, -1.030970982142856096 ) ) ;
#5195 = CARTESIAN_POINT ( 'NONE',  ( 0.5937500000000002220, -0.3428017223313401529, -0.07803161100199279554 ) ) ;
#5196 = CARTESIAN_POINT ( 'NONE',  ( 0.5093455635567764039, -0.1143044490475017272, -0.7324218749999849010 ) ) ;
#5197 = CARTESIAN_POINT ( 'NONE',  ( -0.08025056918881282031, 0.4628486706489183256, -0.4667968749999804046 ) ) ;
#5199 = CARTESIAN_POINT ( 'NONE',  ( 0.3041322945139580125, 0.4319596889537007933, -0.9333147321429362542 ) ) ;
#5198 = CARTESIAN_POINT ( 'NONE',  ( -0.5108465264993309329, -0.01668551887812536397, -0.5454173387447919241 ) ) ;
#5200 = DIRECTION ( 'NONE',  ( -0.000000000000000000, -0.000000000000000000, -1.000000000000000000 ) ) ;
#5201 = CARTESIAN_POINT ( 'NONE',  ( -0.4713384542281746081, -0.01151007124500176906, -0.5041852678571534518 ) ) ;
#5202 = CARTESIAN_POINT ( 'NONE',  ( -0.4416244266392804763, -0.1829975262154569238, -0.7321428571429595689 ) ) ;
#5203 = CARTESIAN_POINT ( 'NONE',  ( 0.2322769800746659064, 0.4697782475724616158, -0.9337899527180579806 ) ) ;
#5204 = CARTESIAN_POINT ( 'NONE',  ( 0.05921526309048651820, 0.4795967089393295968, -0.8987165178572396051 ) ) ;
#5205 = ADVANCED_FACE ( 'NONE', ( #2389 ), #4797, .F. ) ;
#5206 = CARTESIAN_POINT ( 'NONE',  ( -0.4660853151119667692, -0.2205197055217982260, -0.4726562499999502620 ) ) ;
#5207 = CARTESIAN_POINT ( 'NONE',  ( 0.1903896936351862079, 0.4296708056489729199, -0.4556361607143406545 ) ) ;
#5208 = CARTESIAN_POINT ( 'NONE',  ( 0.4674259901751545154, 0.06940139228772432278, -0.5563616071428774124 ) ) ;
#5209 = CARTESIAN_POINT ( 'NONE',  ( -0.1631432031007507000, 0.4401638914408999570, -0.4543000000000000371 ) ) ;
#5210 = CARTESIAN_POINT ( 'NONE',  ( -0.3623140311443970307, 0.3124479029776699446, -0.7268415178571080437 ) ) ;
#5211 = CARTESIAN_POINT ( 'NONE',  ( -0.5002953999870101143, 0.1338995922523420201, -0.7630470149785811840 ) ) ;
#5212 = CARTESIAN_POINT ( 'NONE',  ( -0.4303670838815877309, 0.2036162084359067204, -0.6702008928571941970 ) ) ;
#5213 = DIRECTION ( 'NONE',  ( -1.000000000000000000, 0.000000000000000000, 0.000000000000000000 ) ) ;
#5214 = CARTESIAN_POINT ( 'NONE',  ( 0.4657895677973380999, -0.09258513249229140263, -0.6138392857143386561 ) ) ;
#5215 = CARTESIAN_POINT ( 'NONE',  ( -0.4591161154500918440, -0.2310254564982483771, -0.4746093750000184852 ) ) ;
#5216 = CARTESIAN_POINT ( 'NONE',  ( -0.2347911637218004777, -0.4663001762881868184, -0.6794084821428627574 ) ) ;
#5217 = CARTESIAN_POINT ( 'NONE',  ( -0.4041263468044597462, 0.2559830220057582317, -0.7251674107142829229 ) ) ;
#5218 = ORIENTED_EDGE ( 'NONE', *, *, #1273, .F. ) ;
#5219 = CARTESIAN_POINT ( 'NONE',  ( -0.3935995391536350474, -0.3445444820449747314, -0.9025422734948229664 ) ) ;
#5220 = CARTESIAN_POINT ( 'NONE',  ( 0.000000000000000000, 0.000000000000000000, -0.02500000000000000139 ) ) ;
#5221 = CARTESIAN_POINT ( 'NONE',  ( 0.4836167842110090653, -0.01180602914955508100, -0.9154575892857671482 ) ) ;
#5222 = ORIENTED_EDGE ( 'NONE', *, *, #2399, .T. ) ;
#5223 = ORIENTED_EDGE ( 'NONE', *, *, #4467, .T. ) ;
#5224 = CARTESIAN_POINT ( 'NONE',  ( 0.3146696019309512815, -0.3648844276125366992, -0.8356584821429288157 ) ) ;
#5225 = CARTESIAN_POINT ( 'NONE',  ( -0.2107499643591740357, -0.4188308394678091906, -0.4383370535714434246 ) ) ;
#5226 = DIRECTION ( 'NONE',  ( 0.000000000000000000, 0.000000000000000000, -1.000000000000000000 ) ) ;
#5227 = CARTESIAN_POINT ( 'NONE',  ( 0.08499789501803582670, -0.5169254606410186303, -0.9546507436123012891 ) ) ;
#5228 = AXIS2_PLACEMENT_3D ( 'NONE', #5149, #151, #6508 ) ;
#5229 = CARTESIAN_POINT ( 'NONE',  ( 0.5937500000000001110, -0.05801616647673343841, -0.02499999999999999445 ) ) ;
#5230 = CARTESIAN_POINT ( 'NONE',  ( -0.2462963115462537267, 0.5434042028910390787, -0.02499999999999961281 ) ) ;
#5231 = EDGE_LOOP ( 'NONE', ( #1741, #3899, #4885, #5223 ) ) ;
#5232 = CARTESIAN_POINT ( 'NONE',  ( -0.2589799638209502319, -0.4479637694904194944, -0.7481764026902313347 ) ) ;
#5233 = CARTESIAN_POINT ( 'NONE',  ( 0.4563460202803365506, -0.1143710809903080300, -0.4893973214285791684 ) ) ;
#5235 = CARTESIAN_POINT ( 'NONE',  ( -0.4239249845320887666, 0.3143146686951838187, -0.9157366071428436616 ) ) ;
#5234 = CARTESIAN_POINT ( 'NONE',  ( -0.3002602246250917206, -0.4187114970208254960, -0.6778611353747659996 ) ) ;
#5236 = CARTESIAN_POINT ( 'NONE',  ( 0.06831407973323395943, 0.5169890203124759553, -0.8508531935766086018 ) ) ;
#5237 = CARTESIAN_POINT ( 'NONE',  ( -0.2402194427828709400, 0.4241739100719100208, -1.034319196428598930 ) ) ;
#5238 = EDGE_CURVE ( 'NONE', #2387, #3421, #4224, .T. ) ;
#5239 = CARTESIAN_POINT ( 'NONE',  ( -0.3020895417482677980, 0.3681937274955177641, -0.6752232142857225172 ) ) ;
#5240 = CARTESIAN_POINT ( 'NONE',  ( 0.4408435030896850626, -0.2745763386393754169, -0.8099023692383636730 ) ) ;
#5241 = CARTESIAN_POINT ( 'NONE',  ( 0.1730825160580278799, 0.4488821677743469185, -0.8300781250000123235 ) ) ;
#5242 = CARTESIAN_POINT ( 'NONE',  ( -0.2291231696621824632, -0.4641899872720311460, -0.7552102677971133105 ) ) ;
#5243 = CARTESIAN_POINT ( 'NONE',  ( 0.4697852781025818047, 0.02314344687846825802, -0.4681919642857190755 ) ) ;
#5244 = CARTESIAN_POINT ( 'NONE',  ( -0.02310068391941602628, 0.4714621452972102000, -0.5396205357142879189 ) ) ;
#5245 = CARTESIAN_POINT ( 'NONE',  ( 0.01727163601543711333, 0.4692564679339425449, -0.4543000000000000371 ) ) ;
#5246 = CARTESIAN_POINT ( 'NONE',  ( -0.01163253913514769415, 0.4763543595772118944, -0.6648995535714373739 ) ) ;
#5247 = CARTESIAN_POINT ( 'NONE',  ( -0.4495607051367160323, 0.2594846708504167099, -0.7738079656779217608 ) ) ;
#5248 = CARTESIAN_POINT ( 'NONE',  ( -0.4644461545031467464, 0.1043576194826249109, -0.6676897321428763021 ) ) ;
#5249 = EDGE_CURVE ( 'NONE', #4147, #7190, #4821, .T. ) ;
#5250 = CARTESIAN_POINT ( 'NONE',  ( 0.02141473217188225031, 0.4836543887091772076, -0.9513958762165687366 ) ) ;
#5251 = B_SPLINE_CURVE_WITH_KNOTS ( 'NONE', 3,
 ( #2507, #5293, #5906, #7207, #1270, #6596, #2388, #1885, #1963, #6556, #7047, #5373, #1806, #3611 ),
 .UNSPECIFIED., .F., .F.,
 ( 4, 2, 2, 2, 2, 2, 4 ),
 ( 0.05969850556672312569, 0.06259211026219663188, 0.06403891260993338497, 0.06548571495767013806, 0.06693251730540690503, 0.06837931965314365812, 0.07127292434861716430 ),
 .UNSPECIFIED. ) ;
#5252 = CARTESIAN_POINT ( 'NONE',  ( -0.4596208674643480485, 0.1150622772493661572, -0.5786830357142886960 ) ) ;
#5253 = CARTESIAN_POINT ( 'NONE',  ( 0.3816229250312170862, 0.3457932561859308751, -0.5072544642857017561 ) ) ;
#5254 = CARTESIAN_POINT ( 'NONE',  ( -0.01276802424652691628, 0.5228603117071001227, -0.7095424107142072057 ) ) ;
#5255 = CARTESIAN_POINT ( 'NONE',  ( -0.4416244266391778361, -0.1829975262085237198, -0.7142857142855533192 ) ) ;
#5256 = EDGE_LOOP ( 'NONE', ( #585, #1236 ) ) ;
#5257 = CARTESIAN_POINT ( 'NONE',  ( -0.3859450909073706137, -0.3381126671411906481, -0.6090363147072208605 ) ) ;
#5258 = CARTESIAN_POINT ( 'NONE',  ( 0.06625864900948776059, -0.5073024489532587111, -0.5342364547329305768 ) ) ;
#5259 = CARTESIAN_POINT ( 'NONE',  ( 0.1628831129408835621, 0.4550432035024170596, -0.9012276785714311567 ) ) ;
#5260 = EDGE_LOOP ( 'NONE', ( #5541, #6983, #946 ) ) ;
#5261 = CARTESIAN_POINT ( 'NONE',  ( -0.4201279954288848484, 0.2379237705262744473, -0.8674665178571527857 ) ) ;
#5262 = CARTESIAN_POINT ( 'NONE',  ( -0.5142134807899089166, -0.1422305982505043531, -1.046037946428652443 ) ) ;
#5263 = CARTESIAN_POINT ( 'NONE',  ( 0.2299782726842592995, -0.4538757998857723130, -0.4589514908262571358 ) ) ;
#5264 = CARTESIAN_POINT ( 'NONE',  ( -0.4329175052611780039, -0.2179864747354549881, -0.9277343749999801270 ) ) ;
#5265 = CARTESIAN_POINT ( 'NONE',  ( -0.03338995769241775990, 0.5197388240918314750, -0.8564129035553674774 ) ) ;
#5266 = DIRECTION ( 'NONE',  ( -1.000000000000000000, 0.000000000000000000, 0.000000000000000000 ) ) ;
#5267 = EDGE_LOOP ( 'NONE', ( #396, #621 ) ) ;
#5268 = CARTESIAN_POINT ( 'NONE',  ( 0.4181973584459741100, 0.2992663708828371960, -0.6458702835602859738 ) ) ;
#5269 = CARTESIAN_POINT ( 'NONE',  ( -0.3478501295608868449, 0.3153544432224678062, -0.4592633928571309143 ) ) ;
#5271 = CARTESIAN_POINT ( 'NONE',  ( -0.5174566995801662683, 0.1028552402552148082, -0.9107142857142473957 ) ) ;
#5270 = CARTESIAN_POINT ( 'NONE',  ( 0.03352957288139800374, -0.5147396729808049187, -0.6700487482818007212 ) ) ;
#5272 = LINE ( 'NONE', #4588, #1487 ) ;
#5273 = CARTESIAN_POINT ( 'NONE',  ( -0.3697125650042917266, -0.2886078546768567343, -0.4255022321428421628 ) ) ;
#5274 = CARTESIAN_POINT ( 'NONE',  ( -0.4643199940951413529, -0.1042038148994056251, -0.6626674107143091241 ) ) ;
#5275 = CARTESIAN_POINT ( 'NONE',  ( -0.2606449583864294262, -0.4508153828995629664, -0.8273845792680274425 ) ) ;
#5276 = CARTESIAN_POINT ( 'NONE',  ( -0.4439922825267584305, 0.1838365656414809035, -0.8124999999999344968 ) ) ;
#5277 = CARTESIAN_POINT ( 'NONE',  ( -0.3154237442034334982, -0.4251850244480307461, -0.9693080357143091241 ) ) ;
#5278 = CARTESIAN_POINT ( 'NONE',  ( 0.1383653063275383510, 0.4477603612705856606, -0.4542999999999961513 ) ) ;
#5279 = CC_DESIGN_PERSON_AND_ORGANIZATION_ASSIGNMENT ( #4097, #4747, ( #2015 ) ) ;
#5280 = CARTESIAN_POINT ( 'NONE',  ( 0.1810768354754878628, -0.4369892079904786342, -0.5714285714285773921 ) ) ;
#5281 = DATE_AND_TIME ( #4251, #1253 ) ;
#5282 = CIRCLE ( 'NONE', #5770, 0.5937500000000000000 ) ;
#5283 = CARTESIAN_POINT ( 'NONE',  ( 0.3901818058292897962, -0.2748721183030208848, -0.6900111607143283310 ) ) ;
#5284 = LINE ( 'NONE', #3321, #407 ) ;
#5285 = CARTESIAN_POINT ( 'NONE',  ( 0.1377635220475283973, 0.4539353143568891635, -0.6149553571428973964 ) ) ;
#5286 = CARTESIAN_POINT ( 'NONE',  ( 0.4693552607979520896, -0.1174992437709456577, -0.9179687500000192069 ) ) ;
#5287 = CARTESIAN_POINT ( 'NONE',  ( -0.4063010338117976072, 0.3122855782230424260, -0.5610232174681215600 ) ) ;
#5288 = CARTESIAN_POINT ( 'NONE',  ( 0.4605019373199861765, 0.1154166157550317595, -0.6088169642857311770 ) ) ;
#5289 = CARTESIAN_POINT ( 'NONE',  ( 0.1974008919323507749, -0.4763841868850003380, -0.5290178571428528764 ) ) ;
#5290 = CARTESIAN_POINT ( 'NONE',  ( 0.5056261092649296796, 0.1267259931177915078, -0.6534598214286015949 ) ) ;
#5291 = CARTESIAN_POINT ( 'NONE',  ( 0.1502644484348948928, 0.4546606080731066535, -0.7402343749999882316 ) ) ;
#5292 = ORIENTED_EDGE ( 'NONE', *, *, #380, .T. ) ;
#5293 = CARTESIAN_POINT ( 'NONE',  ( -0.5189118961705956323, 0.03769328346249890827, -0.9861795264939045014 ) ) ;
#5294 = DIRECTION ( 'NONE',  ( -0.000000000000000000, -0.000000000000000000, -1.000000000000000000 ) ) ;
#5295 = CIRCLE ( 'NONE', #1996, 0.5937500000000000000 ) ;
#5296 = CARTESIAN_POINT ( 'NONE',  ( 0.000000000000000000, -4.575905072978519662E-17, 1.189999999999999947 ) ) ;
#5297 = CARTESIAN_POINT ( 'NONE',  ( 0.3407312515531912833, -0.3406381727206232446, -0.8526785714285702866 ) ) ;
#5298 = VERTEX_POINT ( 'NONE', #1347 ) ;
#5299 = CARTESIAN_POINT ( 'NONE',  ( -0.4813603591035212625, 0.03544116307207856309, -0.8624441964286010398 ) ) ;
#5300 = CARTESIAN_POINT ( 'NONE',  ( 0.5144824311529970773, -0.1287966507996212706, -0.9447544642856843256 ) ) ;
#5301 = APPROVAL_PERSON_ORGANIZATION ( #606, #3365, #1220 ) ;
#5302 = CIRCLE ( 'NONE', #6649, 0.005000000000000014849 ) ;
#5303 = CARTESIAN_POINT ( 'NONE',  ( -0.2288039051329380236, 0.4279214075169789910, -0.9453124999999882316 ) ) ;
#5304 = LINE ( 'NONE', #2930, #646 ) ;
#5305 = CARTESIAN_POINT ( 'NONE',  ( -0.1963463645752012710, 0.5722428182207836000, -0.03005419327487828321 ) ) ;
#5306 = AXIS2_PLACEMENT_3D ( 'NONE', #7043, #1802, #4833 ) ;
#5307 = ORIENTED_EDGE ( 'NONE', *, *, #6600, .T. ) ;
#5308 = CARTESIAN_POINT ( 'NONE',  ( -0.2710568050541178886, 0.4363852799108041136, -0.6287548946210441692 ) ) ;
#5309 = CARTESIAN_POINT ( 'NONE',  ( -0.4609375000000000000, 0.000000000000000000, -0.4542999999999999816 ) ) ;
#5311 = CARTESIAN_POINT ( 'NONE',  ( 0.2020696324426672352, 0.4880273182506151830, -0.9308035714285730622 ) ) ;
#5310 = CARTESIAN_POINT ( 'NONE',  ( 0.4183008397617596907, -0.2998879309034347962, -0.6600018209939694236 ) ) ;
#5312 = CARTESIAN_POINT ( 'NONE',  ( 0.4237135409474076519, 0.3030314045060387707, -0.8601571175656175239 ) ) ;
#5313 = CARTESIAN_POINT ( 'NONE',  ( 0.4299084307128653304, 0.1904991743476271704, -0.4640066964285602946 ) ) ;
#5314 = CARTESIAN_POINT ( 'NONE',  ( 0.2918824369914901351, 0.3741181851994928032, -0.6191406249999718003 ) ) ;
#5315 = CARTESIAN_POINT ( 'NONE',  ( 0.4144293082933074857, -0.2917475088155975782, -0.4542999999999999816 ) ) ;
#5316 = CARTESIAN_POINT ( 'NONE',  ( 0.01184142506040085710, -0.4796948904687197701, -0.7898995535714865568 ) ) ;
#5317 = CARTESIAN_POINT ( 'NONE',  ( -0.5257042918997697489, -0.06491215619399820502, -0.9785156249998813172 ) ) ;
#5318 = DIRECTION ( 'NONE',  ( 0.000000000000000000, 0.000000000000000000, -1.000000000000000000 ) ) ;
#5319 = CARTESIAN_POINT ( 'NONE',  ( 0.03470602758544723276, -0.4696231047916601398, -0.5036272321428867382 ) ) ;
#5320 = DIRECTION ( 'NONE',  ( 0.000000000000000000, 0.000000000000000000, 1.000000000000000000 ) ) ;
#5321 = CARTESIAN_POINT ( 'NONE',  ( 0.4490383851286839367, 0.1607377214992470049, -0.6791294642857305108 ) ) ;
#5322 = CARTESIAN_POINT ( 'NONE',  ( 0.5188726055436044815, 0.01688767834332291842, -0.8031997390310497975 ) ) ;
#5323 = CARTESIAN_POINT ( 'NONE',  ( -0.4064542090897973470, 0.2436903284721982643, -0.5998883928571336899 ) ) ;
#5324 = CARTESIAN_POINT ( 'NONE',  ( -0.4329175052595459761, -0.2179864747418139848, -0.9455915178571108193 ) ) ;
#5325 = CARTESIAN_POINT ( 'NONE',  ( 0.06737385245372429221, 0.5075249896678986072, -0.5729290563534747971 ) ) ;
#5326 = CARTESIAN_POINT ( 'NONE',  ( 0.1483284184271992656, -0.4491904474398571989, -0.5544084821428572063 ) ) ;
#5327 = CARTESIAN_POINT ( 'NONE',  ( 0.08806789526457860229, 0.5071596346405469191, -0.4997209821428974519 ) ) ;
#5328 = CARTESIAN_POINT ( 'NONE',  ( 0.04844357981370852467, -0.6576345308167269588, -0.9381162489359147205 ) ) ;
#5329 = CARTESIAN_POINT ( 'NONE',  ( -0.06368622069408920450, -0.5158067435902683462, -0.6040736607142758174 ) ) ;
#5330 = CARTESIAN_POINT ( 'NONE',  ( -0.1494971458769609740, 0.4523267868416124271, -0.6615513392857101937 ) ) ;
#5331 = ORIENTED_EDGE ( 'NONE', *, *, #7456, .F. ) ;
#5332 = CARTESIAN_POINT ( 'NONE',  ( 0.4602941607781095290, -0.2270001032858982581, -0.5867099715004999716 ) ) ;
#5333 = CARTESIAN_POINT ( 'NONE',  ( -0.4641358677103527008, -0.06878707374113460227, -0.4492187499999835132 ) ) ;
#5334 = CARTESIAN_POINT ( 'NONE',  ( 0.1009629145776465148, -0.5100567863743121766, -0.8114256932678831635 ) ) ;
#5335 = CARTESIAN_POINT ( 'NONE',  ( 0.4570907409371636199, 0.1510716445840571964, -0.8401227678570754032 ) ) ;
#5336 = ORIENTED_EDGE ( 'NONE', *, *, #6004, .F. ) ;
#5337 = CARTESIAN_POINT ( 'NONE',  ( 0.1284915543299012530, -0.4645413264567391232, -0.8406808035714490313 ) ) ;
#5338 = CARTESIAN_POINT ( 'NONE',  ( 0.3006753849008295676, -0.4270432227853145912, -0.7407924107144109316 ) ) ;
#5339 = CARTESIAN_POINT ( 'NONE',  ( -0.1036963582200917527, 0.5216685858003985432, -0.9933035714284836892 ) ) ;
#5340 = CARTESIAN_POINT ( 'NONE',  ( -0.2980551139145841688, -0.3820299030273550112, -0.9227120535714260496 ) ) ;
#5341 = PERSON ( 'UNSPECIFIED', 'UNSPECIFIED', 'UNSPECIFIED', ('UNSPECIFIED'), ('UNSPECIFIED'), ('UNSPECIFIED') ) ;
#5342 = CARTESIAN_POINT ( 'NONE',  ( -0.3371637873787340922, 0.3845594534721644142, -0.5554625718560214365 ) ) ;
#5343 = FACE_OUTER_BOUND ( 'NONE', #7516, .T. ) ;
#5344 = ORIENTED_EDGE ( 'NONE', *, *, #4039, .F. ) ;
#5345 = ADVANCED_FACE ( 'NONE', ( #3686, #5454 ), #4108, .T. ) ;
#5346 = DIRECTION ( 'NONE',  ( 0.03112001302226621510, 3.811102433714226808E-18, -0.9995156550997557066 ) ) ;
#5347 = CARTESIAN_POINT ( 'NONE',  ( -0.07409077696574457861, 0.5171885752294237415, -0.9887256827665117376 ) ) ;
#5348 = DIRECTION ( 'NONE',  ( -0.8571673007021137769, 0.000000000000000000, -0.5150380749100518241 ) ) ;
#5350 = CARTESIAN_POINT ( 'NONE',  ( -0.3995824807433716042, 0.3447721343918801473, -0.9165736607142769277 ) ) ;
#5349 = CARTESIAN_POINT ( 'NONE',  ( -0.3525351348767014059, -0.3758274507646043316, -0.6793515514152631551 ) ) ;
#5351 = DIRECTION ( 'NONE',  ( 0.000000000000000000, 0.000000000000000000, -1.000000000000000000 ) ) ;
#5352 = CARTESIAN_POINT ( 'NONE',  ( -0.07161198362848708587, 0.4823149803874896557, -1.038504464285803675 ) ) ;
#5353 = AXIS2_PLACEMENT_3D ( 'NONE', #2152, #419, #2764 ) ;
#5354 = CARTESIAN_POINT ( 'NONE',  ( -0.09499424019079605319, -0.4772472803150188958, -0.9888392857142597192 ) ) ;
#5355 = CARTESIAN_POINT ( 'NONE',  ( 0.4385827293377156932, 0.1816008385558447180, -0.6249999999999459321 ) ) ;
#5356 = CARTESIAN_POINT ( 'NONE',  ( 0.1174645154507510669, -0.5061843808109287579, -0.8188362710679946144 ) ) ;
#5357 = CARTESIAN_POINT ( 'NONE',  ( 0.2057620250054132127, 0.4349024753827979151, -0.8309151785713678739 ) ) ;
#5358 = CARTESIAN_POINT ( 'NONE',  ( -0.5104771202353276527, -0.1411971415285910303, -0.9768415178572614765 ) ) ;
#5359 = CARTESIAN_POINT ( 'NONE',  ( -0.1755195509627044959, 0.4548323393091345812, -1.018136160714258276 ) ) ;
#5360 = CARTESIAN_POINT ( 'NONE',  ( -0.4691760630310118918, -0.04627456481421415163, -0.5212053571428693077 ) ) ;
#5361 = APPROVAL_DATE_TIME ( #5281, #3365 ) ;
#5362 = CARTESIAN_POINT ( 'NONE',  ( 0.4028436464005720197, 0.2551750533772152441, -0.6766183035714065097 ) ) ;
#5363 = CARTESIAN_POINT ( 'NONE',  ( 0.000000000000000000, 0.000000000000000000, -0.9999999999999998890 ) ) ;
#5364 = CARTESIAN_POINT ( 'NONE',  ( -0.4714652576064169986, 0.04649649126242513114, -0.5948660714285446405 ) ) ;
#5365 = CARTESIAN_POINT ( 'NONE',  ( -0.08266246956828657289, 0.4760095380350515826, -0.8953683035714536942 ) ) ;
#5366 = FACE_OUTER_BOUND ( 'NONE', #5372, .T. ) ;
#5367 = CARTESIAN_POINT ( 'NONE',  ( 0.4713005271097990834, 0.03470428470798200132, -0.5393415178571412394 ) ) ;
#5368 = CARTESIAN_POINT ( 'NONE',  ( 0.05048797558116423917, -0.5132914137205467631, -0.5323660714285213258 ) ) ;
#5369 = CARTESIAN_POINT ( 'NONE',  ( -0.5937499999999998890, -0.2298173317152960859, -0.04947494053052899077 ) ) ;
#5370 = CARTESIAN_POINT ( 'NONE',  ( 0.08890478388882534777, -0.5119565766223194148, -0.6007254464285280982 ) ) ;
#5371 = CARTESIAN_POINT ( 'NONE',  ( -6.481845621288547757E-05, 0.4742748401524403135, -0.5937500000000239808 ) ) ;
#5372 = EDGE_LOOP ( 'NONE', ( #6940, #7481, #6329, #3571, #1985 ) ) ;
#5373 = CARTESIAN_POINT ( 'NONE',  ( -0.3930306830774068505, 0.3481553002715693235, -0.9909660993674000995 ) ) ;
#5374 = CARTESIAN_POINT ( 'NONE',  ( -0.3697125650042917266, -0.2886078546768567343, -0.4433593749999847344 ) ) ;
#5375 = DIRECTION ( 'NONE',  ( -1.000000000000000000, 0.000000000000000000, 0.000000000000000000 ) ) ;
#5376 = CARTESIAN_POINT ( 'NONE',  ( 0.4813702649254542609, 0.01175500702502596181, -0.8434709821427956999 ) ) ;
#5377 = CARTESIAN_POINT ( 'NONE',  ( 0.4677373016740960510, -0.1049667981480966045, -0.7569754464285565199 ) ) ;
#5378 = CARTESIAN_POINT ( 'NONE',  ( 0.07676630352310080674, 0.5180027739845609602, -0.7851562499999756861 ) ) ;
#5379 = CARTESIAN_POINT ( 'NONE',  ( 0.5325022011397942956, -6.871379998175976820E-05, -1.013392857142841441 ) ) ;
#5380 = CARTESIAN_POINT ( 'NONE',  ( 0.2271141171203922005, -0.4250321580361616780, -0.8381696428570187818 ) ) ;
#5381 = ADVANCED_FACE ( 'NONE', ( #44 ), #25, .F. ) ;
#5382 = CARTESIAN_POINT ( 'NONE',  ( 0.2273095290258928813, 0.4595390350869934526, -0.5688673324195959724 ) ) ;
#5383 = FACE_OUTER_BOUND ( 'NONE', #968, .T. ) ;
#5384 = ORIENTED_EDGE ( 'NONE', *, *, #6286, .F. ) ;
#5385 = CARTESIAN_POINT ( 'NONE',  ( -0.2565090332978484655, 0.4451102456591248813, -0.6291288430857615577 ) ) ;
#5386 = CARTESIAN_POINT ( 'NONE',  ( 0.000000000000000000, 0.000000000000000000, -0.9749999999999998668 ) ) ;
#5387 = CARTESIAN_POINT ( 'NONE',  ( 0.000000000000000000, 0.000000000000000000, -0.9749999999999998668 ) ) ;
#5389 = CARTESIAN_POINT ( 'NONE',  ( -0.07698184006587546757, -0.5185086231161090131, -0.7472098214284680351 ) ) ;
#5388 = CARTESIAN_POINT ( 'NONE',  ( -0.1758212809125008214, 0.4954532113921040759, -0.9883395477044013555 ) ) ;
#5390 = FACE_BOUND ( 'NONE', #660, .T. ) ;
#5391 = CARTESIAN_POINT ( 'NONE',  ( -0.3530201063738223066, 0.3360111863018394041, -1.030970982142781045 ) ) ;
#5392 = VECTOR ( 'NONE', #261, 39.37007874015748143 ) ;
#5393 = CARTESIAN_POINT ( 'NONE',  ( -0.4847927751547471686, 0.04768107514891749277, -1.005580357142780157 ) ) ;
#5394 = CARTESIAN_POINT ( 'NONE',  ( -0.2138698181097148099, -0.4247503242115193700, -0.6526227678571993041 ) ) ;
#5395 = CARTESIAN_POINT ( 'NONE',  ( 0.3021415764403395099, -0.4225961370447344767, -0.8143721394764286137 ) ) ;
#5396 = CARTESIAN_POINT ( 'NONE',  ( 0.2271141171204229259, -0.4250321580366969165, -0.8560267857143317727 ) ) ;
#5397 = CARTESIAN_POINT ( 'NONE',  ( -0.5135427886357636362, -0.06782917732707605118, -0.7663645158796740242 ) ) ;
#5398 = CARTESIAN_POINT ( 'NONE',  ( 0.4690419322041989303, 0.1526827326216310399, -0.9602867457054331535 ) ) ;
#5399 = CARTESIAN_POINT ( 'NONE',  ( 0.4347208265632776514, -0.1799976434461607877, -0.4910714285714415928 ) ) ;
#5400 = CARTESIAN_POINT ( 'NONE',  ( -0.4643199940951413529, -0.1042038148994056251, -0.6448102678571665525 ) ) ;
#5401 = DIRECTION ( 'NONE',  ( -0.000000000000000000, -0.000000000000000000, 1.000000000000000000 ) ) ;
#5402 = CARTESIAN_POINT ( 'NONE',  ( -0.3348148976686570188, -0.3347288002896161574, -0.5848214285714263827 ) ) ;
#5403 = CARTESIAN_POINT ( 'NONE',  ( -0.4010877060911832159, -0.2680774942271391126, -0.8727678571429324794 ) ) ;
#5404 = CARTESIAN_POINT ( 'NONE',  ( -0.5111003781984109207, 5.367654456301266836E-16, -0.5535705727142919974 ) ) ;
#5405 = CARTESIAN_POINT ( 'NONE',  ( -0.2899235828031047069, -0.3714042740874503035, -0.4941406250000165978 ) ) ;
#5406 = CARTESIAN_POINT ( 'NONE',  ( 0.09992065967598713627, 0.5026933334211858284, -0.4285714285714104510 ) ) ;
#5407 = DIRECTION ( 'NONE',  ( -1.000000000000000000, 0.000000000000000000, 0.000000000000000000 ) ) ;
#5408 = CARTESIAN_POINT ( 'NONE',  ( -0.1873218428350267306, 0.4858001816585997834, -0.6342075892857549357 ) ) ;
#5409 = CARTESIAN_POINT ( 'NONE',  ( 0.02339030370899826752, -0.4747966019349722511, -0.6289062500000086597 ) ) ;
#5410 = CARTESIAN_POINT ( 'NONE',  ( 0.4858823639090685265, -0.1651387530285821081, -0.5852272709551831209 ) ) ;
#5411 = DIRECTION ( 'NONE',  ( -0.000000000000000000, -0.000000000000000000, -1.000000000000000000 ) ) ;
#5412 = CARTESIAN_POINT ( 'NONE',  ( -0.4504639597533671713, -0.2594650519689261636, -0.8255611201268722166 ) ) ;
#5413 = CARTESIAN_POINT ( 'NONE',  ( -0.4802700020642184375, 0.01185179087692487740, -0.8083147321428161280 ) ) ;
#5414 = CARTESIAN_POINT ( 'NONE',  ( -0.02360763724098367475, -0.4792863826675250460, -0.7728794642856222641 ) ) ;
#5415 = CARTESIAN_POINT ( 'NONE',  ( -0.4904678337526699461, 0.1755635485789241723, -0.6981026785714667948 ) ) ;
#5416 = CARTESIAN_POINT ( 'NONE',  ( -0.5212589620999226181, 0.1036110330480212866, -0.9799107142858156649 ) ) ;
#5417 = CARTESIAN_POINT ( 'NONE',  ( 0.4150606601848138566, -0.2488503884450586345, -0.9034598214285269879 ) ) ;
#5418 = AXIS2_PLACEMENT_3D ( 'NONE', #3820, #822, #1441 ) ;
#5419 = CARTESIAN_POINT ( 'NONE',  ( -0.4870511101491827310, -0.1474148584671723383, -0.4710170369933889822 ) ) ;
#5420 = CARTESIAN_POINT ( 'NONE',  ( 0.04856486586396845800, -0.6575645062829602594, -0.06184332238066055087 ) ) ;
#5421 = ORIENTED_EDGE ( 'NONE', *, *, #201, .F. ) ;
#5422 = LOCAL_TIME ( 1, 52, 41.00000000000000000, #1913 ) ;
#5423 = CARTESIAN_POINT ( 'NONE',  ( -0.5130936440066458104, 0.01684582243739759719, -0.6175904810188922456 ) ) ;
#5424 = AXIS2_PLACEMENT_3D ( 'NONE', #5296, #3121, #4304 ) ;
#5425 = CARTESIAN_POINT ( 'NONE',  ( 0.2002353021328206750, -0.4626552858676918900, -0.9711243408314287340 ) ) ;
#5426 = CARTESIAN_POINT ( 'NONE',  ( 0.3595493918995179561, -0.2982069604915784655, -0.4051928587968505746 ) ) ;
#5427 = CARTESIAN_POINT ( 'NONE',  ( 0.3750000000000000555, 4.730198261706652690E-17, 0.4759999999999999787 ) ) ;
#5429 = CARTESIAN_POINT ( 'NONE',  ( -0.1768481670999684785, 0.4944585800932336794, -0.7773437500001056932 ) ) ;
#5428 = CARTESIAN_POINT ( 'NONE',  ( -0.03348325800799091534, -0.5095012424491007774, -0.5286752769391265261 ) ) ;
#5430 = CARTESIAN_POINT ( 'NONE',  ( -0.08446271406148495031, 0.5136320139376655547, -0.8475056756809384861 ) ) ;
#5431 = VECTOR ( 'NONE', #740, 39.37007874015748854 ) ;
#5432 = CARTESIAN_POINT ( 'NONE',  ( -0.3686840820754594961, -0.3179463275518753518, -1.014229910714206540 ) ) ;
#5433 = CARTESIAN_POINT ( 'NONE',  ( 0.3543527634502049439, -0.3674515241009928546, -0.3819020838847052568 ) ) ;
#5434 = CARTESIAN_POINT ( 'NONE',  ( 0.4742750588347727225, -0.02336078041717915693, -0.6300223214285075590 ) ) ;
#5435 = CARTESIAN_POINT ( 'NONE',  ( -0.4835434448305855337, -0.003065371807168454366, -0.9508207913542225942 ) ) ;
#5436 = AXIS2_PLACEMENT_3D ( 'NONE', #1845, #6875, #7491 ) ;
#5437 = CARTESIAN_POINT ( 'NONE',  ( -0.3623140311441782058, 0.3124479029855805057, -0.7446986607143074588 ) ) ;
#5438 = CARTESIAN_POINT ( 'NONE',  ( 0.3355026855024043075, -0.4089187743941267716, -0.9542410714286566620 ) ) ;
#5439 = CARTESIAN_POINT ( 'NONE',  ( -0.09499424019724829471, -0.4772472803155897725, -0.9888392857143274428 ) ) ;
#5440 = CARTESIAN_POINT ( 'NONE',  ( -0.3478501295665724635, 0.3153544432175347523, -0.4592633928571090429 ) ) ;
#5441 = DATE_AND_TIME ( #1257, #5422 ) ;
#5442 = CARTESIAN_POINT ( 'NONE',  ( 0.1038681288484661625, 0.4628416678427960673, -0.5962611607142710435 ) ) ;
#5443 = CARTESIAN_POINT ( 'NONE',  ( 0.4605019373182936970, 0.1154166157618078670, -0.6266741071429110521 ) ) ;
#5444 = CARTESIAN_POINT ( 'NONE',  ( -0.4774562203021786022, 0.07088672652353676662, -0.8811383928571203672 ) ) ;
#5445 = CARTESIAN_POINT ( 'NONE',  ( -0.1181487618279093016, 0.5094516545103534577, -0.9259785735705986509 ) ) ;
#5446 = EDGE_CURVE ( 'NONE', #6647, #3953, #3095, .T. ) ;
#5447 = CARTESIAN_POINT ( 'NONE',  ( -0.4475628327403758377, -0.1479226471746142857, -0.5008370535714102845 ) ) ;
#5448 = CARTESIAN_POINT ( 'NONE',  ( -0.5105350726806892059, 0.03772549353042310705, -0.4093191964285778917 ) ) ;
#5449 = CARTESIAN_POINT ( 'NONE',  ( -0.5937500000000001110, -0.2013281588671190780, -0.04382366669039064466 ) ) ;
#5450 = CARTESIAN_POINT ( 'NONE',  ( 0.3848853420088196309, -0.3487441854158512822, -0.5931919642857357289 ) ) ;
#5451 = CARTESIAN_POINT ( 'NONE',  ( 0.4742750588362832365, -0.02336078041124306851, -0.6121651785713759786 ) ) ;
#5452 = CARTESIAN_POINT ( 'NONE',  ( 0.05826997497313345098, 0.4729724556081778553, -0.6844308035715070959 ) ) ;
#5453 = CARTESIAN_POINT ( 'NONE',  ( -0.5937500000000000000, -2.365849761790802036E-16, -0.9749999999999998668 ) ) ;
#5454 = FACE_BOUND ( 'NONE', #1242, .T. ) ;
#5455 = DIRECTION ( 'NONE',  ( 0.000000000000000000, 0.000000000000000000, 1.000000000000000000 ) ) ;
#5456 = CARTESIAN_POINT ( 'NONE',  ( -0.4711203135537786468, -0.09364865118494702934, -0.8058035714286343465 ) ) ;
#5457 = CARTESIAN_POINT ( 'NONE',  ( -0.4503193243507676580, 0.1611921751574344752, -0.7226562500000384137 ) ) ;
#5458 = CARTESIAN_POINT ( 'NONE',  ( -0.1260566417910251036, 0.5035217824192818048, -0.6378348214286118090 ) ) ;
#5459 = CARTESIAN_POINT ( 'NONE',  ( 0.1909320758998120371, -0.4951630571013855842, -0.9556361607141408143 ) ) ;
#5460 = CARTESIAN_POINT ( 'NONE',  ( 0.4085639924087253738, 0.2586466473213701045, -0.8909040178571735469 ) ) ;
#5461 = CARTESIAN_POINT ( 'NONE',  ( -0.4431734783996629234, -0.2499493440639299069, -0.4685202818794785284 ) ) ;
#5462 = CARTESIAN_POINT ( 'NONE',  ( 0.1339000398564572092, 0.4973725173761910368, -0.6458477506024230541 ) ) ;
#5463 = VERTEX_POINT ( 'NONE', #5195 ) ;
#5464 = CARTESIAN_POINT ( 'NONE',  ( 0.5208657698908611966, 1.312567590705876522E-16, -0.8672163886013652956 ) ) ;
#5465 = CARTESIAN_POINT ( 'NONE',  ( -0.5141924849000952813, -0.06662385224304545606, -0.9847008189690955593 ) ) ;
#5466 = CARTESIAN_POINT ( 'NONE',  ( 0.2589083442483635644, -0.4314388325797113843, -0.9701546230814762639 ) ) ;
#5467 = DIRECTION ( 'NONE',  ( -0.000000000000000000, -0.000000000000000000, -1.000000000000000000 ) ) ;
#5469 = CARTESIAN_POINT ( 'NONE',  ( 0.3897492955358959899, -0.3533397571920105507, -0.8074776785713733140 ) ) ;
#5468 = CARTESIAN_POINT ( 'NONE',  ( 0.3975000000000000755, 4.867971026610729929E-17, 0.9519999999999999574 ) ) ;
#5470 = CARTESIAN_POINT ( 'NONE',  ( 0.5032133020411212465, 0.1169003020802845128, -0.7217632902535914274 ) ) ;
#5471 = CARTESIAN_POINT ( 'NONE',  ( 0.4042900692061399126, -0.2700581304118269688, -0.9933035714285656237 ) ) ;
#5472 = ORIENTED_EDGE ( 'NONE', *, *, #4840, .T. ) ;
#5473 = CARTESIAN_POINT ( 'NONE',  ( -0.4799755041070724593, 0.08334728699664464835, -1.006417410714226746 ) ) ;
#5474 = CARTESIAN_POINT ( 'NONE',  ( -0.01172799243860987196, -0.4752541293792589827, -0.6476004464284854656 ) ) ;
#5475 = LINE ( 'NONE', #1369, #2329 ) ;
#5476 = CARTESIAN_POINT ( 'NONE',  ( -0.4503193243482098151, 0.1611921751557948701, -0.7405133928571447921 ) ) ;
#5477 = CARTESIAN_POINT ( 'NONE',  ( 0.4312797811211270260, 0.2380410260866160643, -0.9588963758169004592 ) ) ;
#5478 = CARTESIAN_POINT ( 'NONE',  ( -0.2112170516056225966, 0.4194734116134783974, -0.4634486607142662695 ) ) ;
#5479 = AXIS2_PLACEMENT_3D ( 'NONE', #1225, #2852, #1301 ) ;
#5480 = EDGE_CURVE ( 'NONE', #2387, #6323, #581, .T. ) ;
#5481 = CARTESIAN_POINT ( 'NONE',  ( 0.1377635220475283973, 0.4539353143568891635, -0.5970982142857548247 ) ) ;
#5482 = CARTESIAN_POINT ( 'NONE',  ( 0.2799517286029877816, 0.3775790774592792665, -0.4760044642856937069 ) ) ;
#5483 = CARTESIAN_POINT ( 'NONE',  ( 0.02359173888150857198, -0.4814849235749946166, -0.8610491071428474363 ) ) ;
#5484 = CARTESIAN_POINT ( 'NONE',  ( -0.4510408789261753926, 0.1754528372643989198, -0.9509565604975191988 ) ) ;
#5485 = CARTESIAN_POINT ( 'NONE',  ( -0.4311494396025655207, 0.1911817339811467953, -0.5092075892857373942 ) ) ;
#5486 = CARTESIAN_POINT ( 'NONE',  ( -0.1959949831684409394, 0.4733463090901693371, -0.4218750000000296985 ) ) ;
#5487 = CARTESIAN_POINT ( 'NONE',  ( -0.4329175052605864771, -0.2179864747345012232, -0.9455915178571978608 ) ) ;
#5488 = CARTESIAN_POINT ( 'NONE',  ( -0.5937500000000000000, 0.2312052419471287978, -0.04870587660338154129 ) ) ;
#5489 = CARTESIAN_POINT ( 'NONE',  ( 0.2666333973202659746, 0.4449885047989766695, -0.5731026785714512517 ) ) ;
#5490 = CARTESIAN_POINT ( 'NONE',  ( -0.1819171045434809508, -0.4393565545486219914, -0.6339285714285781692 ) ) ;
#5491 = CARTESIAN_POINT ( 'NONE',  ( -0.07014986273875585543, -0.4724932235668739544, -0.7204241071428205689 ) ) ;
#5492 = CARTESIAN_POINT ( 'NONE',  ( 0.5133292471358210651, 0.06725761751298973967, -0.7306606712669355685 ) ) ;
#5493 = CARTESIAN_POINT ( 'NONE',  ( 0.4403228126003691512, -0.1952494664224916909, -0.8306361607142486170 ) ) ;
#5494 = ADVANCED_FACE ( 'NONE', ( #4618 ), #2508, .F. ) ;
#5495 = CARTESIAN_POINT ( 'NONE',  ( 0.4727915459689086553, -0.2142425750548110630, -0.8006248189876359334 ) ) ;
#5496 = CARTESIAN_POINT ( 'NONE',  ( -0.4539548190350828905, -0.1499016533489438419, -0.7329799107143449843 ) ) ;
#5497 = CARTESIAN_POINT ( 'NONE',  ( 0.3780740441101823057, -0.2949687754549190077, -0.7619977678570775126 ) ) ;
#5498 = CARTESIAN_POINT ( 'NONE',  ( 0.4891868945341900088, 0.1751090949156894616, -0.6545758928571167035 ) ) ;
#5499 = CARTESIAN_POINT ( 'NONE',  ( -0.1660614450869793701, 0.5028929981448517772, -0.9204799107143065706 ) ) ;
#5500 = CARTESIAN_POINT ( 'NONE',  ( -0.3574588192977841694, -0.3238980243980696949, -0.8532366071429449139 ) ) ;
#5501 = CARTESIAN_POINT ( 'NONE',  ( 0.3377990426290830017, 0.3846823057349021413, -0.5718361174737235375 ) ) ;
#5502 = CARTESIAN_POINT ( 'NONE',  ( 0.3474536884537461900, 0.4850009641029818797, -0.02499999999999964057 ) ) ;
#5503 = ORIENTED_EDGE ( 'NONE', *, *, #370, .F. ) ;
#5504 = CARTESIAN_POINT ( 'NONE',  ( 0.4237532826958205212, -0.3037337044252876872, -0.8742875273103190015 ) ) ;
#5505 = CARTESIAN_POINT ( 'NONE',  ( -0.3074763517802091561, 0.4057945964579058318, -0.9753544078327091027 ) ) ;
#5506 = CARTESIAN_POINT ( 'NONE',  ( -0.4680078716078281964, 0.03458282744507944900, -0.4338727678571495106 ) ) ;
#5507 = CARTESIAN_POINT ( 'NONE',  ( 0.5012606775774984813, 0.1656699187115329153, -0.8669084821429426935 ) ) ;
#5508 = DIRECTION ( 'NONE',  ( 0.000000000000000000, 1.047310526070460688E-16, -1.000000000000000000 ) ) ;
#5510 = CARTESIAN_POINT ( 'NONE',  ( 0.4904816193815136893, 0.1891269593682423089, -0.7949218750000029976 ) ) ;
#5509 = CARTESIAN_POINT ( 'NONE',  ( 0.1642432035786289546, -0.4841698595067875921, -0.5242118887778265401 ) ) ;
#5511 = CARTESIAN_POINT ( 'NONE',  ( -0.4663458982674104081, 0.2304897079492729817, -0.8367212103267498424 ) ) ;
#5512 = EDGE_CURVE ( 'NONE', #2167, #1581, #2229, .T. ) ;
#5513 = CARTESIAN_POINT ( 'NONE',  ( 0.2500897906343629851, -0.4171204125220648873, -0.9983258928571340229 ) ) ;
#5514 = ORIENTED_EDGE ( 'NONE', *, *, #2433, .T. ) ;
#5515 = CARTESIAN_POINT ( 'NONE',  ( -0.4310455355186345039, -0.2704123208526202360, -0.4757723411277237080 ) ) ;
#5516 = CARTESIAN_POINT ( 'NONE',  ( 0.3353506757408734051, -0.3521335201663158276, -0.9779575892857323982 ) ) ;
#5517 = CARTESIAN_POINT ( 'NONE',  ( 0.2431022427676512443, -0.4057098873434076824, -0.5697544642856801067 ) ) ;
#5518 = CARTESIAN_POINT ( 'NONE',  ( 0.5937499999999998890, 0.1454274048250158435, -0.03477702822462402227 ) ) ;
#5519 = CARTESIAN_POINT ( 'NONE',  ( 0.3552845323483962980, -0.3220943894024707044, -0.7806919642856589014 ) ) ;
#5520 = CARTESIAN_POINT ( 'NONE',  ( 0.3883321179590840111, 0.2880889545247433126, -0.8900669642857145236 ) ) ;
#5521 = CARTESIAN_POINT ( 'NONE',  ( -0.4064542090897973470, 0.2436903284721982643, -0.5820312499999911182 ) ) ;
#5522 = CARTESIAN_POINT ( 'NONE',  ( 0.1903896936282880870, 0.4296708056517716812, -0.4734933035714414817 ) ) ;
#5523 = CARTESIAN_POINT ( 'NONE',  ( -0.4201279954341782807, 0.2379237705218107679, -0.8853236607144018278 ) ) ;
#5524 = CARTESIAN_POINT ( 'NONE',  ( -0.5047227827145072121, 0.1354916536696205154, -0.9136939351672924703 ) ) ;
#5525 = CARTESIAN_POINT ( 'NONE',  ( 0.08077196734019137514, 0.4651452488074180880, -0.5242745535714690153 ) ) ;
#5526 = CARTESIAN_POINT ( 'NONE',  ( -0.1245637706793780025, 0.4969988883294578774, -0.4235491071428273968 ) ) ;
#5527 = CARTESIAN_POINT ( 'NONE',  ( 0.04775192527079481081, -0.4841555873794000098, -1.003348214285785467 ) ) ;
#5528 = CARTESIAN_POINT ( 'NONE',  ( 0.4228218758918864673, -0.2976985334180602405, -0.5203683035714468108 ) ) ;
#5529 = CARTESIAN_POINT ( 'NONE',  ( -0.3664180967904382968, 0.3006277624379900537, -0.5837053571428103549 ) ) ;
#5530 = CARTESIAN_POINT ( 'NONE',  ( 0.2352744658895761232, -0.4154421048249281601, -0.7128906249998999689 ) ) ;
#5531 = CARTESIAN_POINT ( 'NONE',  ( -0.4627536996770155731, 0.2282661009555866927, -0.7016371892968271684 ) ) ;
#5532 = CARTESIAN_POINT ( 'NONE',  ( -0.2957114018099342156, 0.3790196697521298619, -0.8005022321427858190 ) ) ;
#5533 = CARTESIAN_POINT ( 'NONE',  ( 0.3907977293805327546, -0.3430473059129302005, -0.8039774342715967359 ) ) ;
#5534 = CARTESIAN_POINT ( 'NONE',  ( 0.4675556224548276241, 0.1050602300695345492, -0.7698102678571978608 ) ) ;
#5535 = CARTESIAN_POINT ( 'NONE',  ( -0.4539548190333768107, -0.1499016533551737473, -0.7151227678571393520 ) ) ;
#5536 = CARTESIAN_POINT ( 'NONE',  ( 0.5008054648736899317, 0.1385220149988876659, -0.6554129464286152507 ) ) ;
#5537 = CARTESIAN_POINT ( 'NONE',  ( 0.5200004963782715039, 0.1035081812662809603, -0.9397321428571119295 ) ) ;
#5538 = CARTESIAN_POINT ( 'NONE',  ( 0.4814516071742935832, -0.04748139822811535404, -0.8984375000000013323 ) ) ;
#5539 = CARTESIAN_POINT ( 'NONE',  ( 0.4071975026710435985, -0.3129058363904372864, -0.5967335892387902740 ) ) ;
#5540 = CARTESIAN_POINT ( 'NONE',  ( 0.2462963115462537267, -0.5434042028910391897, -0.02499999999999960934 ) ) ;
#5541 = ORIENTED_EDGE ( 'NONE', *, *, #4117, .T. ) ;
#5542 = CARTESIAN_POINT ( 'NONE',  ( -0.1681767770750531854, -0.4948591458525385400, -0.8887986859421184160 ) ) ;
#5543 = CARTESIAN_POINT ( 'NONE',  ( -0.3670312641310676249, 0.3754820567677984444, -0.9911988267889055848 ) ) ;
#5544 = CARTESIAN_POINT ( 'NONE',  ( 0.4799101214314476782, -0.1313727238504446837, -0.9645568310723292571 ) ) ;
#5545 = CARTESIAN_POINT ( 'NONE',  ( 0.2256573850893898447, 0.4769532489429200717, -0.8577008928570822865 ) ) ;
#5546 = CARTESIAN_POINT ( 'NONE',  ( 0.5096532748972216753, 0.1186948703838407726, -0.9360435647978994078 ) ) ;
#5547 = EDGE_CURVE ( 'NONE', #2167, #4273, #1243, .T. ) ;
#5549 = CARTESIAN_POINT ( 'NONE',  ( -0.3128163334931136630, 0.4216638883198585153, -0.7739955357143432080 ) ) ;
#5548 = CARTESIAN_POINT ( 'NONE',  ( 0.4964586700292119570, -0.3989728978797915104, -0.04855337889983728228 ) ) ;
#5550 = CARTESIAN_POINT ( 'NONE',  ( -0.5158235254597248742, 0.06830205730094901506, -0.8407804404574317214 ) ) ;
#5551 = CARTESIAN_POINT ( 'NONE',  ( -0.2889822097138480816, 0.3897522211308012130, -0.9614955357143267767 ) ) ;
#5552 = CARTESIAN_POINT ( 'NONE',  ( 0.5097461219846943781, 2.475737244258238603E-16, -0.5100744377461816637 ) ) ;
#5553 = CONICAL_SURFACE ( 'NONE', #7495, 0.3975000000000000755, 0.09425767512363275591 ) ;
#5554 = VERTEX_POINT ( 'NONE', #5846 ) ;
#5555 = CARTESIAN_POINT ( 'NONE',  ( -0.4929805647683761505, -0.1284732866146210961, -0.4792429226664685626 ) ) ;
#5556 = CARTESIAN_POINT ( 'NONE',  ( -0.3890591154365559134, -0.3525312300369445317, -0.8286830357143732950 ) ) ;
#5557 = CARTESIAN_POINT ( 'NONE',  ( -0.05784203330955292599, 0.4684437634664541661, -0.5387834821428389986 ) ) ;
#5558 = CARTESIAN_POINT ( 'NONE',  ( 0.000000000000000000, 0.3750000000000000555, 0.2380000000000000171 ) ) ;
#5559 = CARTESIAN_POINT ( 'NONE',  ( 0.4836167842110090653, -0.01180602914955508100, -0.8976004464286245765 ) ) ;
#5560 = CARTESIAN_POINT ( 'NONE',  ( 0.4188898244729147846, -0.2239705428725508873, -0.6171875000000593969 ) ) ;
#5561 = CARTESIAN_POINT ( 'NONE',  ( 0.4347208265671764771, -0.1799976434390296309, -0.4910714285714207206 ) ) ;
#5562 = AXIS2_PLACEMENT_3D ( 'NONE', #6725, #7299, #285 ) ;
#5563 = CARTESIAN_POINT ( 'NONE',  ( 0.4792922403158487721, 6.548393637901006603E-05, -0.7723214285714867788 ) ) ;
#5564 = CARTESIAN_POINT ( 'NONE',  ( -0.4567340656721898817, 0.1600106108398269000, -0.9509454592759399860 ) ) ;
#5565 = CARTESIAN_POINT ( 'NONE',  ( 0.4977098445646191416, -0.1247380102358100762, -0.4469866071428413301 ) ) ;
#5566 = CARTESIAN_POINT ( 'NONE',  ( -0.2889822097181853344, 0.3897522211254489943, -0.9614955357141823367 ) ) ;
#5567 = CARTESIAN_POINT ( 'NONE',  ( 0.4980572197015852298, 0.1379041017944188097, -0.5103236607142959125 ) ) ;
#5568 = CARTESIAN_POINT ( 'NONE',  ( -0.3432421559328399097, 0.3268778591893251040, -0.5845424107142803694 ) ) ;
#5569 = CARTESIAN_POINT ( 'NONE',  ( 0.2549810826518190687, 0.4027808901089620641, -0.6894531250000242029 ) ) ;
#5570 = CARTESIAN_POINT ( 'NONE',  ( 0.5166370838530892629, 0.03379816977677061601, -0.7313990323479939715 ) ) ;
#5571 = CARTESIAN_POINT ( 'NONE',  ( -0.4660797668255225457, 0.1168106296406454525, -0.7929687500000806022 ) ) ;
#5572 = CARTESIAN_POINT ( 'NONE',  ( 0.5154067088500059457, -0.06757824277424992476, -0.7972671273006211035 ) ) ;
#5573 = CARTESIAN_POINT ( 'NONE',  ( 0.3038102529807573671, 0.3702970217391249874, -0.7622767857142880299 ) ) ;
#5574 = CARTESIAN_POINT ( 'NONE',  ( -0.3017863023586188076, -0.3676312487021115016, -0.6372767857142788150 ) ) ;
#5575 = CARTESIAN_POINT ( 'NONE',  ( 0.01272442261195289546, 0.5212313349799467810, -0.7123325892856086083 ) ) ;
#5576 = CARTESIAN_POINT ( 'NONE',  ( -0.5233673831976204394, -0.07770709717055604426, -0.9045758928570798441 ) ) ;
#5577 = CARTESIAN_POINT ( 'NONE',  ( 0.4403228126021074829, -0.1952494664161581184, -0.8306361607142324077 ) ) ;
#5578 = CARTESIAN_POINT ( 'NONE',  ( 0.4597183084494785854, -0.2268776044540530279, -0.5944952349427333749 ) ) ;
#5579 = ADVANCED_FACE ( 'NONE', ( #172 ), #2484, .T. ) ;
#5580 = ORIENTED_EDGE ( 'NONE', *, *, #2173, .F. ) ;
#5581 = CARTESIAN_POINT ( 'NONE',  ( 0.3179003604743868561, -0.4144332920133391163, -0.8776321104144192420 ) ) ;
#5582 = LINE ( 'NONE', #6225, #87 ) ;
#5583 = CARTESIAN_POINT ( 'NONE',  ( 0.1288361139330143901, 0.4658014053219865502, -0.8825334821429066112 ) ) ;
#5584 = CARTESIAN_POINT ( 'NONE',  ( 0.2827531140465027737, -0.4463813865053818941, -0.8819754464286956308 ) ) ;
#5585 = CARTESIAN_POINT ( 'NONE',  ( -0.5250000000000000222, 0.000000000000000000, -0.9999999999999998890 ) ) ;
#5587 = CARTESIAN_POINT ( 'NONE',  ( 0.3517652618051740343, -0.3882137744285093506, -0.7371651785714489202 ) ) ;
#5586 = CARTESIAN_POINT ( 'NONE',  ( -0.4285991261004803432, 0.3026622980092119608, -0.9813489842674256725 ) ) ;
#5588 = CARTESIAN_POINT ( 'NONE',  ( -0.3796393725863054236, 0.3561471816207593677, -0.8478492844551183127 ) ) ;
#5589 = CARTESIAN_POINT ( 'NONE',  ( 0.04775192527715284296, -0.4841555873779787578, -1.003348214285637807 ) ) ;
#5590 = CARTESIAN_POINT ( 'NONE',  ( -0.1660158995797902937, -0.4888078925370102357, -0.6822899305047237517 ) ) ;
#5591 = EDGE_CURVE ( 'NONE', #5108, #5298, #2050, .T. ) ;
#5592 = VERTEX_POINT ( 'NONE', #2933 ) ;
#5593 = CARTESIAN_POINT ( 'NONE',  ( 0.4136807323858027741, -0.3177386173380873369, -0.8824448956207159300 ) ) ;
#5594 = CARTESIAN_POINT ( 'NONE',  ( -0.4368910377907991860, 0.2920027813198802225, -0.8437499999999751310 ) ) ;
#5595 = CARTESIAN_POINT ( 'NONE',  ( -0.4572880129278245054, -0.1144822020841545218, -0.5195312499999987788 ) ) ;
#5596 = DIRECTION ( 'NONE',  ( 0.000000000000000000, 0.000000000000000000, -1.000000000000000000 ) ) ;
#5597 = CARTESIAN_POINT ( 'NONE',  ( -0.4434324832161686269, 0.1964876419853650580, -0.9377790178570878377 ) ) ;
#5598 = CARTESIAN_POINT ( 'NONE',  ( 0.2027870475660581429, 0.4289088397264950725, -0.5987723214285313178 ) ) ;
#5599 = CARTESIAN_POINT ( 'NONE',  ( -6.054730445398255444E-05, -0.4709301890445228844, -0.5044642857143301073 ) ) ;
#5600 = CARTESIAN_POINT ( 'NONE',  ( -0.2263363158332558078, -0.4233144626657963649, -0.7957589285715013228 ) ) ;
#5601 = CARTESIAN_POINT ( 'NONE',  ( -0.09748446414032782559, -0.6293207630494559446, -0.9514934187884386274 ) ) ;
#5602 = CARTESIAN_POINT ( 'NONE',  ( -0.4113208711848638233, -0.2605447721203578149, -1.015904017857164110 ) ) ;
#5603 = CARTESIAN_POINT ( 'NONE',  ( -0.1134562201477661986, -0.5049389396848695810, -0.5337611607143086800 ) ) ;
#5604 = CARTESIAN_POINT ( 'NONE',  ( -0.4596208674643480485, 0.1150622772493661572, -0.5786830357142886960 ) ) ;
#5605 = CARTESIAN_POINT ( 'NONE',  ( -0.3959456982269099479, 0.2644842007039808207, -0.6718749999999890088 ) ) ;
#5606 = CARTESIAN_POINT ( 'NONE',  ( 0.5166601983111961394, 4.492609395830682718E-15, -0.7321414247988070612 ) ) ;
#5607 = CARTESIAN_POINT ( 'NONE',  ( -0.4774562203021786022, 0.07088672652353676662, -0.8632812499999777955 ) ) ;
#5608 = DIRECTION ( 'NONE',  ( 0.000000000000000000, 0.000000000000000000, -1.000000000000000000 ) ) ;
#5609 = CARTESIAN_POINT ( 'NONE',  ( 0.1166363900857335240, -0.4653688105877541448, -0.7873883928570963864 ) ) ;
#5610 = CONICAL_SURFACE ( 'NONE', #3515, 0.5937500000000000000, 1.047197551196600074 ) ;
#5611 = CARTESIAN_POINT ( 'NONE',  ( 0.3457515137619934786, -0.3290927485581976453, -0.6916852678571241420 ) ) ;
#5612 = CARTESIAN_POINT ( 'NONE',  ( -0.2210075754254139102, 0.4671164754818145637, -0.5641741071428680865 ) ) ;
#5613 = CARTESIAN_POINT ( 'NONE',  ( 0.4677373016740960510, -0.1049667981480966045, -0.7569754464285565199 ) ) ;
#5614 = B_SPLINE_CURVE_WITH_KNOTS ( 'NONE', 3,
 ( #4970, #2059, #1305, #1959, #75, #7203, #5902, #6472 ),
 .UNSPECIFIED., .F., .F.,
 ( 4, 2, 2, 4 ),
 ( 0.02507921409534238227, 0.02728485833217011297, 0.02949050256899784020, 0.03390179104265329812 ),
 .UNSPECIFIED. ) ;
#5615 = CARTESIAN_POINT ( 'NONE',  ( -0.4074506383708634827, -0.3122990345301988602, -0.6175642816349733444 ) ) ;
#5616 = ORIENTED_EDGE ( 'NONE', *, *, #3563, .F. ) ;
#5617 = ORIENTED_EDGE ( 'NONE', *, *, #3499, .T. ) ;
#5618 = FACE_OUTER_BOUND ( 'NONE', #5181, .T. ) ;
#5619 = CARTESIAN_POINT ( 'NONE',  ( -0.1849182169441712098, 0.4462596452933570434, -0.8750000000000494049 ) ) ;
#5620 = CARTESIAN_POINT ( 'NONE',  ( -0.3440269134298722387, -0.3987187941869000940, -0.8250558035714368188 ) ) ;
#5621 = CARTESIAN_POINT ( 'NONE',  ( -0.2613585423693310927, 0.4535514052714160194, -0.9148473382917069463 ) ) ;
#5622 = CARTESIAN_POINT ( 'NONE',  ( -0.3827803772320467202, -0.3581601759016703190, -0.9658071217428926269 ) ) ;
#5623 = CARTESIAN_POINT ( 'NONE',  ( -0.5145089291768555340, 0.03360105750339093672, -0.6893849111868581847 ) ) ;
#5624 = CARTESIAN_POINT ( 'NONE',  ( 0.1061601979718566208, -0.4724509646751065550, -0.9305245535714953276 ) ) ;
#5625 = CARTESIAN_POINT ( 'NONE',  ( -0.2585357731354901434, -0.4468712072212932540, -0.6845302913425108660 ) ) ;
#5626 = ORIENTED_EDGE ( 'NONE', *, *, #5719, .F. ) ;
#5627 = CARTESIAN_POINT ( 'NONE',  ( -0.2676335893446444847, -0.4355344206495460613, -0.4705425752037857845 ) ) ;
#5628 = CARTESIAN_POINT ( 'NONE',  ( 0.1772544863560211736, 0.4951917129052486599, -0.8588169642856343655 ) ) ;
#5629 = CARTESIAN_POINT ( 'NONE',  ( -0.02310068391312133235, 0.4714621452966046844, -0.5396205357142958015 ) ) ;
#5630 = CARTESIAN_POINT ( 'NONE',  ( -0.4987001575875466552, -0.1337407962512711934, -0.6856670039897333480 ) ) ;
#5631 = CARTESIAN_POINT ( 'NONE',  ( 0.07099371544663601874, -0.4790254437961947720, -0.9135044642857804709 ) ) ;
#5632 = CARTESIAN_POINT ( 'NONE',  ( 0.4407894631460417267, 0.1701004760692367002, -0.5359933035714344873 ) ) ;
#5633 = CARTESIAN_POINT ( 'NONE',  ( 0.4299084307128653304, 0.1904991743476271704, -0.4818638392857028663 ) ) ;
#5634 = CARTESIAN_POINT ( 'NONE',  ( 0.08196482625293317892, -0.4727359625986476410, -0.7882254464285346485 ) ) ;
#5635 = CARTESIAN_POINT ( 'NONE',  ( 0.4772515327175014255, 0.1108584955301256947, -0.4542999999999998706 ) ) ;
#5636 = CARTESIAN_POINT ( 'NONE',  ( -0.3896703075208846623, 0.2889167104291995858, -0.9581473214285287643 ) ) ;
#5637 = CARTESIAN_POINT ( 'NONE',  ( 0.4101692570080350264, -0.3150015643623622075, -0.7395863305728473946 ) ) ;
#5638 = CARTESIAN_POINT ( 'NONE',  ( -0.4701192864163736829, -0.05792231077998339500, -0.5744977678571725477 ) ) ;
#5639 = CARTESIAN_POINT ( 'NONE',  ( -0.2916952423797875560, 0.3736676050819639494, -0.6040736607142600523 ) ) ;
#5640 = LINE ( 'NONE', #2158, #7259 ) ;
#5641 = CARTESIAN_POINT ( 'NONE',  ( 0.3407312515531912833, -0.3406381727206232446, -0.8348214285714277150 ) ) ;
#5642 = CARTESIAN_POINT ( 'NONE',  ( 0.5177961691865574645, 0.03380057182763730045, -0.7950456211234864234 ) ) ;
#5643 = CARTESIAN_POINT ( 'NONE',  ( -0.2559629123982163912, 0.4043246679674963873, -0.7480468749999861222 ) ) ;
#5644 = CARTESIAN_POINT ( 'NONE',  ( 0.1605093916054232128, 0.4487870262263024546, -0.6690848214285539663 ) ) ;
#5645 = CARTESIAN_POINT ( 'NONE',  ( 0.5076144554740208426, -0.1008988532024310686, -0.5892857142857670372 ) ) ;
#5646 = CARTESIAN_POINT ( 'NONE',  ( -0.03544556063535234808, 0.4796306174809758516, -0.8071986607142822567 ) ) ;
#5647 = EDGE_LOOP ( 'NONE', ( #4184, #5503, #6806, #6831 ) ) ;
#5648 = CARTESIAN_POINT ( 'NONE',  ( 0.03303899583415400437, -0.5119580825648637479, -0.6064094069177957680 ) ) ;
#5649 = ORIENTED_EDGE ( 'NONE', *, *, #2693, .T. ) ;
#5650 = DIRECTION ( 'NONE',  ( -1.000000000000000000, 0.000000000000000000, 0.000000000000000000 ) ) ;
#5651 = CARTESIAN_POINT ( 'NONE',  ( -0.2288039051329380236, 0.4279214075169789910, -0.9453124999999882316 ) ) ;
#5652 = CARTESIAN_POINT ( 'NONE',  ( -0.5167474637435157669, -0.1027181646937426335, -0.8325892857141707903 ) ) ;
#5653 = LINE ( 'NONE', #5585, #2140 ) ;
#5654 = CARTESIAN_POINT ( 'NONE',  ( -0.1193970842566288992, -0.5102250010706279593, -0.9591163796731457802 ) ) ;
#5655 = CARTESIAN_POINT ( 'NONE',  ( -0.4625447424445260358, 0.2281401889769687497, -0.6938539880516889635 ) ) ;
#5656 = DIRECTION ( 'NONE',  ( -0.000000000000000000, -0.000000000000000000, -1.000000000000000000 ) ) ;
#5657 = ORIENTED_EDGE ( 'NONE', *, *, #1273, .T. ) ;
#5658 = CARTESIAN_POINT ( 'NONE',  ( 0.4938056223173827308, -0.1677052826450239897, -0.8787205010630102509 ) ) ;
#5659 = CARTESIAN_POINT ( 'NONE',  ( 0.06429731238323034559, -0.5207247063843714052, -0.8178013392856939845 ) ) ;
#5660 = CARTESIAN_POINT ( 'NONE',  ( -0.4713384542281746081, -0.01151007124500176906, -0.5220424107142960235 ) ) ;
#5661 = CARTESIAN_POINT ( 'NONE',  ( 0.2257788002412355610, 0.4571529420004342148, -0.5052152953594687412 ) ) ;
#5662 = CARTESIAN_POINT ( 'NONE',  ( -0.1060654674356154431, -0.4726329355099402330, -0.9176897321428458820 ) ) ;
#5663 = CARTESIAN_POINT ( 'NONE',  ( 0.3847844316329739334, -0.2709170893905198940, -0.4757254464285969875 ) ) ;
#5664 = CARTESIAN_POINT ( 'NONE',  ( -0.4243728791720123295, 0.2006424341515477827, -0.4559151785714510297 ) ) ;
#5665 = CARTESIAN_POINT ( 'NONE',  ( 0.3776226451544845708, 0.2947826300933891752, -0.7647879464286611029 ) ) ;
#5666 = CIRCLE ( 'NONE', #4947, 0.5937500000000000000 ) ;
#5667 = CARTESIAN_POINT ( 'NONE',  ( 0.1383653063275383510, 0.4477603612705856606, -0.4542999999999961513 ) ) ;
#5668 = CONICAL_SURFACE ( 'NONE', #5915, 0.5937500000000000000, 1.047197551196600074 ) ;
#5669 = CARTESIAN_POINT ( 'NONE',  ( 0.4836167842127903072, -0.01180602915646980673, -0.9154575892857901298 ) ) ;
#5670 = CARTESIAN_POINT ( 'NONE',  ( 0.2087925287618919712, -0.4708550945780351493, -0.4550781250000287548 ) ) ;
#5671 = CARTESIAN_POINT ( 'NONE',  ( -0.02310068391866966150, 0.4714621452961980652, -0.5217633928571177027 ) ) ;
#5672 = CARTESIAN_POINT ( 'NONE',  ( 0.3816094874764760503, -0.2829400558826457024, -0.6367187499999903411 ) ) ;
#5673 = CARTESIAN_POINT ( 'NONE',  ( -0.5250000000000000222, 0.000000000000000000, -0.9999999999999998890 ) ) ;
#5674 = CARTESIAN_POINT ( 'NONE',  ( -0.4609655776385305770, 0.1274985506617012931, -0.7218191964285246565 ) ) ;
#5675 = CARTESIAN_POINT ( 'NONE',  ( 0.2144000361570488344, 0.4723815386151907769, -0.7905560478582840389 ) ) ;
#5676 = VECTOR ( 'NONE', #6631, 39.37007874015748854 ) ;
#5677 = CARTESIAN_POINT ( 'NONE',  ( -0.1819171045370916173, -0.4393565545497043479, -0.6517857142857635955 ) ) ;
#5678 = ADVANCED_FACE ( 'NONE', ( #2362 ), #6766, .T. ) ;
#5679 = CARTESIAN_POINT ( 'NONE',  ( 0.4408536157678794587, -0.1826739829746330812, -0.6874999999999371614 ) ) ;
#5680 = CARTESIAN_POINT ( 'NONE',  ( -0.4089734178217930838, 0.3192508488703975633, -0.6303013392856812169 ) ) ;
#5681 = CARTESIAN_POINT ( 'NONE',  ( -0.2859283831540257448, -0.3856398974978005323, -0.7795758928570912794 ) ) ;
#5682 = ORIENTED_EDGE ( 'NONE', *, *, #6743, .F. ) ;
#5683 = CONICAL_SURFACE ( 'NONE', #6781, 0.5327323696766466110, 0.7853981633974500554 ) ;
#5684 = CARTESIAN_POINT ( 'NONE',  ( 0.01608876338974221318, -0.5127793269447686875, -0.6067841590180963474 ) ) ;
#5685 = ORIENTED_EDGE ( 'NONE', *, *, #6004, .T. ) ;
#5686 = CARTESIAN_POINT ( 'NONE',  ( -0.5193115761083074711, 0.07596453247328624481, -0.9837920876533311487 ) ) ;
#5687 = CARTESIAN_POINT ( 'NONE',  ( -0.1060654674420201810, -0.4726329355100328811, -0.9176897321427958110 ) ) ;
#5688 = CARTESIAN_POINT ( 'NONE',  ( -0.2411102984778202563, -0.4021509835475391426, -0.4391741071428205689 ) ) ;
#5689 = CARTESIAN_POINT ( 'NONE',  ( -0.1714436101237994114, 0.5866204302068639409, -0.9653030983791781594 ) ) ;
#5690 = CARTESIAN_POINT ( 'NONE',  ( -0.4722808489681564192, 0.2303718930179515234, -0.9795211787306609130 ) ) ;
#5691 = CARTESIAN_POINT ( 'NONE',  ( -0.3524996943582526243, 0.3766537775330107141, -0.6979509808339667831 ) ) ;
#5692 = CARTESIAN_POINT ( 'NONE',  ( 0.1813303288270257940, -0.4821696231097401530, -0.6744806194010202205 ) ) ;
#5693 = ORIENTED_EDGE ( 'NONE', *, *, #2868, .F. ) ;
#5694 = CARTESIAN_POINT ( 'NONE',  ( -0.2137576433288712885, -0.4711785631818264930, -0.7470573524402798204 ) ) ;
#5695 = CARTESIAN_POINT ( 'NONE',  ( 0.01289359481480758032, -0.5223250689868025320, -0.7474888392857251818 ) ) ;
#5696 = CARTESIAN_POINT ( 'NONE',  ( 0.000000000000000000, 0.000000000000000000, -0.9999999999999998890 ) ) ;
#5697 = CARTESIAN_POINT ( 'NONE',  ( -0.4565972840701589264, 0.2256522414851599156, -0.4873607769559911707 ) ) ;
#5698 = CARTESIAN_POINT ( 'NONE',  ( -0.1514748882784297812, 0.4587191906297019006, -0.8758370535714032901 ) ) ;
#5699 = CARTESIAN_POINT ( 'NONE',  ( 0.4674259901728549660, 0.06940139229540252808, -0.5385044642856925412 ) ) ;
#5700 = CARTESIAN_POINT ( 'NONE',  ( -0.4734057908370298828, 0.08207707631367756884, -0.8099888392857550468 ) ) ;
#5701 = DIRECTION ( 'NONE',  ( 0.000000000000000000, 0.000000000000000000, -1.000000000000000000 ) ) ;
#5702 = CARTESIAN_POINT ( 'NONE',  ( 0.3883321179653682620, 0.2880889545210160163, -0.9079241071428540977 ) ) ;
#5703 = CARTESIAN_POINT ( 'NONE',  ( 0.02540270519499629454, 0.5157272087085713608, -0.4960937499999741318 ) ) ;
#5704 = CARTESIAN_POINT ( 'NONE',  ( -0.4042107358899727498, -0.2423497006632039097, -0.4983258928571281943 ) ) ;
#5705 = EDGE_CURVE ( 'NONE', #6911, #4427, #1125, .T. ) ;
#5706 = CARTESIAN_POINT ( 'NONE',  ( 0.4342580315052070872, -0.1924223430888392372, -0.6342075892856962049 ) ) ;
#5707 = FACE_OUTER_BOUND ( 'NONE', #5647, .T. ) ;
#5708 = CARTESIAN_POINT ( 'NONE',  ( -0.4710661196009843232, -0.08180402968331090818, -0.7167968749999408251 ) ) ;
#5709 = CARTESIAN_POINT ( 'NONE',  ( -0.4212406628304591338, 0.3019297861540497507, -0.7749253404907053833 ) ) ;
#5710 = CARTESIAN_POINT ( 'NONE',  ( -0.2138698181097148099, -0.4247503242115193700, -0.6526227678571993041 ) ) ;
#5711 = B_SPLINE_CURVE_WITH_KNOTS ( 'NONE', 3,
 ( #7348, #1529, #5019, #1049, #4476, #6202, #4544, #6873, #5729, #3255, #478, #4402, #2824, #6231, #7420, #443, #6805, #2790, #5692, #6736, #1490, #911, #2176, #1591, #3829, #4510, #6838, #6264, #6165, #5590, #5052, #5625, #334, #2681, #7383, #944, #3866, #1009, #3289, #2754, #367, #1557, #2714, #2142, #976, #405, #5088, #4005, #14 ),
 .UNSPECIFIED., .F., .F.,
 ( 4, 2, 2, 2, 2, 2, 1, 2, 2, 2, 2, 2, 2, 2, 2, 2, 2, 2, 2, 2, 2, 2, 2, 2, 4 ),
 ( 0.2369606809310202677, 0.2395426251067163392, 0.2408335971945643750, 0.2421245692824124107, 0.2447065134581084822, 0.2459974855459565179, 0.2472884576338045814, 0.2485794297216526172, 0.2498704018095006529, 0.2524523459851967244, 0.2537433180730447879, 0.2550342901608927959, 0.2576162343365888674, 0.2589072064244369309, 0.2601981785122849944, 0.2627801226879810659, 0.2653620668636771374, 0.2666530389515251454, 0.2679440110393732088, 0.2705259552150692803, 0.2718169273029172883, 0.2731078993907653518, 0.2756898435664614233, 0.2769808156543094313, 0.2782717877421574948 ),
 .UNSPECIFIED. ) ;
#5712 = CARTESIAN_POINT ( 'NONE',  ( -0.2311639179001506172, -0.4678744430747073246, -0.8902889165037425334 ) ) ;
#5713 = B_SPLINE_CURVE_WITH_KNOTS ( 'NONE', 3,
 ( #401, #4397, #1404, #5546, #2711, #4356, #329, #825, #3285, #3784, #4473, #1445, #2601, #3211, #4976, #4432, #6123, #293, #6160, #865, #1523, #2675, #5049, #904, #940, #2751, #1554, #7343, #5014, #2640, #972, #3860, #5621, #4933, #6801, #3173, #3743, #7221, #6198, #7265, #2100, #2065, #3894, #1980, #6765, #7306, #6731, #363, #7379, #2137 ),
 .UNSPECIFIED., .F., .F.,
 ( 4, 2, 2, 2, 2, 2, 2, 2, 2, 2, 2, 2, 2, 2, 2, 2, 2, 2, 2, 2, 2, 2, 2, 2, 4 ),
 ( 0.07214073586619677847, 0.07475872334756578086, 0.07606771708825027511, 0.07737671082893478325, 0.07868570456961927750, 0.07999469831030378564, 0.08261268579167278803, 0.08523067327304179042, 0.08784866075441079281, 0.08915765449509528706, 0.09046664823577979520, 0.09177564197646428945, 0.09308463571714879758, 0.09570262319851779997, 0.09701161693920229423, 0.09832061067988681624, 0.1009385981612558186, 0.1022475919019403268, 0.1035565856426248210, 0.1061745731239938373, 0.1074835668646783315, 0.1087925606053628536, 0.1101015543460473478, 0.1114105480867318559, 0.1140285355681008722 ),
 .UNSPECIFIED. ) ;
#5714 = CARTESIAN_POINT ( 'NONE',  ( 0.07013825606587340000, -0.4723889869121858376, -0.6992187500000390799 ) ) ;
#5715 = CARTESIAN_POINT ( 'NONE',  ( -0.5009874402918773617, 0.1254182336861088265, -0.5541294642857170771 ) ) ;
#5716 = CARTESIAN_POINT ( 'NONE',  ( -0.5168743494748403444, 0.07659907051478093143, -0.6936383928571385749 ) ) ;
#5717 = CARTESIAN_POINT ( 'NONE',  ( 0.1835202996612987913, -0.4432184573196475963, -0.7678571428571041579 ) ) ;
#5718 = VERTEX_POINT ( 'NONE', #6119 ) ;
#5719 = EDGE_CURVE ( 'NONE', #7477, #3923, #1020, .T. ) ;
#5720 = CARTESIAN_POINT ( 'NONE',  ( -0.06747227724358194345, -0.5092181912833956270, -0.6008548427007068815 ) ) ;
#5721 = CARTESIAN_POINT ( 'NONE',  ( 0.5233320033158785911, -3.747753966308161220E-15, -0.9464271175837570826 ) ) ;
#5722 = ORIENTED_EDGE ( 'NONE', *, *, #4550, .T. ) ;
#5723 = CARTESIAN_POINT ( 'NONE',  ( 0.4350981688685732762, 0.2704261871086742763, -0.5829639648927670281 ) ) ;
#5724 = CARTESIAN_POINT ( 'NONE',  ( 0.4836167842080572599, -0.01180602915595893414, -0.8976004464285495255 ) ) ;
#5725 = CARTESIAN_POINT ( 'NONE',  ( -0.3770756511836199087, -0.3771783969404914338, -1.040178571428599597 ) ) ;
#5726 = CARTESIAN_POINT ( 'NONE',  ( -0.2959359759878681939, -0.3933512118621498854, -0.4542999999999999816 ) ) ;
#5727 = CARTESIAN_POINT ( 'NONE',  ( 0.5937500000000000000, 0.1454270723734295556, -0.9652230212885033467 ) ) ;
#5728 = CARTESIAN_POINT ( 'NONE',  ( -0.5175298480776741039, -7.005696124377300154E-16, -0.7600729219812309978 ) ) ;
#5729 = CARTESIAN_POINT ( 'NONE',  ( 0.4467027953026984077, -0.2577612873028706786, -0.6666606582844994966 ) ) ;
#5730 = VERTEX_POINT ( 'NONE', #4529 ) ;
#5731 = CARTESIAN_POINT ( 'NONE',  ( 0.4976706537400045760, 0.1332065720307466228, -0.6499579463691480541 ) ) ;
#5732 = CARTESIAN_POINT ( 'NONE',  ( 0.4716518669800408570, 0.2231533920028858642, -0.7248883928571648871 ) ) ;
#5733 = CARTESIAN_POINT ( 'NONE',  ( 0.4612780694479149401, 0.09169226413276777843, -0.4843750000000011102 ) ) ;
#5734 = CARTESIAN_POINT ( 'NONE',  ( 0.4148716426478262775, 0.2966864414226531577, -0.5107987404483439464 ) ) ;
#5735 = B_SPLINE_CURVE_WITH_KNOTS ( 'NONE', 3,
 ( #7188, #1363, #7105, #5470, #7225, #1983, #216, #2482, #7268, #1903, #6655, #4241, #1408, #3787, #1943, #3746, #6045, #1326, #3176, #6695, #6002, #96, #2444, #1861, #748, #4201, #178, #6535, #1488, #5119, #942, #2679, #1008, #3929, #1590, #7310, #5691, #3967, #442, #365, #3896, #5655, #3827, #3287, #6263, #5017, #4435, #5623, #6200, #2069 ),
 .UNSPECIFIED., .F., .F.,
 ( 4, 2, 2, 2, 2, 2, 2, 2, 2, 2, 2, 2, 2, 2, 2, 2, 2, 2, 2, 2, 2, 2, 2, 2, 4 ),
 ( 0.3220811633413712682, 0.3246653481238051531, 0.3259574405150221232, 0.3272495329062390934, 0.3298337176886729782, 0.3311258100798899484, 0.3324179024711069186, 0.3337099948623238888, 0.3350020872535408034, 0.3375862720359747438, 0.3401704568184086286, 0.3427546416008425689, 0.3440467339920594836, 0.3453388263832764538, 0.3466309187744934239, 0.3479230111657103941, 0.3505071959481442789, 0.3517992883393612491, 0.3530913807305782193, 0.3556755655130121041, 0.3569676579042290743, 0.3582597502954460444, 0.3608439350778799293, 0.3621360274690968994, 0.3634281198603138696 ),
 .UNSPECIFIED. ) ;
#5736 = CARTESIAN_POINT ( 'NONE',  ( 0.4523710575175494686, -0.1371577422619221220, -0.5435267857142508374 ) ) ;
#5737 = CARTESIAN_POINT ( 'NONE',  ( 0.2840379076018935134, 0.3828778515149192652, -0.6902901785713602134 ) ) ;
#5738 = DIRECTION ( 'NONE',  ( 1.000000000000000000, 0.000000000000000000, 0.000000000000000000 ) ) ;
#5739 = CARTESIAN_POINT ( 'NONE',  ( 0.3741759466839008064, -0.3069927435363740131, -0.9229910714286618800 ) ) ;
#5740 = CARTESIAN_POINT ( 'NONE',  ( 0.3570406463730486091, -0.3702387772053508663, -0.4510985124536444069 ) ) ;
#5741 = CARTESIAN_POINT ( 'NONE',  ( -0.4624846931208278500, 0.09205574348810198482, -0.5066964285714281591 ) ) ;
#5742 = CARTESIAN_POINT ( 'NONE',  ( -0.4233128024250242261, 0.2130052499004514710, -0.5990513392857169661 ) ) ;
#5743 = CARTESIAN_POINT ( 'NONE',  ( -0.05877912397294187546, 0.4650500576794021068, -0.4543000000000000371 ) ) ;
#5744 = CARTESIAN_POINT ( 'NONE',  ( 0.3552845323458094229, -0.3220943894085450121, -0.7628348214285110007 ) ) ;
#5745 = CARTESIAN_POINT ( 'NONE',  ( -0.2293081674717813434, 0.4658922788309005636, -0.7805120815831322334 ) ) ;
#5746 = CARTESIAN_POINT ( 'NONE',  ( -0.2449297306576040667, 0.4085139614295377752, -0.6768973214285630702 ) ) ;
#5747 = CARTESIAN_POINT ( 'NONE',  ( -0.4826567739263221135, -0.03266437913038038737, -0.9501247875942904209 ) ) ;
#5748 = CARTESIAN_POINT ( 'NONE',  ( 0.2918824369971617094, 0.3741181851962296911, -0.6012834821428312271 ) ) ;
#5749 = CARTESIAN_POINT ( 'NONE',  ( -0.1259577845594053724, -0.5025767178341891128, -0.6077008928571364654 ) ) ;
#5750 = CARTESIAN_POINT ( 'NONE',  ( 0.4972858682827023813, -0.1642058935819111498, -0.7313058035713937421 ) ) ;
#5751 = CARTESIAN_POINT ( 'NONE',  ( 0.3776226451537684770, 0.2947826300845208247, -0.7469308035714234961 ) ) ;
#5752 = ORIENTED_EDGE ( 'NONE', *, *, #2991, .T. ) ;
#5753 = CARTESIAN_POINT ( 'NONE',  ( -0.03424609729416974030, -0.5125040246764147600, -0.6001196686725164264 ) ) ;
#5754 = CARTESIAN_POINT ( 'NONE',  ( -0.4613669101255566396, -0.2271502139713219848, -0.6197964281664964936 ) ) ;
#5755 = CARTESIAN_POINT ( 'NONE',  ( 0.2586678813850806224, 0.4083649591911191479, -0.9037388392857499397 ) ) ;
#5756 = ORIENTED_EDGE ( 'NONE', *, *, #7022, .F. ) ;
#5757 = EDGE_LOOP ( 'NONE', ( #2890, #6761, #5832, #4647 ) ) ;
#5758 = CARTESIAN_POINT ( 'NONE',  ( 0.2274166876140645555, 0.4597560631073588366, -0.5766500956252419430 ) ) ;
#5759 = CARTESIAN_POINT ( 'NONE',  ( -0.4660797668267502303, 0.1168106296337469985, -0.7929687499999629186 ) ) ;
#5760 = CARTESIAN_POINT ( 'NONE',  ( -0.5310891859263200399, 0.05223467368190551352, -1.050223214285635809 ) ) ;
#5761 = CARTESIAN_POINT ( 'NONE',  ( -0.3836196439537449820, -0.3026257183749566648, -0.4542999999999999261 ) ) ;
#5762 = CARTESIAN_POINT ( 'NONE',  ( -0.2070762744007102196, -0.4379807608330875679, -0.9202008928571354662 ) ) ;
#5763 = CARTESIAN_POINT ( 'NONE',  ( 0.4521959728332865525, 0.2608330090859162786, -0.8690519920686792243 ) ) ;
#5764 = CARTESIAN_POINT ( 'NONE',  ( -0.3861136477081453799, 0.3390654527465321033, -0.6331921765954303671 ) ) ;
#5765 = EDGE_CURVE ( 'NONE', #6232, #3245, #3949, .T. ) ;
#5766 = CARTESIAN_POINT ( 'NONE',  ( -0.1670722177115241958, -0.4905138959113142794, -0.7459490393642949080 ) ) ;
#5767 = UNCERTAINTY_MEASURE_WITH_UNIT (LENGTH_MEASURE( 1.000000000000000082E-05 ), #1642, 'distance_accuracy_value', 'NONE');
#5768 = CARTESIAN_POINT ( 'NONE',  ( -0.1018770467287897080, -0.5125355775283727544, -0.7500000000000922595 ) ) ;
#5769 = CARTESIAN_POINT ( 'NONE',  ( -0.4084244549662702783, 0.2314389564652748477, -0.4567522321428560961 ) ) ;
#5770 = AXIS2_PLACEMENT_3D ( 'NONE', #339, #7353, #2686 ) ;
#5772 = CARTESIAN_POINT ( 'NONE',  ( 0.2252992085801847899, -0.4761872584799691777, -0.8856026785714887772 ) ) ;
#5771 = CARTESIAN_POINT ( 'NONE',  ( 0.2277712459780449616, -0.4626538440073598712, -0.6655877467004264192 ) ) ;
#5773 = DIRECTION ( 'NONE',  ( -1.000000000000000000, 0.000000000000000000, 0.000000000000000000 ) ) ;
#5774 = CARTESIAN_POINT ( 'NONE',  ( -0.4311494395997663709, 0.1911817339848484731, -0.5092075892857158559 ) ) ;
#5775 = CARTESIAN_POINT ( 'NONE',  ( -0.4746268611335855980, -0.03507579411697503424, -0.6643415178571191460 ) ) ;
#5776 = CARTESIAN_POINT ( 'NONE',  ( 0.1846877012345837232, 0.4895034597417050604, -0.9326719188059814369 ) ) ;
#5777 = CARTESIAN_POINT ( 'NONE',  ( -0.4014376878018769967, 0.2683068079123147043, -0.8861607142856984254 ) ) ;
#5778 = AXIS2_PLACEMENT_3D ( 'NONE', #7088, #2997, #1807 ) ;
#5779 = CARTESIAN_POINT ( 'NONE',  ( 0.4708337908532522764, -0.2137758237585536125, -0.7369872333793145991 ) ) ;
#5780 = CARTESIAN_POINT ( 'NONE',  ( 0.2716658940819703383, 0.4058497825172903140, -0.9553989666993690788 ) ) ;
#5781 = CARTESIAN_POINT ( 'NONE',  ( 0.2918824369971224075, 0.3741181851962460114, -0.6191406250000012212 ) ) ;
#5782 = CARTESIAN_POINT ( 'NONE',  ( 0.3975000000000000755, 4.867971026610729929E-17, 0.9519999999999999574 ) ) ;
#5783 = CARTESIAN_POINT ( 'NONE',  ( 0.4331053245462559431, 0.2049159785972270997, -0.7494419642856473551 ) ) ;
#5784 = CARTESIAN_POINT ( 'NONE',  ( -0.4110014402105189313, 0.3157450218063429515, -0.7753019002629012446 ) ) ;
#5785 = CARTESIAN_POINT ( 'NONE',  ( -0.4139243523076700515, -0.2345599728327871780, -0.6593191964285178841 ) ) ;
#5786 = AXIS2_PLACEMENT_3D ( 'NONE', #3944, #491, #424 ) ;
#5787 = AXIS2_PLACEMENT_3D ( 'NONE', #2209, #3214, #2713 ) ;
#5788 = DIRECTION ( 'NONE',  ( -0.000000000000000000, 0.000000000000000000, -1.000000000000000000 ) ) ;
#5789 = CARTESIAN_POINT ( 'NONE',  ( 0.4385827293360232693, 0.1816008385626208255, -0.6071428571428405530 ) ) ;
#5790 = CARTESIAN_POINT ( 'NONE',  ( 0.5097110097512709270, -0.07567564484379056544, -0.5172991071428254539 ) ) ;
#5791 = CARTESIAN_POINT ( 'NONE',  ( 0.5195925546725403965, 0.06415752234012706001, -0.7262834821428522103 ) ) ;
#5792 = CARTESIAN_POINT ( 'NONE',  ( 0.3610847731513930903, 0.3113928763046954207, -0.6749441964285679552 ) ) ;
#5793 = VERTEX_POINT ( 'NONE', #209 ) ;
#5794 = CARTESIAN_POINT ( 'NONE',  ( 0.2111893612850000990, -0.4671332448799258019, -0.5945321677899605417 ) ) ;
#5795 = AXIS2_PLACEMENT_3D ( 'NONE', #441, #2788, #1485 ) ;
#5796 = B_SPLINE_CURVE_WITH_KNOTS ( 'NONE', 3,
 ( #1007, #5153, #4507, #2208, #6870, #7487, #3251, #2138, #2712, #330, #476, #4474, #5622, #2677, #3966, #5050, #2174, #7381, #6803, #3319, #5654, #403, #2752, #5086, #1084, #4689, #5227, #5841, #7018, #4038, #4651, #1239, #624, #4003, #1203, #6371, #1121, #1777, #3580, #552, #5916, #1699, #2284, #2895, #6980, #4116, #5804, #7562, #589, #3466 ),
 .UNSPECIFIED., .F., .F.,
 ( 4, 2, 2, 2, 2, 2, 2, 2, 2, 2, 2, 2, 2, 2, 2, 2, 2, 2, 2, 2, 2, 2, 2, 2, 4 ),
 ( 0.03016893514303650714, 0.03279217268823402670, 0.03410379146083278301, 0.03541541023343154626, 0.03803864777862906582, 0.03935026655122782213, 0.04066188532382658538, 0.04328512286902409800, 0.04590836041422161062, 0.04721997918682037387, 0.04853159795941912324, 0.05115483550461664281, 0.05246645427721539912, 0.05377807304981416237, 0.05640131059501167499, 0.05771292936761043824, 0.05902454814020919455, 0.06033616691280795780, 0.06164778568540671411, 0.06427102323060422673, 0.06558264200320298998, 0.06689426077580173935, 0.06951749832099926585, 0.07082911709359801522, 0.07214073586619677847 ),
 .UNSPECIFIED. ) ;
#5797 = CARTESIAN_POINT ( 'NONE',  ( 0.4832664928162381801, -0.1641360939779480943, -0.5215773577411628725 ) ) ;
#5798 = CARTESIAN_POINT ( 'NONE',  ( -0.2777617224982257826, -0.3942835728190322575, -0.8685825892856842145 ) ) ;
#5799 = EDGE_LOOP ( 'NONE', ( #3997, #1695, #4363, #5186, #435 ) ) ;
#5800 = VERTEX_POINT ( 'NONE', #6285 ) ;
#5801 = CARTESIAN_POINT ( 'NONE',  ( -0.08248884711117260293, -0.4750320856744988940, -0.8457031250000190958 ) ) ;
#5802 = CARTESIAN_POINT ( 'NONE',  ( 0.3595493920949661137, -0.2982069602548667042, -0.4230500016465441604 ) ) ;
#5803 = CARTESIAN_POINT ( 'NONE',  ( 0.000000000000000000, 0.000000000000000000, 0.7139999999999999680 ) ) ;
#5804 = CARTESIAN_POINT ( 'NONE',  ( 0.5189243642763725628, -0.06845046461965091644, -0.9401359798101082133 ) ) ;
#5805 = EDGE_CURVE ( 'NONE', #6256, #5108, #6052, .T. ) ;
#5806 = CARTESIAN_POINT ( 'NONE',  ( 0.5937500000000002220, -0.1155738848602522184, -0.02999279984701727977 ) ) ;
#5807 = CARTESIAN_POINT ( 'NONE',  ( -0.08328383842097090983, 0.5073105405593931749, -0.6410078803573059369 ) ) ;
#5808 = VERTEX_POINT ( 'NONE', #6433 ) ;
#5809 = CARTESIAN_POINT ( 'NONE',  ( 0.1660003387397340768, -0.4906395193224202256, -0.7385103915610579106 ) ) ;
#5810 = CARTESIAN_POINT ( 'NONE',  ( -0.4044693501743483188, 0.3320267285463950890, -0.7734375000000631717 ) ) ;
#5811 = CARTESIAN_POINT ( 'NONE',  ( 0.4702382566961016419, -0.01160419400262561150, -0.4868861607142831449 ) ) ;
#5813 = CARTESIAN_POINT ( 'NONE',  ( -0.3448089912593083062, 0.3996193376108000406, -0.9182477678571516755 ) ) ;
#5812 = CARTESIAN_POINT ( 'NONE',  ( -0.4654603084739998287, -0.2108336450098706460, -0.5409517579563298817 ) ) ;
#5814 = EDGE_CURVE ( 'NONE', #6256, #432, #305, .T. ) ;
#5815 = CARTESIAN_POINT ( 'NONE',  ( 0.4520387864000480205, 0.2606246087624808361, -0.8612727038893567277 ) ) ;
#5816 = CARTESIAN_POINT ( 'NONE',  ( -0.01159382819156636740, 0.4696631451013165703, -0.4506138392857340080 ) ) ;
#5817 = CARTESIAN_POINT ( 'NONE',  ( -0.04676701830531969362, 0.4741692378120321849, -0.6819196428571159263 ) ) ;
#5818 = CARTESIAN_POINT ( 'NONE',  ( -0.5155482665347895788, -2.442656272459960198E-15, -0.6964282900669522824 ) ) ;
#5819 = CARTESIAN_POINT ( 'NONE',  ( -0.4617732437667048107, -0.1400125021617580900, -0.8761160714286342355 ) ) ;
#5820 = CARTESIAN_POINT ( 'NONE',  ( -0.1033190553619323659, -0.5190699611662270563, -0.9642857142856881003 ) ) ;
#5821 = CARTESIAN_POINT ( 'NONE',  ( -0.3643148025419099545, -0.2989070512046207995, -0.4966517857143008530 ) ) ;
#5822 = CARTESIAN_POINT ( 'NONE',  ( 0.4407894631506433791, 0.1701004760628870571, -0.5538504464285863849 ) ) ;
#5823 = CARTESIAN_POINT ( 'NONE',  ( -0.1040141831440610093, 0.4570285690190111216, -0.4542999999999997041 ) ) ;
#5824 = CARTESIAN_POINT ( 'NONE',  ( 0.4740622517664589419, 0.07025816821144383051, -0.7527901785713703164 ) ) ;
#5825 = CARTESIAN_POINT ( 'NONE',  ( -0.4652144827185774045, 0.2296254644043501658, -0.7652850538318811680 ) ) ;
#5826 = CARTESIAN_POINT ( 'NONE',  ( -0.1157006853488082715, 0.4621552095922726311, -0.6802455357143124548 ) ) ;
#5827 = CARTESIAN_POINT ( 'NONE',  ( 0.1288361139265122579, 0.4658014053196531390, -0.9003906249999760192 ) ) ;
#5828 = CARTESIAN_POINT ( 'NONE',  ( -0.4233128024276631707, 0.2130052498989169485, -0.5811941964285896045 ) ) ;
#5829 = CARTESIAN_POINT ( 'NONE',  ( 0.2965414194914694490, 0.4209411826494050546, -0.5047433035714246063 ) ) ;
#5830 = CARTESIAN_POINT ( 'NONE',  ( -0.5210201713973752202, -0.03850415711196680801, -0.6911272321428365562 ) ) ;
#5831 = CARTESIAN_POINT ( 'NONE',  ( 0.1719068343624004791, -0.4454704218716101227, -0.6967075892857799158 ) ) ;
#5832 = ORIENTED_EDGE ( 'NONE', *, *, #5238, .T. ) ;
#5833 = CARTESIAN_POINT ( 'NONE',  ( -0.4958778748961628069, -0.1324749871070497742, -0.6142474964731251541 ) ) ;
#5834 = CARTESIAN_POINT ( 'NONE',  ( 0.4056875785857512740, -0.3112113680591899190, -0.5252970740421626372 ) ) ;
#5835 = CARTESIAN_POINT ( 'NONE',  ( -0.08266246956828657289, 0.4760095380350515826, -0.8953683035714536942 ) ) ;
#5836 = ORIENTED_EDGE ( 'NONE', *, *, #2536, .F. ) ;
#5837 = ORIENTED_EDGE ( 'NONE', *, *, #7170, .F. ) ;
#5838 = CARTESIAN_POINT ( 'NONE',  ( -0.2478805035600842033, -0.4136917789735335416, -0.8498883928571041579 ) ) ;
#5839 = CARTESIAN_POINT ( 'NONE',  ( -0.4680078716114453030, 0.03458282744260660763, -0.4517299107142593861 ) ) ;
#5840 = CARTESIAN_POINT ( 'NONE',  ( -0.2269144682320791417, -0.4405051390506682929, -0.4542999999999997596 ) ) ;
#5841 = CARTESIAN_POINT ( 'NONE',  ( 0.1352889121677909035, -0.5069255943617312354, -0.9535367237241425542 ) ) ;
#5842 = AXIS2_PLACEMENT_3D ( 'NONE', #5386, #130, #7141 ) ;
#5843 = CARTESIAN_POINT ( 'NONE',  ( 0.000000000000000000, 0.000000000000000000, -0.02500000000000000139 ) ) ;
#5844 = CARTESIAN_POINT ( 'NONE',  ( -0.5199961457444168822, 2.881245930817777659E-16, -0.8392857142857133024 ) ) ;
#5845 = VERTEX_POINT ( 'NONE', #5250 ) ;
#5846 = CARTESIAN_POINT ( 'NONE',  ( 0.3750000000000000555, 4.730198261706652690E-17, 0.9519999999999999574 ) ) ;
#5847 = ADVANCED_FACE ( 'NONE', ( #3411, #7002 ), #1722, .T. ) ;
#5848 = CARTESIAN_POINT ( 'NONE',  ( 0.4347208265671764771, -0.1799976434390296309, -0.4910714285714207206 ) ) ;
#5850 = CARTESIAN_POINT ( 'NONE',  ( 0.4777592477601921295, 0.2258878755923987569, -0.9391741071428764132 ) ) ;
#5849 = CARTESIAN_POINT ( 'NONE',  ( 0.1329328039263519279, -0.4974824462682136406, -0.6678204657785332676 ) ) ;
#5851 = DIRECTION ( 'NONE',  ( -1.000000000000000000, 0.000000000000000000, 0.000000000000000000 ) ) ;
#5852 = CARTESIAN_POINT ( 'NONE',  ( -0.3900332104276574841, -0.2605393397975919179, -0.4263392857143575299 ) ) ;
#5853 = CARTESIAN_POINT ( 'NONE',  ( -0.1386135798301675603, -0.4571726032928634109, -0.7220982142857987895 ) ) ;
#5854 = CARTESIAN_POINT ( 'NONE',  ( 0.5189072938798835466, -0.03385143700947634143, -0.8043138624453183283 ) ) ;
#5855 = CARTESIAN_POINT ( 'NONE',  ( -0.3715093293053571277, 0.3049698217441439430, -0.8158482142856720021 ) ) ;
#5856 = CARTESIAN_POINT ( 'NONE',  ( -0.5169017278464114185, -0.03411073343178630535, -0.7671072462669749070 ) ) ;
#5857 = CARTESIAN_POINT ( 'NONE',  ( 0.4146474929352592653, 0.2217065862514941421, -0.4631696428571348001 ) ) ;
#5858 = CARTESIAN_POINT ( 'NONE',  ( 0.3930947957013289362, -0.2627306649134457106, -0.5647321428571213664 ) ) ;
#5859 = APPROVAL_DATE_TIME ( #5441, #2716 ) ;
#5860 = CARTESIAN_POINT ( 'NONE',  ( 0.2352744658835364544, -0.4154421048274537509, -0.6950334821428280074 ) ) ;
#5861 = CARTESIAN_POINT ( 'NONE',  ( 0.000000000000000000, 0.000000000000000000, -0.9920191456807396779 ) ) ;
#5862 = CARTESIAN_POINT ( 'NONE',  ( 0.3668206688449436315, 0.3011258487492260438, -0.6216517857142471737 ) ) ;
#5863 = CARTESIAN_POINT ( 'NONE',  ( 0.4322767283483539003, -0.2175158209769353090, -0.9204799107143917247 ) ) ;
#5864 = EDGE_CURVE ( 'NONE', #7565, #2251, #7039, .T. ) ;
#5865 = CARTESIAN_POINT ( 'NONE',  ( -0.4064542090909434302, 0.2436903284656733448, -0.5820312500000470735 ) ) ;
#5866 = CARTESIAN_POINT ( 'NONE',  ( -0.4130961729144741468, 0.3064555552961427121, -0.4871651785714443128 ) ) ;
#5867 = CARTESIAN_POINT ( 'NONE',  ( 0.5135456263799375032, -0.07624497628750681599, -0.5864955357142805914 ) ) ;
#5868 = CARTESIAN_POINT ( 'NONE',  ( 0.3457515137619934786, -0.3290927485581976453, -0.6916852678571241420 ) ) ;
#5869 = ORIENTED_EDGE ( 'NONE', *, *, #934, .T. ) ;
#5870 = CARTESIAN_POINT ( 'NONE',  ( -0.4072537835577058063, -0.3121569500937397268, -0.6097821156775347085 ) ) ;
#5871 = CARTESIAN_POINT ( 'NONE',  ( 0.000000000000000000, 0.3750000000000000555, 0.9519999999999999574 ) ) ;
#5872 = DIRECTION ( 'NONE',  ( 0.000000000000000000, 0.000000000000000000, 1.000000000000000000 ) ) ;
#5873 = CARTESIAN_POINT ( 'NONE',  ( -0.3254643625014426167, -0.3590017337375551731, -0.9414062499999804601 ) ) ;
#5874 = ORIENTED_EDGE ( 'NONE', *, *, #2778, .F. ) ;
#5875 = CARTESIAN_POINT ( 'NONE',  ( 0.4813702649276163092, 0.01175500703178045288, -0.8256138392857983455 ) ) ;
#5876 = CARTESIAN_POINT ( 'NONE',  ( 0.4549588614744042858, -0.2727716435036082743, -0.9481026785713378979 ) ) ;
#5877 = CARTESIAN_POINT ( 'NONE',  ( 0.2959379794146151932, -0.4132266980126259592, -0.4572200686556390226 ) ) ;
#5878 = CARTESIAN_POINT ( 'NONE',  ( -0.2889822097167394910, 0.3897522211243267809, -0.9436383928571547841 ) ) ;
#5879 = CARTESIAN_POINT ( 'NONE',  ( 0.5937500000000000000, 2.365849761790802529E-16, -0.02500000000000000139 ) ) ;
#5880 = CARTESIAN_POINT ( 'NONE',  ( 0.000000000000000000, 0.000000000000000000, 0.9519999999999999574 ) ) ;
#5881 = ORIENTED_EDGE ( 'NONE', *, *, #3651, .F. ) ;
#5882 = CARTESIAN_POINT ( 'NONE',  ( 0.2574026378240921176, 0.4450227985236861472, -0.6410356881143335350 ) ) ;
#5883 = CARTESIAN_POINT ( 'NONE',  ( -0.4910072840031745600, -0.1846974923972610205, -0.9780518933182655861 ) ) ;
#5885 = CARTESIAN_POINT ( 'NONE',  ( 0.01302775906268742803, 0.5279160532650335469, -0.9266183035714681271 ) ) ;
#5884 = CARTESIAN_POINT ( 'NONE',  ( 0.3867609381455502371, -0.3396437156120871159, -0.6611236947870541281 ) ) ;
#5886 = CARTESIAN_POINT ( 'NONE',  ( 0.5208424712242817334, 0.03436553229820796945, -0.8664680797246149258 ) ) ;
#5887 = CARTESIAN_POINT ( 'NONE',  ( 0.2791207656198063658, -0.3762432664268481330, -0.4079241071428449938 ) ) ;
#5888 = CARTESIAN_POINT ( 'NONE',  ( -0.4539548190350828905, -0.1499016533489438419, -0.7329799107143449843 ) ) ;
#5889 = CARTESIAN_POINT ( 'NONE',  ( -0.06847193398262906017, -0.5160686903260427449, -0.8229246140777172203 ) ) ;
#5890 = CARTESIAN_POINT ( 'NONE',  ( -0.1944549925397915657, -0.4388452573594006090, -0.7949218750000758282 ) ) ;
#5891 = CARTESIAN_POINT ( 'NONE',  ( -0.03416439159345863869, -0.5163867736253995311, -0.7507499830509498651 ) ) ;
#5892 = CARTESIAN_POINT ( 'NONE',  ( 0.2186235169541419776, -0.4344695540094302144, -0.9813058035714126159 ) ) ;
#5893 = CARTESIAN_POINT ( 'NONE',  ( -0.3643148025448180172, -0.2989070512061031692, -0.5145089285714288252 ) ) ;
#5894 = DATE_AND_TIME ( #6429, #3959 ) ;
#5895 = CARTESIAN_POINT ( 'NONE',  ( -0.04676701830531969362, 0.4741692378120321849, -0.6640624999999733546 ) ) ;
#5896 = CARTESIAN_POINT ( 'NONE',  ( -0.5937499999999998890, -0.3428017223313405415, -0.9219683889980070379 ) ) ;
#5897 = CARTESIAN_POINT ( 'NONE',  ( 0.4523710575175494686, -0.1371577422619221220, -0.5613839285713934091 ) ) ;
#5898 = CARTESIAN_POINT ( 'NONE',  ( -0.3745768300503165560, -0.3074928875226214386, -0.9430803571428761911 ) ) ;
#5899 = CARTESIAN_POINT ( 'NONE',  ( -0.1156981127462057835, 0.4986004278661089195, -0.5688348346167135805 ) ) ;
#5900 = CARTESIAN_POINT ( 'NONE',  ( -0.05798557546872185747, -0.4696375379047713627, -0.5594308035714176119 ) ) ;
#5901 = CARTESIAN_POINT ( 'NONE',  ( 0.4481822493195592449, 0.2538157930971591814, -0.5097656249999750200 ) ) ;
#5902 = CARTESIAN_POINT ( 'NONE',  ( -0.5937500000000002220, 0.2873504574736018280, -0.9379757903442673683 ) ) ;
#5903 = CARTESIAN_POINT ( 'NONE',  ( 0.03838095697082972990, 0.5194049382172749585, -0.6392299107143193382 ) ) ;
#5904 = CARTESIAN_POINT ( 'NONE',  ( 0.3668206688498097390, 0.3011258487487011304, -0.6037946428571624446 ) ) ;
#5905 = VERTEX_POINT ( 'NONE', #6318 ) ;
#5906 = CARTESIAN_POINT ( 'NONE',  ( -0.5153763083865726680, 0.07516519753947101257, -0.9867061609886180751 ) ) ;
#5907 = CARTESIAN_POINT ( 'NONE',  ( 0.3430002260968637029, -0.3181877138528247939, -0.4236813999072032710 ) ) ;
#5908 = CONICAL_SURFACE ( 'NONE', #4807, 0.5937500000000000000, 1.047197551196600074 ) ;
#5909 = EDGE_CURVE ( 'NONE', #1617, #6035, #6872, .T. ) ;
#5910 = CARTESIAN_POINT ( 'NONE',  ( -0.4923591852718596784, -0.1670198547161443892, -0.8277832361701153996 ) ) ;
#5911 = CARTESIAN_POINT ( 'NONE',  ( -0.1280671822486492417, -0.4625438361297427026, -0.7932477678571807633 ) ) ;
#5912 = ORIENTED_EDGE ( 'NONE', *, *, #4687, .F. ) ;
#5913 = CARTESIAN_POINT ( 'NONE',  ( 0.1054575873784276141, 0.4693414967268216831, -0.8105468749999937828 ) ) ;
#5914 = CARTESIAN_POINT ( 'NONE',  ( 0.4969684753103641994, -0.1916241252479286006, -1.017578125000075495 ) ) ;
#5915 = AXIS2_PLACEMENT_3D ( 'NONE', #5843, #625, #2823 ) ;
#5916 = CARTESIAN_POINT ( 'NONE',  ( 0.4531506920392918136, -0.2622375283242378008, -0.9446101647063529505 ) ) ;
#5917 = CARTESIAN_POINT ( 'NONE',  ( -0.08868556691712116413, -0.5017310034879728375, -0.4584887840773135825 ) ) ;
#5918 = DIRECTION ( 'NONE',  ( 0.000000000000000000, 0.000000000000000000, -1.000000000000000000 ) ) ;
#5919 = CIRCLE ( 'NONE', #3351, 0.3975000000000000755 ) ;
#5920 = ORIENTED_EDGE ( 'NONE', *, *, #5156, .T. ) ;
#5921 = CARTESIAN_POINT ( 'NONE',  ( -0.3129398726093870486, 0.4083906288077039926, -0.6276414460417220065 ) ) ;
#5922 = DIRECTION ( 'NONE',  ( -1.000000000000000000, 0.000000000000000000, 0.000000000000000000 ) ) ;
#5924 = CARTESIAN_POINT ( 'NONE',  ( 0.3914435123894607349, 0.3548808815321459198, -0.9358258928570925006 ) ) ;
#5923 = CARTESIAN_POINT ( 'NONE',  ( 0.000000000000000000, -4.528468093915398346E-17, 1.185470590824565962 ) ) ;
#5925 = CARTESIAN_POINT ( 'NONE',  ( -0.2463723946406870535, -0.5433602762959872656, -0.02625346759769194016 ) ) ;
#5926 = CARTESIAN_POINT ( 'NONE',  ( -0.2107499643526452582, -0.4188308394694415515, -0.4204799107142911385 ) ) ;
#5927 = CARTESIAN_POINT ( 'NONE',  ( 0.1526461432805378271, -0.4618546950426706821, -0.9829799107143745163 ) ) ;
#5928 = CARTESIAN_POINT ( 'NONE',  ( -0.3091711773540564145, -0.3585143766868765791, -0.5839843750000224265 ) ) ;
#5929 = CARTESIAN_POINT ( 'NONE',  ( 0.03367139250192052041, -0.5186034544567938998, -0.8206896308028440723 ) ) ;
#5930 = CARTESIAN_POINT ( 'NONE',  ( 0.2761257278805947513, -0.3921755655443153188, -0.7832031250000671685 ) ) ;
#5931 = CARTESIAN_POINT ( 'NONE',  ( -0.3559002169619966405, 0.3927772106382401707, -0.9893973214285696205 ) ) ;
#5932 = FACE_OUTER_BOUND ( 'NONE', #4502, .T. ) ;
#5933 = CARTESIAN_POINT ( 'NONE',  ( -0.4679927071709053532, 0.05765645210088886363, -0.5237165178571305812 ) ) ;
#5934 = SECURITY_CLASSIFICATION_LEVEL ( 'unclassified' ) ;
#5935 = CARTESIAN_POINT ( 'NONE',  ( -0.2449297306576040667, 0.4085139614295377752, -0.6590401785714204985 ) ) ;
#5936 = CARTESIAN_POINT ( 'NONE',  ( -0.4636008570842813925, 0.2102736762017269334, -0.4792002237548435017 ) ) ;
#5937 = CARTESIAN_POINT ( 'NONE',  ( -0.4735849735141424710, 0.01156109336881183496, -0.5940290178571757673 ) ) ;
#5938 = CARTESIAN_POINT ( 'NONE',  ( 0.4570907409371636199, 0.1510716445840571964, -0.8401227678570754032 ) ) ;
#5939 = CARTESIAN_POINT ( 'NONE',  ( 0.5113775588366266112, 0.03332330503778320463, -0.5885460864011413662 ) ) ;
#5940 = CARTESIAN_POINT ( 'NONE',  ( 0.4697852781025818047, 0.02314344687846825802, -0.4681919642857190755 ) ) ;
#5941 = CARTESIAN_POINT ( 'NONE',  ( 0.5138806838118010756, -0.03783566962856145521, -0.5164620535714302685 ) ) ;
#5942 = ADVANCED_FACE ( 'NONE', ( #2290 ), #760, .F. ) ;
#5943 = CARTESIAN_POINT ( 'NONE',  ( -0.2968749999999999445, 0.5142025834970104237, -0.9749999999999999778 ) ) ;
#5944 = CARTESIAN_POINT ( 'NONE',  ( -0.5162900026727439418, -0.06361070864980976347, -0.6191406249999618083 ) ) ;
#5945 = CARTESIAN_POINT ( 'NONE',  ( 0.2027870475722548249, 0.4289088397242173945, -0.5987723214285605167 ) ) ;
#5946 = ORIENTED_EDGE ( 'NONE', *, *, #2262, .F. ) ;
#5947 = FACE_OUTER_BOUND ( 'NONE', #3867, .T. ) ;
#5948 = CARTESIAN_POINT ( 'NONE',  ( -0.3900332104276574841, -0.2605393397975919179, -0.4441964285715001015 ) ) ;
#5949 = CARTESIAN_POINT ( 'NONE',  ( 0.000000000000000000, 0.000000000000000000, -0.9749999999999998668 ) ) ;
#5950 = CARTESIAN_POINT ( 'NONE',  ( 0.02359173888150857198, -0.4814849235749946166, -0.8610491071428474363 ) ) ;
#5951 = CARTESIAN_POINT ( 'NONE',  ( 0.3552845323471478522, -0.3220943894019262510, -0.7628348214285203266 ) ) ;
#5952 = CARTESIAN_POINT ( 'NONE',  ( 0.3223382365774454805, 0.4129284578946842421, -0.7910156250000345279 ) ) ;
#5953 = CARTESIAN_POINT ( 'NONE',  ( -0.4744673573355193130, -0.2389078203514923004, -0.9723772321429122734 ) ) ;
#5954 = EDGE_CURVE ( 'NONE', #4511, #1078, #1742, .T. ) ;
#5955 = CARTESIAN_POINT ( 'NONE',  ( 0.3883321179653544952, 0.2880889545220366443, -0.8900669642857281794 ) ) ;
#5956 = CARTESIAN_POINT ( 'NONE',  ( -0.2937469670467594551, -0.4152413633200159326, -0.4635002409211894658 ) ) ;
#5957 = CARTESIAN_POINT ( 'NONE',  ( 0.2720453260449551824, 0.4365188996160608292, -0.6491911455173946521 ) ) ;
#5958 = ORIENTED_EDGE ( 'NONE', *, *, #2736, .F. ) ;
#5959 = CARTESIAN_POINT ( 'NONE',  ( 0.4082079267543353152, 0.3127428575960142787, -0.6455001053536837397 ) ) ;
#5960 = CARTESIAN_POINT ( 'NONE',  ( -0.4661329027655315982, 0.1625084960112526400, -0.9598474882117624674 ) ) ;
#5961 = CARTESIAN_POINT ( 'NONE',  ( -0.5110276983519987937, -0.1187410690270008368, -0.9795473251995558961 ) ) ;
#5963 = CARTESIAN_POINT ( 'NONE',  ( -0.2583754446150544615, -0.4562414169380797913, -0.7513950892858161090 ) ) ;
#5962 = CYLINDRICAL_SURFACE ( 'NONE', #3849, 0.5937500000000000000 ) ;
#5964 = CARTESIAN_POINT ( 'NONE',  ( -0.5197653893441475104, 0.01698316322525617039, -0.8318742574068588302 ) ) ;
#5965 = CARTESIAN_POINT ( 'NONE',  ( -0.1414683397226485229, 0.4665747895387293842, -1.036830357142767500 ) ) ;
#5966 = CONICAL_SURFACE ( 'NONE', #708, 0.5937500000000000000, 1.047197551196600074 ) ;
#5967 = CARTESIAN_POINT ( 'NONE',  ( -0.4693771541396759561, -0.1298291175951756249, -1.001395089285833206 ) ) ;
#5968 = CARTESIAN_POINT ( 'NONE',  ( -0.4329154158437514277, -0.1919690046577904596, -0.5890066964285495255 ) ) ;
#5969 = CARTESIAN_POINT ( 'NONE',  ( -0.5066921452866598452, -0.1177503320815380256, -0.8366901782139024579 ) ) ;
#5970 = CARTESIAN_POINT ( 'NONE',  ( -0.4234967693210975881, -0.2264381321703433925, -0.8024553571428634235 ) ) ;
#5971 = CARTESIAN_POINT ( 'NONE',  ( -0.08468512032508790366, -0.5105797882360316731, -0.7518675810353446787 ) ) ;
#5972 = CARTESIAN_POINT ( 'NONE',  ( -0.4294574236369916864, -0.2294787162833608063, -0.9988839285713453364 ) ) ;
#5973 = CARTESIAN_POINT ( 'NONE',  ( -0.05798557546670206342, -0.4696375379021740515, -0.5772879464285615159 ) ) ;
#5974 =( NAMED_UNIT ( * ) SI_UNIT ( $, .STERADIAN. ) SOLID_ANGLE_UNIT ( ) );
#5975 = CARTESIAN_POINT ( 'NONE',  ( 0.2652894227269024796, -0.3969162600390604978, -0.6941964285714764538 ) ) ;
#5976 = CARTESIAN_POINT ( 'NONE',  ( 0.4829308799176381672, 0.1636477375154486436, -0.5063583419459705137 ) ) ;
#5977 = CARTESIAN_POINT ( 'NONE',  ( -0.4233128024291463176, 0.2130052498932042127, -0.5990513392857035324 ) ) ;
#5978 = CARTESIAN_POINT ( 'NONE',  ( -0.2777617224982257826, -0.3942835728190322575, -0.8685825892856842145 ) ) ;
#5979 = CARTESIAN_POINT ( 'NONE',  ( -0.3850492474691774025, 0.3381318590757118048, -0.5617600058734021351 ) ) ;
#5980 = CARTESIAN_POINT ( 'NONE',  ( -0.3788482343435996547, 0.2810485112952626485, -0.5117187500000158762 ) ) ;
#5981 = CARTESIAN_POINT ( 'NONE',  ( -0.2299177605204285046, -0.4569232897895033618, -0.3959263392856933739 ) ) ;
#5982 = LINE ( 'NONE', #7164, #5676 ) ;
#5983 = CARTESIAN_POINT ( 'NONE',  ( 0.5136283017741524182, 0.08905473334280546160, -0.6542968750000314193 ) ) ;
#5984 = CARTESIAN_POINT ( 'NONE',  ( -0.4301359477962028999, -0.2033714611114044168, -0.6422991071428384435 ) ) ;
#5985 = CARTESIAN_POINT ( 'NONE',  ( 0.3858248386013791165, -0.3385947105456504902, -0.5896909306792572636 ) ) ;
#5986 = DIRECTION ( 'NONE',  ( -0.03112001302226621510, 0.000000000000000000, -0.9995156550997557066 ) ) ;
#5987 = CARTESIAN_POINT ( 'NONE',  ( 0.2298884647721070595, -0.4665971860105951885, -0.8084416662279818588 ) ) ;
#5988 = CARTESIAN_POINT ( 'NONE',  ( -0.3715093293021390353, 0.3049698217503546971, -0.8158482142857955699 ) ) ;
#5989 = CARTESIAN_POINT ( 'NONE',  ( -0.3208769480088079495, -0.3541303868807749722, -0.7092633928571556723 ) ) ;
#5990 = CARTESIAN_POINT ( 'NONE',  ( -0.03820410881111316326, -0.5188845380671831542, -0.6771763392857482744 ) ) ;
#5991 = CARTESIAN_POINT ( 'NONE',  ( -0.4687630033762519854, 0.2506368177018639676, -0.9832589285714711247 ) ) ;
#5992 = CARTESIAN_POINT ( 'NONE',  ( -0.4813603591035212625, 0.03544116307207856309, -0.8624441964286010398 ) ) ;
#5993 = CARTESIAN_POINT ( 'NONE',  ( -0.3524537595758719943, -0.3682473796033065017, -0.4651851562134566853 ) ) ;
#5994 = CARTESIAN_POINT ( 'NONE',  ( -0.3754282004472574985, -4.528468093915398346E-17, 1.185470590824565962 ) ) ;
#5995 = EDGE_LOOP ( 'NONE', ( #4501, #469, #7558 ) ) ;
#5996 = CARTESIAN_POINT ( 'NONE',  ( -0.3388061217077094622, 0.3871756291793185811, -0.6269006151738110155 ) ) ;
#5997 = CARTESIAN_POINT ( 'NONE',  ( -0.07534505645131257812, -0.5026023763961695590, -0.9752114381326570935 ) ) ;
#5998 = CARTESIAN_POINT ( 'NONE',  ( 0.4307432189613211171, -0.2545610518659162103, -0.9665117282687081257 ) ) ;
#5999 = CARTESIAN_POINT ( 'NONE',  ( 0.000000000000000000, 0.000000000000000000, 0.7139999999999999680 ) ) ;
#6001 = CARTESIAN_POINT ( 'NONE',  ( 0.1520547486917619984, -0.5014901732079762864, -0.7421875000000474065 ) ) ;
#6000 = CARTESIAN_POINT ( 'NONE',  ( 0.4927381199332883099, -0.1320040073426771432, -0.5130491211975394261 ) ) ;
#6002 = CARTESIAN_POINT ( 'NONE',  ( 0.1340571408216472693, 0.4993725009934292802, -0.7094839274915827332 ) ) ;
#6003 = CARTESIAN_POINT ( 'NONE',  ( -0.1965971227040424485, 0.4436701082775321714, -0.9640066964285699536 ) ) ;
#6004 = EDGE_CURVE ( 'NONE', #2886, #1451, #3779, .T. ) ;
#6005 = B_SPLINE_CURVE_WITH_KNOTS ( 'NONE', 3,
 ( #221, #752, #6702, #5435 ),
 .UNSPECIFIED., .F., .F.,
 ( 4, 4 ),
 ( 0.02297738544449353867, 0.02305504985646343596 ),
 .UNSPECIFIED. ) ;
#6006 = CARTESIAN_POINT ( 'NONE',  ( -0.2708655657216645363, 0.4052591521454244061, -1.015625000000001776 ) ) ;
#6007 = CARTESIAN_POINT ( 'NONE',  ( 0.4657895677988486138, -0.09258513248635531767, -0.6316964285714922189 ) ) ;
#6008 = CARTESIAN_POINT ( 'NONE',  ( 0.5250000000000000222, 6.429395695523603660E-17, -0.9999999999999998890 ) ) ;
#6009 = CARTESIAN_POINT ( 'NONE',  ( 0.2672711655615563897, 0.4001178837162112090, -0.8325892857143458725 ) ) ;
#6010 = CARTESIAN_POINT ( 'NONE',  ( 0.1660278945688469510, -0.5023438036234894044, -0.9584263392858028974 ) ) ;
#6011 = CARTESIAN_POINT ( 'NONE',  ( 0.3353506757453560416, -0.3521335201623576050, -0.9779575892856600117 ) ) ;
#6012 = CARTESIAN_POINT ( 'NONE',  ( 0.4146474929352313987, 0.2217065862520912478, -0.4810267857142988546 ) ) ;
#6013 = MECHANICAL_CONTEXT ( 'NONE', #6422, 'mechanical' ) ;
#6014 = CARTESIAN_POINT ( 'NONE',  ( -0.4329154158437514277, -0.1919690046577904596, -0.5711495535714069538 ) ) ;
#6015 = CARTESIAN_POINT ( 'NONE',  ( 0.2431022427676512443, -0.4057098873434076824, -0.5697544642856801067 ) ) ;
#6016 = CARTESIAN_POINT ( 'NONE',  ( -0.2957114018099342156, 0.3790196697521298619, -0.8183593749999283906 ) ) ;
#6017 = CARTESIAN_POINT ( 'NONE',  ( -0.2614507643891740285, 0.4537751494421238818, -0.9226312568316211715 ) ) ;
#6018 = CARTESIAN_POINT ( 'NONE',  ( 0.1367349823449097723, -0.4505331118588334904, -0.4832589285713666527 ) ) ;
#6019 = CARTESIAN_POINT ( 'NONE',  ( -0.3249992361594590817, 0.3959026091131966352, -0.4185267857142844217 ) ) ;
#6020 = LINE ( 'NONE', #764, #1271 ) ;
#6021 = CARTESIAN_POINT ( 'NONE',  ( -0.4754417810786066290, -0.2108263949817351657, -0.6157924107142971337 ) ) ;
#6022 = CARTESIAN_POINT ( 'NONE',  ( -0.04676701829987497255, 0.4741692378125156315, -0.6640624999999598099 ) ) ;
#6023 = CARTESIAN_POINT ( 'NONE',  ( -0.4553342712807814108, -0.1381920935499106329, -0.6618303571429445809 ) ) ;
#6024 = CARTESIAN_POINT ( 'NONE',  ( 0.4442022384306666405, -0.2571149618457566066, -0.5874679048604620757 ) ) ;
#6025 = DIRECTION ( 'NONE',  ( -1.000000000000000000, 0.000000000000000000, 0.000000000000000000 ) ) ;
#6026 = CARTESIAN_POINT ( 'NONE',  ( -0.3844811786948092447, -0.3367742332831336616, -0.5453939513821938201 ) ) ;
#6027 = CARTESIAN_POINT ( 'NONE',  ( -0.2478805035568993897, -0.4136917789800599876, -0.8677455357142793702 ) ) ;
#6028 = CARTESIAN_POINT ( 'NONE',  ( -0.1611819239895218858, 0.4506560489244559875, -0.7327008928571748791 ) ) ;
#6029 = CARTESIAN_POINT ( 'NONE',  ( -0.01267340048812455600, 0.5189848156957702630, -0.6403459821429239307 ) ) ;
#6030 = CARTESIAN_POINT ( 'NONE',  ( 0.09088124046656864685, 0.5241854219613009125, -0.9974888392857845787 ) ) ;
#6031 = CARTESIAN_POINT ( 'NONE',  ( -0.2482600195652535646, 0.4143177069198879514, -0.8733258928570938329 ) ) ;
#6032 = AXIS2_PLACEMENT_3D ( 'NONE', #4586, #2254, #2829 ) ;
#6033 = CARTESIAN_POINT ( 'NONE',  ( -0.3089534577197590726, -0.4040778218674291322, -0.4639226944568614619 ) ) ;
#6034 = FACE_BOUND ( 'NONE', #6475, .T. ) ;
#6035 = VERTEX_POINT ( 'NONE', #2970 ) ;
#6036 = CIRCLE ( 'NONE', #3347, 0.5937500000000000000 ) ;
#6037 = CARTESIAN_POINT ( 'NONE',  ( -0.5219661717321825156, -0.01701478284673964975, -0.9025592037394113420 ) ) ;
#6038 = AXIS2_PLACEMENT_3D ( 'NONE', #6109, #6249, #7404 ) ;
#6039 = LINE ( 'NONE', #6195, #3396 ) ;
#6040 = CARTESIAN_POINT ( 'NONE',  ( 0.3005021346022347384, -0.4036987495798321501, -0.9694265049211835406 ) ) ;
#6041 = DIRECTION ( 'NONE',  ( -0.000000000000000000, -0.000000000000000000, 1.000000000000000000 ) ) ;
#6042 = EDGE_CURVE ( 'NONE', #4029, #6232, #4680, .T. ) ;
#6044 = CARTESIAN_POINT ( 'NONE',  ( 0.05155482401373105011, 0.5227536336188330912, -0.7823660714286553297 ) ) ;
#6043 = CARTESIAN_POINT ( 'NONE',  ( 0.5097461219846943781, 2.475737244258238603E-16, -0.5100744377461816637 ) ) ;
#6045 = CARTESIAN_POINT ( 'NONE',  ( 0.3010778074945676397, 0.4194995502563952927, -0.7135802506784394428 ) ) ;
#6046 = AXIS2_PLACEMENT_3D ( 'NONE', #5193, #2325, #2860 ) ;
#6047 = CARTESIAN_POINT ( 'NONE',  ( 0.3081533411330539263, 0.3753874099008093213, -0.9765624999998628875 ) ) ;
#6048 = ORIENTED_EDGE ( 'NONE', *, *, #6152, .T. ) ;
#6049 = CARTESIAN_POINT ( 'NONE',  ( -0.1414683397292035849, 0.4665747895405841228, -1.018973214285710860 ) ) ;
#6050 = CARTESIAN_POINT ( 'NONE',  ( 0.2027870475660581429, 0.4289088397264950725, -0.6166294642856738895 ) ) ;
#6051 = DIRECTION ( 'NONE',  ( -0.000000000000000000, -0.000000000000000000, -1.000000000000000000 ) ) ;
#6052 = CIRCLE ( 'NONE', #2735, 0.5937500000000000000 ) ;
#6053 = CARTESIAN_POINT ( 'NONE',  ( -0.4041263468028464256, 0.2559830220037783710, -0.7430245535714067318 ) ) ;
#6054 = EDGE_CURVE ( 'NONE', #1617, #3129, #6505, .T. ) ;
#6055 = DIRECTION ( 'NONE',  ( -1.000000000000000000, 0.000000000000000000, 0.000000000000000000 ) ) ;
#6056 = CARTESIAN_POINT ( 'NONE',  ( 0.3559368980562742646, 0.3071181537949982387, -0.4785156250000169309 ) ) ;
#6057 = CARTESIAN_POINT ( 'NONE',  ( 0.3187244163143311826, 0.3515673309542277636, -0.6021205357142941361 ) ) ;
#6058 = CARTESIAN_POINT ( 'NONE',  ( 0.1031051456061401334, -0.4594243602616042144, -0.5019531249999997780 ) ) ;
#6059 = CARTESIAN_POINT ( 'NONE',  ( -0.3325519674270648318, -0.3493858100695413915, -0.8702566964286013729 ) ) ;
#6060 = CARTESIAN_POINT ( 'NONE',  ( -0.3040663526531366956, 0.4253240177800217126, -0.9215146004281830061 ) ) ;
#6061 = CARTESIAN_POINT ( 'NONE',  ( 0.4410349040009814425, -0.1701910877977874659, -0.5443638392857116370 ) ) ;
#6062 = CARTESIAN_POINT ( 'NONE',  ( 0.3053496868738279080, 0.4118337544661063165, -0.4335937499999772404 ) ) ;
#6063 = CARTESIAN_POINT ( 'NONE',  ( -0.3672963965503304173, 0.3169144972217489142, -0.9589843749999795719 ) ) ;
#6064 = DIRECTION ( 'NONE',  ( -1.000000000000000000, 0.000000000000000000, 0.000000000000000000 ) ) ;
#6065 = CARTESIAN_POINT ( 'NONE',  ( 0.4556713954476125927, 0.2436413151660443421, -0.5078125000000133227 ) ) ;
#6066 = CARTESIAN_POINT ( 'NONE',  ( 0.3816094874772302248, -0.2829400558819889500, -0.6188616071427956999 ) ) ;
#6067 = CARTESIAN_POINT ( 'NONE',  ( -0.3461655088028718352, -0.3294920841310284287, -0.7279575892857020891 ) ) ;
#6068 = CARTESIAN_POINT ( 'NONE',  ( -0.2285269226538078347, 0.4638243754357130322, -0.7090790603384089508 ) ) ;
#6069 = CARTESIAN_POINT ( 'NONE',  ( 0.3485001416003858377, 0.3318904929344506094, -0.8172433035713523308 ) ) ;
#6070 = CARTESIAN_POINT ( 'NONE',  ( -0.3117289517009519950, -0.4059888807938074606, -0.5431602048473552768 ) ) ;
#6071 = CARTESIAN_POINT ( 'NONE',  ( 0.2960983582224903099, 0.3793143542329581175, -0.8334263392857903519 ) ) ;
#6072 = CARTESIAN_POINT ( 'NONE',  ( 0.3303380420020776698, 0.3468755344960305353, -0.7452566964285768369 ) ) ;
#6073 = CARTESIAN_POINT ( 'NONE',  ( -0.2787721234373795043, 0.4403549201615618580, -0.7056361607142479508 ) ) ;
#6074 = CARTESIAN_POINT ( 'NONE',  ( -0.4401140696088129411, 0.2941569607204016501, -0.9129464285714128380 ) ) ;
#6075 = CARTESIAN_POINT ( 'NONE',  ( -0.4014376878011375882, 0.2683068079124155125, -0.8683035714285467499 ) ) ;
#6076 = B_SPLINE_CURVE_WITH_KNOTS ( 'NONE', 3,
 ( #1446, #3785, #3212, #4977, #7308, #2067, #5388, #4813, #7144, #1901, #2822, #3356, #5118, #6767, #6300, #5015, #5586, #2246, #5690, #1524, #1589, #3895, #3391, #4579, #7418, #364, #941, #4433 ),
 .UNSPECIFIED., .F., .F.,
 ( 4, 2, 2, 2, 2, 2, 2, 2, 2, 2, 2, 2, 2, 4 ),
 ( 0.009384622335814033281, 0.01068364188626543844, 0.01198266143671684360, 0.01458070053761965565, 0.01587972008807105734, 0.01717873963852246250, 0.01977677873942526934, 0.02107579828987667103, 0.02237481784032807619, 0.02497285694123088651, 0.02627187649168229167, 0.02757089604213369682, 0.02886991559258510198, 0.03016893514303650714 ),
 .UNSPECIFIED. ) ;
#6077 = CARTESIAN_POINT ( 'NONE',  ( -0.4127383319300144682, -0.2974532397669242267, -0.4672616061570810664 ) ) ;
#6078 = CARTESIAN_POINT ( 'NONE',  ( 0.4962655358596719246, 0.3990844039445652913, -0.04850658121156112973 ) ) ;
#6079 = VERTEX_POINT ( 'NONE', #4198 ) ;
#6080 = DIRECTION ( 'NONE',  ( 0.09411816491319552336, 1.152615094025676142E-17, -0.9955610333040223470 ) ) ;
#6081 = CARTESIAN_POINT ( 'NONE',  ( -0.04195982655355862123, 0.5224455954886273457, -0.9903654622240123384 ) ) ;
#6082 = CARTESIAN_POINT ( 'NONE',  ( 0.09148806801296693880, -0.4596131664367272274, -0.4129464285714848359 ) ) ;
#6083 = CARTESIAN_POINT ( 'NONE',  ( 0.000000000000000000, -4.523539546674997231E-17, 1.184999999999999831 ) ) ;
#6085 = CARTESIAN_POINT ( 'NONE',  ( -0.5240859627966645284, 0.02567509768364775041, -0.7639508928570886148 ) ) ;
#6084 = CARTESIAN_POINT ( 'NONE',  ( 0.4047897615970270091, -0.3106550908406395806, -0.5175159643239615193 ) ) ;
#6086 = B_SPLINE_CURVE_WITH_KNOTS ( 'NONE', 3,
 ( #6247, #6925, #1102, #3373, #457, #533, #5171, #1143, #2190, #6998, #2266, #4597, #6962, #1680, #5209, #2340, #5823, #4020, #5743, #2804, #5245, #4525, #1718, #3445 ),
 .UNSPECIFIED., .F., .F.,
 ( 4, 2, 2, 2, 2, 2, 2, 2, 2, 2, 2, 4 ),
 ( 0.000000000000000000, 0.001176163717772632598, 0.002352327435545265195, 0.004704654871090526921, 0.007056982306635792984, 0.008233146024408425148, 0.009409309742181055577, 0.01176163717772631470, 0.01293780089549894340, 0.01411396461327157209, 0.01646629204881682948, 0.01881861948436208687 ),
 .UNSPECIFIED. ) ;
#6087 = CARTESIAN_POINT ( 'NONE',  ( -0.2745336912908335480, 0.4420818660299826175, -0.8430409795291876618 ) ) ;
#6088 = CARTESIAN_POINT ( 'NONE',  ( 0.2183827668623384566, 0.4337130533112165676, -0.9740513392856903208 ) ) ;
#6089 = VERTEX_POINT ( 'NONE', #2479 ) ;
#6090 = CARTESIAN_POINT ( 'NONE',  ( 0.2150079171924721977, -0.4754333526576661750, -0.8880267791412426170 ) ) ;
#6091 = CARTESIAN_POINT ( 'NONE',  ( 0.3922836022954679369, -0.3253564131164874418, -0.3806392873682789557 ) ) ;
#6092 = CARTESIAN_POINT ( 'NONE',  ( 0.03470602759218155420, -0.4696231047893094090, -0.5036272321428570953 ) ) ;
#6093 = FACE_OUTER_BOUND ( 'NONE', #5995, .T. ) ;
#6094 = CARTESIAN_POINT ( 'NONE',  ( 0.4780153843010137016, -0.03532236049264246558, -0.7731584821428481025 ) ) ;
#6095 = CARTESIAN_POINT ( 'NONE',  ( 0.4085639924116972743, 0.2586466473159105273, -0.8909040178571453472 ) ) ;
#6096 = CARTESIAN_POINT ( 'NONE',  ( 0.4577083634302794302, -0.1267283362478165143, -0.6146763392857035324 ) ) ;
#6097 = CARTESIAN_POINT ( 'NONE',  ( 0.4532241843289733785, 0.1254907279937968190, -0.4835379464285826656 ) ) ;
#6098 = CARTESIAN_POINT ( 'NONE',  ( 0.4791624125967064440, 0.04725947179188657449, -0.8426339285714408156 ) ) ;
#6099 = CARTESIAN_POINT ( 'NONE',  ( 9.258213315666536054E-17, -0.6856034446626805279, -0.9219683889980070379 ) ) ;
#6100 = CARTESIAN_POINT ( 'NONE',  ( 0.4523710575151037583, -0.1371577422698319337, -0.5435267857143175618 ) ) ;
#6101 = CARTESIAN_POINT ( 'NONE',  ( 0.4943211334230043774, 0.1368696539763426534, -0.4411272321428487686 ) ) ;
#6102 = CARTESIAN_POINT ( 'NONE',  ( -0.3962780989077120952, -0.2790142439144234210, -0.9439174107142302983 ) ) ;
#6103 = CARTESIAN_POINT ( 'NONE',  ( -0.5111488606411923596, -0.06711067856702757073, -0.6871598970109370486 ) ) ;
#6104 = CARTESIAN_POINT ( 'NONE',  ( -0.4625790654779677880, -0.2327679834214303189, -0.5438058035713793092 ) ) ;
#6105 = CARTESIAN_POINT ( 'NONE',  ( -0.4498966539713255552, 0.1486899497339803922, -0.5795200892856965380 ) ) ;
#6106 = CARTESIAN_POINT ( 'NONE',  ( 0.1385566645929294793, -0.4569716979922348044, -0.7154017857143329939 ) ) ;
#6107 = CARTESIAN_POINT ( 'NONE',  ( -0.1332238103087786674, 0.4996507289593468126, -0.7113222677626529489 ) ) ;
#6108 = CARTESIAN_POINT ( 'NONE',  ( -0.4014376877985796344, 0.2683068079182249766, -0.8683035714285763929 ) ) ;
#6109 = CARTESIAN_POINT ( 'NONE',  ( 0.000000000000000000, 0.000000000000000000, 0.000000000000000000 ) ) ;
#6110 = CARTESIAN_POINT ( 'NONE',  ( 0.4740622517664589419, 0.07025816821144383051, -0.7706473214285128881 ) ) ;
#6111 = EDGE_CURVE ( 'NONE', #6443, #4731, #782, .T. ) ;
#6112 = CARTESIAN_POINT ( 'NONE',  ( -0.1280671822435277829, -0.4625438361331855042, -0.7753906250000851541 ) ) ;
#6113 = CARTESIAN_POINT ( 'NONE',  ( -0.2564650977362530337, -0.4528681399262766138, -0.6821986607143050163 ) ) ;
#6114 = CARTESIAN_POINT ( 'NONE',  ( -0.4606073195590968394, 0.2608479330640772753, -0.9121093750001029177 ) ) ;
#6115 = CARTESIAN_POINT ( 'NONE',  ( 0.4594245621753284547, -0.1518389471371043298, -0.9009486607142541681 ) ) ;
#6116 = CARTESIAN_POINT ( 'NONE',  ( -0.3129820529095540538, -0.4068077786043207689, -0.6145957004553685987 ) ) ;
#6117 = CARTESIAN_POINT ( 'NONE',  ( 0.2968749999999999445, 0.5142025834970105347, -0.02500000000000000139 ) ) ;
#6118 = VERTEX_POINT ( 'NONE', #6571 ) ;
#6119 = CARTESIAN_POINT ( 'NONE',  ( 0.3909836592347026296, -0.3243539906463591138, -0.4542999999999998706 ) ) ;
#6120 = CARTESIAN_POINT ( 'NONE',  ( -0.3179883686148926025, -0.4023337607675374628, -0.9790278560188528933 ) ) ;
#6121 = CARTESIAN_POINT ( 'NONE',  ( 0.2505954425712397793, -0.3958460190808171797, -0.4087611607143003534 ) ) ;
#6122 = CARTESIAN_POINT ( 'NONE',  ( 0.4527153882687802722, 0.2714310156983368305, -0.8643973214285000095 ) ) ;
#6123 = CARTESIAN_POINT ( 'NONE',  ( 0.2322292697818431062, 0.4695292025827727533, -0.9260085697097915070 ) ) ;
#6125 = CARTESIAN_POINT ( 'NONE',  ( 0.3333173395122157046, 0.4062612366529710917, -0.7890625000000273115 ) ) ;
#6124 = CARTESIAN_POINT ( 'NONE',  ( 0.5937500000000002220, -0.3428017223313401529, -0.07803161100199279554 ) ) ;
#6126 = CARTESIAN_POINT ( 'NONE',  ( -0.2141977252986101976, 0.4743159628326274468, -0.8445370089033695793 ) ) ;
#6127 = CARTESIAN_POINT ( 'NONE',  ( -0.1295072659967400341, 0.4677306024286153607, -0.9656808035714297134 ) ) ;
#6128 = CARTESIAN_POINT ( 'NONE',  ( 0.1161688157163055790, 0.4961278736456757321, -0.4948325243783758820 ) ) ;
#6129 = ORIENTED_EDGE ( 'NONE', *, *, #7400, .T. ) ;
#6130 = CARTESIAN_POINT ( 'NONE',  ( -0.4443350656548714084, -0.2480077402368072170, -0.4763536267160350390 ) ) ;
#6131 = CARTESIAN_POINT ( 'NONE',  ( 0.4493905381614213823, 0.2694375777786759407, -0.7952008928571028257 ) ) ;
#6132 = CARTESIAN_POINT ( 'NONE',  ( 0.4523710575175494686, -0.1371577422619221220, -0.5613839285713934091 ) ) ;
#6133 = CARTESIAN_POINT ( 'NONE',  ( 0.000000000000000000, 0.000000000000000000, -0.9999999999999998890 ) ) ;
#6134 = CARTESIAN_POINT ( 'NONE',  ( 0.1180304039651846604, 0.4709466400961901944, -0.9536830357142646042 ) ) ;
#6135 = CARTESIAN_POINT ( 'NONE',  ( -0.4645340288309225962, -0.09246756692072734263, -0.5736607142857533814 ) ) ;
#6136 = CARTESIAN_POINT ( 'NONE',  ( -0.01159382819156636740, 0.4696631451013165703, -0.4684709821428765797 ) ) ;
#6137 = CARTESIAN_POINT ( 'NONE',  ( -0.3382761674049525880, 0.3383632059067987474, -0.7455357142856465780 ) ) ;
#6138 = CARTESIAN_POINT ( 'NONE',  ( 0.1190259581840107245, 0.5094135206151970685, -0.9311789458776665862 ) ) ;
#6139 = CARTESIAN_POINT ( 'NONE',  ( -0.4037833893253746642, 0.3150270592686554849, -0.4160156250000117129 ) ) ;
#6140 = CARTESIAN_POINT ( 'NONE',  ( -0.2288039051314921801, 0.4279214075158568331, -0.9631696428572458224 ) ) ;
#6141 = CARTESIAN_POINT ( 'NONE',  ( -0.2213657519356810599, -0.4678824659448187484, -0.5362723214285732842 ) ) ;
#6142 = CARTESIAN_POINT ( 'NONE',  ( -0.4064542090909434302, 0.2436903284656733448, -0.5820312500000470735 ) ) ;
#6143 = CARTESIAN_POINT ( 'NONE',  ( 0.3457515137619127099, -0.3290927485587817891, -0.7095424107143485370 ) ) ;
#6144 = CARTESIAN_POINT ( 'NONE',  ( 0.3886536757838164324, 0.3404526381583561911, -0.7239645653969011274 ) ) ;
#6145 = CARTESIAN_POINT ( 'NONE',  ( 0.1054575873836448574, 0.4693414967218167977, -0.8105468749999129585 ) ) ;
#6146 = CARTESIAN_POINT ( 'NONE',  ( -3.506341393428179785E-18, -4.928547240401228113E-20, 0.005000000000000000104 ) ) ;
#6147 = CARTESIAN_POINT ( 'NONE',  ( 0.4334448002806894906, -0.2049316609802371569, -0.7773437499999854561 ) ) ;
#6148 = CARTESIAN_POINT ( 'NONE',  ( -0.4301359477962028999, -0.2033714611114044168, -0.6422991071428384435 ) ) ;
#6149 = CARTESIAN_POINT ( 'NONE',  ( -0.3684254361403392908, 0.3685204732933981542, -0.7031249999999948930 ) ) ;
#6150 = CARTESIAN_POINT ( 'NONE',  ( 0.5262494995489830352, 0.06483775439507037663, -0.9405691964284953466 ) ) ;
#6151 = CARTESIAN_POINT ( 'NONE',  ( 0.3552845323471478522, -0.3220943894019262510, -0.7628348214285203266 ) ) ;
#6152 = EDGE_CURVE ( 'NONE', #5045, #3420, #3476, .T. ) ;
#6153 = CARTESIAN_POINT ( 'NONE',  ( 0.4669098113829310281, -0.2116400638365807108, -0.5941222203094618237 ) ) ;
#6154 = CARTESIAN_POINT ( 'NONE',  ( 0.2968750000000001110, -0.5142025834970105347, -0.02500000000000000139 ) ) ;
#6155 = VERTEX_POINT ( 'NONE', #4812 ) ;
#6156 = CARTESIAN_POINT ( 'NONE',  ( -0.2155332080036733988, -0.4752632000922613065, -0.8899137511729486860 ) ) ;
#6157 = LINE ( 'NONE', #326, #4619 ) ;
#6158 = CARTESIAN_POINT ( 'NONE',  ( -0.3900332104264021549, -0.2605393398050761533, -0.4263392857143019077 ) ) ;
#6159 = CARTESIAN_POINT ( 'NONE',  ( 0.4828491778331986395, -0.2141068567454785243, -0.8752790178570896140 ) ) ;
#6160 = CARTESIAN_POINT ( 'NONE',  ( 0.1683766667271877071, 0.4950815269256919060, -0.9245159602514099184 ) ) ;
#6162 = CARTESIAN_POINT ( 'NONE',  ( 0.3407860368642570137, -0.3949568659327835629, -0.6660156250000476286 ) ) ;
#6161 = DIRECTION ( 'NONE',  ( -0.000000000000000000, -0.000000000000000000, -1.000000000000000000 ) ) ;
#6163 = CARTESIAN_POINT ( 'NONE',  ( -0.3170251369692305143, 0.4139821312657808172, -0.8497110046568736585 ) ) ;
#6164 = CARTESIAN_POINT ( 'NONE',  ( -0.4626408039574467779, 0.1527658066310271234, -1.025948660714311789 ) ) ;
#6165 = CARTESIAN_POINT ( 'NONE',  ( -0.1338181623469198445, -0.4985296950192296128, -0.6815547712967756633 ) ) ;
#6166 = CIRCLE ( 'NONE', #2973, 0.005000000000000014849 ) ;
#6167 = AXIS2_PLACEMENT_3D ( 'NONE', #6946, #1701, #7563 ) ;
#6168 = ORIENTED_EDGE ( 'NONE', *, *, #6357, .T. ) ;
#6169 = CARTESIAN_POINT ( 'NONE',  ( 0.4879930946899016520, -0.1839585137796222736, -0.8790980927600899886 ) ) ;
#6170 = CARTESIAN_POINT ( 'NONE',  ( 0.1398595782632701956, -0.5056412925524059743, -0.8161272321428774124 ) ) ;
#6171 = CARTESIAN_POINT ( 'NONE',  ( -0.1258164277929610109, 0.4548696710972843782, -0.5371093750000179856 ) ) ;
#6172 = DIRECTION ( 'NONE',  ( -0.000000000000000000, -1.047310526070460688E-16, 1.000000000000000000 ) ) ;
#6173 = AXIS2_PLACEMENT_3D ( 'NONE', #597, #3437, #5773 ) ;
#6174 = CARTESIAN_POINT ( 'NONE',  ( -0.4277391008609446321, 0.2287020887944785086, -0.9386160714285898266 ) ) ;
#6175 = CARTESIAN_POINT ( 'NONE',  ( -0.2230710848819041359, -0.4174738845886683536, -0.5636160714285783913 ) ) ;
#6176 = CARTESIAN_POINT ( 'NONE',  ( -0.4042107358837757625, -0.2423497006674857068, -0.5161830357142781489 ) ) ;
#6177 = CIRCLE ( 'NONE', #7509, 0.5937500000000000000 ) ;
#6178 = CARTESIAN_POINT ( 'NONE',  ( -0.1280671822486492417, -0.4625438361297427026, -0.7932477678571807633 ) ) ;
#6179 = CARTESIAN_POINT ( 'NONE',  ( -0.1081951605645808528, 0.4720662402233375410, -0.9512986146535520326 ) ) ;
#6180 = CARTESIAN_POINT ( 'NONE',  ( 0.3353506757395601778, -0.3521335201659909209, -0.9958147321429507981 ) ) ;
#6181 = CARTESIAN_POINT ( 'NONE',  ( -0.07586352328216601493, -0.5119111574480710303, -0.5329241071428557630 ) ) ;
#6182 = CARTESIAN_POINT ( 'NONE',  ( 0.3256335296824731107, 0.3421172174573856584, -0.5309709821428614251 ) ) ;
#6183 = CARTESIAN_POINT ( 'NONE',  ( 0.4734233489844793530, 0.05845687711272250231, -0.6994977678571377977 ) ) ;
#6184 = CARTESIAN_POINT ( 'NONE',  ( 0.4485603399810776382, 0.2582561288452994708, -0.7262051785855812014 ) ) ;
#6185 = CARTESIAN_POINT ( 'NONE',  ( 0.3869074686933475782, -0.2870273039037423701, -0.8331473214285723961 ) ) ;
#6186 = CARTESIAN_POINT ( 'NONE',  ( 0.4857221694692403502, -0.1829800738311232466, -0.7998820892737869004 ) ) ;
#6187 = CARTESIAN_POINT ( 'NONE',  ( 0.3776226451544845708, 0.2947826300933891752, -0.7647879464286611029 ) ) ;
#6188 = ADVANCED_FACE ( 'NONE', ( #93 ), #170, .F. ) ;
#6189 = CARTESIAN_POINT ( 'NONE',  ( 0.3901818058332392480, -0.2748721182977405531, -0.6900111607143049053 ) ) ;
#6190 = CARTESIAN_POINT ( 'NONE',  ( -0.1133089500201342747, 0.5042660636845378574, -0.5666852678571150381 ) ) ;
#6191 = CARTESIAN_POINT ( 'NONE',  ( 0.3780740441101823057, -0.2949687754549190077, -0.7619977678570775126 ) ) ;
#6192 = CARTESIAN_POINT ( 'NONE',  ( -0.2572438658570779246, -0.4450732894828858255, -0.6131003344400489663 ) ) ;
#6193 = ORIENTED_EDGE ( 'NONE', *, *, #4840, .F. ) ;
#6194 = VERTEX_POINT ( 'NONE', #1322 ) ;
#6195 = CARTESIAN_POINT ( 'NONE',  ( 0.5250000000000000222, 6.429395695523603660E-17, -0.9999999999999998890 ) ) ;
#6196 = CARTESIAN_POINT ( 'NONE',  ( -0.4277391008632343561, 0.2287020887885919118, -0.9386160714285850526 ) ) ;
#6197 = CARTESIAN_POINT ( 'NONE',  ( -0.5112039387724935935, 0.1281200069980578671, -0.8376116071429224874 ) ) ;
#6198 = CARTESIAN_POINT ( 'NONE',  ( -0.4149186121441332809, 0.3189519162791818463, -0.9103813765528827595 ) ) ;
#6199 = CARTESIAN_POINT ( 'NONE',  ( 0.5937499999999998890, 0.2873504574740735062, -0.9379757903441310329 ) ) ;
#6200 = CARTESIAN_POINT ( 'NONE',  ( -0.5153174719384898683, 0.01680461719686202754, -0.6890156064038601702 ) ) ;
#6201 = CARTESIAN_POINT ( 'NONE',  ( -0.4198080074489953795, -0.2377469543329529256, -0.8736049107143073478 ) ) ;
#6202 = CARTESIAN_POINT ( 'NONE',  ( 0.4874441012755182934, -0.1656809191971422290, -0.6644374890849020776 ) ) ;
#6203 = ORIENTED_EDGE ( 'NONE', *, *, #3552, .T. ) ;
#6204 = CARTESIAN_POINT ( 'NONE',  ( -0.3582446609377413216, -0.3612454848342906977, -0.4731659906464917298 ) ) ;
#6205 = CARTESIAN_POINT ( 'NONE',  ( -0.5238883923250787777, 0.03857254799271096074, -0.8378906250000295319 ) ) ;
#6206 = CARTESIAN_POINT ( 'NONE',  ( 0.2723767814192852299, -0.3866330517095258879, -0.5689174107142846992 ) ) ;
#6207 = CARTESIAN_POINT ( 'NONE',  ( 0.4226548455098961821, 0.2395072658156721379, -0.9628906250000052180 ) ) ;
#6208 = CARTESIAN_POINT ( 'NONE',  ( -0.06904375254366314218, -0.4658939472207596633, -0.4882812499999557576 ) ) ;
#6209 = CARTESIAN_POINT ( 'NONE',  ( -0.2616972358418454547, -0.3917735127457608324, -0.5111607142857433894 ) ) ;
#6210 = CARTESIAN_POINT ( 'NONE',  ( 0.01184142506647597841, -0.4796948904701837102, -0.7898995535714651295 ) ) ;
#6211 = CARTESIAN_POINT ( 'NONE',  ( 4.867971026610728080E-17, -0.3974999999999999090, -4.163059341130080981E-17 ) ) ;
#6212 = CARTESIAN_POINT ( 'NONE',  ( 0.2183827668580161641, 0.4337130533168296886, -0.9740513392857267361 ) ) ;
#6213 = CARTESIAN_POINT ( 'NONE',  ( 0.4724397966864291587, 0.2093452831878848397, -0.5086495535714185001 ) ) ;
#6214 = CARTESIAN_POINT ( 'NONE',  ( -0.2230710848869326135, -0.4174738845859387593, -0.5636160714285595175 ) ) ;
#6215 = CARTESIAN_POINT ( 'NONE',  ( 0.1038681288544089226, 0.4628416678421601871, -0.6141183035713947413 ) ) ;
#6216 = FACE_OUTER_BOUND ( 'NONE', #2131, .T. ) ;
#6217 = CARTESIAN_POINT ( 'NONE',  ( 0.3146696019261021049, -0.3648844276157401922, -0.8356584821428629795 ) ) ;
#6218 = CARTESIAN_POINT ( 'NONE',  ( 0.3548364513404860254, -0.3790363486537723370, -0.8050899707001065719 ) ) ;
#6219 = CARTESIAN_POINT ( 'NONE',  ( 0.3983775814020385497, 0.2661132695123725189, -0.7656250000000670575 ) ) ;
#6220 = CARTESIAN_POINT ( 'NONE',  ( -0.03507272389046946215, -0.4763565048456256390, -0.7017299107143198933 ) ) ;
#6221 = CARTESIAN_POINT ( 'NONE',  ( -0.08850473043412537821, -0.5104784645828540635, -0.6068638392856883224 ) ) ;
#6222 = CARTESIAN_POINT ( 'NONE',  ( -0.4660797668267502303, 0.1168106296337469985, -0.7929687499999629186 ) ) ;
#6223 = CARTESIAN_POINT ( 'NONE',  ( -0.3848644422504632345, 0.3379741783691534440, -0.5539782357819639236 ) ) ;
#6224 = ORIENTED_EDGE ( 'NONE', *, *, #6564, .T. ) ;
#6225 = CARTESIAN_POINT ( 'NONE',  ( -0.5250000000000000222, 0.000000000000000000, -0.9999999999999998890 ) ) ;
#6226 = CARTESIAN_POINT ( 'NONE',  ( 0.2689002343733287725, -0.4025497668847550781, -0.9084821428570828417 ) ) ;
#6227 = CARTESIAN_POINT ( 'NONE',  ( -0.3541146890857086449, 0.3905983745955092790, -0.8443080357143278869 ) ) ;
#6228 = FACE_OUTER_BOUND ( 'NONE', #1159, .T. ) ;
#6229 = CARTESIAN_POINT ( 'NONE',  ( -0.5937500000000000000, -0.2298173934144701891, -0.9505250526436498371 ) ) ;
#6230 = CARTESIAN_POINT ( 'NONE',  ( 0.2968750000000001110, -0.5142025834970105347, -0.9749999999999998668 ) ) ;
#6231 = CARTESIAN_POINT ( 'NONE',  ( 0.3395160924688989668, -0.3872567127624942374, -0.6703874859066530911 ) ) ;
#6232 = VERTEX_POINT ( 'NONE', #5427 ) ;
#6233 = CARTESIAN_POINT ( 'NONE',  ( -0.5937500000000002220, 0.3428017223313401529, -0.9219683889980070379 ) ) ;
#6234 = CARTESIAN_POINT ( 'NONE',  ( -0.5025818460461407566, -0.1523857459184278507, -0.8337053571429614562 ) ) ;
#6235 = CARTESIAN_POINT ( 'NONE',  ( 0.4521701522199250145, 0.1371008270179588928, -0.5546875000000218714 ) ) ;
#6236 = CARTESIAN_POINT ( 'NONE',  ( 0.1644720899685331028, 0.4825625516194378406, -0.5037327065516669089 ) ) ;
#6237 = CARTESIAN_POINT ( 'NONE',  ( -0.4776796085700600325, -0.08282195478414287881, -0.9310825892856123831 ) ) ;
#6238 = EDGE_CURVE ( 'NONE', #247, #1078, #175, .T. ) ;
#6239 = CARTESIAN_POINT ( 'NONE',  ( -0.2616972358418454547, -0.3917735127457608324, -0.4933035714286008178 ) ) ;
#6240 = CARTESIAN_POINT ( 'NONE',  ( -0.4680078716082302637, 0.03458282745122751717, -0.4517299107142660475 ) ) ;
#6241 = CARTESIAN_POINT ( 'NONE',  ( -0.09344706582144840512, 0.4694548912321089840, -0.7522321428571581148 ) ) ;
#6242 = DIRECTION ( 'NONE',  ( 1.000000000000000000, 0.000000000000000000, 0.000000000000000000 ) ) ;
#6243 = CARTESIAN_POINT ( 'NONE',  ( -0.1511925717087281851, -0.4578764323625554855, -0.8652343749999670264 ) ) ;
#6244 = CARTESIAN_POINT ( 'NONE',  ( -0.2321383972227125114, 0.4610232636883547785, -0.4902343749999806821 ) ) ;
#6245 = CARTESIAN_POINT ( 'NONE',  ( 0.2427227267686599965, 0.4050839593972053176, -0.5284598214285679552 ) ) ;
#6246 = CARTESIAN_POINT ( 'NONE',  ( 0.4677923166225468332, 0.08110769772831012692, -0.6275111607143170067 ) ) ;
#6247 = CARTESIAN_POINT ( 'NONE',  ( -0.4472282561877534146, 0.1382008891858330646, -0.4542999999999866034 ) ) ;
#6248 = CARTESIAN_POINT ( 'NONE',  ( -0.1611819239835655115, 0.4506560489235779676, -0.7327008928571274726 ) ) ;
#6249 = DIRECTION ( 'NONE',  ( 0.000000000000000000, 0.000000000000000000, 1.000000000000000000 ) ) ;
#6250 = CARTESIAN_POINT ( 'NONE',  ( -0.4442007300546838011, 0.1712773995181387232, -0.6693638392856950947 ) ) ;
#6251 = CARTESIAN_POINT ( 'NONE',  ( -0.2354512820778711935, -0.4157620928087649714, -0.7067522321428766352 ) ) ;
#6252 = CARTESIAN_POINT ( 'NONE',  ( 0.4564950684458347063, -0.2440773777050504190, -0.5926339285714570249 ) ) ;
#6253 = CARTESIAN_POINT ( 'NONE',  ( -0.4628951297310536783, -0.1281684199898689425, -0.7871093750001511014 ) ) ;
#6254 = ORIENTED_EDGE ( 'NONE', *, *, #4135, .T. ) ;
#6255 = CARTESIAN_POINT ( 'NONE',  ( -0.5453064201862919402, 0.3707706361772938330, -0.06188375106408521009 ) ) ;
#6256 = VERTEX_POINT ( 'NONE', #3133 ) ;
#6257 = ORIENTED_EDGE ( 'NONE', *, *, #4422, .T. ) ;
#6258 = PLANE ( 'NONE',  #6577 ) ;
#6259 = CARTESIAN_POINT ( 'NONE',  ( 0.3505089130544860043, -0.3337982248086312498, -0.9059709821429043908 ) ) ;
#6260 = CARTESIAN_POINT ( 'NONE',  ( 0.02586819520528341187, -0.5279490027796484020, -0.8878348214285963769 ) ) ;
#6261 = CARTESIAN_POINT ( 'NONE',  ( -0.4067603437755371032, -0.2678021079378070657, -0.4542999999999999261 ) ) ;
#6262 = CARTESIAN_POINT ( 'NONE',  ( -0.5937499999999998890, -0.3428017223313405415, -0.9219683889980070379 ) ) ;
#6263 = CARTESIAN_POINT ( 'NONE',  ( -0.4988214483474160965, 0.1340483703257485393, -0.6916309661099137029 ) ) ;
#6264 = CARTESIAN_POINT ( 'NONE',  ( -0.08444365509616111320, -0.5083580566499649178, -0.6804416903828751639 ) ) ;
#6265 = EDGE_LOOP ( 'NONE', ( #3138, #3314 ) ) ;
#6266 = CARTESIAN_POINT ( 'NONE',  ( 0.03317559103451385438, -0.5161642174283450624, -0.7414875129971371104 ) ) ;
#6267 = EDGE_CURVE ( 'NONE', #5298, #5463, #2440, .T. ) ;
#6268 = CARTESIAN_POINT ( 'NONE',  ( -0.4901805477054921312, 0.1891561431700095608, -0.8412388392857045316 ) ) ;
#6269 = CARTESIAN_POINT ( 'NONE',  ( 0.3559368980513407665, 0.3071181537983985743, -0.4785156249999892308 ) ) ;
#6270 = CARTESIAN_POINT ( 'NONE',  ( 0.4582702165280160278, 0.2258894927092775784, -0.5126506381779795118 ) ) ;
#6271 = CARTESIAN_POINT ( 'NONE',  ( 0.1628831129408835621, 0.4550432035024170596, -0.8833705357142885850 ) ) ;
#6272 = CARTESIAN_POINT ( 'NONE',  ( 0.4675302268287009344, -0.06941299896849852102, -0.5418526785714637972 ) ) ;
#6273 = CARTESIAN_POINT ( 'NONE',  ( -0.2559629123982163912, 0.4043246679674963873, -0.7480468749999861222 ) ) ;
#6274 = FACE_OUTER_BOUND ( 'NONE', #4567, .T. ) ;
#6275 = EDGE_CURVE ( 'NONE', #1689, #3856, #6406, .T. ) ;
#6276 = AXIS2_PLACEMENT_3D ( 'NONE', #6954, #7065, #5851 ) ;
#6277 = CARTESIAN_POINT ( 'NONE',  ( -0.2388598959310365144, -0.4215201947700762397, -0.9388950892857655939 ) ) ;
#6278 = CARTESIAN_POINT ( 'NONE',  ( -0.5101530779363669943, -0.07560684447827983878, -0.4760044642857280683 ) ) ;
#6279 = CARTESIAN_POINT ( 'NONE',  ( -0.4475628327403758377, -0.1479226471746142857, -0.5008370535714102845 ) ) ;
#6280 = CARTESIAN_POINT ( 'NONE',  ( -0.08121994778847509144, -0.4684621448610665206, -0.6492745535714429250 ) ) ;
#6281 = CARTESIAN_POINT ( 'NONE',  ( -0.4758463424183003720, -0.04680497253307087241, -0.7176339285714168348 ) ) ;
#6282 = CARTESIAN_POINT ( 'NONE',  ( 0.4494508053413370230, 0.2594894647600594073, -0.7976169219669866361 ) ) ;
#6283 = CIRCLE ( 'NONE', #4207, 0.004999999999999946328 ) ;
#6284 = CARTESIAN_POINT ( 'NONE',  ( 0.2240723592176903367, -0.4190721311259104631, -0.6417410714286260198 ) ) ;
#6285 = CARTESIAN_POINT ( 'NONE',  ( -0.5242017025902678817, 1.105988660234976980E-12, -0.9743602048661791359 ) ) ;
#6286 = EDGE_CURVE ( 'NONE', #2106, #2740, #5295, .T. ) ;
#6287 = CARTESIAN_POINT ( 'NONE',  ( 0.05826997497346875915, 0.4729724556087282483, -0.6665736607142191961 ) ) ;
#6288 = CARTESIAN_POINT ( 'NONE',  ( -0.4614052527496045331, 0.2321730460602890456, -0.5566406250000179856 ) ) ;
#6289 = CARTESIAN_POINT ( 'NONE',  ( -0.5097108252373876436, -0.1143903431602376758, -0.6894531250000205391 ) ) ;
#6290 = CARTESIAN_POINT ( 'NONE',  ( 0.4070202145520069870, -0.2576648175679708830, -0.8323102678571965285 ) ) ;
#6291 = VERTEX_POINT ( 'NONE', #3824 ) ;
#6292 = CARTESIAN_POINT ( 'NONE',  ( -0.5154318156028045994, -0.08529033669054125744, -0.9088486195424090308 ) ) ;
#6293 = DIRECTION ( 'NONE',  ( -1.000000000000000000, 0.000000000000000000, 0.000000000000000000 ) ) ;
#6294 = ORIENTED_EDGE ( 'NONE', *, *, #1165, .T. ) ;
#6295 = ORIENTED_EDGE ( 'NONE', *, *, #4135, .F. ) ;
#6296 = DIRECTION ( 'NONE',  ( 0.03112001302226621510, 3.811102433714226808E-18, -0.9995156550997557066 ) ) ;
#6297 = CARTESIAN_POINT ( 'NONE',  ( -0.3896703075213350798, 0.2889167104287754806, -0.9402901785714152805 ) ) ;
#6298 = CARTESIAN_POINT ( 'NONE',  ( -0.1138437939863217729, -0.4547536707998717231, -0.4358258928571907553 ) ) ;
#6299 = PLANE ( 'NONE',  #2856 ) ;
#6300 = CARTESIAN_POINT ( 'NONE',  ( -0.3971415683225835713, 0.3429608355254131768, -0.9824581031695212019 ) ) ;
#6301 = FACE_OUTER_BOUND ( 'NONE', #2891, .T. ) ;
#6302 = DIRECTION ( 'NONE',  ( -1.000000000000000000, 0.000000000000000000, 0.000000000000000000 ) ) ;
#6303 = VERTEX_POINT ( 'NONE', #2026 ) ;
#6304 = CARTESIAN_POINT ( 'NONE',  ( -0.4209540701190971346, -0.3011505227799847195, -0.7530146080755215632 ) ) ;
#6305 = CARTESIAN_POINT ( 'NONE',  ( 0.2349079005081032012, -0.4665235051147556544, -0.7424665178570176716 ) ) ;
#6306 = CARTESIAN_POINT ( 'NONE',  ( 0.3047545493568302732, -0.4261975466967214410, -0.9572290532890607162 ) ) ;
#6307 = CARTESIAN_POINT ( 'NONE',  ( 0.2696576673631150278, 0.4327675773013536786, -0.5063326144874695789 ) ) ;
#6308 = CARTESIAN_POINT ( 'NONE',  ( 0.4110762022066198340, 0.2328019774337954095, -0.5343191964285657347 ) ) ;
#6309 = CARTESIAN_POINT ( 'NONE',  ( 0.4408536157648296205, -0.1826739829808544657, -0.7053571428571437929 ) ) ;
#6310 = CARTESIAN_POINT ( 'NONE',  ( 0.5199884213225135499, 0.06804670964962848678, -0.9449512468935158394 ) ) ;
#6311 = CARTESIAN_POINT ( 'NONE',  ( -0.08266246956192273287, 0.4760095380367311280, -0.8953683035714076199 ) ) ;
#6312 = FACE_OUTER_BOUND ( 'NONE', #2715, .T. ) ;
#6313 = CARTESIAN_POINT ( 'NONE',  ( 0.03470602758592179066, -0.4696231047924329660, -0.4857700892857022557 ) ) ;
#6314 = CARTESIAN_POINT ( 'NONE',  ( 0.2830055551717800544, -0.3816914010810522617, -0.6400669642856303687 ) ) ;
#6315 = CARTESIAN_POINT ( 'NONE',  ( 0.3983775814020385497, 0.2661132695123725189, -0.7477678571429244858 ) ) ;
#6316 = CARTESIAN_POINT ( 'NONE',  ( -0.3155107528425548091, 0.4112952726312790741, -0.7782739311874593557 ) ) ;
#6317 = CARTESIAN_POINT ( 'NONE',  ( -0.3753593141583534409, 0.2930109705155002908, -0.6727120535714579130 ) ) ;
#6318 = CARTESIAN_POINT ( 'NONE',  ( -0.5937500000000000000, -2.365849761810083768E-16, -0.02500000000000000139 ) ) ;
#6319 = CARTESIAN_POINT ( 'NONE',  ( -0.4714652576084216729, 0.04649649125673712552, -0.5770089285714259386 ) ) ;
#6320 = CARTESIAN_POINT ( 'NONE',  ( -0.5060519379552004260, 0.1137063073360267129, -0.6252790178571722146 ) ) ;
#6321 = CARTESIAN_POINT ( 'NONE',  ( 0.4421427741171707892, 0.2800682546734375999, -0.7212611607143015746 ) ) ;
#6322 = CARTESIAN_POINT ( 'NONE',  ( -0.4710661196026904030, -0.08180402967708101658, -0.7167968750000036637 ) ) ;
#6323 = VERTEX_POINT ( 'NONE', #6692 ) ;
#6324 = CARTESIAN_POINT ( 'NONE',  ( -0.2276324657703190646, -0.4605973586193106151, -0.6045764560926961684 ) ) ;
#6325 = EDGE_CURVE ( 'NONE', #1773, #3706, #5653, .T. ) ;
#6326 = DIRECTION ( 'NONE',  ( -1.000000000000000000, 0.000000000000000000, 0.000000000000000000 ) ) ;
#6327 = CARTESIAN_POINT ( 'NONE',  ( 0.4693552607979520896, -0.1174992437709456577, -0.9179687500000192069 ) ) ;
#6328 = AXIS2_PLACEMENT_3D ( 'NONE', #6797, #4973, #5650 ) ;
#6329 = ORIENTED_EDGE ( 'NONE', *, *, #7368, .T. ) ;
#6330 = CARTESIAN_POINT ( 'NONE',  ( -0.4842786867921339833, 0.1646170859447558810, -0.5572950672861285426 ) ) ;
#6331 = CARTESIAN_POINT ( 'NONE',  ( 0.4085639924087253738, 0.2586466473213701045, -0.8909040178571735469 ) ) ;
#6332 = CARTESIAN_POINT ( 'NONE',  ( 0.2505954425723021517, -0.3958460190812780333, -0.4266183035713997374 ) ) ;
#6333 = DIRECTION ( 'NONE',  ( -1.000000000000000000, 0.000000000000000000, 0.000000000000000000 ) ) ;
#6334 = CARTESIAN_POINT ( 'NONE',  ( -0.3745768300548123486, -0.3074928875194393174, -0.9252232142856851027 ) ) ;
#6335 = CARTESIAN_POINT ( 'NONE',  ( 0.3443485826420160101, 0.3921990179069614890, -0.8653301695457080722 ) ) ;
#6336 = CARTESIAN_POINT ( 'NONE',  ( 0.000000000000000000, 0.3750000000000001110, 0.2380000000000000726 ) ) ;
#6337 = EDGE_LOOP ( 'NONE', ( #7447, #7021, #5218, #6224 ) ) ;
#6338 = CARTESIAN_POINT ( 'NONE',  ( -0.4902979528856669100, -0.1661671134142736483, -0.7563595525949601273 ) ) ;
#6339 = CARTESIAN_POINT ( 'NONE',  ( -0.1146401350984697504, 0.5108238898082605450, -0.7809709821428607590 ) ) ;
#6340 = CARTESIAN_POINT ( 'NONE',  ( 0.1903896936282880870, 0.4296708056517716812, -0.4734933035714414817 ) ) ;
#6341 = CARTESIAN_POINT ( 'NONE',  ( -0.1634500876388642610, 0.4835309116457912615, -0.4962936963856098282 ) ) ;
#6342 = CARTESIAN_POINT ( 'NONE',  ( 0.3442574670912824653, 0.3919531540141458770, -0.8575496295849304174 ) ) ;
#6343 = CARTESIAN_POINT ( 'NONE',  ( -0.2899235828071736742, -0.3714042740835469814, -0.4941406250000027756 ) ) ;
#6344 = CARTESIAN_POINT ( 'NONE',  ( -0.4442007300546838011, 0.1712773995181387232, -0.6693638392856950947 ) ) ;
#6345 = CARTESIAN_POINT ( 'NONE',  ( 0.3166388092980894631, 0.3591662424375565155, -0.4542999999999999816 ) ) ;
#6346 = CARTESIAN_POINT ( 'NONE',  ( -0.2980551139156003559, -0.3820299030279981634, -0.9405691964285197715 ) ) ;
#6347 = CARTESIAN_POINT ( 'NONE',  ( -0.1974780382315412808, 0.4769280643379505968, -0.4910714285714405380 ) ) ;
#6348 = CARTESIAN_POINT ( 'NONE',  ( 0.4299084307092780888, 0.1904991743543436866, -0.4640066964285799456 ) ) ;
#6349 = CARTESIAN_POINT ( 'NONE',  ( 0.2240723592099022610, -0.4190721311289802853, -0.6417410714286551077 ) ) ;
#6350 = DIRECTION ( 'NONE',  ( 0.000000000000000000, -1.000000000000000000, -9.106159978880874930E-17 ) ) ;
#6351 = CARTESIAN_POINT ( 'NONE',  ( 0.3776226451544845708, 0.2947826300933891752, -0.7469308035715185312 ) ) ;
#6352 = CARTESIAN_POINT ( 'NONE',  ( -0.4904050896792411796, 0.1665881995181427433, -0.7637975507055789759 ) ) ;
#6353 = CARTESIAN_POINT ( 'NONE',  ( 0.4748061646816167936, -0.04669881725044397469, -0.7020089285713577709 ) ) ;
#6354 = CARTESIAN_POINT ( 'NONE',  ( 0.4553803764604487658, 0.1628716086153417786, -0.9112723214285818329 ) ) ;
#6355 = CARTESIAN_POINT ( 'NONE',  ( 0.2723767814139328447, -0.3866330517134690670, -0.5510602678571742130 ) ) ;
#6356 = CARTESIAN_POINT ( 'NONE',  ( -0.1738726108000290260, -0.4857439545951713344, -0.5373883928571550062 ) ) ;
#6357 = EDGE_CURVE ( 'NONE', #2744, #7477, #5713, .T. ) ;
#6358 = CARTESIAN_POINT ( 'NONE',  ( 0.2798638583237971211, 0.4420866197769559025, -0.7162388392857386155 ) ) ;
#6359 = CARTESIAN_POINT ( 'NONE',  ( 0.4675556224555353357, 0.1050602300628901281, -0.7519531249999850120 ) ) ;
#6360 = ORIENTED_EDGE ( 'NONE', *, *, #1668, .T. ) ;
#6361 = CARTESIAN_POINT ( 'NONE',  ( -0.3443583631224109709, -0.3925650288754867212, -0.9010412223200687798 ) ) ;
#6362 = CARTESIAN_POINT ( 'NONE',  ( -0.4969351697070998330, -0.1326047825134862579, -0.6220320212125897141 ) ) ;
#6363 = CARTESIAN_POINT ( 'NONE',  ( -0.4813082356204851919, -0.03544116306645669207, -0.8786272321428598708 ) ) ;
#6364 = ORIENTED_EDGE ( 'NONE', *, *, #4039, .T. ) ;
#6365 = ORIENTED_EDGE ( 'NONE', *, *, #4882, .F. ) ;
#6366 = B_SPLINE_CURVE_WITH_KNOTS ( 'NONE', 3,
 ( #6099, #4867, #5601, #3188, #1421, #921 ),
 .UNSPECIFIED., .F., .F.,
 ( 4, 2, 4 ),
 ( 2.380728834765121648E-07, 0.004405349813808297904, 0.008810461554733119149 ),
 .UNSPECIFIED. ) ;
#6367 = CARTESIAN_POINT ( 'NONE',  ( 0.3720726524397420243, 0.3052720323038982109, -0.8180803571428971743 ) ) ;
#6368 = CARTESIAN_POINT ( 'NONE',  ( 0.09148806801311179515, -0.4596131664349055179, -0.4308035714285111117 ) ) ;
#6369 = FACE_OUTER_BOUND ( 'NONE', #7557, .T. ) ;
#6370 = ADVANCED_FACE ( 'NONE', ( #6228 ), #3118, .T. ) ;
#6371 = CARTESIAN_POINT ( 'NONE',  ( 0.3448102494324545297, -0.3941286652791322620, -0.9483301959683386739 ) ) ;
#6372 = CARTESIAN_POINT ( 'NONE',  ( 0.03448729820791910511, 0.5205385285514904092, -0.8578943545368892254 ) ) ;
#6373 = CARTESIAN_POINT ( 'NONE',  ( -0.1651358820807325711, 0.4876545399753711152, -0.6391462797071885138 ) ) ;
#6374 = ORIENTED_EDGE ( 'NONE', *, *, #4919, .T. ) ;
#6375 = CARTESIAN_POINT ( 'NONE',  ( -0.5133068051351797889, -0.06775997119177318284, -0.7585826019234763740 ) ) ;
#6376 = CARTESIAN_POINT ( 'NONE',  ( 0.4338372158952863433, 0.2897998374947014510, -0.7232142857142637160 ) ) ;
#6377 = CARTESIAN_POINT ( 'NONE',  ( 0.4532241843289733785, 0.1254907279937968190, -0.4835379464285826656 ) ) ;
#6379 = CARTESIAN_POINT ( 'NONE',  ( 0.4165965917083683800, 0.3250287010060601833, -0.9366629464285541884 ) ) ;
#6378 = CARTESIAN_POINT ( 'NONE',  ( -0.4847590875634668617, -0.1642996263970520898, -0.5420731447900284383 ) ) ;
#6380 = CARTESIAN_POINT ( 'NONE',  ( 0.1187164335186640246, 0.5069584660742265658, -0.8519750790419157171 ) ) ;
#6381 = CARTESIAN_POINT ( 'NONE',  ( -0.4084244549662702783, 0.2314389564652748477, -0.4388950892857135244 ) ) ;
#6382 = CARTESIAN_POINT ( 'NONE',  ( -0.07014986274617972251, -0.4724932235645387668, -0.7204241071427723853 ) ) ;
#6383 = CARTESIAN_POINT ( 'NONE',  ( -0.1676145490782990910, -0.4920745608568788398, -0.8251591912452115318 ) ) ;
#6384 = CARTESIAN_POINT ( 'NONE',  ( -0.4503968214413058835, 0.1738038043921484033, -0.8836495535713255745 ) ) ;
#6385 = CARTESIAN_POINT ( 'NONE',  ( 0.4202183129811915552, -0.3014395196088248130, -0.7392170585752328993 ) ) ;
#6386 = CARTESIAN_POINT ( 'NONE',  ( 0.3847844316289411037, -0.2709170893968962934, -0.4757254464285232132 ) ) ;
#6387 = CARTESIAN_POINT ( 'NONE',  ( -0.2014703918516330405, -0.4258316923847265678, -0.5094866071428588716 ) ) ;
#6388 = CARTESIAN_POINT ( 'NONE',  ( 0.000000000000000000, 0.000000000000000000, -0.9999999999999998890 ) ) ;
#6389 = CARTESIAN_POINT ( 'NONE',  ( 0.1162807605076953965, 0.4644880641328784643, -0.7393973214286440054 ) ) ;
#6390 = CARTESIAN_POINT ( 'NONE',  ( 0.1670924550149699706, 0.4919648567651031534, -0.7894340867983739018 ) ) ;
#6391 = CARTESIAN_POINT ( 'NONE',  ( 0.2549810826457659108, 0.4027808901121736063, -0.6894531250000388578 ) ) ;
#6392 = TOROIDAL_SURFACE ( 'NONE', #645, 0.3704503952807373657, 0.005000000000000000104 ) ;
#6393 = CONICAL_SURFACE ( 'NONE', #3103, 0.5937500000000000000, 1.047197551196600074 ) ;
#6394 = CARTESIAN_POINT ( 'NONE',  ( 6.614941044521686951E-05, -0.4843096404775147912, -0.9330357142856481323 ) ) ;
#6395 = CARTESIAN_POINT ( 'NONE',  ( -0.4498966539713255552, 0.1486899497339803922, -0.5795200892856965380 ) ) ;
#6396 = CARTESIAN_POINT ( 'NONE',  ( 0.2969356868013153794, -0.4214941955183789113, -0.5265066964286025941 ) ) ;
#6397 = CARTESIAN_POINT ( 'NONE',  ( 0.4928367590247705876, 0.1764155834082216101, -0.7237723214285129991 ) ) ;
#6398 = CARTESIAN_POINT ( 'NONE',  ( -0.4218991501815946843, 0.2254356840551575147, -0.7243303571428191256 ) ) ;
#6399 = ORIENTED_EDGE ( 'NONE', *, *, #7530, .F. ) ;
#6400 = CARTESIAN_POINT ( 'NONE',  ( -0.4758979811413738825, -0.2153356186100039149, -0.9058815283752094105 ) ) ;
#6401 = CIRCLE ( 'NONE', #3718, 0.5937500000000000000 ) ;
#6402 = DIRECTION ( 'NONE',  ( -1.000000000000000000, 0.000000000000000000, 0.000000000000000000 ) ) ;
#6403 = CARTESIAN_POINT ( 'NONE',  ( 0.4150606601793323525, -0.2488503884486259199, -0.9213169642856936514 ) ) ;
#6404 = EDGE_LOOP ( 'NONE', ( #4927, #5421, #5307 ) ) ;
#6405 = ORIENTED_EDGE ( 'NONE', *, *, #4125, .T. ) ;
#6406 = CIRCLE ( 'NONE', #4464, 0.3754282004472574985 ) ;
#6407 = CARTESIAN_POINT ( 'NONE',  ( 0.3485001416064650859, 0.3318904929319261843, -0.8172433035713939642 ) ) ;
#6408 = CARTESIAN_POINT ( 'NONE',  ( -0.2631436053259414987, 0.4646532341987205661, -1.061104910714394833 ) ) ;
#6409 = AXIS2_PLACEMENT_3D ( 'NONE', #2834, #451, #6242 ) ;
#6410 = CARTESIAN_POINT ( 'NONE',  ( -0.06949079949380826404, -0.4971853480448791829, -0.4542999999999999816 ) ) ;
#6411 = CARTESIAN_POINT ( 'NONE',  ( -0.2968749999999999445, 0.5142025834970104237, -0.9749999999999999778 ) ) ;
#6412 = CARTESIAN_POINT ( 'NONE',  ( 0.5937500000000001110, -0.2298173317134175886, -0.04947494053013190562 ) ) ;
#6413 = CARTESIAN_POINT ( 'NONE',  ( -0.01632263124205246552, 0.5138822805197729160, -0.6424943860743351776 ) ) ;
#6414 = ORIENTED_EDGE ( 'NONE', *, *, #5765, .F. ) ;
#6415 = CARTESIAN_POINT ( 'NONE',  ( 0.2582812619745237237, -0.4479423512067061686, -0.7362711581711178788 ) ) ;
#6416 = CARTESIAN_POINT ( 'NONE',  ( 0.4533643186404980874, -0.2623529643872524741, -0.9523928194958157789 ) ) ;
#6418 = CARTESIAN_POINT ( 'NONE',  ( 0.2925868023509206606, -0.4380094013817337206, -0.8839285714285112228 ) ) ;
#6417 = CARTESIAN_POINT ( 'NONE',  ( -0.3373297358328580242, -0.3847122180123790369, -0.5361115461827563600 ) ) ;
#6419 = CARTESIAN_POINT ( 'NONE',  ( -0.03335454755367244645, 0.5194993491636243910, -0.8486313911355749529 ) ) ;
#6420 = CARTESIAN_POINT ( 'NONE',  ( 0.1903896936282880870, 0.4296708056517716812, -0.4556361607142989101 ) ) ;
#6421 = ADVANCED_FACE ( 'NONE', ( #4316 ), #3463, .F. ) ;
#6422 = APPLICATION_CONTEXT ( 'configuration controlled 3d designs of mechanical parts and assemblies' ) ;
#6423 = CARTESIAN_POINT ( 'NONE',  ( 0.3457515137659428750, -0.3290927485529173135, -0.7095424107142431769 ) ) ;
#6424 = CARTESIAN_POINT ( 'NONE',  ( 0.5188841509846563449, 6.573509234754633431E-16, -0.8035705566482685969 ) ) ;
#6425 = CARTESIAN_POINT ( 'NONE',  ( 0.4791624125978888316, 0.04725947178494754874, -0.8426339285715050975 ) ) ;
#6426 = CARTESIAN_POINT ( 'NONE',  ( -0.5177605363291462037, -0.01698584708061058948, -0.7674821900510733208 ) ) ;
#6427 = CARTESIAN_POINT ( 'NONE',  ( -0.4311494396025655207, 0.1911817339811467953, -0.5092075892857373942 ) ) ;
#6428 = CARTESIAN_POINT ( 'NONE',  ( -0.4440626986878780658, 0.1588197069732834865, -0.5262276785713712046 ) ) ;
#6429 = CALENDAR_DATE ( 2026, 12, 1 ) ;
#6430 = CARTESIAN_POINT ( 'NONE',  ( -0.3524164100106821906, -0.3194993482086725400, -0.6389508928571532298 ) ) ;
#6431 = CARTESIAN_POINT ( 'NONE',  ( -0.4563806385163981516, 0.2255435332430905659, -0.4795782552890816008 ) ) ;
#6432 = CARTESIAN_POINT ( 'NONE',  ( 0.2723767814192852299, -0.3866330517095258879, -0.5689174107142846992 ) ) ;
#6433 = CARTESIAN_POINT ( 'NONE',  ( -0.5937500000000000000, 0.000000000000000000, 0.000000000000000000 ) ) ;
#6434 = CARTESIAN_POINT ( 'NONE',  ( -0.3432421559328399097, 0.3268778591893251040, -0.5845424107142803694 ) ) ;
#6435 = CARTESIAN_POINT ( 'NONE',  ( -0.2424817774905827228, 0.4537922031609075146, -0.4921874999999775735 ) ) ;
#6436 = CARTESIAN_POINT ( 'NONE',  ( -0.5047480378221712582, 0.1263596842725233371, -0.6233258928571465685 ) ) ;
#6437 = CARTESIAN_POINT ( 'NONE',  ( -0.1611819239895218858, 0.4506560489244559875, -0.7327008928571748791 ) ) ;
#6438 = ORIENTED_EDGE ( 'NONE', *, *, #1173, .T. ) ;
#6439 = CARTESIAN_POINT ( 'NONE',  ( -0.2571287811348110797, -0.4448577737662984810, -0.6053178137285540883 ) ) ;
#6440 = FACE_OUTER_BOUND ( 'NONE', #324, .T. ) ;
#6441 = CARTESIAN_POINT ( 'NONE',  ( 0.5099884372332511573, -1.750090120941168828E-15, -0.5178571428571453472 ) ) ;
#6442 = CARTESIAN_POINT ( 'NONE',  ( -0.4503968214379958646, 0.1738038043979702463, -0.8836495535713120297 ) ) ;
#6443 = VERTEX_POINT ( 'NONE', #5085 ) ;
#6444 = CARTESIAN_POINT ( 'NONE',  ( -0.4503968214432892969, 0.1738038043935065391, -0.8657924107142761505 ) ) ;
#6445 = CARTESIAN_POINT ( 'NONE',  ( 0.3264953396417393794, -0.4182476164954440079, -0.9522879464285504136 ) ) ;
#6446 = CARTESIAN_POINT ( 'NONE',  ( 0.2853086148789442666, -0.4206439641448985189, -0.4575105666357534018 ) ) ;
#6447 = CARTESIAN_POINT ( 'NONE',  ( -0.4434324832166066654, 0.1964876419918645534, -0.9377790178571986379 ) ) ;
#6448 = CONICAL_SURFACE ( 'NONE', #5228, 0.5937500000000000000, 1.047197551196600074 ) ;
#6449 = DIRECTION ( 'NONE',  ( -0.000000000000000000, -0.000000000000000000, 1.000000000000000000 ) ) ;
#6450 = CARTESIAN_POINT ( 'NONE',  ( 0.000000000000000000, 0.000000000000000000, -0.9999999999999998890 ) ) ;
#6451 = CARTESIAN_POINT ( 'NONE',  ( -0.4179956887638079932, 0.2504593919575808791, -1.028459821428552079 ) ) ;
#6452 = CARTESIAN_POINT ( 'NONE',  ( -0.1650361500259382996, 0.4874324967153038091, -0.6313636433074953924 ) ) ;
#6453 = CARTESIAN_POINT ( 'NONE',  ( 0.000000000000000000, 0.000000000000000000, 0.4759999999999999787 ) ) ;
#6455 = CARTESIAN_POINT ( 'NONE',  ( 0.3813891977773276043, -0.3632065092986997423, -0.8814174107143327719 ) ) ;
#6454 = CARTESIAN_POINT ( 'NONE',  ( -0.3843016004617755277, -0.3366113703999275564, -0.5376112769612605424 ) ) ;
#6456 = CARTESIAN_POINT ( 'NONE',  ( 0.000000000000000000, 0.000000000000000000, 1.189999999999999947 ) ) ;
#6457 = CARTESIAN_POINT ( 'NONE',  ( -0.2703486958109841964, 0.3839704988258928475, -0.4439174107142876968 ) ) ;
#6458 = CARTESIAN_POINT ( 'NONE',  ( -0.3750638108377303270, -0.2926250633521543243, -0.6576450892857677033 ) ) ;
#6459 = DIRECTION ( 'NONE',  ( 0.000000000000000000, 1.000000000000000000, 1.048122702880362589E-16 ) ) ;
#6460 = CARTESIAN_POINT ( 'NONE',  ( 0.4813702649221709429, 0.01175500703285197769, -0.8434709821428489906 ) ) ;
#6461 = ADVANCED_FACE ( 'NONE', ( #7486 ), #3729, .T. ) ;
#6462 = CARTESIAN_POINT ( 'NONE',  ( 0.2285189708285584320, -0.4650423391344444268, -0.7448039582836732952 ) ) ;
#6463 = CARTESIAN_POINT ( 'NONE',  ( 0.3663647811903406604, 0.3257505020502844961, -0.9572632492455643849 ) ) ;
#6464 = CARTESIAN_POINT ( 'NONE',  ( -0.4311494396024365128, 0.1911817339777398539, -0.5270647321428447718 ) ) ;
#6465 = CARTESIAN_POINT ( 'NONE',  ( -0.2354512820708120902, -0.4157620928107449432, -0.7067522321428290066 ) ) ;
#6466 = DIRECTION ( 'NONE',  ( -1.000000000000000000, 2.664535259100375303E-15, 0.000000000000000000 ) ) ;
#6467 = CARTESIAN_POINT ( 'NONE',  ( 0.2339126029560665565, 0.4127897015669524383, -0.6174665178571707713 ) ) ;
#6468 = CARTESIAN_POINT ( 'NONE',  ( 0.4743757536317512735, 0.09442656472268912138, -0.9129464285714177230 ) ) ;
#6469 = CARTESIAN_POINT ( 'NONE',  ( 0.08388338286518458309, 0.5050675559275409343, -0.5732993789985825206 ) ) ;
#6470 = CARTESIAN_POINT ( 'NONE',  ( -0.2532981626307754808, -0.3998877344131628320, -0.5644531249999599209 ) ) ;
#6471 = CARTESIAN_POINT ( 'NONE',  ( 0.5138285603313565986, 0.03783566962855792332, -0.5147879464285696205 ) ) ;
#6472 = CARTESIAN_POINT ( 'NONE',  ( -0.5937500000000002220, 0.3428017223313401529, -0.9219683889980070379 ) ) ;
#6473 = CARTESIAN_POINT ( 'NONE',  ( 0.4966886274333681128, 0.1505989111244946388, -0.5814732142856938735 ) ) ;
#6474 = CARTESIAN_POINT ( 'NONE',  ( 0.3303380420020776698, 0.3468755344960305353, -0.7452566964285768369 ) ) ;
#6475 = EDGE_LOOP ( 'NONE', ( #2437, #2558 ) ) ;
#6476 = CARTESIAN_POINT ( 'NONE',  ( 0.5937500000000002220, -0.3428017223313401529, -0.9219683889980070379 ) ) ;
#6477 = CARTESIAN_POINT ( 'NONE',  ( -0.4577649380125135004, -0.1028602942636456380, -0.4483816964285872730 ) ) ;
#6478 = CARTESIAN_POINT ( 'NONE',  ( -0.5164227643312906402, -0.06757907661416832912, -0.8300231860952931306 ) ) ;
#6479 = CARTESIAN_POINT ( 'NONE',  ( -0.4798079257671778453, -0.02363716054551394039, -0.8074776785713650984 ) ) ;
#6480 = ORIENTED_EDGE ( 'NONE', *, *, #5480, .T. ) ;
#6481 = CARTESIAN_POINT ( 'NONE',  ( 0.07051484702084610812, 0.4758203312764726634, -0.8097098214285471940 ) ) ;
#6482 = CARTESIAN_POINT ( 'NONE',  ( -0.4908352482886260137, -0.2032364215267451479, -0.9732142857143903925 ) ) ;
#6483 = CARTESIAN_POINT ( 'NONE',  ( -0.3962780989071205684, -0.2790142439134696839, -0.9260602678571631108 ) ) ;
#6484 = CARTESIAN_POINT ( 'NONE',  ( 0.02328363985712212855, -0.5078753672534703778, -0.4559801927307676750 ) ) ;
#6485 = CARTESIAN_POINT ( 'NONE',  ( -0.4175391355198651011, 0.2994486021740802029, -0.6320709253891509949 ) ) ;
#6486 = ORIENTED_EDGE ( 'NONE', *, *, #2173, .T. ) ;
#6487 = CARTESIAN_POINT ( 'NONE',  ( -0.5130819962952424262, 5.421683153144712667E-13, -0.6172163786718526390 ) ) ;
#6488 = CARTESIAN_POINT ( 'NONE',  ( -0.2325901824828080222, -0.4708458936856303456, -0.9695015142471039571 ) ) ;
#6490 = CARTESIAN_POINT ( 'NONE',  ( -0.3242860746473385514, -0.4156509660720397736, -0.8981584821428544307 ) ) ;
#6489 = CARTESIAN_POINT ( 'NONE',  ( -0.3398793510176185140, -0.3872946925197411905, -0.6789762193579343963 ) ) ;
#6491 = CARTESIAN_POINT ( 'NONE',  ( 0.3802784240282620631, 0.3559499326346038939, -0.8586643546931697069 ) ) ;
#6492 = CARTESIAN_POINT ( 'NONE',  ( -0.4692574399891334402, -6.415298817695139081E-05, -0.4330357142857308439 ) ) ;
#6493 = ADVANCED_FACE ( 'NONE', ( #7451 ), #5553, .T. ) ;
#6494 = CARTESIAN_POINT ( 'NONE',  ( 0.3045278096173906213, -0.4104912050017724967, -0.3833705357142285775 ) ) ;
#6495 = CARTESIAN_POINT ( 'NONE',  ( -0.4701192864161424789, -0.05792231077321161742, -0.5923549107142526138 ) ) ;
#6496 = CARTESIAN_POINT ( 'NONE',  ( 0.4730116510915788330, -0.2143445885347820268, -0.8084068521706305743 ) ) ;
#6497 = CARTESIAN_POINT ( 'NONE',  ( 0.3720726524399965429, 0.3052720323058202845, -0.8359375000000714984 ) ) ;
#6498 = CARTESIAN_POINT ( 'NONE',  ( -0.07787462950510011528, 0.5244957633057861779, -0.9960937500000033307 ) ) ;
#6499 = CARTESIAN_POINT ( 'NONE',  ( 0.4807835233043997181, -0.07125039424963550139, -0.9704241071428808540 ) ) ;
#6500 = CARTESIAN_POINT ( 'NONE',  ( 0.3504122916756247097, -0.3175079610825253251, -0.5664062500000213163 ) ) ;
#6501 = APPLICATION_PROTOCOL_DEFINITION ( 'international standard', 'config_control_design', 1994, #3543 ) ;
#6502 = CARTESIAN_POINT ( 'NONE',  ( 0.03507272388311601791, -0.4763043813631374634, -0.7000558035715043204 ) ) ;
#6503 = CARTESIAN_POINT ( 'NONE',  ( 0.1800301631568101690, 0.4767272247713350009, -0.4963202808780496356 ) ) ;
#6504 = CARTESIAN_POINT ( 'NONE',  ( -0.4498966539698424083, 0.1486899497396931003, -0.5973772321428677534 ) ) ;
#6505 = B_SPLINE_CURVE_WITH_KNOTS ( 'NONE', 3,
 ( #1782, #709, #3585, #787 ),
 .UNSPECIFIED., .F., .F.,
 ( 4, 4 ),
 ( 0.000000000000000000, 7.781676043623018133E-05 ),
 .UNSPECIFIED. ) ;
#6506 = ADVANCED_FACE ( 'NONE', ( #4541, #6869 ), #6299, .T. ) ;
#6507 = CARTESIAN_POINT ( 'NONE',  ( 0.05907172093037894867, -0.4784029345012954515, -0.8602120535713958516 ) ) ;
#6508 = DIRECTION ( 'NONE',  ( -1.000000000000000000, 0.000000000000000000, 0.000000000000000000 ) ) ;
#6509 = CARTESIAN_POINT ( 'NONE',  ( 0.4563460202838938162, -0.1143710809853347027, -0.4715401785714129490 ) ) ;
#6510 = CARTESIAN_POINT ( 'NONE',  ( 0.2646408414403534914, 0.4416631260149698757, -0.5039062499999963363 ) ) ;
#6511 = LINE ( 'NONE', #1266, #2631 ) ;
#6512 = CARTESIAN_POINT ( 'NONE',  ( -0.4176342711420533149, -0.3098269371911689385, -0.6132812499999472644 ) ) ;
#6513 = CARTESIAN_POINT ( 'NONE',  ( 0.2918824369971617094, 0.3741181851962296911, -0.6012834821428312271 ) ) ;
#6514 = ORIENTED_EDGE ( 'NONE', *, *, #1074, .F. ) ;
#6515 = DIRECTION ( 'NONE',  ( -1.000000000000000000, 0.000000000000000000, 0.000000000000000000 ) ) ;
#6516 = CARTESIAN_POINT ( 'NONE',  ( 0.2505954425653738604, -0.3958460190837397863, -0.4266183035714645189 ) ) ;
#6517 = AXIS2_PLACEMENT_3D ( 'NONE', #157, #79, #4759 ) ;
#6518 = CARTESIAN_POINT ( 'NONE',  ( -0.4849870977161377938, -0.1643822262725342098, -0.5498553106400850821 ) ) ;
#6519 = CARTESIAN_POINT ( 'NONE',  ( 0.2672711655551245347, 0.4001178837199255711, -0.8325892857143385450 ) ) ;
#6520 = ADVANCED_FACE ( 'NONE', ( #6369 ), #440, .T. ) ;
#6521 = CARTESIAN_POINT ( 'NONE',  ( 0.4723264179194819334, -0.09401474129058080831, -0.8281249999999948930 ) ) ;
#6522 = CARTESIAN_POINT ( 'NONE',  ( -0.3958205524931767694, -0.3415312578302209801, -0.7575334821428494347 ) ) ;
#6523 = CARTESIAN_POINT ( 'NONE',  ( -0.4270390460780428277, 0.3166235739926218651, -0.9849330357142430659 ) ) ;
#6524 = VECTOR ( 'NONE', #2351, 39.37007874015748143 ) ;
#6525 = CARTESIAN_POINT ( 'NONE',  ( 0.3505089130544860043, -0.3337982248086312498, -0.9059709821429043908 ) ) ;
#6526 = CARTESIAN_POINT ( 'NONE',  ( -0.05185542876098718501, -0.5068505213509780782, -0.4576646821257488451 ) ) ;
#6527 = CARTESIAN_POINT ( 'NONE',  ( -0.5327323696766466110, 0.000000000000000000, -0.9999999999999998890 ) ) ;
#6528 = AXIS2_PLACEMENT_3D ( 'NONE', #3084, #7216, #2019 ) ;
#6529 = CARTESIAN_POINT ( 'NONE',  ( -0.5937499999999998890, -0.3428017223313405415, -0.9219683889980070379 ) ) ;
#6530 = CARTESIAN_POINT ( 'NONE',  ( 0.5937500000000002220, -0.2298173934126301887, -0.9505250526440386372 ) ) ;
#6531 = CARTESIAN_POINT ( 'NONE',  ( -0.3956884046185811243, 0.3094534970622481174, -0.9685287162242564030 ) ) ;
#6532 = CARTESIAN_POINT ( 'NONE',  ( -0.5244206983592563098, -0.03447428395334215662, -0.9813939326249453421 ) ) ;
#6534 = CARTESIAN_POINT ( 'NONE',  ( 0.1275781675357497147, 0.5096152344825641833, -0.7840401785713446703 ) ) ;
#6533 = CARTESIAN_POINT ( 'NONE',  ( -0.4096287719005035632, -0.3140648839121069069, -0.6812069942889167340 ) ) ;
#6535 = CARTESIAN_POINT ( 'NONE',  ( -0.1166644333642789660, 0.5026948092681187141, -0.7039095939613471131 ) ) ;
#6536 = CARTESIAN_POINT ( 'NONE',  ( -0.1755195509627044959, 0.4548323393091345812, -1.035993303571400848 ) ) ;
#6537 = CARTESIAN_POINT ( 'NONE',  ( -0.4294574236341777151, -0.2294787162887112486, -0.9988839285713703164 ) ) ;
#6538 = CARTESIAN_POINT ( 'NONE',  ( 0.4239547761597771136, 0.2134735259890637726, -0.6241629464284996764 ) ) ;
#6539 = CARTESIAN_POINT ( 'NONE',  ( -0.4925907176621959760, -0.1670947317079274630, -0.8355656925952247294 ) ) ;
#6540 = CARTESIAN_POINT ( 'NONE',  ( -0.4660797668297777530, 0.1168106296342294737, -0.8108258928572080748 ) ) ;
#6541 = CARTESIAN_POINT ( 'NONE',  ( 0.06694452230014599770, -0.5130991618119484787, -0.7485250300971426629 ) ) ;
#6542 = CARTESIAN_POINT ( 'NONE',  ( 0.000000000000000000, 0.000000000000000000, -0.9999999999999998890 ) ) ;
#6543 = CC_DESIGN_DATE_AND_TIME_ASSIGNMENT ( #186, #7075, ( #2201 ) ) ;
#6544 = CARTESIAN_POINT ( 'NONE',  ( 0.4713005271082782999, 0.03470428470810071192, -0.5571986607142986880 ) ) ;
#6545 = B_SPLINE_CURVE_WITH_KNOTS ( 'NONE', 3,
 ( #5404, #2458, #1080, #7119, #3999, #6330, #1658, #2500, #3565, #5287, #5979, #4217, #1879, #7483, #725, #4255, #3068, #648, #4177, #4789, #5899, #2987, #6550, #35, #4714, #5325, #6469, #2241, #4830, #7161, #3422, #5758, #2418, #1043, #1263, #2381, #3387, #4752, #7040, #5723, #471, #2818, #4575, #1799, #3604, #4141, #7080, #5939, #686, #1837 ),
 .UNSPECIFIED., .F., .F.,
 ( 4, 2, 2, 2, 2, 2, 2, 2, 2, 2, 2, 2, 2, 2, 2, 2, 2, 2, 2, 2, 2, 2, 2, 2, 4 ),
 ( 0.1135786792233600406, 0.1161438314798150934, 0.1174264076080426128, 0.1187089837362701461, 0.1212741359927251850, 0.1238392882491802377, 0.1251218643774077710, 0.1264044405056352904, 0.1289695927620903571, 0.1302521688903178765, 0.1315347450185453959, 0.1340998972750004625, 0.1353824734032279820, 0.1366650495314555014, 0.1379476256596830208, 0.1392302017879105680, 0.1417953540443656069, 0.1430779301725931263, 0.1443605063008206457, 0.1469256585572756846, 0.1482082346855032318, 0.1494908108137307512, 0.1520559630701858178, 0.1533385391984133372, 0.1546211153266408567 ),
 .UNSPECIFIED. ) ;
#6546 = CARTESIAN_POINT ( 'NONE',  ( -0.4644461545031467464, 0.1043576194826249109, -0.6498325892857337305 ) ) ;
#6547 = CARTESIAN_POINT ( 'NONE',  ( -0.2248857766570885597, 0.4569636457645958050, -0.4870183300291272555 ) ) ;
#6548 = CARTESIAN_POINT ( 'NONE',  ( -0.4459317213882421083, -0.1594922393512688552, -0.5898437499999610312 ) ) ;
#6549 = CARTESIAN_POINT ( 'NONE',  ( 0.1624286592781115368, -0.4537622642848571641, -0.8577008928571362434 ) ) ;
#6550 = CARTESIAN_POINT ( 'NONE',  ( -0.03337214583811472929, 0.5116508051487601572, -0.5706869240876067950 ) ) ;
#6551 = CARTESIAN_POINT ( 'NONE',  ( 0.2427227267686599965, 0.4050839593972053176, -0.5284598214285679552 ) ) ;
#6552 = CARTESIAN_POINT ( 'NONE',  ( -0.3161634611643277526, -0.4050183777465169443, -0.4695870535714449789 ) ) ;
#6553 = CARTESIAN_POINT ( 'NONE',  ( -0.5937500000000001110, 0.02903135203469258893, -0.02500000000000000139 ) ) ;
#6554 = CARTESIAN_POINT ( 'NONE',  ( -0.4463524103821258637, 0.2676115835252605435, -0.6266741071428219012 ) ) ;
#6555 = CARTESIAN_POINT ( 'NONE',  ( -0.3753593141626328511, 0.2930109705093308370, -0.6548549107142528358 ) ) ;
#6556 = CARTESIAN_POINT ( 'NONE',  ( -0.4373466116386761082, 0.2867669172236601560, -0.9899021281526706462 ) ) ;
#6557 = CARTESIAN_POINT ( 'NONE',  ( -0.5250000000000000222, 0.000000000000000000, -0.9999999999999998890 ) ) ;
#6558 = CARTESIAN_POINT ( 'NONE',  ( -0.1836263014082382683, -0.4860753563350017625, -0.8177502048560524317 ) ) ;
#6559 = CARTESIAN_POINT ( 'NONE',  ( -0.2957114018099342156, 0.3790196697521298619, -0.8183593749999283906 ) ) ;
#6560 = CARTESIAN_POINT ( 'NONE',  ( 0.4334448002759951346, -0.2049316609852802618, -0.7594866071427814891 ) ) ;
#6561 = CARTESIAN_POINT ( 'NONE',  ( -0.3219423625489529761, 0.4126407327951103210, -0.7759486607143247783 ) ) ;
#6562 = CARTESIAN_POINT ( 'NONE',  ( 0.5310276840884057270, 0.03924369016100621999, -1.012555803571455026 ) ) ;
#6563 = CARTESIAN_POINT ( 'NONE',  ( 0.3869074686967044485, -0.2870273038974470170, -0.8331473214284439432 ) ) ;
#6564 = EDGE_CURVE ( 'NONE', #470, #6035, #2154, .T. ) ;
#6565 = CARTESIAN_POINT ( 'NONE',  ( 0.3503299766993302478, 0.3733177376547917037, -0.5722130990222384916 ) ) ;
#6566 = CARTESIAN_POINT ( 'NONE',  ( 0.5211080861869925585, 1.115012295639049311E-12, -0.8749991273584440954 ) ) ;
#6567 = ORIENTED_EDGE ( 'NONE', *, *, #5909, .F. ) ;
#6568 = CARTESIAN_POINT ( 'NONE',  ( -0.5064980885141511235, 0.08397827431438895096, -0.6190828547508163693 ) ) ;
#6569 = CARTESIAN_POINT ( 'NONE',  ( -0.09186372007306606302, -0.5000872469328936365, -0.9754525210695164095 ) ) ;
#6570 = CARTESIAN_POINT ( 'NONE',  ( 0.02311392358156369453, 0.4692637350035930854, -0.4514508928571611679 ) ) ;
#6571 = CARTESIAN_POINT ( 'NONE',  ( 9.258213315666536054E-17, -0.6856034446626805279, -0.9219683889980070379 ) ) ;
#6572 = CONICAL_SURFACE ( 'NONE', #5479, 0.5250000000000000222, 0.03112503826906170765 ) ;
#6574 = CARTESIAN_POINT ( 'NONE',  ( 0.4142925764202241568, 0.3234079519332915265, -0.7915736607142089820 ) ) ;
#6573 = CARTESIAN_POINT ( 'NONE',  ( -0.2108383049565958067, -0.4651746022922115809, -0.5327697005024694121 ) ) ;
#6575 = DIRECTION ( 'NONE',  ( 0.000000000000000000, 1.000000000000000000, 1.047310526070460688E-16 ) ) ;
#6576 = CARTESIAN_POINT ( 'NONE',  ( -0.3672963965446680024, 0.3169144972253916115, -0.9589843749999540368 ) ) ;
#6577 = AXIS2_PLACEMENT_3D ( 'NONE', #4394, #437, #290 ) ;
#6578 = CARTESIAN_POINT ( 'NONE',  ( 0.4649365901171640947, 0.1411063159625630947, -0.9654017857142664916 ) ) ;
#6579 = CARTESIAN_POINT ( 'NONE',  ( -0.1819171045370916173, -0.4393565545497043479, -0.6517857142857635955 ) ) ;
#6580 = FACE_BOUND ( 'NONE', #6265, .T. ) ;
#6581 = CARTESIAN_POINT ( 'NONE',  ( 0.02359173888801451360, -0.4814849235731235022, -0.8610491071428820753 ) ) ;
#6582 = CARTESIAN_POINT ( 'NONE',  ( -0.2145692737709551934, -0.4838920005661788148, -0.9667968749999714673 ) ) ;
#6583 = CARTESIAN_POINT ( 'NONE',  ( 0.1526461432866617896, -0.4618546950415695074, -0.9829799107143019077 ) ) ;
#6584 = CARTESIAN_POINT ( 'NONE',  ( 0.3776609910591596786, 0.2800172278955930238, -0.4793526785714152250 ) ) ;
#6585 = DATE_TIME_ROLE ( 'classification_date' ) ;
#6586 = CARTESIAN_POINT ( 'NONE',  ( -0.1155908553154353785, -0.4612128935523240325, -0.6322544642856648967 ) ) ;
#6587 = CARTESIAN_POINT ( 'NONE',  ( 0.4407894631460417267, 0.1701004760692367002, -0.5538504464285770590 ) ) ;
#6588 = CARTESIAN_POINT ( 'NONE',  ( -0.2478805035568993897, -0.4136917789800599876, -0.8677455357142793702 ) ) ;
#6589 = CARTESIAN_POINT ( 'NONE',  ( -0.3178832453643110068, 0.4150916940133394517, -0.9211399016747414681 ) ) ;
#6590 = CARTESIAN_POINT ( 'NONE',  ( 0.2719825141041195549, 0.3860800388445116971, -0.5292968749999962252 ) ) ;
#6591 = CARTESIAN_POINT ( 'NONE',  ( -0.01264599793810013660, 0.5122933236166443693, -0.4260602678571302482 ) ) ;
#6592 = FACE_OUTER_BOUND ( 'NONE', #1269, .T. ) ;
#6593 = CARTESIAN_POINT ( 'NONE',  ( -0.1385624680594305658, -0.5009660766109466090, -0.6057477678571526747 ) ) ;
#6594 = CARTESIAN_POINT ( 'NONE',  ( -0.3524164100151042089, -0.3194993482032179033, -0.6389508928571500102 ) ) ;
#6595 = CARTESIAN_POINT ( 'NONE',  ( -0.4759475892087809967, 6.121277220872411182E-05, -0.6651785714285756157 ) ) ;
#6596 = CARTESIAN_POINT ( 'NONE',  ( -0.4873315276208606828, 0.1853352017101043137, -0.9883103929286124467 ) ) ;
#6597 = DIRECTION ( 'NONE',  ( -1.000000000000000000, 0.000000000000000000, 0.000000000000000000 ) ) ;
#6598 = CARTESIAN_POINT ( 'NONE',  ( 0.2597252063290912405, -0.4506287592525988761, -0.8077003498689157013 ) ) ;
#6599 = CARTESIAN_POINT ( 'NONE',  ( -0.2263363158332558078, -0.4233144626657963649, -0.7957589285715013228 ) ) ;
#6600 = EDGE_CURVE ( 'NONE', #4427, #90, #7360, .T. ) ;
#6601 = CARTESIAN_POINT ( 'NONE',  ( 0.4740622517652924861, 0.07025816821766026066, -0.7527901785714130600 ) ) ;
#6602 = CARTESIAN_POINT ( 'NONE',  ( 0.1013600575605552445, 0.5092282363688283020, -0.6428571428571603352 ) ) ;
#6603 = CARTESIAN_POINT ( 'NONE',  ( -0.2617947954809393130, -0.4619934364553209827, -0.9656808035714800065 ) ) ;
#6604 = CARTESIAN_POINT ( 'NONE',  ( -0.4774562203041493036, 0.07088672651760051513, -0.8632812499999354960 ) ) ;
#6605 = CARTESIAN_POINT ( 'NONE',  ( 0.5119584826116451159, 0.01666051651458777191, -0.5811312550997385085 ) ) ;
#6606 = DIRECTION ( 'NONE',  ( -0.000000000000000000, -0.000000000000000000, -1.000000000000000000 ) ) ;
#6607 = ORIENTED_EDGE ( 'NONE', *, *, #4055, .F. ) ;
#6608 = EDGE_CURVE ( 'NONE', #5718, #5793, #4891, .T. ) ;
#6609 = CARTESIAN_POINT ( 'NONE',  ( -0.06646182362471833582, 0.5095507030374656354, -0.6335989712554783715 ) ) ;
#6610 = CARTESIAN_POINT ( 'NONE',  ( -0.1368607110137844418, 0.5000228466147919049, -0.9854238348830184346 ) ) ;
#6611 = CARTESIAN_POINT ( 'NONE',  ( 0.4921222381710743665, -0.06646149807477300109, -0.9635807495536481415 ) ) ;
#6612 = DIRECTION ( 'NONE',  ( -0.000000000000000000, -0.000000000000000000, -1.000000000000000000 ) ) ;
#6614 = CARTESIAN_POINT ( 'NONE',  ( 0.01298924661008557004, -0.5262005397552831365, -0.8166852678572009694 ) ) ;
#6613 = CARTESIAN_POINT ( 'NONE',  ( 0.06623067742237480349, -0.5070618439798409982, -0.5264535426573795363 ) ) ;
#6615 = CARTESIAN_POINT ( 'NONE',  ( -0.3168317595363678296, 0.4138228047498408446, -0.8419290029230155348 ) ) ;
#6616 = CARTESIAN_POINT ( 'NONE',  ( -0.4756318119063222549, 0.09454151953925754581, -0.9531249999999802380 ) ) ;
#6617 = EDGE_LOOP ( 'NONE', ( #6687, #397, #1318 ) ) ;
#6618 = CARTESIAN_POINT ( 'NONE',  ( -0.2402194427889672301, 0.4241739100708161181, -1.016462053571548507 ) ) ;
#6619 = CARTESIAN_POINT ( 'NONE',  ( 0.3103958872302359784, -0.3597356831723118598, -0.6392299107143210035 ) ) ;
#6620 = CARTESIAN_POINT ( 'NONE',  ( 0.000000000000000000, 0.000000000000000000, -0.9999999999999998890 ) ) ;
#6621 = CARTESIAN_POINT ( 'NONE',  ( -0.2850995582194782441, 0.3843025007879655730, -0.7472098214286287954 ) ) ;
#6622 = CARTESIAN_POINT ( 'NONE',  ( 0.4953278004315425087, 4.858207490607782911E-13, -0.9625954307548960642 ) ) ;
#6623 = CARTESIAN_POINT ( 'NONE',  ( 0.2216047699072425103, 0.4144651862822674171, -0.4743303571428356680 ) ) ;
#6624 = CARTESIAN_POINT ( 'NONE',  ( 0.3596988263046980716, -0.3103590303626230229, -0.6196986607142503933 ) ) ;
#6625 = CARTESIAN_POINT ( 'NONE',  ( -0.4210236651305763189, -0.2118576603300974803, -0.5170200892856721131 ) ) ;
#6626 = CARTESIAN_POINT ( 'NONE',  ( -0.1849182169506689011, 0.4462596452933453861, -0.8928571428572221746 ) ) ;
#6627 = CARTESIAN_POINT ( 'NONE',  ( -0.5222200252584996427, -7.971447075262518240E-16, -0.9107124963950573582 ) ) ;
#6628 = CARTESIAN_POINT ( 'NONE',  ( 0.4635184988866388744, -0.08036281925613633637, -0.4707031250000336398 ) ) ;
#6629 = CARTESIAN_POINT ( 'NONE',  ( -0.1126063394337377538, -0.5011565957345310851, -0.4645647321428378329 ) ) ;
#6630 = CARTESIAN_POINT ( 'NONE',  ( -0.4847107631557071028, -0.01196522349767863841, -0.9506138392856025021 ) ) ;
#6631 = DIRECTION ( 'NONE',  ( 0.7071067811865486830, 8.659560562354947649E-17, -0.7071067811865462405 ) ) ;
#6632 = CARTESIAN_POINT ( 'NONE',  ( 0.2092358024713522335, 0.4722021716236516897, -0.5002790178571662194 ) ) ;
#6633 = CARTESIAN_POINT ( 'NONE',  ( 0.4239547761633483680, 0.2134735259834302235, -0.6063058035714165017 ) ) ;
#6634 = CARTESIAN_POINT ( 'NONE',  ( -0.03507272389058203876, -0.4763565048464410978, -0.7195870535714374849 ) ) ;
#6635 = CARTESIAN_POINT ( 'NONE',  ( 0.2846677914127649367, -0.4269294792765164770, -0.5926761017947291821 ) ) ;
#6636 = CARTESIAN_POINT ( 'NONE',  ( -0.1396492047625809974, 0.4601354306972822994, -0.8046875000000014433 ) ) ;
#6637 = CARTESIAN_POINT ( 'NONE',  ( -0.4664591229330810607, -0.2295209207504274596, -0.8263051989136775966 ) ) ;
#6638 = CARTESIAN_POINT ( 'NONE',  ( -0.1944549925331975626, -0.4388452573619643915, -0.7949218749999620304 ) ) ;
#6639 = CARTESIAN_POINT ( 'NONE',  ( -0.3857218111066273436, -0.2859938824457728956, -0.7829241071429082766 ) ) ;
#6640 = CARTESIAN_POINT ( 'NONE',  ( -0.2332807420390534126, 0.4635980784096596641, -0.6353236607142901393 ) ) ;
#6641 = CARTESIAN_POINT ( 'NONE',  ( -0.4602873315759382078, -0.2606711168760793007, -0.9003906249999487077 ) ) ;
#6642 = CARTESIAN_POINT ( 'NONE',  ( -0.4617732437650328703, -0.1400125021610792997, -0.8582589285715330751 ) ) ;
#6643 = CIRCLE ( 'NONE', #3456, 0.5937500000000000000 ) ;
#6644 = APPROVAL ( #29, 'UNSPECIFIED' ) ;
#6645 = CARTESIAN_POINT ( 'NONE',  ( 0.5078514598004409963, 0.06657618850557980861, -0.5800212912622163541 ) ) ;
#6646 = CARTESIAN_POINT ( 'NONE',  ( 0.4978995009161834573, 0.1332921159029834268, -0.6577396180314857288 ) ) ;
#6647 = VERTEX_POINT ( 'NONE', #4364 ) ;
#6648 = CARTESIAN_POINT ( 'NONE',  ( 0.1674620805692962067, -0.4939712718009037218, -0.8813588812032326913 ) ) ;
#6649 = AXIS2_PLACEMENT_3D ( 'NONE', #2396, #5154, #1204 ) ;
#6650 = CARTESIAN_POINT ( 'NONE',  ( -0.4907538942111776548, -0.1629349190854099960, -0.9832932617705878453 ) ) ;
#6651 = CARTESIAN_POINT ( 'NONE',  ( -0.4491341549381674403, 0.1363064108353634341, -0.4363839285714296579 ) ) ;
#6652 = DIRECTION ( 'NONE',  ( -0.03112001302226621510, 0.000000000000000000, -0.9995156550997557066 ) ) ;
#6654 = CARTESIAN_POINT ( 'NONE',  ( 0.2701916135161070986, 0.4506556359291852276, -0.7873883928571157043 ) ) ;
#6653 = DIRECTION ( 'NONE',  ( 0.000000000000000000, 0.000000000000000000, -1.000000000000000000 ) ) ;
#6655 = CARTESIAN_POINT ( 'NONE',  ( 0.4098751411940386169, 0.3142212227865427421, -0.7169230465886641257 ) ) ;
#6656 = CONICAL_SURFACE ( 'NONE', #43, 0.4609375000000000000, 1.029744258676657198 ) ;
#6657 = CARTESIAN_POINT ( 'NONE',  ( 0.3353506757453560416, -0.3521335201623576050, -0.9958147321428025833 ) ) ;
#6658 = ORIENTED_EDGE ( 'NONE', *, *, #525, .T. ) ;
#6659 = CARTESIAN_POINT ( 'NONE',  ( 0.3919164242202945458, -0.3442605690999973600, -0.8831917297930990118 ) ) ;
#6660 = CARTESIAN_POINT ( 'NONE',  ( 0.3832693943101099232, -0.2991857459247345141, -0.9762834821428391097 ) ) ;
#6661 = CARTESIAN_POINT ( 'NONE',  ( -0.4000853435273525327, -0.2532791774815250641, -0.5873325892857359509 ) ) ;
#6662 = CARTESIAN_POINT ( 'NONE',  ( -0.5244440072392468899, 8.594068313990401939E-13, -0.9821425695388671384 ) ) ;
#6663 = CARTESIAN_POINT ( 'NONE',  ( 0.4334448002768452324, -0.2049316609854753279, -0.7773437499999603650 ) ) ;
#6664 = CARTESIAN_POINT ( 'NONE',  ( 0.3505089130492818339, -0.3337982248114089168, -0.9059709821428773013 ) ) ;
#6665 = CARTESIAN_POINT ( 'NONE',  ( -0.4459317213882421083, -0.1594922393512688552, -0.5719866071428184595 ) ) ;
#6666 = CARTESIAN_POINT ( 'NONE',  ( -0.4713384542281746081, -0.01151007124500176906, -0.5220424107142960235 ) ) ;
#6667 = CARTESIAN_POINT ( 'NONE',  ( -0.4501513805892524145, -0.1737131926651064862, -0.8752790178571209223 ) ) ;
#6668 = CARTESIAN_POINT ( 'NONE',  ( -0.4760414263734615847, 0.2157446240254140835, -0.9155500737452872961 ) ) ;
#6669 = CARTESIAN_POINT ( 'NONE',  ( 0.04620768831060136084, 0.4698128594433293448, -0.5234375000000256462 ) ) ;
#6670 = CARTESIAN_POINT ( 'NONE',  ( -0.4455249265146851712, 0.2524626143828960223, -0.4143415178571312474 ) ) ;
#6671 = CARTESIAN_POINT ( 'NONE',  ( -0.3441855398435545998, -0.3442795597890907500, -1.013392857142885184 ) ) ;
#6672 = CARTESIAN_POINT ( 'NONE',  ( -0.3750000000000000555, 0.000000000000000000, 0.9519999999999999574 ) ) ;
#6673 = CARTESIAN_POINT ( 'NONE',  ( -0.5081094358663205135, 0.1011373600389438299, -0.5513392857143429859 ) ) ;
#6674 = CARTESIAN_POINT ( 'NONE',  ( -0.4746268611373163915, -0.03507579411095330252, -0.6464843749999973355 ) ) ;
#6675 = CARTESIAN_POINT ( 'NONE',  ( 0.2840379075972213063, 0.3828778515209952382, -0.6902901785714055105 ) ) ;
#6676 = CARTESIAN_POINT ( 'NONE',  ( 0.4100748146634143887, 0.3143599373112713202, -0.7247060831794763791 ) ) ;
#6677 = CARTESIAN_POINT ( 'NONE',  ( -0.4201279954341782807, 0.2379237705218107679, -0.8674665178572592561 ) ) ;
#6678 = CARTESIAN_POINT ( 'NONE',  ( -0.1823821191641385731, 0.4850801964717468828, -0.7738436087589249945 ) ) ;
#6679 = CARTESIAN_POINT ( 'NONE',  ( 0.2352744658835364544, -0.4154421048274537509, -0.7128906249999705791 ) ) ;
#6680 = CARTESIAN_POINT ( 'NONE',  ( -0.4609655776407544092, 0.1274985506685919756, -0.7218191964285862738 ) ) ;
#6681 = CARTESIAN_POINT ( 'NONE',  ( 0.03820410881111201834, -0.5188324145871345827, -0.6755022321428230114 ) ) ;
#6682 = CARTESIAN_POINT ( 'NONE',  ( -0.2721706901168003401, 0.4542222523203998663, -0.9179687500000386358 ) ) ;
#6683 = CARTESIAN_POINT ( 'NONE',  ( -0.4503968214432892969, 0.1738038043935065391, -0.8657924107142761505 ) ) ;
#6684 = EDGE_CURVE ( 'NONE', #3856, #6443, #4404, .T. ) ;
#6685 = CARTESIAN_POINT ( 'NONE',  ( -0.1656219706727520280, -0.4857000057735446075, -0.6108793339909920350 ) ) ;
#6686 = CARTESIAN_POINT ( 'NONE',  ( 0.5937500000000000000, 7.271340369937410515E-17, 0.000000000000000000 ) ) ;
#6687 = ORIENTED_EDGE ( 'NONE', *, *, #5, .T. ) ;
#6688 = CARTESIAN_POINT ( 'NONE',  ( 0.5076193907520990534, -0.1183079363903748044, -0.8698195101021345410 ) ) ;
#6689 = CARTESIAN_POINT ( 'NONE',  ( -0.02552211514563987316, -0.5068499026986411637, -0.9744903204844596045 ) ) ;
#6690 = CARTESIAN_POINT ( 'NONE',  ( 0.3247860522458473342, -0.3367917391360453760, -0.4064556553132768757 ) ) ;
#6691 = CARTESIAN_POINT ( 'NONE',  ( -0.3136352467179545633, -0.4230086360538248269, -0.8242187500000041078 ) ) ;
#6692 = CARTESIAN_POINT ( 'NONE',  ( 0.5164178803943846319, -2.369024432005728429E-16, -0.7243586339885632608 ) ) ;
#6694 = CARTESIAN_POINT ( 'NONE',  ( -0.2128602611978490933, 0.4800284675782811039, -0.7765066964285078921 ) ) ;
#6693 = CARTESIAN_POINT ( 'NONE',  ( 0.5453064201862919402, -0.3707706361772937775, -0.06188375106408520315 ) ) ;
#6695 = CARTESIAN_POINT ( 'NONE',  ( 0.1669422892876465114, 0.4893863686683616043, -0.7102398109019389949 ) ) ;
#6696 = CARTESIAN_POINT ( 'NONE',  ( 0.3598508127973858994, 0.3262392943969985581, -0.9782366071429938748 ) ) ;
#6697 = CARTESIAN_POINT ( 'NONE',  ( 0.4146781039231437482, 0.2965404309436434627, -0.5030161019439401970 ) ) ;
#6698 = VERTEX_POINT ( 'NONE', #6233 ) ;
#6699 = CARTESIAN_POINT ( 'NONE',  ( -0.3850624299829274455, -0.3333043585668729603, -0.4740300810563356504 ) ) ;
#6700 = CARTESIAN_POINT ( 'NONE',  ( -0.3023206278820091408, -0.4291447166297172044, -0.8261718749999628075 ) ) ;
#6701 = CARTESIAN_POINT ( 'NONE',  ( 0.1480461018437752296, 0.4483476891722594782, -0.5438058035714338212 ) ) ;
#6702 = CARTESIAN_POINT ( 'NONE',  ( -0.4836058192087099306, -0.002043440002289099132, -0.9508766861820340255 ) ) ;
#6703 = CARTESIAN_POINT ( 'NONE',  ( 0.2795826374882126042, 0.3970920317153124324, -0.9578683035714525840 ) ) ;
#6704 = CIRCLE ( 'NONE', #1191, 0.3975000000000000755 ) ;
#6705 = CARTESIAN_POINT ( 'NONE',  ( -0.2633263046539134344, 0.3942053959141652020, -0.5870535714286102547 ) ) ;
#6706 = CARTESIAN_POINT ( 'NONE',  ( 0.2012268476920055782, -0.4255999872447380761, -0.4994419642857081398 ) ) ;
#6707 = CARTESIAN_POINT ( 'NONE',  ( 0.1835202996551062171, -0.4432184573227712088, -0.7857142857143317727 ) ) ;
#6708 = CARTESIAN_POINT ( 'NONE',  ( -0.4835553104792686407, 2.870574649592526593E-16, -0.9508229408026219742 ) ) ;
#6709 = EDGE_CURVE ( 'NONE', #3931, #1116, #3976, .T. ) ;
#6710 = CARTESIAN_POINT ( 'NONE',  ( 0.4741201343010252867, -0.1963112491468878285, -0.4486607142857301778 ) ) ;
#6711 = CARTESIAN_POINT ( 'NONE',  ( -0.4693771541401550729, -0.1298291175958136423, -1.019252232142938031 ) ) ;
#6712 = CARTESIAN_POINT ( 'NONE',  ( -0.3185489046504009769, -0.4080742053523739310, -0.5387834821428644227 ) ) ;
#6713 = CARTESIAN_POINT ( 'NONE',  ( -0.2633263046610362368, 0.3942053959101980420, -0.5870535714285606277 ) ) ;
#6714 = CARTESIAN_POINT ( 'NONE',  ( 0.4093878691859821894, -0.2453016151661505662, -0.7070312500000123235 ) ) ;
#6715 = CARTESIAN_POINT ( 'NONE',  ( -0.4892670945765785762, 0.1663154819367417825, -0.7001510262192585099 ) ) ;
#6716 = CARTESIAN_POINT ( 'NONE',  ( -0.2055160745207055828, 0.4346719083524778204, -0.8030133928571416835 ) ) ;
#6717 = CARTESIAN_POINT ( 'NONE',  ( -0.4108246405800131118, 0.3155783797029776960, -0.7675189814406181421 ) ) ;
#6718 = CARTESIAN_POINT ( 'NONE',  ( 0.4470767495671167380, 0.1723904667032391536, -0.7681361607142302983 ) ) ;
#6719 = CARTESIAN_POINT ( 'NONE',  ( -0.04676701829987497255, 0.4741692378125156315, -0.6640624999999598099 ) ) ;
#6720 = CARTESIAN_POINT ( 'NONE',  ( -0.1017718809867457497, 0.5112775720823682368, -0.7098214285713968508 ) ) ;
#6721 = CARTESIAN_POINT ( 'NONE',  ( 0.3748103512949778615, 0.3747136458688854477, -0.9330357142857171882 ) ) ;
#6722 = CARTESIAN_POINT ( 'NONE',  ( 0.4723264179194819334, -0.09401474129058080831, -0.8281249999999948930 ) ) ;
#6723 = B_SPLINE_CURVE_WITH_KNOTS ( 'NONE', 3,
 ( #1241, #2359, #2897, #5305, #5230, #1779 ),
 .UNSPECIFIED., .F., .F.,
 ( 4, 2, 4 ),
 ( 2.380728834766892476E-07, 0.004405349813808300506, 0.008810461554733124354 ),
 .UNSPECIFIED. ) ;
#6724 = CARTESIAN_POINT ( 'NONE',  ( 0.5056619184327992844, -0.08372669851777321537, -0.5911501914721225548 ) ) ;
#6725 = CARTESIAN_POINT ( 'NONE',  ( -3.506341393428179785E-18, -4.928547240401228113E-20, 0.000000000000000000 ) ) ;
#6726 = ORIENTED_EDGE ( 'NONE', *, *, #1810, .F. ) ;
#6727 = CARTESIAN_POINT ( 'NONE',  ( -0.5211248395176081294, -0.03408124759064571491, -0.9021891019969653369 ) ) ;
#6728 = CARTESIAN_POINT ( 'NONE',  ( 1.758439806635305482E-17, 0.6856034446626805279, -0.07803161100199268452 ) ) ;
#6729 = CARTESIAN_POINT ( 'NONE',  ( 0.4705405113509438242, -0.1632525347852031850, -0.9650464917603622794 ) ) ;
#6730 = CARTESIAN_POINT ( 'NONE',  ( -0.4707815408411596958, 0.2370476380985549469, -0.8401227678571856483 ) ) ;
#6731 = CARTESIAN_POINT ( 'NONE',  ( -0.5087092279553837582, 0.1185545576711800608, -0.9055324161021506280 ) ) ;
#6733 = CARTESIAN_POINT ( 'NONE',  ( 0.1392429477930206827, -0.5028926924018589650, -0.6710379464285373130 ) ) ;
#6732 = CARTESIAN_POINT ( 'NONE',  ( -0.1327872887153013770, -0.4939530068778379968, -0.5309176397415364956 ) ) ;
#6734 = CARTESIAN_POINT ( 'NONE',  ( -0.5200077222510660624, 0.01700730045123078835, -0.8396575296708431724 ) ) ;
#6735 = CARTESIAN_POINT ( 'NONE',  ( 0.4741112617585640510, 0.1064011534866504405, -0.9840959821427778254 ) ) ;
#6736 = CARTESIAN_POINT ( 'NONE',  ( 0.1654502048107816259, -0.4878651601211624333, -0.6748522910838918865 ) ) ;
#6737 = EDGE_LOOP ( 'NONE', ( #1811, #5142, #171, #6902, #2777, #4795 ) ) ;
#6738 = CARTESIAN_POINT ( 'NONE',  ( -0.3975000000000000755, 0.000000000000000000, 0.9519999999999999574 ) ) ;
#6739 = CARTESIAN_POINT ( 'NONE',  ( 0.2472109758285015724, -0.4626427343582960039, -0.8136160714284471629 ) ) ;
#6740 = CARTESIAN_POINT ( 'NONE',  ( -0.2524901940034023351, 0.3986050340120163571, -0.5337611607142672687 ) ) ;
#6741 = CARTESIAN_POINT ( 'NONE',  ( 0.5937499999999998890, 0.1165734293719861703, -0.03114731354010724304 ) ) ;
#6742 = CARTESIAN_POINT ( 'NONE',  ( -0.4478541853017827812, -0.1854397607523199099, -0.9285714285713667637 ) ) ;
#6743 = EDGE_CURVE ( 'NONE', #5808, #3890, #2245, .T. ) ;
#6744 = CARTESIAN_POINT ( 'NONE',  ( 0.3880730321873850919, 0.2732372118425075436, -0.6046316964286131412 ) ) ;
#6745 = CARTESIAN_POINT ( 'NONE',  ( -0.4311494395997663709, 0.1911817339848484731, -0.5270647321428584275 ) ) ;
#6746 = CARTESIAN_POINT ( 'NONE',  ( -0.4234967693183828152, -0.2264381321770524147, -0.8024553571428194587 ) ) ;
#6747 = CARTESIAN_POINT ( 'NONE',  ( -0.4160865846863086581, 0.2488934842577096851, -0.9510182946638502388 ) ) ;
#6748 = CARTESIAN_POINT ( 'NONE',  ( 0.2072210795688063101, -0.4673112308091980638, -0.3858816964285567974 ) ) ;
#6749 = CARTESIAN_POINT ( 'NONE',  ( -0.1638887608701494747, -0.4582356813006198126, -1.008370535714230520 ) ) ;
#6750 = CARTESIAN_POINT ( 'NONE',  ( -0.3384969562405224508, 0.3925143617053873379, -0.5588727678571130397 ) ) ;
#6751 = CARTESIAN_POINT ( 'NONE',  ( -0.2532981626307754808, -0.3998877344131628320, -0.5644531249999599209 ) ) ;
#6752 = CARTESIAN_POINT ( 'NONE',  ( -0.4776218835901847592, 0.02339864136642739317, -0.7371651785713742022 ) ) ;
#6753 = CARTESIAN_POINT ( 'NONE',  ( -0.3137435197641636475, 0.4098505026411666807, -0.7068574347716104489 ) ) ;
#6754 = CARTESIAN_POINT ( 'NONE',  ( 0.4723264179154078035, -0.09401474129674841640, -0.8281249999999209521 ) ) ;
#6755 = CARTESIAN_POINT ( 'NONE',  ( -0.1339145028443837759, 0.5006726431489836315, -0.7749584193752409034 ) ) ;
#6756 = CARTESIAN_POINT ( 'NONE',  ( 0.3205290374670734521, -0.3537407240988816870, -0.7103794642856661179 ) ) ;
#6757 = CARTESIAN_POINT ( 'NONE',  ( -0.1719974460943945460, -0.4457158627206121437, -0.7050781249999809042 ) ) ;
#6758 = CARTESIAN_POINT ( 'NONE',  ( 0.4250429496382399086, -0.2994310236850830642, -0.6654575892857332864 ) ) ;
#6759 = CARTESIAN_POINT ( 'NONE',  ( -0.3715093293060670598, 0.3049698217465698913, -0.7979910714286347906 ) ) ;
#6760 = CARTESIAN_POINT ( 'NONE',  ( 0.4437581890995013212, -0.2567431649470746646, -0.5952478307008856051 ) ) ;
#6761 = ORIENTED_EDGE ( 'NONE', *, *, #3101, .T. ) ;
#6762 = DIRECTION ( 'NONE',  ( -0.03112001302226621510, 0.000000000000000000, -0.9995156550997557066 ) ) ;
#6763 = CARTESIAN_POINT ( 'NONE',  ( -0.3169513540897682113, 0.3673332534173934238, -0.9428013392857232944 ) ) ;
#6764 = CARTESIAN_POINT ( 'NONE',  ( 0.4715429913974803489, 0.2372785545042099542, -0.8652343749999144018 ) ) ;
#6765 = CARTESIAN_POINT ( 'NONE',  ( -0.4945805579620060621, 0.1681218089747814337, -0.9066571543915650233 ) ) ;
#6766 = CONICAL_SURFACE ( 'NONE', #1146, 0.5937500000000000000, 1.047197551196600074 ) ;
#6768 = CARTESIAN_POINT ( 'NONE',  ( -0.5224674008142314863, 6.738285284002948599E-05, -0.6919642857142900283 ) ) ;
#6767 = CARTESIAN_POINT ( 'NONE',  ( -0.3857371013499629187, 0.3557505518054429605, -0.9828276297792370997 ) ) ;
#6769 = FACE_OUTER_BOUND ( 'NONE', #4573, .T. ) ;
#6770 = CARTESIAN_POINT ( 'NONE',  ( 6.614941044521686951E-05, -0.4843096404775147912, -0.9330357142856481323 ) ) ;
#6771 = CARTESIAN_POINT ( 'NONE',  ( 0.000000000000000000, 0.000000000000000000, 0.7139999999999999680 ) ) ;
#6772 = CIRCLE ( 'NONE', #3464, 0.3750000000000001110 ) ;
#6773 = ORIENTED_EDGE ( 'NONE', *, *, #6918, .F. ) ;
#6774 = CARTESIAN_POINT ( 'NONE',  ( 0.1577771108784246090, -0.4837910472990456512, -0.4606998265461016429 ) ) ;
#6775 = CARTESIAN_POINT ( 'NONE',  ( 0.2814866492383033547, 0.4443891595950509310, -0.8613281249999824585 ) ) ;
#6776 = CARTESIAN_POINT ( 'NONE',  ( 0.2895387248929011115, -0.3711079519224063650, -0.4969308035714248284 ) ) ;
#6777 = CARTESIAN_POINT ( 'NONE',  ( 0.3598508127973858994, 0.3262392943969985581, -0.9603794642858513031 ) ) ;
#6778 = CARTESIAN_POINT ( 'NONE',  ( 0.1925318237984993963, -0.4344956565676386662, -0.6247209821428612031 ) ) ;
#6779 = CARTESIAN_POINT ( 'NONE',  ( 0.2320863263424990386, -0.4095591057071749641, -0.4986049107142893067 ) ) ;
#6780 = AXIS2_PLACEMENT_3D ( 'NONE', #2438, #7023, #2520 ) ;
#6781 = AXIS2_PLACEMENT_3D ( 'NONE', #6133, #6051, #2076 ) ;
#6782 = CARTESIAN_POINT ( 'NONE',  ( 0.4470767495671167380, 0.1723904667032391536, -0.7681361607142302983 ) ) ;
#6783 = CARTESIAN_POINT ( 'NONE',  ( 0.4314401223141192121, 0.2216079468458880264, -0.4543000000000001481 ) ) ;
#6784 = CARTESIAN_POINT ( 'NONE',  ( 0.4742368389450111188, -0.1065575552800078207, -0.9891183035713528859 ) ) ;
#6785 = CARTESIAN_POINT ( 'NONE',  ( 0.1132916738667307105, -0.5048151914039911148, -0.5287388392856846586 ) ) ;
#6786 = CARTESIAN_POINT ( 'NONE',  ( -0.3348148976637607688, -0.3347288002933207496, -0.5669642857142762615 ) ) ;
#6787 = CARTESIAN_POINT ( 'NONE',  ( 0.3103958872246726508, -0.3597356831763229845, -0.6392299107143332160 ) ) ;
#6788 = DIRECTION ( 'NONE',  ( -0.000000000000000000, -0.000000000000000000, 1.000000000000000000 ) ) ;
#6789 = CARTESIAN_POINT ( 'NONE',  ( -0.1845946737133848659, -0.4454888344142057810, -0.8482142857142915826 ) ) ;
#6790 = CARTESIAN_POINT ( 'NONE',  ( 0.08496733436473595524, 0.5114094371524539051, -0.7798009182688201424 ) ) ;
#6791 = CARTESIAN_POINT ( 'NONE',  ( 0.2462703584609551022, 0.4107574346354283534, -0.7606026785714261607 ) ) ;
#6792 = CARTESIAN_POINT ( 'NONE',  ( 0.4028436464053080646, 0.2551750533722648151, -0.6766183035714326000 ) ) ;
#6793 = CARTESIAN_POINT ( 'NONE',  ( 0.2098074235709646296, -0.4734827420438793566, -0.6001674107143415426 ) ) ;
#6794 = CARTESIAN_POINT ( 'NONE',  ( 0.4792922403170152279, 6.548393016258750702E-05, -0.7544642857143014636 ) ) ;
#6795 = CARTESIAN_POINT ( 'NONE',  ( 0.5114202507491895089, -0.03342528314291279973, -0.5900265922255494289 ) ) ;
#6796 = ORIENTED_EDGE ( 'NONE', *, *, #4643, .F. ) ;
#6797 = CARTESIAN_POINT ( 'NONE',  ( 0.000000000000000000, 0.000000000000000000, -0.3651097518630970762 ) ) ;
#6798 = CARTESIAN_POINT ( 'NONE',  ( 0.4693552607936681831, -0.1174992437764476733, -0.9001116071428558740 ) ) ;
#6799 = CARTESIAN_POINT ( 'NONE',  ( 0.4463259442205625982, -0.2825475932406937840, -0.8769531250000531797 ) ) ;
#6800 = B_SPLINE_CURVE_WITH_KNOTS ( 'NONE', 3,
 ( #1840, #1342, #3154, #728, #4181, #2384, #5328, #3681 ),
 .UNSPECIFIED., .F., .F.,
 ( 4, 2, 2, 4 ),
 ( 0.008810461554733129558, 0.01100478119882384795, 0.01319910084291456807, 0.01758774013109600659 ),
 .UNSPECIFIED. ) ;
#6801 = CARTESIAN_POINT ( 'NONE',  ( -0.3178897498749291839, 0.4147791353402310865, -0.9133531800728218464 ) ) ;
#6802 = ADVANCED_FACE ( 'NONE', ( #1075 ), #5908, .T. ) ;
#6803 = CARTESIAN_POINT ( 'NONE',  ( -0.1691109491081036476, -0.4960071332118934362, -0.9602375519801255033 ) ) ;
#6804 = CARTESIAN_POINT ( 'NONE',  ( -0.2298394215304851995, 0.4671977994880061602, -0.8519459634977585294 ) ) ;
#6805 = CARTESIAN_POINT ( 'NONE',  ( 0.2575175216818807455, -0.4470554225193953402, -0.6726287152062931929 ) ) ;
#6806 = ORIENTED_EDGE ( 'NONE', *, *, #6238, .T. ) ;
#6807 = CARTESIAN_POINT ( 'NONE',  ( 0.5177862888111685047, -0.06823756306178506426, -0.8764896205895481573 ) ) ;
#6808 = CARTESIAN_POINT ( 'NONE',  ( 0.3720687815324905667, 0.3719728032561334663, -0.8638392857142719317 ) ) ;
#6809 = CARTESIAN_POINT ( 'NONE',  ( -0.4311494395997663709, 0.1911817339848484731, -0.5270647321428584275 ) ) ;
#6810 = CARTESIAN_POINT ( 'NONE',  ( 0.4928740899892601890, 0.1317149446895709008, -0.5148878672329880724 ) ) ;
#6811 = CARTESIAN_POINT ( 'NONE',  ( 0.4392078689063064756, 0.2076606879345726797, -0.9637276785714122829 ) ) ;
#6812 = CARTESIAN_POINT ( 'NONE',  ( 0.4202689596618502388, -0.2116133437340096679, -0.4740513392856890440 ) ) ;
#6813 = CARTESIAN_POINT ( 'NONE',  ( -0.3478501295608868449, 0.3153544432224678062, -0.4592633928571309143 ) ) ;
#6814 = CARTESIAN_POINT ( 'NONE',  ( -0.09356332601268327331, -0.4707106898505321046, -0.7924107142856612329 ) ) ;
#6815 = CARTESIAN_POINT ( 'NONE',  ( -0.4609375000000000000, 0.000000000000000000, -0.4542999999999999816 ) ) ;
#6816 = CARTESIAN_POINT ( 'NONE',  ( -0.3574588192975970413, -0.3238980243984549978, -0.8710937500001230127 ) ) ;
#6817 = CARTESIAN_POINT ( 'NONE',  ( -0.08819760480916276346, 0.5086846557991658857, -0.4935825892856881558 ) ) ;
#6818 = CARTESIAN_POINT ( 'NONE',  ( 0.04631384359327390954, -0.4708530371804123260, -0.5569196428570929447 ) ) ;
#6819 = CARTESIAN_POINT ( 'NONE',  ( -0.2532981626303800193, -0.3998877344142227064, -0.5823102678571931978 ) ) ;
#6820 = CARTESIAN_POINT ( 'NONE',  ( -0.4379653548602440161, 0.2728818964987554385, -0.7027612369218153576 ) ) ;
#6821 = CARTESIAN_POINT ( 'NONE',  ( -0.4734057908370298828, 0.08207707631367756884, -0.7921316964286124751 ) ) ;
#6822 = CARTESIAN_POINT ( 'NONE',  ( 0.3420104914176878008, 0.3898630078972218915, -0.7861184011063676591 ) ) ;
#6823 = CARTESIAN_POINT ( 'NONE',  ( -0.03507272388311706568, -0.4763565048480651876, -0.7195870535713527749 ) ) ;
#6824 = CARTESIAN_POINT ( 'NONE',  ( -0.3020895417535044425, 0.3681937274907735591, -0.6573660714285936013 ) ) ;
#6825 = CARTESIAN_POINT ( 'NONE',  ( 0.1501475905300701796, 0.4947406329939270098, -0.5725446428571540070 ) ) ;
#6826 = CARTESIAN_POINT ( 'NONE',  ( -0.3929894983521527996, 0.2766941214612473332, -0.7971540178571389079 ) ) ;
#6827 = ORIENTED_EDGE ( 'NONE', *, *, #5480, .F. ) ;
#6828 = CARTESIAN_POINT ( 'NONE',  ( -0.5108811826941141998, 0.03344796646399146589, -0.5465304298353452772 ) ) ;
#6829 = EDGE_CURVE ( 'NONE', #1581, #3921, #2524, .T. ) ;
#6830 = ORIENTED_EDGE ( 'NONE', *, *, #7307, .F. ) ;
#6831 = ORIENTED_EDGE ( 'NONE', *, *, #5954, .F. ) ;
#6832 = DIRECTION ( 'NONE',  ( -1.000000000000000000, -3.984589072489772316E-16, 0.000000000000000000 ) ) ;
#6833 = CARTESIAN_POINT ( 'NONE',  ( -0.2388598959320527015, -0.4215201947707193919, -0.9210379464285741724 ) ) ;
#6834 = CARTESIAN_POINT ( 'NONE',  ( 0.5121495766112810211, 0.1282165756404964607, -0.8677455357142087600 ) ) ;
#6835 = CARTESIAN_POINT ( 'NONE',  ( -0.2794443044762117134, -0.4062223147898312292, -0.4542999999999996485 ) ) ;
#6836 = DIRECTION ( 'NONE',  ( -1.000000000000000000, 0.000000000000000000, 0.000000000000000000 ) ) ;
#6837 = CARTESIAN_POINT ( 'NONE',  ( -0.06743076786720531013, 0.5164031083951575729, -0.8556645641786466694 ) ) ;
#6838 = CARTESIAN_POINT ( 'NONE',  ( -0.06780388130300953053, -0.5108361815357471691, -0.6800697267316145878 ) ) ;
#6839 = ADVANCED_FACE ( 'NONE', ( #7087 ), #4076, .T. ) ;
#6840 = ORIENTED_EDGE ( 'NONE', *, *, #6600, .F. ) ;
#6841 = CARTESIAN_POINT ( 'NONE',  ( 0.5164178803943846319, -2.369024432005728429E-16, -0.7243586339885632608 ) ) ;
#6842 = CARTESIAN_POINT ( 'NONE',  ( -0.2697986182319207504, -0.4502709455912664027, -0.8253348214285325390 ) ) ;
#6843 = CARTESIAN_POINT ( 'NONE',  ( 0.2719825141073739516, 0.3860800388402212402, -0.5471540178571130397 ) ) ;
#6844 = CARTESIAN_POINT ( 'NONE',  ( -0.5048071105321721985, 0.06674391684122756019, -0.4836357217873623604 ) ) ;
#6845 = CARTESIAN_POINT ( 'NONE',  ( -0.2482600195587558733, 0.4143177069198996088, -0.8733258928570636348 ) ) ;
#6846 = CARTESIAN_POINT ( 'NONE',  ( 0.4347208265671764771, -0.1799976434390296309, -0.4732142857142781489 ) ) ;
#6847 = CARTESIAN_POINT ( 'NONE',  ( -0.4660797668255225457, 0.1168106296406454525, -0.8108258928572231738 ) ) ;
#6848 = DIRECTION ( 'NONE',  ( -0.8660254037844388186, 0.4999999999999996114, 0.000000000000000000 ) ) ;
#6849 = CARTESIAN_POINT ( 'NONE',  ( 0.2689002343732138089, -0.4025497668832420661, -0.9263392857142719317 ) ) ;
#6850 = CARTESIAN_POINT ( 'NONE',  ( -0.5031530654135629721, -0.1130588628321015088, -0.4751674107143254444 ) ) ;
#6851 = CARTESIAN_POINT ( 'NONE',  ( -0.02315311388163183298, -0.4726104944539626929, -0.5585937500000500711 ) ) ;
#6852 = CARTESIAN_POINT ( 'NONE',  ( -0.4735849735130388538, 0.01156109337539030883, -0.5940290178571808744 ) ) ;
#6853 = CARTESIAN_POINT ( 'NONE',  ( 0.000000000000000000, 0.000000000000000000, -0.02500000000000000139 ) ) ;
#6854 = CARTESIAN_POINT ( 'NONE',  ( 0.1502644484417104409, 0.4546606080724525101, -0.7402343750000238698 ) ) ;
#6855 = CARTESIAN_POINT ( 'NONE',  ( 0.3910668866032207536, 0.3423512563423251609, -0.7953954133324953046 ) ) ;
#6856 = CARTESIAN_POINT ( 'NONE',  ( -0.3524164100106821906, -0.3194993482086725400, -0.6568080357142958015 ) ) ;
#6857 = CARTESIAN_POINT ( 'NONE',  ( -0.3446930104326755284, -0.3930883574383254864, -0.8932568836338261598 ) ) ;
#6858 = CARTESIAN_POINT ( 'NONE',  ( 0.02339030370899826752, -0.4747966019349722511, -0.6289062500000086597 ) ) ;
#6859 = CARTESIAN_POINT ( 'NONE',  ( -0.3993852937978163431, 0.3276759250870339146, -0.5591517857142387360 ) ) ;
#6860 = CARTESIAN_POINT ( 'NONE',  ( 0.4535113537610128143, -0.1621990762371659234, -0.8297991071428625354 ) ) ;
#6861 = ORIENTED_EDGE ( 'NONE', *, *, #3101, .F. ) ;
#6862 = CARTESIAN_POINT ( 'NONE',  ( -0.5179822213881732917, -0.06822448440014731996, -0.9092254023705471644 ) ) ;
#6863 = CARTESIAN_POINT ( 'NONE',  ( -0.1328368364522140022, -0.4941909977592620629, -0.5387004985282567437 ) ) ;
#6864 = ORIENTED_EDGE ( 'NONE', *, *, #3552, .F. ) ;
#6865 = ORIENTED_EDGE ( 'NONE', *, *, #1737, .T. ) ;
#6866 = CARTESIAN_POINT ( 'NONE',  ( -0.4837567094008325963, 0.2037877922746969828, -0.9866739011685983218 ) ) ;
#6867 = CARTESIAN_POINT ( 'NONE',  ( 0.1061601979650605154, -0.4724509646741075763, -0.9126674107142667136 ) ) ;
#6868 = CARTESIAN_POINT ( 'NONE',  ( -0.03922638358530525921, 0.5327063074539708509, -1.066127216672906775 ) ) ;
#6869 = FACE_OUTER_BOUND ( 'NONE', #1768, .T. ) ;
#6870 = CARTESIAN_POINT ( 'NONE',  ( -0.5066323080565782178, -0.1353208451055513406, -0.9713923384147998830 ) ) ;
#6871 = DIRECTION ( 'NONE',  ( 0.000000000000000000, 0.000000000000000000, -1.000000000000000000 ) ) ;
#6872 = B_SPLINE_CURVE_WITH_KNOTS ( 'NONE', 3,
 ( #2344, #1068, #5747, #1684, #4636, #1763, #5324, #4601, #5898, #2881, #34, #4751, #2915, #71, #4101, #1646, #6394, #496, #7547, #1798, #4024, #3527, #647, #2308, #2842, #5176, #5863, #2949, #5286, #6930, #4061, #1149, #6468, #6354, #1106, #2380, #4140, #1224, #3564, #3449, #6966, #3490, #5827, #574, #7079, #801, #5365, #4906, #6626, #7118, #4332, #2615, #2499, #3640, #5523, #1375, #840, #5444, #4176, #1836, #1878, #3719, #6667, #4866, #5403, #3149, #6059, #5978, #6588, #7199, #4216, #4829, #1420, #5483, #6507, #227, #6549, #1300, #1954, #3758, #724, #1262, #2539, #4292, #2577, #3603, #1916, #4254, #6098, #109, #5938, #759, #189, #7238, #3109, #1995, #266, #3187, #685, #1338, #3067, #3027, #2457, #4788, #149, #7160, #3677, #6016, #4446, #3225, #3938, #1537, #7357, #6847, #5700, #3299, #3838, #4411, #309, #3908, #6746, #920, #3264, #1500, #3874, #5600, #344, #6178, #6814, #450, #6210, #5634, #954, #6707, #378, #2655, #2763, #4954, #2690, #2080, #7395, #3331, #4992, #5029, #5563, #5096, #2114, #6782, #7428, #418, #5665, #3800, #2184, #7281, #4519, #2725, #5062, #985, #2151, #1600, #6241, #4485, #1567, #6273, #1021, #6137, #3367, #2041, #7323, #4373, #1459, #880, #3553, #3516, #563, #5888, #5202, #7572, #1674, #3439, #1712, #2798, #4050, #3480, #5853, #6382, #4091, #1213, #4703, #2905, #4626, #6919, #4129, #4662, #6423, #485, #22, #6309, #6880, #5127, #6991, #1788, #6956, #7537, #7029, #7462, #1136, #4013, #2259, #5737, #1751, #4591, #4552, #5165, #1057, #2219, #5817, #2833, #7499, #2871, #3401, #5239, #2334, #1177, #1635, #600, #6344, #2939, #3977, #1095, #5775, #5274, #526, #2370, #2296, #6458, #3751, #2486, #7108, #5394, #6579, #1368, #7068, #5474, #634, #220, #139, #3669, #4285, #715, #6619, #7192, #2976, #3140, #7149, #4741, #6007, #5434, #4325, #751, #3097, #5355, #6538, #1413, #3708, #181, #5314, #3058, #6050, #1291, #2570, #1865, #794, #2530, #61, #2407, #1825, #4858, #4899, #1947, #3631, #4205, #7230, #4166, #1906, #1988, #1329, #6495, #4819, #1250, #5968, #6661, #3017, #3592, #5928, #675, #4778, #100, #2447, #4245, #2075, #5056, #3793, #4515, #874, #5517, #6206, #3870, #949, #3902, #1562, #372, #6132, #4480, #1454, #4986, #4366, #6235, #7316, #303, #980, #4406, #7424, #6843, #7388, #1533, #6701, #3220, #3293, #5629, #5557, #6171, #3326, #2650, #6740, #915, #3833, #7275, #2720, #6809, #1494, #2146, #3259, #5660, #411, #5595, #260, #2758, #338, #2685, #1595, #5092, #2180, #4441, #3181, #833, #5024, #7352, #6092, #2609, #2109, #4944, #2035, #6776, #3433, #4045, #1053, #1670, #5848, #5233, #1015, #5811, #3398, #5733, #6377, #594, #5160, #2934, #6269, #6951, #1129, #3362, #6340, #1090, #1170, #2215, #7024, #5197, #4621, #6985, #7532, #7567, #2363, #5269, #3473, #5769, #482, #17, #558, #2328 ),
 .UNSPECIFIED., .F., .F.,
 ( 4, 2, 2, 2, 2, 2, 2, 2, 2, 2, 2, 2, 2, 2, 2, 2, 2, 2, 2, 2, 2, 2, 2, 2, 2, 2, 2, 2, 2, 2, 2, 2, 2, 2, 2, 2, 2, 2, 2, 2, 2, 2, 2, 2, 2, 2, 2, 2, 2, 2, 2, 2, 2, 2, 2, 2, 2, 2, 2, 2, 2, 2, 2, 2, 2, 2, 2, 2, 2, 2, 2, 2, 2, 2, 2, 2, 2, 2, 2, 2, 2, 2, 2, 2, 2, 2, 2, 2, 2, 2, 2, 2, 2, 2, 2, 2, 2, 2, 2, 2, 2, 2, 2, 2, 2, 2, 2, 2, 2, 2, 2, 2, 2, 2, 2, 2, 2, 2, 2, 2, 2, 2, 2, 2, 2, 2, 2, 2, 2, 2, 2, 2, 2, 2, 2, 2, 2, 2, 2, 2, 2, 2, 2, 2, 2, 2, 2, 2, 2, 2, 2, 2, 2, 2, 2, 2, 2, 2, 2, 2, 2, 2, 2, 2, 2, 2, 2, 2, 2, 2, 2, 2, 2, 2, 2, 2, 2, 2, 2, 2, 2, 2, 2, 2, 2, 2, 2, 2, 2, 2, 2, 2, 2, 2, 2, 2, 2, 2, 2, 4 ),
 ( 0.1390009912268413972, 0.1406250000000000000, 0.1445312500000000000, 0.1484375000000000000, 0.1523437500000000000, 0.1562500000000000000, 0.1601562500000000000, 0.1640625000000000000, 0.1679687500000000000, 0.1718750000000000000, 0.1757812500000000000, 0.1796875000000000000, 0.1835937500000000000, 0.1875000000000000000, 0.1914062500000000000, 0.1953125000000000000, 0.1992187500000000000, 0.2031250000000000000, 0.2070312500000000000, 0.2109375000000000000, 0.2148437500000000000, 0.2187500000000000000, 0.2226562500000000000, 0.2265625000000000000, 0.2304687500000000000, 0.2343750000000000000, 0.2382812500000000000, 0.2421875000000000000, 0.2460937500000000000, 0.2500000000000000000, 0.2539062500000000000, 0.2578125000000000000, 0.2617187500000000000, 0.2656250000000000000, 0.2695312500000000000, 0.2734375000000000000, 0.2773437500000000000, 0.2812500000000000000, 0.2851562500000000000, 0.2890625000000000000, 0.2929687500000000000, 0.2968750000000000000, 0.3007812500000000000, 0.3046875000000000000, 0.3085937500000000000, 0.3125000000000000000, 0.3164062500000000000, 0.3203125000000000000, 0.3242187500000000000, 0.3281250000000000000, 0.3320312500000000000, 0.3359375000000000000, 0.3398437500000000000, 0.3437500000000000000, 0.3476562500000000000, 0.3515625000000000000, 0.3554687500000000000, 0.3593750000000000000, 0.3632812500000000000, 0.3671875000000000000, 0.3710937500000000000, 0.3750000000000000000, 0.3789062500000000000, 0.3828125000000000000, 0.3867187500000000000, 0.3906250000000000000, 0.3945312500000000000, 0.3984375000000000000, 0.4023437500000000000, 0.4062500000000000000, 0.4101562500000000000, 0.4140625000000000000, 0.4179687500000000000, 0.4218750000000000000, 0.4257812500000000000, 0.4296875000000000000, 0.4335937500000000000, 0.4375000000000000000, 0.4414062500000000000, 0.4453125000000000000, 0.4492187500000000000, 0.4531250000000000000, 0.4570312500000000000, 0.4609375000000000000, 0.4648437500000000000, 0.4687500000000000000, 0.4726562500000000000, 0.4765625000000000000, 0.4804687500000000000, 0.4843750000000000000, 0.4882812500000000000, 0.4921875000000000000, 0.4960937500000000000, 0.5000000000000000000, 0.5039062500000000000, 0.5078125000000000000, 0.5117187500000000000, 0.5156250000000000000, 0.5195312500000000000, 0.5234375000000000000, 0.5273437500000000000, 0.5312500000000000000, 0.5351562500000000000, 0.5390625000000000000, 0.5429687500000000000, 0.5468750000000000000, 0.5507812500000000000, 0.5546875000000000000, 0.5585937500000000000, 0.5625000000000000000, 0.5664062500000000000, 0.5703125000000000000, 0.5742187500000000000, 0.5781250000000000000, 0.5820312500000000000, 0.5859375000000000000, 0.5898437500000000000, 0.5937500000000000000, 0.5976562500000000000, 0.6015625000000000000, 0.6054687500000000000, 0.6093750000000000000, 0.6132812500000000000, 0.6171875000000000000, 0.6210937500000000000, 0.6250000000000000000, 0.6289062500000000000, 0.6328125000000000000, 0.6367187500000000000, 0.6406250000000000000, 0.6445312500000000000, 0.6484375000000000000, 0.6523437500000000000, 0.6562500000000000000, 0.6601562500000000000, 0.6640625000000000000, 0.6679687500000000000, 0.6718750000000000000, 0.6757812500000000000, 0.6796875000000000000, 0.6835937500000000000, 0.6875000000000000000, 0.6914062500000000000, 0.6953125000000000000, 0.6992187500000000000, 0.7031250000000000000, 0.7070312500000000000, 0.7109375000000000000, 0.7148437500000000000, 0.7187500000000000000, 0.7226562500000000000, 0.7265625000000000000, 0.7304687500000000000, 0.7343750000000000000, 0.7382812500000000000, 0.7421875000000000000, 0.7460937500000000000, 0.7500000000000000000, 0.7539062500000000000, 0.7578125000000000000, 0.7617187500000000000, 0.7656250000000000000, 0.7695312500000000000, 0.7734375000000000000, 0.7773437500000000000, 0.7812500000000000000, 0.7851562500000000000, 0.7890624999999998890, 0.7929687500000000000, 0.7968750000000000000, 0.8007812500000000000, 0.8046875000000001110, 0.8085937500000000000, 0.8125000000000000000, 0.8164062500000000000, 0.8203125000000001110, 0.8242187500000000000, 0.8281250000000000000, 0.8320312500000000000, 0.8359375000000001110, 0.8398437500000000000, 0.8437500000000000000, 0.8476562500000000000, 0.8515625000000001110, 0.8554687500000000000, 0.8593750000000000000, 0.8632812500000000000, 0.8671875000000000000, 0.8710937500000000000, 0.8750000000000000000, 0.8789062499999998890, 0.8828125000000000000, 0.8867187500000000000, 0.8906250000000000000, 0.8945312499999998890, 0.8984375000000000000, 0.9023437500000000000, 0.9062500000000000000, 0.9101562499999998890, 0.9113666666666778715 ),
 .UNSPECIFIED. ) ;
#6873 = CARTESIAN_POINT ( 'NONE',  ( 0.4624938993939741727, -0.2281222712437468991, -0.6659244570135758323 ) ) ;
#6874 = ORIENTED_EDGE ( 'NONE', *, *, #4941, .F. ) ;
#6875 = DIRECTION ( 'NONE',  ( 0.000000000000000000, 0.000000000000000000, -1.000000000000000000 ) ) ;
#6876 = CARTESIAN_POINT ( 'NONE',  ( 0.5219354009553363039, 7.113983731078590291E-05, -0.7299107142857298447 ) ) ;
#6877 = CARTESIAN_POINT ( 'NONE',  ( 0.3184769734320853640, -0.4160316825011772801, -0.9568576115950829797 ) ) ;
#6878 = CARTESIAN_POINT ( 'NONE',  ( -0.5088764429960539459, -2.865239008979901257E-15, -0.4821420020034484777 ) ) ;
#6879 = CARTESIAN_POINT ( 'NONE',  ( -0.3336346350719501253, 0.3335434384839722766, -0.5133928571428462151 ) ) ;
#6880 = CARTESIAN_POINT ( 'NONE',  ( 0.4531120607669515965, -0.1496193367726274537, -0.7045200892857036434 ) ) ;
#6881 = CARTESIAN_POINT ( 'NONE',  ( 7.645500535634138945E-17, -0.6856034446626805279, -0.9999999999999998890 ) ) ;
#6882 = CONICAL_SURFACE ( 'NONE', #289, 0.3975000000000000755, 0.09425767512363275591 ) ;
#6883 = CARTESIAN_POINT ( 'NONE',  ( -0.3578484820820800327, 0.3242459349344320452, -0.8878348214285871620 ) ) ;
#6884 = B_SPLINE_CURVE_WITH_KNOTS ( 'NONE', 3,
 ( #666, #626, #3582, #591, #3468, #1702, #53, #6910, #2397, #1665, #7527, #6485, #3429, #5764, #7058, #6982, #4157, #1740, #4616, #6947, #4041, #6373, #1123, #5807, #554, #4080, #6413, #1167, #3507, #2931, #4884, #5462, #2436, #2518, #4846, #4926, #5957, #3205, #1355, #781, #3167, #1935, #3696, #1854, #2557, #4311, #6646, #1281, #3738, #4233, #7257, #2474 ),
 .UNSPECIFIED., .F., .F.,
 ( 4, 2, 2, 2, 2, 2, 2, 2, 2, 2, 2, 2, 2, 2, 2, 2, 2, 2, 2, 2, 2, 2, 2, 2, 2, 4 ),
 ( 0.1957508739160660483, 0.1970386803852833546, 0.1983264868545006887, 0.1996142933237179951, 0.2009020997929353292, 0.2034777127313699696, 0.2047655192005872760, 0.2060533256698046101, 0.2086289386082392505, 0.2099167450774565569, 0.2112045515466738910, 0.2137801644851085037, 0.2150679709543258378, 0.2163557774235431719, 0.2176435838927604782, 0.2189313903619777846, 0.2215070033004124250, 0.2227948097696297591, 0.2240826162388470655, 0.2266582291772817059, 0.2279460356464990123, 0.2292338421157163464, 0.2318094550541509868, 0.2343850679925856273, 0.2356728744618029336, 0.2369606809310202677 ),
 .UNSPECIFIED. ) ;
#6885 = ADVANCED_FACE ( 'NONE', ( #617 ), #3226, .F. ) ;
#6886 = CARTESIAN_POINT ( 'NONE',  ( 0.5166601983111961394, 4.492609395830682718E-15, -0.7321414247988070612 ) ) ;
#6887 = CARTESIAN_POINT ( 'NONE',  ( 0.1450943686525119070, 0.4649225476248158295, -0.9532920361091430372 ) ) ;
#6888 = CARTESIAN_POINT ( 'NONE',  ( 0.03495259396883020758, 0.4730116279559948289, -0.6124441964286050366 ) ) ;
#6889 = CARTESIAN_POINT ( 'NONE',  ( -0.4100137971325068520, -0.2456811311634665707, -0.7126116071427548437 ) ) ;
#6890 = CARTESIAN_POINT ( 'NONE',  ( -0.5175532025261150304, 0.03408487181290704993, -0.7608230224653199647 ) ) ;
#6891 = AXIS2_PLACEMENT_3D ( 'NONE', #5923, #7025, #7568 ) ;
#6892 = CARTESIAN_POINT ( 'NONE',  ( 0.4342580315066545404, -0.1924223430809125779, -0.6342075892857251818 ) ) ;
#6893 = DIRECTION ( 'NONE',  ( -1.000000000000000000, 0.000000000000000000, 0.000000000000000000 ) ) ;
#6894 = CARTESIAN_POINT ( 'NONE',  ( 0.3504122916783817820, -0.3175079610812394648, -0.5485491071428708620 ) ) ;
#6895 = CARTESIAN_POINT ( 'NONE',  ( -7.047436344532723607E-05, 0.5169180007907511198, -0.5691964285714523619 ) ) ;
#6896 = CARTESIAN_POINT ( 'NONE',  ( -0.2688509857113995927, 0.4484121627248807140, -0.7036830357143626369 ) ) ;
#6897 = CARTESIAN_POINT ( 'NONE',  ( 0.4490383851322731767, 0.1607377214942241062, -0.6791294642856882113 ) ) ;
#6898 = ORIENTED_EDGE ( 'NONE', *, *, #1828, .T. ) ;
#6899 = CARTESIAN_POINT ( 'NONE',  ( -0.2156754735929352074, -0.4754661205505545385, -0.8976974807319905159 ) ) ;
#6900 = DIRECTION ( 'NONE',  ( -0.000000000000000000, -0.000000000000000000, -1.000000000000000000 ) ) ;
#6901 = CARTESIAN_POINT ( 'NONE',  ( -0.03569212702373049384, -0.4830191406438607560, -0.9338727678571541180 ) ) ;
#6902 = ORIENTED_EDGE ( 'NONE', *, *, #2307, .F. ) ;
#6903 = EDGE_LOOP ( 'NONE', ( #6048, #2920, #5881, #128 ) ) ;
#6904 = CARTESIAN_POINT ( 'NONE',  ( -0.5937500000000000000, 0.000000000000000000, 0.000000000000000000 ) ) ;
#6905 = CARTESIAN_POINT ( 'NONE',  ( 0.07099371545278565510, -0.4790254437948837651, -0.9135044642857126362 ) ) ;
#6906 = CARTESIAN_POINT ( 'NONE',  ( 0.3430002260957159543, -0.3181877138540118444, -0.4236813999072550074 ) ) ;
#6907 = CARTESIAN_POINT ( 'NONE',  ( -0.4727772778029194489, -0.05856408029647747898, -0.4543000000000000371 ) ) ;
#6908 = CARTESIAN_POINT ( 'NONE',  ( -0.3169513540897682113, 0.3673332534173934238, -0.9428013392857232944 ) ) ;
#6909 = CARTESIAN_POINT ( 'NONE',  ( 0.4238836818968337861, 0.3032091751543864455, -0.8679389965972277299 ) ) ;
#6910 = CARTESIAN_POINT ( 'NONE',  ( -0.4864228348666766455, 0.1652137453445286508, -0.6287223706999448547 ) ) ;
#6911 = VERTEX_POINT ( 'NONE', #5453 ) ;
#6912 = CARTESIAN_POINT ( 'NONE',  ( 0.4633263326932073323, -0.2290627025208117340, -0.7295775157494930330 ) ) ;
#6913 = CARTESIAN_POINT ( 'NONE',  ( -0.3113263414204083257, -0.4198945745085959080, -0.7550223214285196605 ) ) ;
#6914 = CARTESIAN_POINT ( 'NONE',  ( 0.2763749550812478750, -0.4451524267282822023, -0.9579685479174105955 ) ) ;
#6915 = CARTESIAN_POINT ( 'NONE',  ( 0.4969149503068855944, 0.1155714094520441382, -0.5152595769026191430 ) ) ;
#6916 = DIRECTION ( 'NONE',  ( 1.000000000000000000, 0.000000000000000000, 0.000000000000000000 ) ) ;
#6917 = CARTESIAN_POINT ( 'NONE',  ( -0.3081161506738977485, 0.3572851186956573777, -0.5142299107143043502 ) ) ;
#6918 = EDGE_CURVE ( 'NONE', #5298, #2106, #774, .T. ) ;
#6919 = CARTESIAN_POINT ( 'NONE',  ( 0.2352744658835364544, -0.4154421048274537509, -0.7128906249999705791 ) ) ;
#6920 = CARTESIAN_POINT ( 'NONE',  ( 0.4899922450921273542, 0.1842307878220429684, -0.9423406760150619954 ) ) ;
#6921 = CARTESIAN_POINT ( 'NONE',  ( 0.4814516071722034218, -0.04748139822703993651, -0.9162946428571727697 ) ) ;
#6922 = CARTESIAN_POINT ( 'NONE',  ( 0.5158409998576124478, -0.03404326854789618134, -0.7328902116952874524 ) ) ;
#6923 = CARTESIAN_POINT ( 'NONE',  ( 0.1031051456123999038, -0.4594243602584806574, -0.4840959821428695853 ) ) ;
#6924 = CARTESIAN_POINT ( 'NONE',  ( -0.2138698181045677882, -0.4247503242133304213, -0.6526227678570818425 ) ) ;
#6925 = CARTESIAN_POINT ( 'NONE',  ( -0.4426800534450456848, 0.1529625913285260208, -0.4542999999999933758 ) ) ;
#6926 = CARTESIAN_POINT ( 'NONE',  ( -0.4802700020642184375, 0.01185179087692487740, -0.7904575892856735564 ) ) ;
#6927 = CARTESIAN_POINT ( 'NONE',  ( -0.1824892445890864412, 0.4852991397830468401, -0.7816259157392769774 ) ) ;
#6928 = CARTESIAN_POINT ( 'NONE',  ( 0.4677923166201054528, 0.08110769772054682303, -0.6275111607142471737 ) ) ;
#6929 = ADVANCED_FACE ( 'NONE', ( #5947 ), #4302, .F. ) ;
#6930 = CARTESIAN_POINT ( 'NONE',  ( 0.4814516071700096767, -0.04748139823361735568, -0.9162946428571231428 ) ) ;
#6931 = CARTESIAN_POINT ( 'NONE',  ( 0.1038681288543828046, 0.4628416678418338925, -0.5962611607143143422 ) ) ;
#6932 = CARTESIAN_POINT ( 'NONE',  ( -0.4986545857552009964, -0.1248381585275960826, -0.4771205357143155634 ) ) ;
#6933 = CARTESIAN_POINT ( 'NONE',  ( -0.1640954200095780524, 0.4964967234753344116, -0.7061941964286133633 ) ) ;
#6934 = CARTESIAN_POINT ( 'NONE',  ( -0.4503193243507676580, 0.1611921751574344752, -0.7226562500000384137 ) ) ;
#6935 = ORIENTED_EDGE ( 'NONE', *, *, #2218, .F. ) ;
#6936 = CARTESIAN_POINT ( 'NONE',  ( -0.5130587459178521659, -0.03362649670275232039, -0.6164696207509160475 ) ) ;
#6937 = CARTESIAN_POINT ( 'NONE',  ( 0.3841130104713312843, -0.3375144718811296518, -0.5260493851776457674 ) ) ;
#6938 = CARTESIAN_POINT ( 'NONE',  ( 0.2070617951746782093, -0.4376407160475773162, -0.9280133928570656332 ) ) ;
#6939 = CONICAL_SURFACE ( 'NONE', #5842, 0.5937500000000000000, 1.047197551196600074 ) ;
#6940 = ORIENTED_EDGE ( 'NONE', *, *, #4584, .T. ) ;
#6941 = EDGE_LOOP ( 'NONE', ( #830, #6168, #5514, #7180 ) ) ;
#6942 = CARTESIAN_POINT ( 'NONE',  ( -0.4617732437650328703, -0.1400125021610792997, -0.8582589285715330751 ) ) ;
#6943 = CARTESIAN_POINT ( 'NONE',  ( -0.3900332104236564068, -0.2605393398048353459, -0.4441964285714783411 ) ) ;
#6944 = CARTESIAN_POINT ( 'NONE',  ( -0.2716802226200511483, 0.5287487949994966741, -0.9750000000000001998 ) ) ;
#6945 = CARTESIAN_POINT ( 'NONE',  ( 0.07099371545278565510, -0.4790254437948837651, -0.9135044642857126362 ) ) ;
#6946 = CARTESIAN_POINT ( 'NONE',  ( 0.000000000000000000, 0.000000000000000000, 1.189999999999999947 ) ) ;
#6947 = CARTESIAN_POINT ( 'NONE',  ( -0.2267765493907372698, 0.4612647043490790133, -0.6376612207545230282 ) ) ;
#6948 = CARTESIAN_POINT ( 'NONE',  ( -0.4501240530719149979, 0.1865153644432057667, -1.026785714285733286 ) ) ;
#6949 = CARTESIAN_POINT ( 'NONE',  ( 0.000000000000000000, 0.000000000000000000, -0.9999999999999998890 ) ) ;
#6950 = CARTESIAN_POINT ( 'NONE',  ( 0.3868772319357120515, -0.3507359765423585518, -0.7382812499999487077 ) ) ;
#6951 = CARTESIAN_POINT ( 'NONE',  ( 0.3070812969312137208, 0.3559000411841568012, -0.4768415178571533963 ) ) ;
#6953 = CARTESIAN_POINT ( 'NONE',  ( 0.4999136707561817050, -0.1652206984254271371, -0.8763950892856825492 ) ) ;
#6952 = CARTESIAN_POINT ( 'NONE',  ( -0.5066808495819957736, -0.06697428518820044974, -0.5442935731940372612 ) ) ;
#6954 = CARTESIAN_POINT ( 'NONE',  ( 0.000000000000000000, 0.000000000000000000, 0.4759999999999999787 ) ) ;
#6955 = CARTESIAN_POINT ( 'NONE',  ( -0.02310068391312133235, 0.4714621452966046844, -0.5217633928571532298 ) ) ;
#6956 = CARTESIAN_POINT ( 'NONE',  ( 0.4734233489828735819, 0.05845687711966641303, -0.6994977678571436819 ) ) ;
#6957 = CARTESIAN_POINT ( 'NONE',  ( 0.01649043592766031088, -0.5194481655396087083, -0.8210667589648583675 ) ) ;
#6958 = CARTESIAN_POINT ( 'NONE',  ( 0.1061601979649027250, -0.4724509646755122305, -0.9305245535715729321 ) ) ;
#6959 = CARTESIAN_POINT ( 'NONE',  ( -0.2650315535382338217, -0.4420491848379821676, -0.4659598214285349815 ) ) ;
#6960 = CARTESIAN_POINT ( 'NONE',  ( -0.2899235828031047069, -0.3714042740874503035, -0.4941406250000165978 ) ) ;
#6961 = CARTESIAN_POINT ( 'NONE',  ( -0.4210236651268282060, -0.2118576603361509714, -0.5170200892856648967 ) ) ;
#6962 = CARTESIAN_POINT ( 'NONE',  ( -0.2318564133009313188, 0.4072345051598734167, -0.4542999999999999816 ) ) ;
#6963 = CARTESIAN_POINT ( 'NONE',  ( 0.1835202996551062171, -0.4432184573227712088, -0.7678571428571892010 ) ) ;
#6964 = CARTESIAN_POINT ( 'NONE',  ( 0.1347340632232033319, 0.5017468781392476762, -0.7886964480321722037 ) ) ;
#6965 = CARTESIAN_POINT ( 'NONE',  ( -0.01163253913514769415, 0.4763543595772118944, -0.6827566964285799456 ) ) ;
#6966 = CARTESIAN_POINT ( 'NONE',  ( 0.2278002832189494065, 0.4263244157830852199, -0.9029017857142829229 ) ) ;
#6967 = CARTESIAN_POINT ( 'NONE',  ( -0.3664180967904382968, 0.3006277624379900537, -0.5837053571428103549 ) ) ;
#6968 = CARTESIAN_POINT ( 'NONE',  ( 0.4931796597962254669, -0.1495309860271815394, -0.5189732142857459429 ) ) ;
#6969 = CARTESIAN_POINT ( 'NONE',  ( -0.01287581398229464998, -0.5217597786674581517, -0.6743861607142046521 ) ) ;
#6970 = CARTESIAN_POINT ( 'NONE',  ( 0.2652894227223224766, -0.3969162600433007726, -0.6941964285714095073 ) ) ;
#6971 = ORIENTED_EDGE ( 'NONE', *, *, #5446, .F. ) ;
#6972 = CARTESIAN_POINT ( 'NONE',  ( -0.4151706398208241944, -0.3182165900211957332, -0.9032763811347241933 ) ) ;
#6973 = CARTESIAN_POINT ( 'NONE',  ( 0.000000000000000000, 0.000000000000000000, -0.9749999999999998668 ) ) ;
#6974 = CARTESIAN_POINT ( 'NONE',  ( 0.4085639924116972743, 0.2586466473159105273, -0.9087611607142879189 ) ) ;
#6975 = EDGE_LOOP ( 'NONE', ( #5616, #2791, #1398, #5009, #543, #2032 ) ) ;
#6976 = ORIENTED_EDGE ( 'NONE', *, *, #3238, .F. ) ;
#6977 = CARTESIAN_POINT ( 'NONE',  ( 0.4299875910498361931, 0.2163682314201359203, -0.8205915178571653312 ) ) ;
#6978 = CARTESIAN_POINT ( 'NONE',  ( -0.5329603919201980622, -0.02611372269018971681, -1.048549107142935366 ) ) ;
#6979 = CARTESIAN_POINT ( 'NONE',  ( -0.4745592273822881180, -0.006053350978734313090, -0.4543000000000001481 ) ) ;
#6980 = CARTESIAN_POINT ( 'NONE',  ( 0.5063483812953833985, -0.1360391137471306522, -0.9416306807085721431 ) ) ;
#6981 = LINE ( 'NONE', #4118, #1877 ) ;
#6982 = CARTESIAN_POINT ( 'NONE',  ( -0.3389814793908586532, 0.3873433605095488730, -0.6346829695314918363 ) ) ;
#6983 = ORIENTED_EDGE ( 'NONE', *, *, #4941, .T. ) ;
#6984 = CARTESIAN_POINT ( 'NONE',  ( 0.3409428925115396414, -0.3897576629689838423, -0.7340486435897056738 ) ) ;
#6985 = CARTESIAN_POINT ( 'NONE',  ( -0.1796813774580017786, 0.4339470013548230032, -0.4642857142857243491 ) ) ;
#6986 = AXIS2_PLACEMENT_3D ( 'NONE', #7276, #3670, #2487 ) ;
#6988 = CARTESIAN_POINT ( 'NONE',  ( -0.5273409416690989504, -0.01301739325227536763, -0.9082031249998568923 ) ) ;
#6987 = CARTESIAN_POINT ( 'NONE',  ( -0.1337681695250483860, -0.4982921151080994537, -0.6737718156128477132 ) ) ;
#6989 = CARTESIAN_POINT ( 'NONE',  ( 7.726769008014644924E-17, -0.6856034446626805279, -0.07803161100199271227 ) ) ;
#6990 = CARTESIAN_POINT ( 'NONE',  ( 0.3559368980513407665, 0.3071181537983985743, -0.4606584821428466592 ) ) ;
#6991 = CARTESIAN_POINT ( 'NONE',  ( 0.4748061646816167936, -0.04669881725044397469, -0.7020089285713577709 ) ) ;
#6992 = CARTESIAN_POINT ( 'NONE',  ( -3.506341393428179785E-18, -4.928547240401228113E-20, 0.004529409175434031751 ) ) ;
#6993 = CARTESIAN_POINT ( 'NONE',  ( 0.3407312515461496383, -0.3406381727240969659, -0.8526785714285712858 ) ) ;
#6994 = AXIS2_PLACEMENT_3D ( 'NONE', #732, #5411, #6597 ) ;
#6995 = CARTESIAN_POINT ( 'NONE',  ( -0.5272311516948574583, 0.05185520713695573186, -0.9810267857142085379 ) ) ;
#6996 = CARTESIAN_POINT ( 'NONE',  ( -0.4962655358596719246, -0.3990844039445653468, -0.04850658121156119218 ) ) ;
#6997 = CARTESIAN_POINT ( 'NONE',  ( 0.08077196733911781723, 0.4651452488077771341, -0.5421316964285702866 ) ) ;
#6998 = CARTESIAN_POINT ( 'NONE',  ( -0.2831916921919710450, 0.3733008952560600835, -0.4543000000000000371 ) ) ;
#6999 = CARTESIAN_POINT ( 'NONE',  ( 0.1932156002030955000, 0.4357361260985493367, -0.6699218749999611422 ) ) ;
#7000 = CARTESIAN_POINT ( 'NONE',  ( 0.3159431671288321364, 0.4115487705774276694, -0.7931555604581861374 ) ) ;
#7001 = CARTESIAN_POINT ( 'NONE',  ( -0.3017863023630408259, -0.3676312486966568649, -0.6551339285714182781 ) ) ;
#7002 = FACE_BOUND ( 'NONE', #4111, .T. ) ;
#7003 = CARTESIAN_POINT ( 'NONE',  ( -0.4735849735139112671, 0.01156109337558361254, -0.5761718749999706901 ) ) ;
#7004 = CARTESIAN_POINT ( 'NONE',  ( 0.4805731894128745241, 0.1854528148407713628, -0.5114397321428821863 ) ) ;
#7005 = CARTESIAN_POINT ( 'NONE',  ( 0.4844353326497793377, -0.1869390937338534509, -0.5890066964285537443 ) ) ;
#7006 = CARTESIAN_POINT ( 'NONE',  ( 0.3983775813983078118, 0.2661132695171368190, -0.7477678571428353349 ) ) ;
#7007 = ORIENTED_EDGE ( 'NONE', *, *, #4882, .T. ) ;
#7008 = CARTESIAN_POINT ( 'NONE',  ( -0.3387317532398982922, -0.3853392028780117662, -0.6075580788135047650 ) ) ;
#7009 = AXIS2_PLACEMENT_3D ( 'NONE', #807, #4717, #5407 ) ;
#7010 = CARTESIAN_POINT ( 'NONE',  ( 0.09148806802139204664, -0.4596131664333232836, -0.4308035714285931572 ) ) ;
#7011 = CARTESIAN_POINT ( 'NONE',  ( -0.08360689036922319683, -0.5039889505347705523, -0.5375830475841830713 ) ) ;
#7012 = CARTESIAN_POINT ( 'NONE',  ( -0.3745768300503165560, -0.3074928875226214386, -0.9430803571428761911 ) ) ;
#7013 = ORIENTED_EDGE ( 'NONE', *, *, #705, .T. ) ;
#7014 = AXIS2_PLACEMENT_3D ( 'NONE', #5871, #2956, #7048 ) ;
#7015 = CARTESIAN_POINT ( 'NONE',  ( 0.4791624125910696752, 0.04725947178494150497, -0.8247767857141705683 ) ) ;
#7016 = CARTESIAN_POINT ( 'NONE',  ( -0.4577649380134500290, -0.1028602942566545358, -0.4483816964286110318 ) ) ;
#7017 = CARTESIAN_POINT ( 'NONE',  ( 1.839405667042604025E-17, 0.6856034446626805279, -0.9219683889980070379 ) ) ;
#7018 = CARTESIAN_POINT ( 'NONE',  ( 0.1679561336091485169, -0.4970495794044066939, -0.9527991527505872416 ) ) ;
#7019 = DIRECTION ( 'NONE',  ( -0.5000000000000001110, 0.8660254037844385966, 0.000000000000000000 ) ) ;
#7020 = CARTESIAN_POINT ( 'NONE',  ( 0.04856486586396836780, 0.6575645062829602594, -0.9381566776193391854 ) ) ;
#7021 = ORIENTED_EDGE ( 'NONE', *, *, #1126, .T. ) ;
#7022 = EDGE_CURVE ( 'NONE', #5148, #6303, #5251, .T. ) ;
#7023 = DIRECTION ( 'NONE',  ( 0.000000000000000000, 0.000000000000000000, -1.000000000000000000 ) ) ;
#7024 = CARTESIAN_POINT ( 'NONE',  ( -0.01159382819156636740, 0.4696631451013165703, -0.4684709821428765797 ) ) ;
#7026 = CARTESIAN_POINT ( 'NONE',  ( -0.4075368509231300784, -0.3345497943192520252, -0.9006696428571134838 ) ) ;
#7025 = DIRECTION ( 'NONE',  ( -0.000000000000000000, -0.000000000000000000, -1.000000000000000000 ) ) ;
#7027 = CARTESIAN_POINT ( 'NONE',  ( -0.5197538316029363115, -4.076429428045892694E-16, -0.8315030447319246010 ) ) ;
#7028 = CARTESIAN_POINT ( 'NONE',  ( -0.2974452718838122012, -0.3625391718449531009, -0.4229910714285530782 ) ) ;
#7029 = CARTESIAN_POINT ( 'NONE',  ( 0.4490383851286839367, 0.1607377214992470049, -0.6969866071428730825 ) ) ;
#7030 = CARTESIAN_POINT ( 'NONE',  ( -0.3169552017695623780, -0.4121766097812927243, -0.8288807765170898012 ) ) ;
#7031 = CARTESIAN_POINT ( 'NONE',  ( -0.2859283831545610388, -0.3856398974966390725, -0.7974330357142896952 ) ) ;
#7032 = CARTESIAN_POINT ( 'NONE',  ( -0.4651808041021936457, -0.2295389291159319056, -0.7626425332397155366 ) ) ;
#7033 = CARTESIAN_POINT ( 'NONE',  ( 0.3832693943056273422, -0.2991857459286927923, -0.9762834821429118293 ) ) ;
#7034 = CARTESIAN_POINT ( 'NONE',  ( 0.1483284184281550011, -0.4491904474394193825, -0.5722656250000430767 ) ) ;
#7035 = APPROVAL_ROLE ( '' ) ;
#7036 = CARTESIAN_POINT ( 'NONE',  ( 0.4597054987791849845, 0.1271539910589370992, -0.6799665178571421276 ) ) ;
#7037 = CARTESIAN_POINT ( 'NONE',  ( -0.4827507160686246301, 0.1639916065712660187, -0.4780790068353685252 ) ) ;
#7038 = CARTESIAN_POINT ( 'NONE',  ( -0.1039602621665040999, 0.4626602802332986930, -0.6090959821428444387 ) ) ;
#7039 = LINE ( 'NONE', #7582, #1527 ) ;
#7040 = CARTESIAN_POINT ( 'NONE',  ( 0.4071485967290752739, 0.3122139620513653679, -0.5818452699583394061 ) ) ;
#7041 = CARTESIAN_POINT ( 'NONE',  ( -0.3348148976637607688, -0.3347288002933207496, -0.5669642857142762615 ) ) ;
#7042 = CARTESIAN_POINT ( 'NONE',  ( -0.4145208221801945370, -0.3075172059180553141, -0.5440848214285811668 ) ) ;
#7043 = CARTESIAN_POINT ( 'NONE',  ( 0.000000000000000000, 0.000000000000000000, -0.9999999999999998890 ) ) ;
#7044 = CARTESIAN_POINT ( 'NONE',  ( 0.4815637923199501680, 0.1993974993307994215, -0.6517857142856842145 ) ) ;
#7045 = CARTESIAN_POINT ( 'NONE',  ( -0.3382761674120557949, 0.3383632059045425522, -0.7276785714285664008 ) ) ;
#7046 = ORIENTED_EDGE ( 'NONE', *, *, #3809, .T. ) ;
#7047 = CARTESIAN_POINT ( 'NONE',  ( -0.4268017964446743640, 0.3026941053673252169, -0.9901703065026079553 ) ) ;
#7048 = DIRECTION ( 'NONE',  ( -1.000000000000000000, 0.000000000000000000, 0.000000000000000000 ) ) ;
#7049 = CARTESIAN_POINT ( 'NONE',  ( -0.1182740753388134419, -0.5059136795472840564, -0.8162571629395986017 ) ) ;
#7050 = CARTESIAN_POINT ( 'NONE',  ( 0.3869074686933475782, -0.2870273039037423701, -0.8510044642857149677 ) ) ;
#7051 = VERTEX_POINT ( 'NONE', #4836 ) ;
#7052 = CARTESIAN_POINT ( 'NONE',  ( -0.3228693212955043301, 0.3561336114055151936, -0.7996651785713655425 ) ) ;
#7053 = CARTESIAN_POINT ( 'NONE',  ( -0.5122123442059488552, 0.1418194020504630892, -0.9807477678572500412 ) ) ;
#7054 = CARTESIAN_POINT ( 'NONE',  ( -0.4776796085717734952, -0.08282195479047103903, -0.9310825892858572983 ) ) ;
#7055 = CONICAL_SURFACE ( 'NONE', #1062, 0.3975000000000000755, 0.09425767512363275591 ) ;
#7056 = EDGE_CURVE ( 'NONE', #1843, #1689, #6166, .T. ) ;
#7057 = CARTESIAN_POINT ( 'NONE',  ( 0.5143571760757121858, 0.08495478978302024864, -0.8731372001812727213 ) ) ;
#7058 = CARTESIAN_POINT ( 'NONE',  ( -0.3746790469113630562, 0.3516737257791324178, -0.6335684416796685259 ) ) ;
#7059 = ORIENTED_EDGE ( 'NONE', *, *, #4422, .F. ) ;
#7060 = CARTESIAN_POINT ( 'NONE',  ( 0.06734719564873695163, 0.5095279485485018078, -0.6365667358067408355 ) ) ;
#7061 = CARTESIAN_POINT ( 'NONE',  ( -0.03491782832208154691, -0.5238662322260217996, -0.9650442506505020335 ) ) ;
#7063 = CARTESIAN_POINT ( 'NONE',  ( -0.2598835538528306288, -0.4586206663154711038, -0.8964843750000026645 ) ) ;
#7062 = CARTESIAN_POINT ( 'NONE',  ( -0.5250000000000000222, 0.000000000000000000, -0.9999999999999998890 ) ) ;
#7064 = EDGE_CURVE ( 'NONE', #1581, #5592, #7168, .T. ) ;
#7065 = DIRECTION ( 'NONE',  ( -0.000000000000000000, -0.000000000000000000, -1.000000000000000000 ) ) ;
#7066 = CARTESIAN_POINT ( 'NONE',  ( -0.4491341549376227649, 0.1363064108417821330, -0.4363839285714062322 ) ) ;
#7067 = CARTESIAN_POINT ( 'NONE',  ( -0.1755195509566082057, 0.4548323393102284840, -1.018136160714165905 ) ) ;
#7068 = CARTESIAN_POINT ( 'NONE',  ( -0.08121994778247480784, -0.4684621448626868356, -0.6492745535715140903 ) ) ;
#7069 = CARTESIAN_POINT ( 'NONE',  ( 0.4031242142172423715, -0.3084833491836795338, -0.4542999999999999816 ) ) ;
#7070 = CARTESIAN_POINT ( 'NONE',  ( 6.187824502368904802E-05, 0.4809649893693380696, -0.8258928571428590937 ) ) ;
#7071 = CARTESIAN_POINT ( 'NONE',  ( -0.5031334608463906566, 0.1661368170388089205, -0.9835379464286301276 ) ) ;
#7072 = CARTESIAN_POINT ( 'NONE',  ( 0.4535636054974343523, -0.1748876325841540458, -0.9729352678571248081 ) ) ;
#7073 = CARTESIAN_POINT ( 'NONE',  ( 0.2012268476982058130, -0.4255999872444579113, -0.4994419642856798847 ) ) ;
#7074 = EDGE_CURVE ( 'NONE', #6194, #5078, #4447, .T. ) ;
#7075 = DATE_TIME_ROLE ( 'creation_date' ) ;
#7076 = CARTESIAN_POINT ( 'NONE',  ( -0.03507272388311706568, -0.4763565048480651876, -0.7017299107142102033 ) ) ;
#7077 = CARTESIAN_POINT ( 'NONE',  ( 0.5064062681528532783, 0.06669037778064441924, -0.5085852970680969642 ) ) ;
#7078 = CARTESIAN_POINT ( 'NONE',  ( 0.3504122916804936483, -0.3175079610756111892, -0.5664062499999497069 ) ) ;
#7079 = CARTESIAN_POINT ( 'NONE',  ( 0.02364416884426871410, 0.4826332727335704842, -0.8978794642857353958 ) ) ;
#7080 = CARTESIAN_POINT ( 'NONE',  ( 0.5080927738592984078, 0.06659965320843228009, -0.5878039366130261012 ) ) ;
#7081 = CARTESIAN_POINT ( 'NONE',  ( -6.054729774440594810E-05, -0.4709301890434953730, -0.4866071428570537538 ) ) ;
#7082 = CARTESIAN_POINT ( 'NONE',  ( -0.4701319410647807340, 0.2084676751172081233, -0.4846540178571657753 ) ) ;
#7083 = FACE_OUTER_BOUND ( 'NONE', #6941, .T. ) ;
#7084 = CARTESIAN_POINT ( 'NONE',  ( 0.5114167179895890980, -0.1016546459953199394, -0.6584821428571618895 ) ) ;
#7085 = CARTESIAN_POINT ( 'NONE',  ( -0.3017863023586188076, -0.3676312487021115016, -0.6372767857142788150 ) ) ;
#7086 = ORIENTED_EDGE ( 'NONE', *, *, #3384, .T. ) ;
#7087 = FACE_OUTER_BOUND ( 'NONE', #5799, .T. ) ;
#7088 = CARTESIAN_POINT ( 'NONE',  ( 0.000000000000000000, 0.000000000000000000, -0.9999999999999998890 ) ) ;
#7089 = CARTESIAN_POINT ( 'NONE',  ( 0.3020141798266306465, -0.4223896879779304725, -0.8065890662804767741 ) ) ;
#7090 = CARTESIAN_POINT ( 'NONE',  ( 0.05907172093037894867, -0.4784029345012954515, -0.8602120535713958516 ) ) ;
#7091 = CARTESIAN_POINT ( 'NONE',  ( -0.2055160745273833800, 0.4346719083541776829, -0.8030133928571726587 ) ) ;
#7092 = CARTESIAN_POINT ( 'NONE',  ( 0.3313662749344795655, -0.4036587703219119971, -0.7399553571429083876 ) ) ;
#7093 = CARTESIAN_POINT ( 'NONE',  ( 0.4429733068325474865, -0.2958980227548889119, -1.020089285714355531 ) ) ;
#7094 = CARTESIAN_POINT ( 'NONE',  ( -0.3325519674305167928, -0.3493858100638820297, -0.8523995535714656846 ) ) ;
#7095 = CARTESIAN_POINT ( 'NONE',  ( 0.07931722709978215879, -0.5021468083883808831, -0.4547226479157399637 ) ) ;
#7096 = B_SPLINE_CURVE_WITH_KNOTS ( 'NONE', 3,
 ( #3887, #2058, #395, #4969, #7298, #2633, #6255, #2095 ),
 .UNSPECIFIED., .F., .F.,
 ( 4, 2, 2, 4 ),
 ( 0.008810461554733124354, 0.01100478119882384621, 0.01319910084291456634, 0.01758774013109601353 ),
 .UNSPECIFIED. ) ;
#7097 = CARTESIAN_POINT ( 'NONE',  ( 0.5208657698908611966, 1.312567590705876522E-16, -0.8672163886013652956 ) ) ;
#7098 = LINE ( 'NONE', #2937, #3083 ) ;
#7099 = CARTESIAN_POINT ( 'NONE',  ( 0.5937500000000000000, -0.05801568349193784307, -0.9749999999999998668 ) ) ;
#7100 = CARTESIAN_POINT ( 'NONE',  ( -0.5005910528900024969, -0.1314162981501893479, -0.9837616778686111285 ) ) ;
#7101 = CC_DESIGN_PERSON_AND_ORGANIZATION_ASSIGNMENT ( #3559, #4172, ( #4939 ) ) ;
#7102 = CARTESIAN_POINT ( 'NONE',  ( 0.000000000000000000, -4.528468093915398346E-17, 1.185470590824565962 ) ) ;
#7104 = CARTESIAN_POINT ( 'NONE',  ( 0.5158426223945540290, -0.1159062431411276156, -0.9467075892856822161 ) ) ;
#7103 = CARTESIAN_POINT ( 'NONE',  ( 0.5141939929719928637, 2.112913682599703568E-16, -0.6529315978793688302 ) ) ;
#7105 = CARTESIAN_POINT ( 'NONE',  ( 0.5130942297063454394, 0.06719745280782787877, -0.7228790840164798226 ) ) ;
#7106 = CARTESIAN_POINT ( 'NONE',  ( 0.3070812969312137208, 0.3559000411841568012, -0.4589843750000108247 ) ) ;
#7107 = CARTESIAN_POINT ( 'NONE',  ( 0.3084545228532397099, -0.3759515773868004063, -0.9787946428572282809 ) ) ;
#7108 = CARTESIAN_POINT ( 'NONE',  ( -0.2738056054234890846, -0.3888869649938693773, -0.6542968749999432676 ) ) ;
#7109 = CARTESIAN_POINT ( 'NONE',  ( 0.3422807105365899272, -0.3907563701542058343, -0.8132488680063479913 ) ) ;
#7110 = CARTESIAN_POINT ( 'NONE',  ( -0.2055160745269708489, 0.4346719083508522874, -0.8208705357142808134 ) ) ;
#7111 = CARTESIAN_POINT ( 'NONE',  ( -0.5044497623815575871, -0.1175509550808152281, -0.7652522812132817043 ) ) ;
#7112 = CARTESIAN_POINT ( 'NONE',  ( -0.4864963127130252363, -0.02383726636630369503, -1.003906250000058398 ) ) ;
#7113 = CARTESIAN_POINT ( 'NONE',  ( 0.4523710575155912017, -0.1371577422700358539, -0.5613839285714335992 ) ) ;
#7114 = COORDINATED_UNIVERSAL_TIME_OFFSET ( 6, 0, .BEHIND. ) ;
#7115 = CARTESIAN_POINT ( 'NONE',  ( -0.3753593141583534409, 0.2930109705155002908, -0.6548549107143153414 ) ) ;
#7116 = CARTESIAN_POINT ( 'NONE',  ( -0.03262774563099123809, 0.5083979028541348866, -0.4914870898183505976 ) ) ;
#7117 = CARTESIAN_POINT ( 'NONE',  ( 0.1810768354807749114, -0.4369892079869297508, -0.5714285714286052587 ) ) ;
#7118 = CARTESIAN_POINT ( 'NONE',  ( -0.2482600195587558733, 0.4143177069198996088, -0.8911830357142062065 ) ) ;
#7119 = CARTESIAN_POINT ( 'NONE',  ( -0.4981320848752852637, 0.1159824045578180113, -0.5561712316827644997 ) ) ;
#7120 = EDGE_CURVE ( 'NONE', #3953, #6647, #406, .T. ) ;
#7121 = CARTESIAN_POINT ( 'NONE',  ( 0.4113961901856071357, -0.2329787936269651361, -0.5460379464285742834 ) ) ;
#7122 = CARTESIAN_POINT ( 'NONE',  ( 0.3349389340969372020, 0.3881861253803512435, -0.4344308035713853045 ) ) ;
#7123 = DIRECTION ( 'NONE',  ( -1.000000000000000000, 0.000000000000000000, 0.000000000000000000 ) ) ;
#7124 = CARTESIAN_POINT ( 'NONE',  ( 0.3499697840994406839, 0.3860320941450931520, -0.6467633928571975277 ) ) ;
#7125 = CARTESIAN_POINT ( 'NONE',  ( 0.1268295739884234830, -0.4580596570296101011, -0.6263950892856257058 ) ) ;
#7126 = CARTESIAN_POINT ( 'NONE',  ( 0.000000000000000000, 0.000000000000000000, -0.9999999999999998890 ) ) ;
#7127 = DIRECTION ( 'NONE',  ( 0.8660254037844385966, -0.4999999999999998335, 0.000000000000000000 ) ) ;
#7128 = VECTOR ( 'NONE', #1232, 39.37007874015748143 ) ;
#7129 = CARTESIAN_POINT ( 'NONE',  ( -0.5197307606595852336, -0.03390087989858998202, -0.8307620498923380392 ) ) ;
#7130 = VECTOR ( 'NONE', #868, 39.37007874015748143 ) ;
#7131 = CARTESIAN_POINT ( 'NONE',  ( 0.1054575873836448574, 0.4693414967218167977, -0.8284040178570554191 ) ) ;
#7132 = CARTESIAN_POINT ( 'NONE',  ( -0.3461655088051476814, -0.3294920841313678239, -0.7101004464287085094 ) ) ;
#7133 = CARTESIAN_POINT ( 'NONE',  ( -0.02570568705388168174, -0.5218779002290644398, -0.7483258928570506452 ) ) ;
#7134 = CARTESIAN_POINT ( 'NONE',  ( -0.1541876373493752117, -0.5080525262529881347, -0.9631696428570897250 ) ) ;
#7135 = CIRCLE ( 'NONE', #528, 0.3750000000000000555 ) ;
#7136 = CARTESIAN_POINT ( 'NONE',  ( 0.4420887888491682460, 0.1960367370884864846, -0.8925781249999693578 ) ) ;
#7137 = CARTESIAN_POINT ( 'NONE',  ( 0.06734141862496145770, 0.5072848626836482522, -0.5651466753297041956 ) ) ;
#7138 = CARTESIAN_POINT ( 'NONE',  ( 0.000000000000000000, 0.000000000000000000, -0.9999999999999998890 ) ) ;
#7139 = ORIENTED_EDGE ( 'NONE', *, *, #6564, .F. ) ;
#7140 = CARTESIAN_POINT ( 'NONE',  ( -0.4869989093358963461, 0.1653879076959802741, -0.6209361665048522827 ) ) ;
#7141 = DIRECTION ( 'NONE',  ( -1.000000000000000000, 0.000000000000000000, 0.000000000000000000 ) ) ;
#7142 = CARTESIAN_POINT ( 'NONE',  ( -0.2411102984777654112, -0.4021509835470625793, -0.4213169642857577113 ) ) ;
#7143 = CARTESIAN_POINT ( 'NONE',  ( -0.3467464475023739889, -0.3945361985003473237, -0.9724811956262109369 ) ) ;
#7145 = CARTESIAN_POINT ( 'NONE',  ( 0.3029071719021267928, -0.4302130098065147790, -0.8099888392857815811 ) ) ;
#7144 = CARTESIAN_POINT ( 'NONE',  ( -0.2376506003215464735, 0.4679840391596847282, -0.9868759494515132458 ) ) ;
#7146 = DIRECTION ( 'NONE',  ( 0.000000000000000000, 1.047310526070460688E-16, -1.000000000000000000 ) ) ;
#7147 = CARTESIAN_POINT ( 'NONE',  ( 0.3084545228476105461, -0.3759515773893421509, -0.9966517857142942471 ) ) ;
#7148 = CARTESIAN_POINT ( 'NONE',  ( 0.4807835233041947709, -0.07125039425572257668, -0.9704241071428906240 ) ) ;
#7149 = CARTESIAN_POINT ( 'NONE',  ( 0.4342580315066545404, -0.1924223430809125779, -0.6342075892857251818 ) ) ;
#7150 = CARTESIAN_POINT ( 'NONE',  ( 0.5937500000000000000, 7.271340369937410515E-17, 0.000000000000000000 ) ) ;
#7151 = CARTESIAN_POINT ( 'NONE',  ( 0.1054575873779549783, 0.4693414967260721160, -0.8284040178571301372 ) ) ;
#7152 = CARTESIAN_POINT ( 'NONE',  ( -0.3894753140164907701, -0.3412078743893857680, -0.7596767660679881740 ) ) ;
#7153 = CARTESIAN_POINT ( 'NONE',  ( -0.2603485524794251771, -0.4112595389972243942, -0.9930245535714961047 ) ) ;
#7154 = CARTESIAN_POINT ( 'NONE',  ( -0.2703486958172764965, 0.3839704988231180671, -0.4617745535714478100 ) ) ;
#7155 = CALENDAR_DATE ( 2026, 12, 1 ) ;
#7156 = ADVANCED_FACE ( 'NONE', ( #4262 ), #1387, .T. ) ;
#7157 = CARTESIAN_POINT ( 'NONE',  ( -0.3750638108377303270, -0.2926250633521543243, -0.6397879464286251316 ) ) ;
#7158 = CARTESIAN_POINT ( 'NONE',  ( 0.2918824369914901351, 0.3741181851994928032, -0.6191406249999718003 ) ) ;
#7159 = B_SPLINE_CURVE_WITH_KNOTS ( 'NONE', 3,
 ( #1100, #2338, #6996, #1678, #1756, #4095 ),
 .UNSPECIFIED., .F., .F.,
 ( 4, 2, 4 ),
 ( 2.380728834786677578E-07, 0.004405349813808302241, 0.008810461554733126088 ),
 .UNSPECIFIED. ) ;
#7160 = CARTESIAN_POINT ( 'NONE',  ( -0.2055160745207055828, 0.4346719083524778204, -0.8208705357142842551 ) ) ;
#7161 = CARTESIAN_POINT ( 'NONE',  ( 0.1647956153560117543, 0.4848025245478549405, -0.5751529538446981116 ) ) ;
#7162 = CARTESIAN_POINT ( 'NONE',  ( -0.3336346350671123839, 0.3335434384897263405, -0.5133928571428416632 ) ) ;
#7163 = CARTESIAN_POINT ( 'NONE',  ( 0.2076652933999717510, 0.4686578911258294511, -0.4310825892857690356 ) ) ;
#7164 = CARTESIAN_POINT ( 'NONE',  ( 0.5327323696766466110, 6.524089913266896741E-17, -0.9999999999999998890 ) ) ;
#7165 = CARTESIAN_POINT ( 'NONE',  ( -0.2891661970002212811, 0.4328886335442075350, -0.6316964285714813387 ) ) ;
#7166 = CARTESIAN_POINT ( 'NONE',  ( 0.3103958872262392865, -0.3597356831750311845, -0.6213727678571856483 ) ) ;
#7167 = CARTESIAN_POINT ( 'NONE',  ( -0.4442007300522179403, 0.1712773995258307091, -0.6693638392857109709 ) ) ;
#7168 = LINE ( 'NONE', #1308, #7128 ) ;
#7169 = CARTESIAN_POINT ( 'NONE',  ( 0.5250000000000000222, 6.429395695523603660E-17, -0.9999999999999998890 ) ) ;
#7170 = EDGE_CURVE ( 'NONE', #1154, #5730, #5080, .T. ) ;
#7171 = CARTESIAN_POINT ( 'NONE',  ( -0.06846488162382360909, -0.5158232958660452505, -0.8151433742441340780 ) ) ;
#7172 = CARTESIAN_POINT ( 'NONE',  ( 0.4403228126003691512, -0.1952494664224916909, -0.8484933035713911886 ) ) ;
#7173 = CARTESIAN_POINT ( 'NONE',  ( 0.3776226451537684770, 0.2947826300845208247, -0.7469308035714234961 ) ) ;
#7174 = CARTESIAN_POINT ( 'NONE',  ( 0.2105015413340528552, 0.4747186275646312348, -0.6453683035713844163 ) ) ;
#7175 = CARTESIAN_POINT ( 'NONE',  ( 0.01312341085765841679, 0.5317915240374269104, -0.9958147321427865961 ) ) ;
#7176 = CARTESIAN_POINT ( 'NONE',  ( -0.2777617224947738217, -0.3942835728246916194, -0.8507254464285344264 ) ) ;
#7177 = EDGE_CURVE ( 'NONE', #432, #6155, #2120, .T. ) ;
#7178 = CARTESIAN_POINT ( 'NONE',  ( 0.2983188053444591481, 0.4159971593628376541, -0.5707181695816996303 ) ) ;
#7179 = CARTESIAN_POINT ( 'NONE',  ( 7.726769008014644924E-17, -0.6856034446626805279, -0.07803161100199271227 ) ) ;
#7180 = ORIENTED_EDGE ( 'NONE', *, *, #905, .T. ) ;
#7181 = CARTESIAN_POINT ( 'NONE',  ( -0.03301970888218055955, 0.5128279797107224702, -0.6343414151182381611 ) ) ;
#7182 = CARTESIAN_POINT ( 'NONE',  ( -0.4742053016898043483, 0.1309441395690233434, -0.9581160631677407835 ) ) ;
#7183 = CARTESIAN_POINT ( 'NONE',  ( 0.1899351384328060166, -0.4283287293468864831, -0.4104352678571284163 ) ) ;
#7184 = CARTESIAN_POINT ( 'NONE',  ( -0.3944643248148601011, -0.3456420806438641469, -0.9739612860869333311 ) ) ;
#7185 = AXIS2_PLACEMENT_3D ( 'NONE', #3247, #6832, #3924 ) ;
#7187 = CARTESIAN_POINT ( 'NONE',  ( -0.5221427531917760545, -0.05135857107195401089, -0.7622767857143397663 ) ) ;
#7186 = CARTESIAN_POINT ( 'NONE',  ( -0.08357765649972720423, -0.5037480928749814568, -0.5298008040475025160 ) ) ;
#7188 = CARTESIAN_POINT ( 'NONE',  ( 0.5164178803943846319, -2.369024432005728429E-16, -0.7243586339885632608 ) ) ;
#7189 = CARTESIAN_POINT ( 'NONE',  ( -0.2900167002062262744, -0.3909370858720011555, -1.011718750000107025 ) ) ;
#7190 = VERTEX_POINT ( 'NONE', #1543 ) ;
#7191 = CARTESIAN_POINT ( 'NONE',  ( 0.3742263847295889123, -0.3471551177292414581, -0.3812706856264874156 ) ) ;
#7192 = CARTESIAN_POINT ( 'NONE',  ( 0.3596988263046980716, -0.3103590303626230229, -0.6375558035713929650 ) ) ;
#7193 = CARTESIAN_POINT ( 'NONE',  ( 0.5937500000000000000, 2.365849761790802529E-16, -0.02500000000000000139 ) ) ;
#7194 = CARTESIAN_POINT ( 'NONE',  ( 0.4331053245496385151, 0.2049159785915274090, -0.7672991071428256760 ) ) ;
#7195 = CARTESIAN_POINT ( 'NONE',  ( 0.4742368389455643429, -0.1065575552870479809, -0.9712611607143039061 ) ) ;
#7196 = CARTESIAN_POINT ( 'NONE',  ( 0.4299084307116191606, 0.1904991743536309512, -0.4818638392857041430 ) ) ;
#7197 = CARTESIAN_POINT ( 'NONE',  ( 0.4385827293377156932, 0.1816008385558447180, -0.6071428571428336696 ) ) ;
#7198 = CARTESIAN_POINT ( 'NONE',  ( -0.05798557547356829323, -0.4696375379017618257, -0.5772879464285287643 ) ) ;
#7199 = CARTESIAN_POINT ( 'NONE',  ( -0.1845946737133848659, -0.4454888344142057810, -0.8660714285714341543 ) ) ;
#7200 = CARTESIAN_POINT ( 'NONE',  ( -0.3782175821561290507, 0.3021149169735528051, -0.9510609378382384183 ) ) ;
#7201 = CARTESIAN_POINT ( 'NONE',  ( 0.4202689596658830684, -0.2116133437276332685, -0.4740513392857627628 ) ) ;
#7202 = CARTESIAN_POINT ( 'NONE',  ( 0.4583563240678411033, -0.2307912438766729357, -0.4494977678571911439 ) ) ;
#7203 = CARTESIAN_POINT ( 'NONE',  ( -0.5937500000000002220, 0.2312053609081654026, -0.9512941130219535468 ) ) ;
#7204 = CARTESIAN_POINT ( 'NONE',  ( 0.3076585921713861360, 0.4149478160126933157, -0.5027901785714499194 ) ) ;
#7205 = CARTESIAN_POINT ( 'NONE',  ( 0.4342580315061533858, -0.1924223430871101481, -0.6163504464285385342 ) ) ;
#7206 = CARTESIAN_POINT ( 'NONE',  ( -0.2141129458776911687, 0.4255056280877228536, -0.6777343749999578115 ) ) ;
#7207 = CARTESIAN_POINT ( 'NONE',  ( -0.5038319297745226244, 0.1310332152152252350, -0.9875125507147503034 ) ) ;
#7208 = CARTESIAN_POINT ( 'NONE',  ( 6.187825230900689127E-05, 0.4809649893707368395, -0.8080357142856906538 ) ) ;
#7209 = CARTESIAN_POINT ( 'NONE',  ( -0.5044433836278319205, -0.08353672563313790933, -0.5517038597488036489 ) ) ;
#7210 = CARTESIAN_POINT ( 'NONE',  ( 0.01184142506647597841, -0.4796948904701837102, -0.7898995535714651295 ) ) ;
#7211 = CARTESIAN_POINT ( 'NONE',  ( 0.1835202996612987913, -0.4432184573196475963, -0.7678571428571041579 ) ) ;
#7212 = CARTESIAN_POINT ( 'NONE',  ( -0.1509868235935513947, -0.4979812055697764306, -0.6796874999999495959 ) ) ;
#7213 = CARTESIAN_POINT ( 'NONE',  ( 0.5268007335320902262, -0.07807016498615196309, -1.015066964285730178 ) ) ;
#7214 = CARTESIAN_POINT ( 'NONE',  ( -0.4619741490643961557, 0.1400694174046715479, -0.8649553571429219323 ) ) ;
#7215 = CARTESIAN_POINT ( 'NONE',  ( -0.4679327169518626706, -0.1998711578869208083, -0.4697716294570616347 ) ) ;
#7216 = DIRECTION ( 'NONE',  ( -0.000000000000000000, -0.000000000000000000, -1.000000000000000000 ) ) ;
#7217 = ORIENTED_EDGE ( 'NONE', *, *, #1505, .T. ) ;
#7218 = DIRECTION ( 'NONE',  ( -1.000000000000000000, 0.000000000000000000, 0.000000000000000000 ) ) ;
#7219 = CARTESIAN_POINT ( 'NONE',  ( -0.2768249414446900536, -0.4298976494193230691, -0.9783169478321086521 ) ) ;
#7220 = CARTESIAN_POINT ( 'NONE',  ( -0.1796813774653873708, 0.4339470013528431425, -0.4464285714286013174 ) ) ;
#7221 = CARTESIAN_POINT ( 'NONE',  ( -0.3932776001508430652, 0.3452844565812609456, -0.9111219949528739370 ) ) ;
#7222 = ADVANCED_FACE ( 'NONE', ( #6216 ), #6392, .T. ) ;
#7224 = CARTESIAN_POINT ( 'NONE',  ( -0.4981286265496346899, -0.1644882101572593402, -0.7597656249999839018 ) ) ;
#7223 = FACE_OUTER_BOUND ( 'NONE', #7446, .T. ) ;
#7225 = CARTESIAN_POINT ( 'NONE',  ( 0.4990615352077091837, 0.1334810813772834559, -0.7213890155605013899 ) ) ;
#7226 = CARTESIAN_POINT ( 'NONE',  ( 0.2795826374882126042, 0.3970920317153124324, -0.9757254464285951556 ) ) ;
#7227 = EDGE_LOOP ( 'NONE', ( #2813, #1491, #667, #3085 ) ) ;
#7228 = CARTESIAN_POINT ( 'NONE',  ( 0.1348629580863565935, -0.5041242670717570595, -0.8898856407519244449 ) ) ;
#7229 = CARTESIAN_POINT ( 'NONE',  ( -0.1972833326351137451, -0.4449094991038334834, -0.9913504464285430862 ) ) ;
#7230 = CARTESIAN_POINT ( 'NONE',  ( -0.4233128024291463176, 0.2130052498932042127, -0.5990513392857035324 ) ) ;
#7231 = CARTESIAN_POINT ( 'NONE',  ( -3.506341393428179785E-18, -4.928547240401228113E-20, 0.004529409175434031751 ) ) ;
#7232 = CARTESIAN_POINT ( 'NONE',  ( 0.3038102529859252332, 0.3702970217358486638, -0.7622767857143128989 ) ) ;
#7233 = CARTESIAN_POINT ( 'NONE',  ( 0.01197558931467740222, 0.4852858747493820069, -0.9511718750000267564 ) ) ;
#7234 = CARTESIAN_POINT ( 'NONE',  ( 0.4532241843302196038, 0.1254907279877930382, -0.4835379464285814999 ) ) ;
#7235 = CARTESIAN_POINT ( 'NONE',  ( 0.09267045765887679809, -0.4661991915013284915, -0.6272321428572174007 ) ) ;
#7236 = CARTESIAN_POINT ( 'NONE',  ( 0.3559368980513407665, 0.3071181537983985743, -0.4785156249999892308 ) ) ;
#7237 = B_SPLINE_CURVE_WITH_KNOTS ( 'NONE', 3,
 ( #1585, #2169, #3208, #5686, #2134, #2062, #969, #398, #6866, #3316, #2748, #5082, #4538, #5543, #3857, #4428 ),
 .UNSPECIFIED., .F., .F.,
 ( 4, 2, 2, 2, 2, 2, 2, 4 ),
 ( 0.6119794956006784359, 0.6134340033835223860, 0.6148885111663663361, 0.6163430189492102862, 0.6177975267320541253, 0.6207065422977420255, 0.6221610500805859756, 0.6236155578634299257 ),
 .UNSPECIFIED. ) ;
#7238 = CARTESIAN_POINT ( 'NONE',  ( 0.3720726524414816883, 0.3052720322982478973, -0.8359374999999935607 ) ) ;
#7239 = CARTESIAN_POINT ( 'NONE',  ( 0.06895288261731556678, 0.5193722408572807314, -0.9300695683788759993 ) ) ;
#7240 = CARTESIAN_POINT ( 'NONE',  ( 0.1807532922406244746, 0.4362183971141534444, -0.5267857142857180763 ) ) ;
#7241 = CARTESIAN_POINT ( 'NONE',  ( -0.2853838038249871811, -0.4272331472388441465, -0.4687500000000069389 ) ) ;
#7242 = CARTESIAN_POINT ( 'NONE',  ( 0.01187747492258577238, -0.4863861702715210344, -1.004185267857050867 ) ) ;
#7243 = CARTESIAN_POINT ( 'NONE',  ( -0.2687772699315135183, 0.4328456282883772488, -0.4936813182363127828 ) ) ;
#7244 = CARTESIAN_POINT ( 'NONE',  ( -0.4441089371774815664, -0.2662709557221263901, -0.5429687499999997780 ) ) ;
#7245 = CARTESIAN_POINT ( 'NONE',  ( -0.4708571392486834983, 0.06977929978607264050, -0.6489955357142650483 ) ) ;
#7246 = CARTESIAN_POINT ( 'NONE',  ( 0.4028436464059658162, 0.2551750533724377878, -0.6944754464285871620 ) ) ;
#7247 = CARTESIAN_POINT ( 'NONE',  ( 0.4837335784707091357, 0.1819101189436117261, -0.7280523854286901075 ) ) ;
#7248 = CARTESIAN_POINT ( 'NONE',  ( 0.1730825160523379869, 0.4488821677786022368, -0.8122209821429444698 ) ) ;
#7249 = CARTESIAN_POINT ( 'NONE',  ( 0.3975000000000000755, 4.867971026610729929E-17, 0.7139999999999999680 ) ) ;
#7250 = CARTESIAN_POINT ( 'NONE',  ( -0.1719974461014536493, -0.4457158627186321720, -0.7229352678571711044 ) ) ;
#7251 = CARTESIAN_POINT ( 'NONE',  ( 0.1162807605131756933, 0.4644880641315622949, -0.7393973214286249096 ) ) ;
#7252 = CARTESIAN_POINT ( 'NONE',  ( 0.4459670358026230352, -0.2672197298370117546, -0.6646205357143487591 ) ) ;
#7253 = CARTESIAN_POINT ( 'NONE',  ( -0.05184970001852160643, 0.5271360584275968098, -0.9229910714285901596 ) ) ;
#7254 = CARTESIAN_POINT ( 'NONE',  ( 0.05907172092478684550, -0.4784029345036316938, -0.8423549107142656034 ) ) ;
#7255 = AXIS2_PLACEMENT_3D ( 'NONE', #5696, #2900, #4657 ) ;
#7256 = CARTESIAN_POINT ( 'NONE',  ( -0.4921785524695072578, -0.1293476864191473730, -0.4714373479030079528 ) ) ;
#7257 = CARTESIAN_POINT ( 'NONE',  ( 0.5144246969523342816, 0.01683263345419244023, -0.6603413711303016687 ) ) ;
#7258 = ORIENTED_EDGE ( 'NONE', *, *, #4117, .F. ) ;
#7259 = VECTOR ( 'NONE', #4491, 39.37007874015748854 ) ;
#7260 = CARTESIAN_POINT ( 'NONE',  ( 0.4521363356057365723, -0.2612066370070134647, -0.8731713311412269141 ) ) ;
#7261 = AXIS2_PLACEMENT_3D ( 'NONE', #1122, #7019, #2896 ) ;
#7262 = CARTESIAN_POINT ( 'NONE',  ( -0.3321904802426045578, 0.3835531762575951076, -0.9736314653457611712 ) ) ;
#7263 = CARTESIAN_POINT ( 'NONE',  ( -0.4377138741215065854, -0.1687802336442907336, -0.4288504464285678441 ) ) ;
#7264 = CARTESIAN_POINT ( 'NONE',  ( 0.5179511606620702535, -0.1030963578402347147, -0.8727678571427468501 ) ) ;
#7265 = CARTESIAN_POINT ( 'NONE',  ( -0.4435958449709384022, 0.2760170790931631424, -0.9092593871320889809 ) ) ;
#7267 = CARTESIAN_POINT ( 'NONE',  ( 0.2366513459766864946, -0.4699859927883137112, -0.8116629464285042284 ) ) ;
#7266 = CARTESIAN_POINT ( 'NONE',  ( 0.3473776053593128355, -0.4850448906980338593, -0.02625346759769190894 ) ) ;
#7268 = CARTESIAN_POINT ( 'NONE',  ( 0.4483585606278444602, 0.2581261381465607130, -0.7184236857985778490 ) ) ;
#7269 = CARTESIAN_POINT ( 'NONE',  ( -0.1972833326399740517, -0.4449094991002899846, -1.009207589285646467 ) ) ;
#7270 = CARTESIAN_POINT ( 'NONE',  ( 0.4772360964775547720, 0.1795417895137065289, -0.5059821529328802914 ) ) ;
#7271 = EDGE_CURVE ( 'NONE', #4498, #3739, #5640, .T. ) ;
#7272 = EDGE_LOOP ( 'NONE', ( #358, #436, #2606 ) ) ;
#7273 = CARTESIAN_POINT ( 'NONE',  ( -0.1108612138281044324, -0.4963318044516123462, -0.4667823852976373811 ) ) ;
#7274 = CARTESIAN_POINT ( 'NONE',  ( -0.3623513949463125772, 0.3806878897852640775, -0.8462611607143593062 ) ) ;
#7275 = CARTESIAN_POINT ( 'NONE',  ( -0.3788482343387618578, 0.2810485113010167679, -0.5295758928571537849 ) ) ;
#7276 = CARTESIAN_POINT ( 'NONE',  ( 0.000000000000000000, 0.000000000000000000, -0.9999999999999998890 ) ) ;
#7277 = CARTESIAN_POINT ( 'NONE',  ( -0.1611819239910277646, 0.4506560489251397739, -0.7505580357143912806 ) ) ;
#7278 = CARTESIAN_POINT ( 'NONE',  ( 0.2978700177994428322, -0.3815776852280131637, -0.9076450892856944286 ) ) ;
#7279 = CARTESIAN_POINT ( 'NONE',  ( 0.04631384358715379124, -0.4708530371814838578, -0.5569196428571339119 ) ) ;
#7280 = CARTESIAN_POINT ( 'NONE',  ( -0.4691760630288804301, -0.04627456482073936256, -0.5212053571428579835 ) ) ;
#7281 = CARTESIAN_POINT ( 'NONE',  ( 0.2462703584609551022, 0.4107574346354283534, -0.7606026785714261607 ) ) ;
#7282 = CARTESIAN_POINT ( 'NONE',  ( -0.3108009690514805246, 0.3722578764713546096, -0.9511330983823452767 ) ) ;
#7283 = CARTESIAN_POINT ( 'NONE',  ( 0.3776609910591318120, 0.2800172278961901018, -0.4614955357142941916 ) ) ;
#7284 = CARTESIAN_POINT ( 'NONE',  ( -0.4033266686683496527, -0.3148477330327973944, -0.4009486607142866976 ) ) ;
#7285 = CARTESIAN_POINT ( 'NONE',  ( -0.4847927751552556508, 0.04768107514945149616, -1.023437499999921396 ) ) ;
#7286 = CARTESIAN_POINT ( 'NONE',  ( 0.3844956792242568144, 0.3483962748777886254, -0.5764508928571147051 ) ) ;
#7287 = CARTESIAN_POINT ( 'NONE',  ( -0.3788482343435996547, 0.2810485112952626485, -0.5117187500000158762 ) ) ;
#7288 = CARTESIAN_POINT ( 'NONE',  ( 0.1719068343609707616, -0.4454704218705309859, -0.7145647321429569043 ) ) ;
#7289 = B_SPLINE_CURVE_WITH_KNOTS ( 'NONE', 3,
 ( #1623, #6734, #4979, #5550, #2753, #908, #975, #404, #2139, #296, #5087, #3253, #2643, #3357, #5588, #4475, #6163, #1526, #3864, #6804, #1556, #332, #3320, #4508, #6837, #5265, #4004, #6372, #13, #553, #2859, #3542, #1664, #1815, #2965, #590, #6335, #4690, #1085, #3428, #6909, #5763, #5192, #3467, #4652, #7526, #52, #7057, #2358, #1739, #4580, #513 ),
 .UNSPECIFIED., .F., .F.,
 ( 4, 2, 2, 2, 2, 2, 2, 2, 2, 2, 2, 2, 2, 2, 2, 2, 2, 2, 2, 2, 2, 2, 2, 2, 2, 4 ),
 ( 0.4444053025014171321, 0.4457100401196390504, 0.4470147777378609133, 0.4496242529743046945, 0.4509289905925266129, 0.4522337282107484757, 0.4535384658289703941, 0.4548432034471923124, 0.4574526786836360936, 0.4587574163018579565, 0.4600621539200798749, 0.4626716291565236561, 0.4639763667747455744, 0.4652811043929674373, 0.4678905796294112185, 0.4705000548658549997, 0.4718047924840769181, 0.4731095301022988364, 0.4757190053387426176, 0.4770237429569644805, 0.4783284805751863988, 0.4809379558116301800, 0.4822426934298520429, 0.4835474310480739613, 0.4848521686662958796, 0.4861569062845177425 ),
 .UNSPECIFIED. ) ;
#7290 = CARTESIAN_POINT ( 'NONE',  ( 0.1825924542766978187, 0.4831556210149590136, -0.7183932569249660283 ) ) ;
#7291 = CARTESIAN_POINT ( 'NONE',  ( 0.4791624125967064440, 0.04725947179188657449, -0.8247767857142982439 ) ) ;
#7292 = CARTESIAN_POINT ( 'NONE',  ( -0.3778690881269524682, 0.3544195617462815862, -0.7686393096793485702 ) ) ;
#7293 = CARTESIAN_POINT ( 'NONE',  ( 0.1162807605076953965, 0.4644880641328784643, -0.7572544642857865771 ) ) ;
#7294 = CARTESIAN_POINT ( 'NONE',  ( 0.01184142506093419089, -0.4796948904740970243, -0.7720424107142968007 ) ) ;
#7295 = CARTESIAN_POINT ( 'NONE',  ( -0.3770535934826053093, -0.3588921760729029686, -0.6855468750001368905 ) ) ;
#7296 = CARTESIAN_POINT ( 'NONE',  ( -0.3650241305771560474, 0.3834958974821212063, -0.9154575892857516051 ) ) ;
#7297 = CARTESIAN_POINT ( 'NONE',  ( 0.3720726524397420243, 0.3052720323038982109, -0.8180803571428971743 ) ) ;
#7298 = CARTESIAN_POINT ( 'NONE',  ( -0.4223063898762007828, 0.4417847367871567954, -0.03469690162082202101 ) ) ;
#7299 = DIRECTION ( 'NONE',  ( 0.000000000000000000, 0.000000000000000000, -1.000000000000000000 ) ) ;
#7300 = VERTEX_POINT ( 'NONE', #7506 ) ;
#7301 = CARTESIAN_POINT ( 'NONE',  ( -0.3183526251469318558, -0.4146427783998382077, -0.8925187144751787205 ) ) ;
#7302 = CARTESIAN_POINT ( 'NONE',  ( 0.5937499999999998890, 0.3428017223313404305, -0.9219683889980072600 ) ) ;
#7303 = CARTESIAN_POINT ( 'NONE',  ( -0.1141968414290717715, 0.4556350640486525050, -0.4481026785713990157 ) ) ;
#7305 = CARTESIAN_POINT ( 'NONE',  ( 6.804832548195319404E-05, 0.5274848009747796773, -0.8526785714285735063 ) ) ;
#7304 = AXIS2_PLACEMENT_3D ( 'NONE', #7231, #6172, #140 ) ;
#7306 = CARTESIAN_POINT ( 'NONE',  ( -0.5045079841010033928, 0.1353598471057372576, -0.9059104111319790098 ) ) ;
#7307 = EDGE_CURVE ( 'NONE', #6035, #548, #6086, .T. ) ;
#7309 = CARTESIAN_POINT ( 'NONE',  ( -0.4499183425283106441, -0.2695918017200122363, -0.7572544642855867369 ) ) ;
#7308 = CARTESIAN_POINT ( 'NONE',  ( -0.09347765756752371424, 0.5165831737506576538, -0.9901818657236373111 ) ) ;
#7310 = CARTESIAN_POINT ( 'NONE',  ( -0.3398424778076485353, 0.3881313525000036901, -0.6983276276500152147 ) ) ;
#7311 = CARTESIAN_POINT ( 'NONE',  ( -0.4434324832161686269, 0.1964876419853650580, -0.9556361607142304093 ) ) ;
#7312 = CARTESIAN_POINT ( 'NONE',  ( -0.4923637595872619732, 0.1322430121735294617, -0.4773449886911816931 ) ) ;
#7313 = ORIENTED_EDGE ( 'NONE', *, *, #2549, .T. ) ;
#7314 = CARTESIAN_POINT ( 'NONE',  ( -0.1484801742725006535, -0.4864345351172135179, -0.4676539500487069678 ) ) ;
#7315 = CARTESIAN_POINT ( 'NONE',  ( -0.5195327665701807707, -0.07713776572733536951, -0.8353794642856094965 ) ) ;
#7316 = CARTESIAN_POINT ( 'NONE',  ( 0.4407894631460417267, 0.1701004760692367002, -0.5538504464285770590 ) ) ;
#7317 = PLANE ( 'NONE',  #2780 ) ;
#7318 = EDGE_CURVE ( 'NONE', #5905, #2072, #6036, .T. ) ;
#7319 = CARTESIAN_POINT ( 'NONE',  ( -0.2288039051358294051, 0.4279214075105045589, -0.9453124999999590328 ) ) ;
#7320 = CIRCLE ( 'NONE', #213, 0.005000000000000000104 ) ;
#7321 = CARTESIAN_POINT ( 'NONE',  ( -0.1261609873979738228, -0.4561297499615555862, -0.5611049107143284420 ) ) ;
#7322 = CARTESIAN_POINT ( 'NONE',  ( 0.04620768830505304209, 0.4698128594429226701, -0.5412946428571325796 ) ) ;
#7323 = CARTESIAN_POINT ( 'NONE',  ( -0.4218991501862210947, 0.2254356840506874793, -0.7421875000000689448 ) ) ;
#7324 = CARTESIAN_POINT ( 'NONE',  ( -0.3934542541581054764, 0.3454549127590824664, -0.9189044249475046833 ) ) ;
#7325 = CARTESIAN_POINT ( 'NONE',  ( -0.01247948683095102471, -0.5111995242846222309, -0.3909040178571405177 ) ) ;
#7326 = CARTESIAN_POINT ( 'NONE',  ( 0.4846343738270866286, 0.03581532715920941051, -0.9857700892857407249 ) ) ;
#7327 = CARTESIAN_POINT ( 'NONE',  ( -0.2875371281875178098, -0.4304567503745718171, -0.5379464285714267158 ) ) ;
#7328 = CARTESIAN_POINT ( 'NONE',  ( 0.3930947956985718639, -0.2627306649147315709, -0.5468749999999866773 ) ) ;
#7329 = CARTESIAN_POINT ( 'NONE',  ( 0.09303524238925126033, 0.4674055555197235701, -0.6852678571428343357 ) ) ;
#7330 = CARTESIAN_POINT ( 'NONE',  ( -0.4098292655719502631, 0.3149738603502851286, -0.7038796875307156142 ) ) ;
#7331 = CARTESIAN_POINT ( 'NONE',  ( 0.1624286592781115368, -0.4537622642848571641, -0.8398437499999936717 ) ) ;
#7332 = CARTESIAN_POINT ( 'NONE',  ( -0.3420612018593945369, 0.3902347659635446719, -0.7697491908997383669 ) ) ;
#7333 = CARTESIAN_POINT ( 'NONE',  ( -0.4503193243461412476, 0.1611921751619045107, -0.7405133928570737378 ) ) ;
#7334 = CLOSED_SHELL ( 'NONE', ( #7496, #2990, #7222, #3056, #4278, #6520, #2011, #6839, #3426, #3796, #803, #6461, #1863, #5942, #1365, #6885, #664, #5146, #5381, #1405, #6188, #5022, #3576, #1725, #1637, #3333, #4369, #4083, #5494, #1559, #6506, #6421, #1976, #6929, #945, #2295, #475, #5205, #3479, #505, #6493, #1787, #5345, #5847, #1933, #1577, #2768, #7156, #3861, #4739, #2443, #1063, #2129, #6802, #5579, #50, #4018, #278, #2957, #697, #2211, #5678, #3011, #7410, #599, #6370, #5031, #38, #121, #1323 ) ) ;
#7335 = CARTESIAN_POINT ( 'NONE',  ( 0.3610847731513930903, 0.3113928763046954207, -0.6749441964285679552 ) ) ;
#7336 = CARTESIAN_POINT ( 'NONE',  ( -0.4944474759238265960, -0.1632726637570510730, -0.6905691964285677331 ) ) ;
#7337 = CARTESIAN_POINT ( 'NONE',  ( 0.4670224062608267501, 0.1169191686184157530, -0.8231026785715440663 ) ) ;
#7338 = CARTESIAN_POINT ( 'NONE',  ( 0.4351054923102919969, -0.2711586892124165371, -0.5956215242915499086 ) ) ;
#7339 = EDGE_LOOP ( 'NONE', ( #4071, #2202, #5685, #1073 ) ) ;
#7340 = FACE_OUTER_BOUND ( 'NONE', #3748, .T. ) ;
#7341 = CARTESIAN_POINT ( 'NONE',  ( 0.1741955832429350481, -0.4517581872904245510, -0.9109933035714474769 ) ) ;
#7342 = CARTESIAN_POINT ( 'NONE',  ( -0.2717911741131342485, -0.4535963243757322738, -0.8945312500000370814 ) ) ;
#7343 = CARTESIAN_POINT ( 'NONE',  ( -0.1181534907565236631, 0.5092023310215952892, -0.9181948926915876052 ) ) ;
#7345 = CARTESIAN_POINT ( 'NONE',  ( 0.5025413988032311208, -0.1391417100462693790, -0.6593191964285894935 ) ) ;
#7344 = CARTESIAN_POINT ( 'NONE',  ( -0.5937500000000002220, -0.05801568349319524004, -0.9750000000000000888 ) ) ;
#7346 = CARTESIAN_POINT ( 'NONE',  ( 0.5141939929719928637, 2.112913682599703568E-16, -0.6529315978793688302 ) ) ;
#7347 = CARTESIAN_POINT ( 'NONE',  ( 0.1741955832361389289, -0.4517581872894255723, -0.9288504464285042284 ) ) ;
#7348 = CARTESIAN_POINT ( 'NONE',  ( 0.5144362988985016205, 4.922389911537055886E-13, -0.6607140035838842129 ) ) ;
#7349 = ORIENTED_EDGE ( 'NONE', *, *, #6054, .T. ) ;
#7350 = CARTESIAN_POINT ( 'NONE',  ( -0.4676939961437992510, -0.2018398219537330673, -0.4775116435510201041 ) ) ;
#7351 = CARTESIAN_POINT ( 'NONE',  ( 0.5224019398657373525, 0.06436372123864156358, -0.8713727678571648871 ) ) ;
#7352 = CARTESIAN_POINT ( 'NONE',  ( -6.054730445398255444E-05, -0.4709301890445228844, -0.5044642857143301073 ) ) ;
#7353 = DIRECTION ( 'NONE',  ( 0.000000000000000000, 0.000000000000000000, -1.000000000000000000 ) ) ;
#7354 = CARTESIAN_POINT ( 'NONE',  ( 0.2183827668623384566, 0.4337130533112165676, -0.9561941964285477491 ) ) ;
#7355 = CARTESIAN_POINT ( 'NONE',  ( 0.1268295739960432211, -0.4580596570289731106, -0.6263950892857105268 ) ) ;
#7356 = CARTESIAN_POINT ( 'NONE',  ( -0.05784203330955292599, 0.4684437634664541661, -0.5387834821428389986 ) ) ;
#7357 = CARTESIAN_POINT ( 'NONE',  ( -0.4439922825310135823, 0.1838365656350649524, -0.8124999999999192868 ) ) ;
#7358 = CARTESIAN_POINT ( 'NONE',  ( -0.5189587962128968668, 0.06804767760534009835, -0.9121952766924714684 ) ) ;
#7359 = CARTESIAN_POINT ( 'NONE',  ( -0.4434324832120195015, 0.1964876419908385408, -0.9556361607141782288 ) ) ;
#7360 = B_SPLINE_CURVE_WITH_KNOTS ( 'NONE', 3,
 ( #2821, #6944, #5152, #1698, #5689, #5116, #1776, #7017 ),
 .UNSPECIFIED., .F., .F.,
 ( 4, 2, 2, 4 ),
 ( 0.008810461554733131292, 0.01100478119882385142, 0.01319910084291457154, 0.01758774013109601006 ),
 .UNSPECIFIED. ) ;
#7361 = CARTESIAN_POINT ( 'NONE',  ( -0.2773833952982604489, 0.4379041617279896270, -0.5605468750000298650 ) ) ;
#7362 = CARTESIAN_POINT ( 'NONE',  ( -0.4000853435247331835, -0.2532791774870030710, -0.5694754464285797235 ) ) ;
#7363 = CARTESIAN_POINT ( 'NONE',  ( 0.2339126029504342563, 0.4127897015701992300, -0.6174665178571412394 ) ) ;
#7364 = CARTESIAN_POINT ( 'NONE',  ( 0.4202388562429484886, 0.3006640986082276257, -0.7250806995757481666 ) ) ;
#7365 = CARTESIAN_POINT ( 'NONE',  ( -0.4503968214379958646, 0.1738038043979702463, -0.8657924107141694581 ) ) ;
#7366 = CARTESIAN_POINT ( 'NONE',  ( 0.3022294539373301947, 0.4214062711575092268, -0.7850024972764438891 ) ) ;
#7367 = CARTESIAN_POINT ( 'NONE',  ( -0.1940028708763676113, 0.4375021023469985448, -0.7497209821428707510 ) ) ;
#7368 = EDGE_CURVE ( 'NONE', #7190, #4731, #2877, .T. ) ;
#7369 = CARTESIAN_POINT ( 'NONE',  ( -0.3750638108337746579, -0.2926250633569145720, -0.6397879464285934903 ) ) ;
#7370 = CARTESIAN_POINT ( 'NONE',  ( -0.5171540622101812312, -0.03821846019611375989, -0.6219308035714257166 ) ) ;
#7371 = VECTOR ( 'NONE', #5596, 39.37007874015748143 ) ;
#7372 = CARTESIAN_POINT ( 'NONE',  ( -0.4292316887638097933, 0.2161262924806324204, -0.7954799107142899173 ) ) ;
#7373 = CARTESIAN_POINT ( 'NONE',  ( -0.4593030487158100139, 0.2264810729843550474, -0.5509972040169767160 ) ) ;
#7374 = ORIENTED_EDGE ( 'NONE', *, *, #2676, .T. ) ;
#7375 = ORIENTED_EDGE ( 'NONE', *, *, #4781, .F. ) ;
#7376 = CARTESIAN_POINT ( 'NONE',  ( 0.04844357981370835120, 0.6576345308167268477, -0.06188375106408520315 ) ) ;
#7377 = CARTESIAN_POINT ( 'NONE',  ( -0.3329513030047074329, 0.3497998051078723414, -0.8708147321429309251 ) ) ;
#7378 = CARTESIAN_POINT ( 'NONE',  ( -0.4397640879007965187, -0.2939276470289965970, -0.8995535714284482731 ) ) ;
#7379 = CARTESIAN_POINT ( 'NONE',  ( -0.5220008393454578233, 0.03411025395592298670, -0.9036726615665020557 ) ) ;
#7380 = VECTOR ( 'NONE', #6080, 39.37007874015748854 ) ;
#7381 = CARTESIAN_POINT ( 'NONE',  ( -0.1852022412158925158, -0.4902344286475162072, -0.9606069805237664738 ) ) ;
#7382 = CARTESIAN_POINT ( 'NONE',  ( -0.5327323696766466110, 0.000000000000000000, -0.9999999999999998890 ) ) ;
#7383 = CARTESIAN_POINT ( 'NONE',  ( -0.3400674985169324094, -0.3874528319477142380, -0.6867597930570950027 ) ) ;
#7384 = TOROIDAL_SURFACE ( 'NONE', #4077, 0.4020496047192625988, 0.005000000000000000104 ) ;
#7385 = ORIENTED_EDGE ( 'NONE', *, *, #3031, .T. ) ;
#7386 = CARTESIAN_POINT ( 'NONE',  ( 0.1077720721555666533, -0.4973622835402670139, -0.4618584203598202764 ) ) ;
#7387 = CARTESIAN_POINT ( 'NONE',  ( -0.08995839748616327181, 0.5180239238679149594, -0.8529575892856071651 ) ) ;
#7388 = CARTESIAN_POINT ( 'NONE',  ( 0.2427227267629887830, 0.4050839593981367948, -0.5463169642857127473 ) ) ;
#7389 = CARTESIAN_POINT ( 'NONE',  ( 0.5066449178036351864, 0.06673697883926131558, -0.5163677410917876243 ) ) ;
#7390 = CC_DESIGN_APPROVAL ( #6644, ( #2015 ) ) ;
#7391 = CARTESIAN_POINT ( 'NONE',  ( 0.3741759466884006513, -0.3069927435311391450, -0.9051339285714491423 ) ) ;
#7392 = CARTESIAN_POINT ( 'NONE',  ( -0.4042107358837757625, -0.2423497006674857068, -0.4983258928571356328 ) ) ;
#7393 = CARTESIAN_POINT ( 'NONE',  ( -0.2703486958109841964, 0.3839704988258928475, -0.4617745535714302685 ) ) ;
#7394 = AXIS2_PLACEMENT_3D ( 'NONE', #6083, #5508, #252 ) ;
#7395 = CARTESIAN_POINT ( 'NONE',  ( 0.4334448002806894906, -0.2049316609802371569, -0.7773437499999854561 ) ) ;
#7396 = CARTESIAN_POINT ( 'NONE',  ( 0.4534949041463074981, 0.2613791449040708259, -0.9404828877624737959 ) ) ;
#7397 = CARTESIAN_POINT ( 'NONE',  ( -0.4501513805905258958, -0.1737131926584461472, -0.8752790178571939750 ) ) ;
#7398 = CARTESIAN_POINT ( 'NONE',  ( 0.3886625526402446296, -0.3412187203457471285, -0.7403316465269383917 ) ) ;
#7399 = CARTESIAN_POINT ( 'NONE',  ( 0.3500226288924789819, 0.3171600505470802966, -0.5318080357142733749 ) ) ;
#7400 = EDGE_CURVE ( 'NONE', #6089, #3545, #6772, .T. ) ;
#7401 = CARTESIAN_POINT ( 'NONE',  ( -0.06952262098302344762, 0.4690990597377371896, -0.6099330357142745962 ) ) ;
#7402 = DIRECTION ( 'NONE',  ( 0.000000000000000000, 1.000000000000000000, 1.047310526070460688E-16 ) ) ;
#7403 = CARTESIAN_POINT ( 'NONE',  ( -0.09356332601268327331, -0.4707106898505321046, -0.7745535714285186613 ) ) ;
#7404 = DIRECTION ( 'NONE',  ( 1.000000000000000000, 0.000000000000000000, 0.000000000000000000 ) ) ;
#7405 = CARTESIAN_POINT ( 'NONE',  ( -0.3208769480026527621, -0.3541303868837554214, -0.7271205357142526138 ) ) ;
#7406 = CARTESIAN_POINT ( 'NONE',  ( -0.4303670838833867918, 0.2036162084297747643, -0.6523437499999685807 ) ) ;
#7407 = CARTESIAN_POINT ( 'NONE',  ( 0.3997806897180287145, 0.3281827555486733217, -0.5792410714285908258 ) ) ;
#7408 = CARTESIAN_POINT ( 'NONE',  ( -0.1053024841990819194, 0.4692156279255741969, -0.8055245535714323779 ) ) ;
#7409 = ORIENTED_EDGE ( 'NONE', *, *, #7074, .F. ) ;
#7410 = ADVANCED_FACE ( 'NONE', ( #5707 ), #1868, .F. ) ;
#7411 = CARTESIAN_POINT ( 'NONE',  ( 0.3502871339876991175, -0.3744877875953594448, -0.5985938584842671606 ) ) ;
#7412 = ORIENTED_EDGE ( 'NONE', *, *, #6111, .T. ) ;
#7413 = ORIENTED_EDGE ( 'NONE', *, *, #1515, .T. ) ;
#7414 = FACE_OUTER_BOUND ( 'NONE', #6737, .T. ) ;
#7415 = CARTESIAN_POINT ( 'NONE',  ( -0.4014376878011375882, 0.2683068079124155125, -0.8683035714285467499 ) ) ;
#7416 = CARTESIAN_POINT ( 'NONE',  ( 0.5241229203073470844, -0.06457189571681819229, -0.8719308035714367078 ) ) ;
#7417 = DIRECTION ( 'NONE',  ( -0.000000000000000000, -0.000000000000000000, -1.000000000000000000 ) ) ;
#7418 = CARTESIAN_POINT ( 'NONE',  ( -0.5200979976329518362, 0.06798228443394074838, -0.9758356605959297436 ) ) ;
#7419 = LINE ( 'NONE', #7382, #2009 ) ;
#7420 = CARTESIAN_POINT ( 'NONE',  ( 0.3134613489307457312, -0.4086622492419079156, -0.6711335070095716393 ) ) ;
#7421 = ORIENTED_EDGE ( 'NONE', *, *, #133, .F. ) ;
#7422 = CARTESIAN_POINT ( 'NONE',  ( 0.4706347860685961004, -0.2136256639468434582, -0.7292032866474961184 ) ) ;
#7423 = CARTESIAN_POINT ( 'NONE',  ( -0.3894487782215588223, 0.3528791405731957487, -0.8454241071428818532 ) ) ;
#7424 = CARTESIAN_POINT ( 'NONE',  ( 0.3256335296792187695, 0.3421172174616761152, -0.5488281250000296430 ) ) ;
#7425 = CARTESIAN_POINT ( 'NONE',  ( -0.4624203109195202943, -0.2276611859219688505, -0.6834454402089025216 ) ) ;
#7426 = CARTESIAN_POINT ( 'NONE',  ( -0.1849182169506689011, 0.4462596452933453861, -0.8750000000000796030 ) ) ;
#7427 = CARTESIAN_POINT ( 'NONE',  ( 0.3161293751157416287, -0.3486992086200486063, -0.4782366071428775234 ) ) ;
#7428 = CARTESIAN_POINT ( 'NONE',  ( 0.4331053245462559431, 0.2049159785972270997, -0.7672991071427899268 ) ) ;
#7429 = CARTESIAN_POINT ( 'NONE',  ( 0.4960998115242264972, -0.02770868801197143988, -0.4542999999999999261 ) ) ;
#7430 = CARTESIAN_POINT ( 'NONE',  ( 0.3419115141435776772, 0.3418235345288689331, -0.9062500000000027756 ) ) ;
#7431 = CARTESIAN_POINT ( 'NONE',  ( 0.5166717774173001931, -0.01693107370960193411, -0.7325133236734856501 ) ) ;
#7432 = CARTESIAN_POINT ( 'NONE',  ( -0.05784203330185380687, 0.4684437634663125016, -0.5209263392857378383 ) ) ;
#7433 = CARTESIAN_POINT ( 'NONE',  ( -0.3524164100150891654, -0.3194993482024668374, -0.6568080357143470938 ) ) ;
#7434 =( LENGTH_UNIT ( ) NAMED_UNIT ( * ) SI_UNIT ( $, .METRE. ) );
#7435 = CARTESIAN_POINT ( 'NONE',  ( -0.2859283831501120976, -0.3856398975031325449, -0.7795758928570698520 ) ) ;
#7436 = CARTESIAN_POINT ( 'NONE',  ( -0.1339363485277701160, 0.5009186545608913521, -0.7827421778598343538 ) ) ;
#7437 = CARTESIAN_POINT ( 'NONE',  ( 0.09267045765887679809, -0.4661991915013284915, -0.6450892857143599723 ) ) ;
#7438 = PRODUCT_RELATED_PRODUCT_CATEGORY ( 'detail', '', ( #495 ) ) ;
#7439 = CARTESIAN_POINT ( 'NONE',  ( -0.08552370897726566112, -0.5147015283436867650, -0.8869461061245512701 ) ) ;
#7440 = CARTESIAN_POINT ( 'NONE',  ( -0.2141129458775171690, 0.4255056280877804742, -0.6598772321428617582 ) ) ;
#7441 = CARTESIAN_POINT ( 'NONE',  ( -0.3840091096036031826, -0.3481409353436843435, -0.6143973214285454176 ) ) ;
#7442 = CARTESIAN_POINT ( 'NONE',  ( -0.1944549925383190214, -0.4388452573585215899, -0.7770647321427724963 ) ) ;
#7443 = ORIENTED_EDGE ( 'NONE', *, *, #4357, .F. ) ;
#7444 = CARTESIAN_POINT ( 'NONE',  ( 0.03304237268197185440, -0.5117146156202652119, -0.5986262208485714220 ) ) ;
#7445 = CARTESIAN_POINT ( 'NONE',  ( -0.03348692879725511523, -0.5097440046599558405, -0.5364579209342928978 ) ) ;
#7446 = EDGE_LOOP ( 'NONE', ( #4545, #5682, #7013, #3382, #1530, #2279 ) ) ;
#7447 = ORIENTED_EDGE ( 'NONE', *, *, #7307, .T. ) ;
#7448 = CARTESIAN_POINT ( 'NONE',  ( -0.3975000000000000755, 0.000000000000000000, 0.2380000000000000171 ) ) ;
#7449 = CARTESIAN_POINT ( 'NONE',  ( 0.3157246286099792409, 0.3661136856029225117, -0.8875558035714463667 ) ) ;
#7450 = CARTESIAN_POINT ( 'NONE',  ( -0.4704871432575637447, -0.2514025621524703658, -1.043526785714307570 ) ) ;
#7451 = FACE_OUTER_BOUND ( 'NONE', #7227, .T. ) ;
#7452 = CARTESIAN_POINT ( 'NONE',  ( 0.000000000000000000, 0.000000000000000000, 0.7139999999999999680 ) ) ;
#7453 = LINE ( 'NONE', #2103, #7130 ) ;
#7454 = CARTESIAN_POINT ( 'NONE',  ( 0.3750000000000000555, 4.730198261706652690E-17, 0.7139999999999999680 ) ) ;
#7455 = ORIENTED_EDGE ( 'NONE', *, *, #6829, .F. ) ;
#7456 = EDGE_CURVE ( 'NONE', #4533, #1733, #5666, .T. ) ;
#7457 = CARTESIAN_POINT ( 'NONE',  ( 0.4999183324109885418, -0.1341685087682852884, -0.7273393644652709211 ) ) ;
#7458 = CARTESIAN_POINT ( 'NONE',  ( 0.3793804263293675816, 0.3612987774220168813, -0.7926897321428223453 ) ) ;
#7459 = CARTESIAN_POINT ( 'NONE',  ( 0.4966795447714600908, -0.1687655504295421105, -0.9501498577340043994 ) ) ;
#7460 = CARTESIAN_POINT ( 'NONE',  ( 0.03385684806002101782, 0.5094147170193908947, -0.5007565348165037289 ) ) ;
#7461 = CARTESIAN_POINT ( 'NONE',  ( 0.4521701522199250145, 0.1371008270179588928, -0.5368303571428792997 ) ) ;
#7462 = CARTESIAN_POINT ( 'NONE',  ( 0.4206068924418594479, 0.2247495179469317372, -0.6953124999999837907 ) ) ;
#7463 = CARTESIAN_POINT ( 'NONE',  ( 0.3191072534089943180, 0.4157802520096471888, -0.9360116043802612085 ) ) ;
#7464 = CARTESIAN_POINT ( 'NONE',  ( 0.2586678813786447151, 0.4083649591937027479, -0.9037388392857532704 ) ) ;
#7465 = CARTESIAN_POINT ( 'NONE',  ( 0.3970717995527425770, 4.888278802118843999E-17, 0.004529409175434031751 ) ) ;
#7466 = CARTESIAN_POINT ( 'NONE',  ( 0.3776609910591318120, 0.2800172278961901018, -0.4614955357142941916 ) ) ;
#7467 = CARTESIAN_POINT ( 'NONE',  ( 0.3596988263102613992, -0.3103590303586118981, -0.6375558035713808636 ) ) ;
#7468 = CARTESIAN_POINT ( 'NONE',  ( 0.000000000000000000, 0.000000000000000000, -0.02500000000000000139 ) ) ;
#7469 = CARTESIAN_POINT ( 'NONE',  ( 0.4677373016743325285, -0.1049667981416436829, -0.7569754464284844664 ) ) ;
#7470 = CARTESIAN_POINT ( 'NONE',  ( -0.4210540172500014111, 0.3017727602347324845, -0.7671421470940402720 ) ) ;
#7471 = CARTESIAN_POINT ( 'NONE',  ( 0.1932156002030955000, 0.4357361260985493367, -0.6877790178571037139 ) ) ;
#7472 = CARTESIAN_POINT ( 'NONE',  ( 0.3975000000000000755, 4.867971026610729929E-17, 0.2380000000000000171 ) ) ;
#7473 = CARTESIAN_POINT ( 'NONE',  ( 0.2652894227223224766, -0.3969162600433007726, -0.6941964285714095073 ) ) ;
#7474 = CARTESIAN_POINT ( 'NONE',  ( 0.4732451169830313442, -0.2096979428519160082, -0.5917968749999668043 ) ) ;
#7475 = CARTESIAN_POINT ( 'NONE',  ( 0.02567908532251318363, -0.5212600756367824495, -0.6735491071429561272 ) ) ;
#7476 = CARTESIAN_POINT ( 'NONE',  ( 0.2462703584560052839, 0.4107574346382621422, -0.7427455357142819237 ) ) ;
#7477 = VERTEX_POINT ( 'NONE', #2303 ) ;
#7478 = CARTESIAN_POINT ( 'NONE',  ( -0.4803772388754983247, -0.1806656911947183697, -0.6131282308240753043 ) ) ;
#7479 = DIRECTION ( 'NONE',  ( -1.000000000000000000, 0.000000000000000000, 0.000000000000000000 ) ) ;
#7480 = CARTESIAN_POINT ( 'NONE',  ( 0.07099371544663601874, -0.4790254437961947720, -0.9313616071429230425 ) ) ;
#7481 = ORIENTED_EDGE ( 'NONE', *, *, #5249, .T. ) ;
#7482 = ORIENTED_EDGE ( 'NONE', *, *, #2826, .F. ) ;
#7483 = CARTESIAN_POINT ( 'NONE',  ( -0.3113717222982023136, 0.4060602732632317968, -0.5639902444445358265 ) ) ;
#7484 = CARTESIAN_POINT ( 'NONE',  ( -0.3745768300548123486, -0.3074928875194393174, -0.9252232142856851027 ) ) ;
#7485 = CARTESIAN_POINT ( 'NONE',  ( -0.06518541858856245763, -0.5291026687459710054, -1.032645089285806117 ) ) ;
#7486 = FACE_OUTER_BOUND ( 'NONE', #4983, .T. ) ;
#7487 = CARTESIAN_POINT ( 'NONE',  ( -0.4966172450292076213, -0.1683296572181235129, -0.9706426943272803420 ) ) ;
#7488 = CARTESIAN_POINT ( 'NONE',  ( -0.5086081807686311240, -0.03724404213942580227, -0.4735259292598626990 ) ) ;
#7489 = DIRECTION ( 'NONE',  ( -0.000000000000000000, -0.000000000000000000, 1.000000000000000000 ) ) ;
#7490 = ORIENTED_EDGE ( 'NONE', *, *, #1173, .F. ) ;
#7491 = DIRECTION ( 'NONE',  ( -1.000000000000000000, 0.000000000000000000, 0.000000000000000000 ) ) ;
#7492 = CARTESIAN_POINT ( 'NONE',  ( 6.753415292381153385E-05, 0.5236081500098813679, -0.7834821428571672186 ) ) ;
#7493 = CARTESIAN_POINT ( 'NONE',  ( 0.5233320033158785911, -3.747753966308161220E-15, -0.9464271175837570826 ) ) ;
#7494 = CARTESIAN_POINT ( 'NONE',  ( -0.03264657363238069460, 0.5086395206914844369, -0.4992695167775634824 ) ) ;
#7495 = AXIS2_PLACEMENT_3D ( 'NONE', #4075, #1662, #2244 ) ;
#7496 = ADVANCED_FACE ( 'NONE', ( #4057 ), #2489, .F. ) ;
#7497 = CARTESIAN_POINT ( 'NONE',  ( 0.1679576391690226767, 0.4928722104933503378, -0.8530922098294961842 ) ) ;
#7498 = CARTESIAN_POINT ( 'NONE',  ( 0.1480461018437752296, 0.4483476891722594782, -0.5259486607142912495 ) ) ;
#7499 = CARTESIAN_POINT ( 'NONE',  ( -0.1494971458830872679, 0.4523267868379813317, -0.6794084821428687526 ) ) ;
#7500 = CARTESIAN_POINT ( 'NONE',  ( 0.4769501094216731518, 0.2157030764942930168, -0.9415991218368441329 ) ) ;
#7501 = AXIS2_PLACEMENT_3D ( 'NONE', #3497, #4535, #6402 ) ;
#7502 = CARTESIAN_POINT ( 'NONE',  ( -0.2781559898044944079, 0.3948365856934552554, -0.8903459821428195697 ) ) ;
#7503 = CARTESIAN_POINT ( 'NONE',  ( -0.3269523584139908401, -0.3985033867578309796, -0.4676339285714651850 ) ) ;
#7504 = CARTESIAN_POINT ( 'NONE',  ( -0.2616972358474385918, -0.3917735127418568442, -0.4933035714285785578 ) ) ;
#7505 = CARTESIAN_POINT ( 'NONE',  ( 0.1268295739866957539, -0.4580596570303748782, -0.6442522321428229004 ) ) ;
#7506 = CARTESIAN_POINT ( 'NONE',  ( 0.4020496047192625988, 4.918759067938633903E-17, 0.000000000000000000 ) ) ;
#7507 = CARTESIAN_POINT ( 'NONE',  ( 0.1166363900857335240, -0.4653688105877541448, -0.7695312499999538147 ) ) ;
#7508 = CARTESIAN_POINT ( 'NONE',  ( -0.5177721552453492526, -7.529527977162422150E-13, -0.7678553675496464503 ) ) ;
#7509 = AXIS2_PLACEMENT_3D ( 'NONE', #746, #2641, #2480 ) ;
#7510 = CARTESIAN_POINT ( 'NONE',  ( 0.4093878691879857534, -0.2453016151589334226, -0.7070312499999988898 ) ) ;
#7511 = CARTESIAN_POINT ( 'NONE',  ( 0.4964586700292115684, 0.3989728978797918990, -0.9514466211001627594 ) ) ;
#7512 = CARTESIAN_POINT ( 'NONE',  ( 0.03495259396885633252, 0.4730116279563211790, -0.5945870535714002925 ) ) ;
#7513 = CARTESIAN_POINT ( 'NONE',  ( 0.2549362608712493761, 0.4498901731149422267, -0.5750558035714548044 ) ) ;
#7514 = CARTESIAN_POINT ( 'NONE',  ( 0.3963140161652337623, 0.3417736818650053410, -0.7195870535714128380 ) ) ;
#7515 = CARTESIAN_POINT ( 'NONE',  ( -0.2559629124047433368, 0.4043246679658971110, -0.7301897321428195697 ) ) ;
#7516 = EDGE_LOOP ( 'NONE', ( #4537, #4536, #1037, #4234 ) ) ;
#7517 = CARTESIAN_POINT ( 'NONE',  ( -0.3128336601082645774, -0.4066163078528583497, -0.6068132926465179544 ) ) ;
#7518 = DIRECTION ( 'NONE',  ( -1.000000000000000000, 0.000000000000000000, 0.000000000000000000 ) ) ;
#7519 = CARTESIAN_POINT ( 'NONE',  ( -0.3962780989087525407, -0.2790142439071107150, -0.9439174107143172288 ) ) ;
#7520 = ORIENTED_EDGE ( 'NONE', *, *, #7368, .F. ) ;
#7521 = ORIENTED_EDGE ( 'NONE', *, *, #6267, .T. ) ;
#7522 = CARTESIAN_POINT ( 'NONE',  ( -0.4501513805910264954, -0.1737131926594500664, -0.8574218750000552891 ) ) ;
#7523 = CARTESIAN_POINT ( 'NONE',  ( 0.3379616093790483999, -0.4119157923021570245, -1.023437499999912070 ) ) ;
#7524 = CARTESIAN_POINT ( 'NONE',  ( -0.4600583259564725580, 0.09770025144878856371, -0.4542999999999999261 ) ) ;
#7525 = CARTESIAN_POINT ( 'NONE',  ( -0.5937500000000002220, 0.3428017223313401529, -0.9219683889980070379 ) ) ;
#7526 = CARTESIAN_POINT ( 'NONE',  ( 0.5035970370254908568, 0.1346776751793401505, -0.8720298263047241427 ) ) ;
#7527 = CARTESIAN_POINT ( 'NONE',  ( -0.4454435278222296790, 0.2576709093000334461, -0.6309606351065821794 ) ) ;
#7528 = EDGE_LOOP ( 'NONE', ( #6193, #8, #335, #2143, #7139, #1694, #2567, #6796, #1194, #7455, #977, #821, #4940, #6827, #6861, #3610, #3256, #5626, #3386, #444 ) ) ;
#7529 = CARTESIAN_POINT ( 'NONE',  ( 0.4473808205373721036, -0.2588733106619291457, -0.7303228868361130166 ) ) ;
#7530 = EDGE_CURVE ( 'NONE', #3217, #1154, #3338, .T. ) ;
#7531 = CARTESIAN_POINT ( 'NONE',  ( 0.5205425853747347453, -0.03846502657829508481, -0.7307477678571580038 ) ) ;
#7532 = CARTESIAN_POINT ( 'NONE',  ( -0.2112170516119148966, 0.4194734116107036725, -0.4634486607142838110 ) ) ;
#7534 = CARTESIAN_POINT ( 'NONE',  ( 0.4516340113677647095, -0.2707782055836404633, -0.8789062499999553690 ) ) ;
#7533 = CARTESIAN_POINT ( 'NONE',  ( -0.5100112300948107524, -0.03351755611859530415, -0.5450431453029204176 ) ) ;
#7535 = CARTESIAN_POINT ( 'NONE',  ( -0.1714436101237993282, -0.5866204302068639409, -0.03469690162082210427 ) ) ;
#7536 = CARTESIAN_POINT ( 'NONE',  ( -0.1694722829874154291, -0.4395192923331009416, -0.4907924107142511705 ) ) ;
#7537 = CARTESIAN_POINT ( 'NONE',  ( 0.4597054987791849845, 0.1271539910589370992, -0.6978236607142846992 ) ) ;
#7538 = CARTESIAN_POINT ( 'NONE',  ( 0.000000000000000000, 0.000000000000000000, -0.02500000000000000139 ) ) ;
#7539 = CARTESIAN_POINT ( 'NONE',  ( -0.1406777444526879639, -0.4635376331968635299, -0.9363839285713753124 ) ) ;
#7540 = CARTESIAN_POINT ( 'NONE',  ( 0.4476018363793115573, -0.2589744679571973074, -0.7381043651178331721 ) ) ;
#7541 = CARTESIAN_POINT ( 'NONE',  ( -0.4572880129276534200, -0.1144822020908828897, -0.5016741071428871823 ) ) ;
#7542 = CARTESIAN_POINT ( 'NONE',  ( -0.4572880129256930437, -0.1144822020906797466, -0.5195312499999875655 ) ) ;
#7543 = DIRECTION ( 'NONE',  ( -1.000000000000000000, 0.000000000000000000, 0.000000000000000000 ) ) ;
#7544 = CARTESIAN_POINT ( 'NONE',  ( -0.4798079257671778453, -0.02363716054551394039, -0.7896205357142225267 ) ) ;
#7545 = CARTESIAN_POINT ( 'NONE',  ( -0.5005317714906319937, 0.1339578797177120029, -0.7708288782232108893 ) ) ;
#7546 = CARTESIAN_POINT ( 'NONE',  ( 0.4408536157648296205, -0.1826739829808544657, -0.7053571428571437929 ) ) ;
#7547 = CARTESIAN_POINT ( 'NONE',  ( 0.1061601979718566208, -0.4724509646751065550, -0.9305245535714953276 ) ) ;
#7548 = EDGE_CURVE ( 'NONE', #5078, #6194, #5175, .T. ) ;
#7549 = CARTESIAN_POINT ( 'NONE',  ( 0.4746790177872820538, 0.01171762662214340979, -0.6113281250000046629 ) ) ;
#7550 = CARTESIAN_POINT ( 'NONE',  ( -0.3359652224438972046, 0.3895785914553321905, -0.4896763392856950947 ) ) ;
#7551 = CARTESIAN_POINT ( 'NONE',  ( 0.5211025754529875487, -0.05125241578980315599, -0.7287946428570546420 ) ) ;
#7552 = CARTESIAN_POINT ( 'NONE',  ( -0.3461655088051476814, -0.3294920841313678239, -0.7101004464287085094 ) ) ;
#7553 = ORIENTED_EDGE ( 'NONE', *, *, #4584, .F. ) ;
#7554 = CARTESIAN_POINT ( 'NONE',  ( -0.2760745187730555550, -0.4431825756935411365, -0.8991904321320546289 ) ) ;
#7555 = CARTESIAN_POINT ( 'NONE',  ( 0.2104266076077745684, -0.4652950108924664430, -0.5308850754284311080 ) ) ;
#7556 = CARTESIAN_POINT ( 'NONE',  ( 0.4743757536317512735, 0.09442656472268912138, -0.9129464285714177230 ) ) ;
#7557 = EDGE_LOOP ( 'NONE', ( #1805, #2924, #3532, #4066, #4312, #4106 ) ) ;
#7558 = ORIENTED_EDGE ( 'NONE', *, *, #1304, .F. ) ;
#7559 = CARTESIAN_POINT ( 'NONE',  ( 0.1624286592730299905, -0.4537622642875205337, -0.8398437500001243450 ) ) ;
#7560 = CARTESIAN_POINT ( 'NONE',  ( -0.5068146114721300277, 0.1673523634394831761, -1.052734374999937383 ) ) ;
#7561 = DIRECTION ( 'NONE',  ( 1.000000000000000000, 0.000000000000000000, 0.000000000000000000 ) ) ;
#7562 = CARTESIAN_POINT ( 'NONE',  ( 0.5222794688353734616, -0.03417281484118601248, -0.9393888712792848317 ) ) ;
#7563 = DIRECTION ( 'NONE',  ( 1.000000000000000000, 0.000000000000000000, 0.000000000000000000 ) ) ;
#7564 = CARTESIAN_POINT ( 'NONE',  ( -0.3975000000000000755, 0.000000000000000000, 0.7139999999999999680 ) ) ;
#7565 = VERTEX_POINT ( 'NONE', #2770 ) ;
#7566 = CARTESIAN_POINT ( 'NONE',  ( 0.01631726963625270213, -0.5169794247889407668, -0.7418566304121770871 ) ) ;
#7567 = CARTESIAN_POINT ( 'NONE',  ( -0.2703486958109841964, 0.3839704988258928475, -0.4617745535714302685 ) ) ;
#7569 = CARTESIAN_POINT ( 'NONE',  ( -0.5196959282940386560, -0.09010673743708606798, -0.9065290178572856794 ) ) ;
#7568 = DIRECTION ( 'NONE',  ( -1.000000000000000000, 0.000000000000000000, 0.000000000000000000 ) ) ;
#7570 = FACE_OUTER_BOUND ( 'NONE', #3501, .T. ) ;
#7571 = CARTESIAN_POINT ( 'NONE',  ( -0.4579460340121110362, 0.1027694595539569572, -0.4355468750000197065 ) ) ;
#7572 = CARTESIAN_POINT ( 'NONE',  ( -0.4100137971325068520, -0.2456811311634665707, -0.7304687499998974154 ) ) ;
#7573 = CARTESIAN_POINT ( 'NONE',  ( -0.1183362075030602728, -0.5061484894854820782, -0.8240396459540281215 ) ) ;
#7574 = CARTESIAN_POINT ( 'NONE',  ( 0.4403228126015277799, -0.1952494664154507120, -0.8484933035713752014 ) ) ;
#7575 = CARTESIAN_POINT ( 'NONE',  ( -0.3779749233308440370, -0.3538836510596635176, -0.7593027866034648410 ) ) ;
#7576 = CARTESIAN_POINT ( 'NONE',  ( 0.1514300161691923552, 0.4435776198466099274, -0.4546327380952239761 ) ) ;
#7577 = CARTESIAN_POINT ( 'NONE',  ( 0.4675302268306591458, -0.06941299896038477524, -0.5597098214285661788 ) ) ;
#7578 = CARTESIAN_POINT ( 'NONE',  ( 0.000000000000000000, 0.000000000000000000, -0.4542999999999999816 ) ) ;
#7579 = CARTESIAN_POINT ( 'NONE',  ( -0.3959456982310443629, 0.2644842006975470228, -0.6540178571428058030 ) ) ;
#7580 = CARTESIAN_POINT ( 'NONE',  ( -0.3541922425167690625, 0.3784456456151009118, -0.7771610930155747887 ) ) ;
#7581 = CARTESIAN_POINT ( 'NONE',  ( 0.4597054987791849845, 0.1271539910589370992, -0.6978236607142846992 ) ) ;
#7582 = CARTESIAN_POINT ( 'NONE',  ( 0.5250000000000000222, 6.429395695523603660E-17, -0.9999999999999998890 ) ) ;
#7583 = CARTESIAN_POINT ( 'NONE',  ( -0.4000853435247331835, -0.2532791774870030710, -0.5694754464285797235 ) ) ;
#7584 = CARTESIAN_POINT ( 'NONE',  ( -0.2761169304901396337, -0.4359119348150391482, -0.5398995535713883021 ) ) ;
ENDSEC;
END-ISO-10303-21;
