ISO-10303-21;
HEADER;
FILE_DESCRIPTION (( 'STEP AP203' ),
    '1' );
FILE_NAME ('5346K28_Brass Barbed Hose Fitting for Air and Water.STEP',
    '2026-01-12T06:50:45',
    ( 'McMaster Carr Supply' ),
    ( 'McMaster Carr Supply' ),
    'SwSTEP 2.0',
    'SolidWorks 2024',
    '' );
FILE_SCHEMA (( 'CONFIG_CONTROL_DESIGN' ));
ENDSEC;

DATA;
#1 = CARTESIAN_POINT ( 'NONE',  ( -0.4896463072707019082, -0.1663342308283775883, -0.4683899030941276465 ) ) ;
#2 = CARTESIAN_POINT ( 'NONE',  ( -0.1365929255893281180, 0.4379992381705017923, -0.9608444940476229545 ) ) ;
#3 = CARTESIAN_POINT ( 'NONE',  ( 0.1316262716776574748, -0.4616432620251894048, -0.2736235119046878106 ) ) ;
#4 = CARTESIAN_POINT ( 'NONE',  ( -0.5036238288085926884, 0.04109685093349862983, -1.119233630952376934 ) ) ;
#6 = CARTESIAN_POINT ( 'NONE',  ( 0.1637750027893140059, 0.4834824186988331274, -0.7079629894185979211 ) ) ;
#5 = CARTESIAN_POINT ( 'NONE',  ( 0.4656927202087456363, 0.2110412789271063905, -0.6558685561471255809 ) ) ;
#7 = CARTESIAN_POINT ( 'NONE',  ( -0.4991990022391491477, -0.1336851919115803478, -0.4791625157855053385 ) ) ;
#8 = CARTESIAN_POINT ( 'NONE',  ( -0.3462439350583407793, -0.3939721858351384332, -0.2581956045499025909 ) ) ;
#9 = CARTESIAN_POINT ( 'NONE',  ( -0.4769931670275713298, -0.06696144915977440826, -0.2216331845238315446 ) ) ;
#10 = CARTESIAN_POINT ( 'NONE',  ( -0.4783210788693202375, 0.03154615765816633915, -0.2953869047618855603 ) ) ;
#11 = CARTESIAN_POINT ( 'NONE',  ( -0.4320157089762393654, -0.2132561015902770529, -0.2269345238095945294 ) ) ;
#12 = VERTEX_POINT ( 'NONE', #382 ) ;
#13 = CARTESIAN_POINT ( 'NONE',  ( -0.07256541924834919444, 0.4642973662625673459, -0.5964471726190146983 ) ) ;
#14 = CARTESIAN_POINT ( 'NONE',  ( 0.1409209653018429487, -0.4518771180417795463, -0.4965587797618892796 ) ) ;
#15 = VERTEX_POINT ( 'NONE', #2323 ) ;
#16 = CARTESIAN_POINT ( 'NONE',  ( -0.1866684893534887035, 0.4514363040637960900, -0.2499999999999997502 ) ) ;
#17 = CARTESIAN_POINT ( 'NONE',  ( -0.1857141714863259074, 0.4928464626694235573, -0.4914434523809158573 ) ) ;
#18 = EDGE_CURVE ( 'NONE', #923, #12, #2222, .T. ) ;
#19 = CARTESIAN_POINT ( 'NONE',  ( -0.1979959142445988918, -0.4271886732814427767, -0.5674293154762097835 ) ) ;
#20 = CARTESIAN_POINT ( 'NONE',  ( -0.08270331485695085749, 0.4963133267671395177, -0.9166698199739242714 ) ) ;
#21 = CARTESIAN_POINT ( 'NONE',  ( -0.4637120235701086002, 0.003613084075312251574, -0.8036644345239074561 ) ) ;
#22 = CARTESIAN_POINT ( 'NONE',  ( -0.4745939705957308297, 0.2149378064504178787, -0.3441113292633360410 ) ) ;
#23 = ORIENTED_EDGE ( 'NONE', *, *, #1677, .F. ) ;
#24 = CARTESIAN_POINT ( 'NONE',  ( -0.4037539703085215592, 0.3428416396640563968, -0.3405877976189518042 ) ) ;
#25 = CARTESIAN_POINT ( 'NONE',  ( -0.3749999999999998890, 4.592425496802572986E-17, -0.2064999999999996838 ) ) ;
#26 = CARTESIAN_POINT ( 'NONE',  ( 0.000000000000000000, 0.000000000000000000, 0.9519999999999999574 ) ) ;
#27 = CARTESIAN_POINT ( 'NONE',  ( 0.01661733506908542532, -0.5139892823250370446, -0.8880208333331732762 ) ) ;
#28 = EDGE_CURVE ( 'NONE', #844, #5023, #2450, .T. ) ;
#29 = CARTESIAN_POINT ( 'NONE',  ( 0.1593872012490033796, 0.4347483050402136118, -0.8164992559524780757 ) ) ;
#30 = CARTESIAN_POINT ( 'NONE',  ( -0.4374501834215842599, -0.2839418749261799491, -0.2499999999999998890 ) ) ;
#31 = CARTESIAN_POINT ( 'NONE',  ( -0.3555716815197025871, -0.4081452549723692536, -0.004522173949406660919 ) ) ;
#32 = ORIENTED_EDGE ( 'NONE', *, *, #4471, .T. ) ;
#33 = CARTESIAN_POINT ( 'NONE',  ( 0.3868104250693833457, 0.2541215481829861011, -0.8237537202380664780 ) ) ;
#34 = CARTESIAN_POINT ( 'NONE',  ( 0.4247441803958113549, 0.1720699491841246043, -0.9688430059524396620 ) ) ;
#35 = CARTESIAN_POINT ( 'NONE',  ( -0.4670142627412263714, 0.2305416924349705521, -0.6235119047618995491 ) ) ;
#36 = CARTESIAN_POINT ( 'NONE',  ( -0.2133973923988474464, 0.4701201268535413202, -0.4951542771305327828 ) ) ;
#37 = CARTESIAN_POINT ( 'NONE',  ( -0.2183399552987932146, 0.4240245875760262906, -0.9702252693202905176 ) ) ;
#38 = CARTESIAN_POINT ( 'NONE',  ( -0.3393233471484980446, 0.3123947890975350972, -0.8834635416667309116 ) ) ;
#39 = CARTESIAN_POINT ( 'NONE',  ( 0.5011540686889287555, -0.1343772152263547071, -0.4393797366001483407 ) ) ;
#40 = CARTESIAN_POINT ( 'NONE',  ( 0.1084982212530308104, 0.4478940975846622541, -0.8955543154761181901 ) ) ;
#41 = CARTESIAN_POINT ( 'NONE',  ( 0.04957590674235248102, -0.4661693740008349129, -0.6416480654762013458 ) ) ;
#42 = CARTESIAN_POINT ( 'NONE',  ( -0.3478786624123917370, -0.3103963177599551315, -0.7149367559524432147 ) ) ;
#43 = CARTESIAN_POINT ( 'NONE',  ( -0.5312500000000001110, 0.3067173305069886280, -0.2499999999999998057 ) ) ;
#44 = CARTESIAN_POINT ( 'NONE',  ( -0.5074980421394281738, -0.008502878177876297197, -1.046688988095259454 ) ) ;
#45 = CARTESIAN_POINT ( 'NONE',  ( -0.3173178189810503258, -0.3446708368460984495, -0.6513206845238791454 ) ) ;
#47 = CARTESIAN_POINT ( 'NONE',  ( 0.3104787067092739661, 0.4050595965282081656, -0.7116905708582075274 ) ) ;
#46 = CARTESIAN_POINT ( 'NONE',  ( 0.3357961290731857340, -0.3819944645507102887, -0.7418005430724425864 ) ) ;
#48 = CARTESIAN_POINT ( 'NONE',  ( 0.5064332199741109486, 0.03315657217770662246, -0.8028296765780730260 ) ) ;
#49 = CARTESIAN_POINT ( 'NONE',  ( -0.4399476958388220948, -0.2545804606881093002, -0.7518603116999902358 ) ) ;
#50 = CARTESIAN_POINT ( 'NONE',  ( -0.4487126691577789650, -0.1690833152474671142, -0.2905505952380333934 ) ) ;
#51 = CARTESIAN_POINT ( 'NONE',  ( -0.3989600787800170467, -0.2621036150837818823, -0.3594680059523938653 ) ) ;
#52 = CARTESIAN_POINT ( 'NONE',  ( -0.4228139107044913136, 0.2302519275885622496, -0.2378162202381434442 ) ) ;
#53 = VERTEX_POINT ( 'NONE', #1207 ) ;
#54 = CARTESIAN_POINT ( 'NONE',  ( 0.2566637072231091055, 0.3906653914041606224, -0.6762462797619648303 ) ) ;
#55 = CARTESIAN_POINT ( 'NONE',  ( 0.2756201445066816524, -0.3849580663693447091, -0.4929315476190384016 ) ) ;
#56 = VERTEX_POINT ( 'NONE', #6901 ) ;
#57 = CARTESIAN_POINT ( 'NONE',  ( 0.5259205508003470531, 0.008811682719659746227, -0.5132068452380542656 ) ) ;
#58 = CARTESIAN_POINT ( 'NONE',  ( 0.4320514421399562210, -0.1829182641593205538, -0.6206287202380768031 ) ) ;
#59 = B_SPLINE_CURVE_WITH_KNOTS ( 'NONE', 3,
 ( #5745, #3820, #7684, #3196, #3899, #7021, #3282, #1288 ),
 .UNSPECIFIED., .F., .F.,
 ( 4, 2, 2, 4 ),
 ( 0.007883069676311164550, 0.009846408514183547372, 0.01180974735205593193, 0.01573642502780069410 ),
 .UNSPECIFIED. ) ;
#60 = APPLICATION_PROTOCOL_DEFINITION ( 'international standard', 'config_control_design', 1994, #7296 ) ;
#61 = CARTESIAN_POINT ( 'NONE',  ( -0.4415491055640872187, -0.1420620542731535485, -0.8000372023811169742 ) ) ;
#62 = CARTESIAN_POINT ( 'NONE',  ( -0.3125000000000000000, 3.827021247335478926E-17, -0.1689462113107774999 ) ) ;
#63 = EDGE_LOOP ( 'NONE', ( #2862, #147, #7973, #3173, #308 ) ) ;
#64 = AXIS2_PLACEMENT_3D ( 'NONE', #6759, #2523, #7381 ) ;
#65 = CARTESIAN_POINT ( 'NONE',  ( 0.1992358537561631227, -0.4917998858829574216, -0.3103608630951675273 ) ) ;
#66 = CARTESIAN_POINT ( 'NONE',  ( -0.3321916195663788263, -0.3789803175579145034, -0.8910130542024476963 ) ) ;
#67 = CARTESIAN_POINT ( 'NONE',  ( -0.08428241082193484168, 0.5073281851875115489, -0.5595248190479603645 ) ) ;
#68 = CARTESIAN_POINT ( 'NONE',  ( -0.5130681722612665530, -0.05456387539494798877, -0.8336123511903852368 ) ) ;
#69 = EDGE_CURVE ( 'NONE', #7191, #4451, #4886, .T. ) ;
#70 = CARTESIAN_POINT ( 'NONE',  ( 0.4571160022121698030, 0.07144297559542901743, -0.8285900297616867194 ) ) ;
#71 = CIRCLE ( 'NONE', #3779, 0.3704503952807373657 ) ;
#72 = EDGE_CURVE ( 'NONE', #7240, #6175, #759, .T. ) ;
#73 = CARTESIAN_POINT ( 'NONE',  ( -0.08315852769333480221, -0.5062736435927246426, -0.5989634907071508252 ) ) ;
#74 = CARTESIAN_POINT ( 'NONE',  ( 0.3574407347211272512, -0.3808029719657841095, -0.3028296503551028418 ) ) ;
#75 = ORIENTED_EDGE ( 'NONE', *, *, #1944, .F. ) ;
#76 = CARTESIAN_POINT ( 'NONE',  ( -0.2241493310705391373, 0.4029679443462522159, -0.8781622023810552458 ) ) ;
#77 = EDGE_CURVE ( 'NONE', #844, #53, #353, .T. ) ;
#78 = CARTESIAN_POINT ( 'NONE',  ( 0.4596497490878941328, 0.02616464791435466411, -0.9011346726190998524 ) ) ;
#79 = VECTOR ( 'NONE', #3601, 39.37007874015748854 ) ;
#80 = CARTESIAN_POINT ( 'NONE',  ( -0.5158723907340518888, 0.07242777654653852204, -0.6198846726190777590 ) ) ;
#81 = CARTESIAN_POINT ( 'NONE',  ( -0.1177075328922569525, 0.5026241139940463842, -0.4973799876788586594 ) ) ;
#82 = CARTESIAN_POINT ( 'NONE',  ( 0.2002394366976865125, 0.4246319622127378568, -0.9769459065442900325 ) ) ;
#83 = CARTESIAN_POINT ( 'NONE',  ( -0.3352676072855474421, -0.3142577089068401830, -0.9378720238096346362 ) ) ;
#84 = CONICAL_SURFACE ( 'NONE', #4698, 0.3894337567297408986, 0.5235987755983052550 ) ;
#85 = CARTESIAN_POINT ( 'NONE',  ( 0.5041862576258975270, -3.579147722949194563E-15, -0.8749978354362610844 ) ) ;
#86 = CARTESIAN_POINT ( 'NONE',  ( 0.2036039155147124358, -0.4124626496804958964, -0.9233630952382362311 ) ) ;
#87 = SECURITY_CLASSIFICATION ( '', '', #5383 ) ;
#88 = CARTESIAN_POINT ( 'NONE',  ( 0.3986192172263814948, 0.2480928977887840170, -0.6186755952381035595 ) ) ;
#89 = CARTESIAN_POINT ( 'NONE',  ( 0.01922124113266664852, 0.4649938622840201763, -0.7415364583332411108 ) ) ;
#90 = CARTESIAN_POINT ( 'NONE',  ( -0.5312500000000000000, -0.05186524070573884232, -2.671155081695647160E-17 ) ) ;
#91 = CARTESIAN_POINT ( 'NONE',  ( -0.2965816191337757868, 0.4142343930415363085, -0.9862351190475276974 ) ) ;
#92 = CARTESIAN_POINT ( 'NONE',  ( 0.4189803361132695692, 0.2068213108625982233, -0.6912202380951486536 ) ) ;
#94 = CARTESIAN_POINT ( 'NONE',  ( 0.2097950340227929256, 0.4644365221062566884, -0.7090790124023801377 ) ) ;
#93 = CARTESIAN_POINT ( 'NONE',  ( 0.4958831168572560566, -0.01572394967533451496, -0.9502845989949906258 ) ) ;
#95 = CARTESIAN_POINT ( 'NONE',  ( -0.4980487265558996568, -0.1338382757834132297, -0.5405574343581253105 ) ) ;
#96 = CARTESIAN_POINT ( 'NONE',  ( 0.4418035874921905082, -0.2544778393448207665, -0.7280601227078641324 ) ) ;
#97 = CARTESIAN_POINT ( 'NONE',  ( 0.2834227716840601041, 0.3884268343024419590, -0.2482328869047950859 ) ) ;
#98 = CARTESIAN_POINT ( 'NONE',  ( -0.4246688479245024905, -0.2179148219212825033, -0.3606770833332342274 ) ) ;
#99 = CARTESIAN_POINT ( 'NONE',  ( -0.007845321086230811272, -0.4794679670745445876, -0.2144717214436205888 ) ) ;
#100 = VERTEX_POINT ( 'NONE', #2194 ) ;
#101 = CARTESIAN_POINT ( 'NONE',  ( -0.01949157362183245867, 0.4717278446243886592, -0.5263206845237832221 ) ) ;
#102 = CARTESIAN_POINT ( 'NONE',  ( 0.3139281594287423593, 0.3582481795318634421, -0.4010416666666724583 ) ) ;
#103 = EDGE_LOOP ( 'NONE', ( #5334, #1746, #4237, #1845, #6451 ) ) ;
#104 = CARTESIAN_POINT ( 'NONE',  ( 0.2626226908578636610, -0.4553025312078288755, -0.5252976190477293139 ) ) ;
#105 = CARTESIAN_POINT ( 'NONE',  ( -0.2377617755453520221, -0.4037673559344646113, -0.6399739583334252968 ) ) ;
#106 = CARTESIAN_POINT ( 'NONE',  ( -0.4992963575116041719, 0.06579155721171424387, -0.9021792498511963521 ) ) ;
#107 = CARTESIAN_POINT ( 'NONE',  ( -0.2701615319526616821, -0.3773204915614965516, -0.7927827380952372494 ) ) ;
#108 = CARTESIAN_POINT ( 'NONE',  ( 0.3741838904317734693, 0.2873532507884900555, -0.5461309523809455557 ) ) ;
#109 = ORIENTED_EDGE ( 'NONE', *, *, #2895, .F. ) ;
#110 = CARTESIAN_POINT ( 'NONE',  ( -0.3201254615291299621, 0.4246974597328250778, -0.2716703869048273656 ) ) ;
#111 = CARTESIAN_POINT ( 'NONE',  ( 0.000000000000000000, 0.000000000000000000, -0.9999999999999998890 ) ) ;
#112 = CARTESIAN_POINT ( 'NONE',  ( 0.3970717995527426325, 4.888278802118844616E-17, 0.004529409175434023077 ) ) ;
#113 = CARTESIAN_POINT ( 'NONE',  ( -0.4147829091839722038, 0.3026536312504571891, -0.9134114583334057569 ) ) ;
#114 = CARTESIAN_POINT ( 'NONE',  ( 0.4468909990645843489, 0.1199307658831364060, -0.8273809523809505517 ) ) ;
#115 = CARTESIAN_POINT ( 'NONE',  ( 0.4887372865006441858, -0.1837188159919438402, -0.3076502225178016081 ) ) ;
#116 = CARTESIAN_POINT ( 'NONE',  ( 0.3043640460707542350, -0.4243691001669578911, -0.3043310017279153845 ) ) ;
#117 = ORIENTED_EDGE ( 'NONE', *, *, #6990, .T. ) ;
#118 = CARTESIAN_POINT ( 'NONE',  ( -0.3397180383316105168, -0.3127473283541121751, -0.8576078869047515374 ) ) ;
#119 = CARTESIAN_POINT ( 'NONE',  ( -0.2671573113261653254, 0.3731382553744297947, -0.9482886904762313218 ) ) ;
#120 = CARTESIAN_POINT ( 'NONE',  ( 0.5154894263557698864, 0.06765257788230931435, -0.6525297619047877307 ) ) ;
#121 = DIRECTION ( 'NONE',  ( 0.000000000000000000, -1.000000000000000000, -9.106159978880874930E-17 ) ) ;
#122 = CARTESIAN_POINT ( 'NONE',  ( -0.3875425719021495796, 0.3392471600431002376, -0.5617342409798748992 ) ) ;
#123 = CARTESIAN_POINT ( 'NONE',  ( -0.3978350014282270863, -0.2342592864870091107, -0.8689546130952533476 ) ) ;
#124 = CARTESIAN_POINT ( 'NONE',  ( 0.5049368427345510835, -0.1762527282428025810, -0.2314918154761627378 ) ) ;
#125 = EDGE_CURVE ( 'NONE', #1876, #1893, #8021, .T. ) ;
#126 = CARTESIAN_POINT ( 'NONE',  ( 0.4485342725058191760, -0.2589896337455883102, -0.4423567067192233360 ) ) ;
#127 = CARTESIAN_POINT ( 'NONE',  ( -0.3397180383341575904, -0.3127473283419986982, -0.8665364583333922122 ) ) ;
#128 = CARTESIAN_POINT ( 'NONE',  ( 0.4638838016874116121, -0.09603540130223243987, -0.4844680059523532312 ) ) ;
#129 = CARTESIAN_POINT ( 'NONE',  ( 0.4595079833254043233, -0.08342528696798920396, -0.6895461309524105742 ) ) ;
#130 = CARTESIAN_POINT ( 'NONE',  ( -0.3175043697065252357, 0.3901199660938730607, -0.9207967762994135885 ) ) ;
#131 = CARTESIAN_POINT ( 'NONE',  ( -0.2439958684250602972, -0.4480525432131928221, -0.9632626488095573647 ) ) ;
#132 = CARTESIAN_POINT ( 'NONE',  ( 0.1724685850813807708, 0.4369385539484419989, -0.6114211309523960303 ) ) ;
#134 = CARTESIAN_POINT ( 'NONE',  ( 0.5089578625617863228, 0.01674516054590350495, -0.7217429563334656351 ) ) ;
#133 = DIRECTION ( 'NONE',  ( -1.000000000000000000, 0.000000000000000000, -0.000000000000000000 ) ) ;
#135 = CARTESIAN_POINT ( 'NONE',  ( 0.5156180429561367795, 8.361610459420146284E-13, -0.5078306239334580141 ) ) ;
#136 = CARTESIAN_POINT ( 'NONE',  ( -0.03492324398212621334, -0.5235972212367894230, -0.2507510852726700934 ) ) ;
#137 = CARTESIAN_POINT ( 'NONE',  ( -0.2917803623360820664, 0.3799486586578705860, -0.3050595238095100137 ) ) ;
#138 = CARTESIAN_POINT ( 'NONE',  ( 0.4684072524251504666, 0.09696369624491714412, -0.3280319940475522889 ) ) ;
#139 = DIRECTION ( 'NONE',  ( 1.000000000000000000, 0.000000000000000000, 0.000000000000000000 ) ) ;
#140 = CARTESIAN_POINT ( 'NONE',  ( 0.4638838016805233444, -0.09603540131240756450, -0.4755394345237696219 ) ) ;
#141 = CARTESIAN_POINT ( 'NONE',  ( 0.4638838016890369231, -0.09603540131402087121, -0.4844680059524125726 ) ) ;
#142 = ORIENTED_EDGE ( 'NONE', *, *, #5779, .F. ) ;
#143 = CARTESIAN_POINT ( 'NONE',  ( 0.4967195465530669374, 0.1733760423261927475, -0.5095796130952424674 ) ) ;
#144 = CARTESIAN_POINT ( 'NONE',  ( -0.4599691239179610758, -0.08777362988763502682, -0.6496465773809604327 ) ) ;
#145 = CARTESIAN_POINT ( 'NONE',  ( -0.4202930880976812333, 0.1902349480153222305, -0.8798363095239113418 ) ) ;
#146 = CARTESIAN_POINT ( 'NONE',  ( -0.1979959142553295581, -0.4271886732737895653, -0.5763578869047707443 ) ) ;
#147 = ORIENTED_EDGE ( 'NONE', *, *, #4214, .T. ) ;
#148 = CARTESIAN_POINT ( 'NONE',  ( 0.3080486729322181594, 0.4302364402309040159, -0.3575148809523487903 ) ) ;
#149 = CARTESIAN_POINT ( 'NONE',  ( -0.4714325167552654294, -0.1776155292399553276, -0.8965875754697367750 ) ) ;
#150 = CARTESIAN_POINT ( 'NONE',  ( 0.4977208787031085491, 0.08251899268995042946, -0.8731258745675797295 ) ) ;
#151 = CARTESIAN_POINT ( 'NONE',  ( -0.04190993816668276556, 0.5136867354171551492, -0.8517485119047328856 ) ) ;
#152 = B_SPLINE_CURVE_WITH_KNOTS ( 'NONE', 3,
 ( #6155, #3819, #1907, #4386, #2447, #6321, #1245, #6237, #3775, #8049, #1826, #6281, #6943, #2405, #46, #7556, #7603, #4346, #4260, #3067, #674, #3195, #5004, #1865, #5703, #2530, #4429, #2570, #4918, #6768, #633, #590, #1121, #504, #3026, #8134, #1778, #4962, #3153, #1163, #6859, #4306, #7516, #6818, #3692, #6197, #5577, #8089, #1204, #3108 ),
 .UNSPECIFIED., .F., .F.,
 ( 4, 2, 2, 2, 2, 2, 2, 2, 2, 2, 2, 2, 2, 2, 2, 2, 2, 2, 2, 2, 2, 2, 2, 2, 4 ),
 ( 0.5572639332863599249, 0.5598035758618336022, 0.5610733971495704964, 0.5623432184373072795, 0.5648828610127809569, 0.5661526823005178510, 0.5674225035882546342, 0.5686923248759915284, 0.5699621461637283115, 0.5725017887392019889, 0.5737716100269388830, 0.5750414313146756662, 0.5775810738901493435, 0.5788508951778862377, 0.5801207164656230209, 0.5826603590410966982, 0.5839301803288335924, 0.5852000016165703755, 0.5864698229043072697, 0.5877396441920440529, 0.5902792867675177302, 0.5928189293429914075, 0.5953585719184650848, 0.5966283932062019790, 0.5978982144939387622 ),
 .UNSPECIFIED. ) ;
#153 = CARTESIAN_POINT ( 'NONE',  ( 0.5219548820636962239, -0.03408792670143214604, -0.3043033989504854708 ) ) ;
#154 = CARTESIAN_POINT ( 'NONE',  ( 0.4526289607473842347, -0.2607922640217200105, -0.2994861056149781264 ) ) ;
#155 = ORIENTED_EDGE ( 'NONE', *, *, #4423, .F. ) ;
#156 = CARTESIAN_POINT ( 'NONE',  ( 0.2442521500690103542, -0.3924482751332410424, -0.8418898809523985838 ) ) ;
#157 = CARTESIAN_POINT ( 'NONE',  ( 0.4577315082433036642, -0.01892110272330848816, -0.9736793154761875790 ) ) ;
#158 = CARTESIAN_POINT ( 'NONE',  ( -0.4402400045950284890, 0.2740067400454712643, -0.6960565476191524770 ) ) ;
#159 = CARTESIAN_POINT ( 'NONE',  ( -0.5164180857347874243, 3.173639036389655606E-15, -0.4821347708681377742 ) ) ;
#160 = CARTESIAN_POINT ( 'NONE',  ( -0.4800860746221777275, 0.06162973570879366758, -0.9631255627082679904 ) ) ;
#161 = CARTESIAN_POINT ( 'NONE',  ( 0.06392986414110402027, -0.4553992716744990066, -0.9269903273809845246 ) ) ;
#162 = CARTESIAN_POINT ( 'NONE',  ( -0.3224657688712381232, 0.4278022021706289202, -0.2024739583332628989 ) ) ;
#163 = DIRECTION ( 'NONE',  ( 0.000000000000000000, 0.000000000000000000, -1.000000000000000000 ) ) ;
#164 = CARTESIAN_POINT ( 'NONE',  ( 0.06439026415113119350, 0.4586214145539682652, -0.8230096726191605816 ) ) ;
#165 = CARTESIAN_POINT ( 'NONE',  ( -0.4418705442151777962, -0.1744067337953993380, -0.4421502976190603285 ) ) ;
#166 = CARTESIAN_POINT ( 'NONE',  ( -0.4398206580310710101, 0.1535238844733594621, -0.7270275297618753463 ) ) ;
#167 = CARTESIAN_POINT ( 'NONE',  ( -0.5312499999999997780, -0.2057184485061497869, -0.02096731264432403694 ) ) ;
#168 = CARTESIAN_POINT ( 'NONE',  ( 0.4274569479249641923, -0.2753729625020123195, -1.017671130952383374 ) ) ;
#169 = CARTESIAN_POINT ( 'NONE',  ( 0.2181910150719453545, 0.4159531623087647789, -0.6126302083333745596 ) ) ;
#171 = CARTESIAN_POINT ( 'NONE',  ( 0.1172628945044524307, -0.5015800004981527671, -0.5330951544315073454 ) ) ;
#170 = CARTESIAN_POINT ( 'NONE',  ( 0.000000000000000000, 0.000000000000000000, -0.2499999999999998057 ) ) ;
#172 = DIRECTION ( 'NONE',  ( 0.000000000000000000, 1.047310526070460688E-16, -1.000000000000000000 ) ) ;
#173 = CARTESIAN_POINT ( 'NONE',  ( 0.2241791283523655587, -0.4539544065160233122, -0.8162065835385579060 ) ) ;
#174 = CARTESIAN_POINT ( 'NONE',  ( -0.2272962015184060713, 0.4598703253094751919, -0.6276091465804193303 ) ) ;
#175 = CARTESIAN_POINT ( 'NONE',  ( 0.03157812432324470092, -0.4789268479248011134, -0.2760416666667280250 ) ) ;
#176 = CARTESIAN_POINT ( 'NONE',  ( 0.2267451495758155411, -0.4585799674997584341, -0.6733431635189408571 ) ) ;
#177 = CARTESIAN_POINT ( 'NONE',  ( 0.4488204398608831025, 0.1521504592034197689, -0.4694940476190282985 ) ) ;
#178 = EDGE_CURVE ( 'NONE', #5992, #1508, #6062, .T. ) ;
#179 = CARTESIAN_POINT ( 'NONE',  ( -0.3303389271588195175, -0.3415965132936861770, -0.4373139880952313097 ) ) ;
#180 = VERTEX_POINT ( 'NONE', #6811 ) ;
#181 = CARTESIAN_POINT ( 'NONE',  ( -0.5069988468717164798, -0.1445587127975360153, -0.4745163690475472928 ) ) ;
#182 = CARTESIAN_POINT ( 'NONE',  ( -0.4513296087553495539, -0.1330782564510933075, -0.5771019345238057596 ) ) ;
#183 = DIRECTION ( 'NONE',  ( 0.000000000000000000, 0.000000000000000000, 1.000000000000000000 ) ) ;
#184 = CARTESIAN_POINT ( 'NONE',  ( -0.4589415845205194744, -0.04880718795243445263, -0.8737909226189921608 ) ) ;
#185 = CARTESIAN_POINT ( 'NONE',  ( -0.2581125816361085068, 0.3928852519176908586, -0.6005394345238399545 ) ) ;
#186 = EDGE_LOOP ( 'NONE', ( #1713, #4525, #4483, #3882, #5605 ) ) ;
#187 = CARTESIAN_POINT ( 'NONE',  ( -0.5119467507626591640, 0.03346170112358760190, -0.6257455495860212435 ) ) ;
#188 = CARTESIAN_POINT ( 'NONE',  ( -0.06702026562889706884, -0.5136921321690818276, -0.4657605941099293156 ) ) ;
#189 = CARTESIAN_POINT ( 'NONE',  ( -0.01702644674118555107, 0.5139553124318239075, -0.5610269910816209071 ) ) ;
#190 = CARTESIAN_POINT ( 'NONE',  ( 0.5139936062463161814, 0.02925853539371619377, -0.8698846726189241041 ) ) ;
#191 = CARTESIAN_POINT ( 'NONE',  ( 0.4150020645969766386, -0.3180836824218476466, -0.3109997511407782689 ) ) ;
#192 = CARTESIAN_POINT ( 'NONE',  ( -0.2609646649142192687, -0.4528516328367811483, -0.3173426067343794732 ) ) ;
#193 = ORIENTED_EDGE ( 'NONE', *, *, #7583, .F. ) ;
#194 = CARTESIAN_POINT ( 'NONE',  ( -0.4415491055709426238, -0.1420620542613805770, -0.7911086309525919846 ) ) ;
#195 = CARTESIAN_POINT ( 'NONE',  ( -0.1365929255893281180, 0.4379992381705017923, -0.9519159226190515577 ) ) ;
#196 = CARTESIAN_POINT ( 'NONE',  ( -0.5142881052909359374, 0.06750293860915550226, -0.6912202380952376934 ) ) ;
#197 = CARTESIAN_POINT ( 'NONE',  ( -0.5031744534215741860, 0.1170549218612750436, -0.4847368169137777349 ) ) ;
#198 = CARTESIAN_POINT ( 'NONE',  ( -0.4835071440984908819, 0.03102601969080443292, -0.9626605717537553009 ) ) ;
#199 = CARTESIAN_POINT ( 'NONE',  ( -0.4511274038589153657, -0.09761819805112664783, -0.8725818452382101409 ) ) ;
#200 = CIRCLE ( 'NONE', #3368, 0.3750000000000000555 ) ;
#201 = CARTESIAN_POINT ( 'NONE',  ( -0.004163692093263998174, 0.5354794495893870909, -0.2097284226191374334 ) ) ;
#202 = CARTESIAN_POINT ( 'NONE',  ( 0.000000000000000000, 0.000000000000000000, -0.2499999999999998057 ) ) ;
#203 = CARTESIAN_POINT ( 'NONE',  ( 0.3213849812283585683, -0.3323487259158235396, -0.8484002976190420098 ) ) ;
#204 = CARTESIAN_POINT ( 'NONE',  ( 0.3135224198507176041, -0.3577972322845977549, -0.4203869047619095967 ) ) ;
#205 = CARTESIAN_POINT ( 'NONE',  ( 0.4625972367931841522, 0.06494039249087689425, -0.6859188988095714645 ) ) ;
#206 = AXIS2_PLACEMENT_3D ( 'NONE', #7292, #1032, #2191 ) ;
#207 = CARTESIAN_POINT ( 'NONE',  ( 0.5020336960870686038, -6.148139589771436501E-17, -0.9441340197651776345 ) ) ;
#208 = CARTESIAN_POINT ( 'NONE',  ( 0.3100278050886066117, 0.4036965132658899003, -1.000744047618998378 ) ) ;
#209 = CARTESIAN_POINT ( 'NONE',  ( -0.1932320937615090439, -0.4269149448452214668, -0.6476934523810580213 ) ) ;
#210 = CONICAL_SURFACE ( 'NONE', #8131, 0.3975000000000000755, 0.09425767512363275591 ) ;
#212 = CARTESIAN_POINT ( 'NONE',  ( -0.06690095949077044801, -0.5106149958169979852, -0.5371895402855357826 ) ) ;
#211 = CARTESIAN_POINT ( 'NONE',  ( 0.05911734159655281790, -0.4550719881964333524, -0.9875422347007436485 ) ) ;
#213 = CARTESIAN_POINT ( 'NONE',  ( 0.4827608062728732108, -0.1815342877986635406, -0.5119158650183144310 ) ) ;
#214 = CARTESIAN_POINT ( 'NONE',  ( -0.4899564013210091495, -0.1843675685687813925, -0.2637590357705769106 ) ) ;
#215 = AXIS2_PLACEMENT_3D ( 'NONE', #5736, #1860, #4381 ) ;
#216 = CARTESIAN_POINT ( 'NONE',  ( -0.4852906731502010240, 0.1645971275152669222, -0.6186896781694072311 ) ) ;
#217 = CARTESIAN_POINT ( 'NONE',  ( -0.3433974745462504696, -0.3380877970961513879, -0.2143787202381393087 ) ) ;
#218 = DIRECTION ( 'NONE',  ( -0.03112001302225914090, 3.811102433713360910E-18, 0.9995156550997559286 ) ) ;
#219 = CIRCLE ( 'NONE', #6941, 0.3749999999999998890 ) ;
#220 = CARTESIAN_POINT ( 'NONE',  ( -0.4575133049924454687, 0.1183969005937704211, -0.5118117559523351900 ) ) ;
#221 = LOCAL_TIME ( 0, 50, 45.00000000000000000, #7853 ) ;
#222 = CARTESIAN_POINT ( 'NONE',  ( -0.01532789790328977289, 0.4741153765947017096, -0.4639136904761964053 ) ) ;
#223 = EDGE_CURVE ( 'NONE', #5728, #1756, #2041, .T. ) ;
#224 = ORIENTED_EDGE ( 'NONE', *, *, #7986, .F. ) ;
#225 = CARTESIAN_POINT ( 'NONE',  ( -0.3711767245840498219, 0.3770055091056614960, -0.4152715773809664834 ) ) ;
#226 = CARTESIAN_POINT ( 'NONE',  ( -0.1665202575114200223, 0.4419110072725128124, -0.5226934523809158017 ) ) ;
#227 = CARTESIAN_POINT ( 'NONE',  ( -0.4629354070821305456, -0.08403942486826455893, -0.5783110119047691899 ) ) ;
#228 = ADVANCED_FACE ( 'NONE', ( #8083 ), #1513, .T. ) ;
#229 = CARTESIAN_POINT ( 'NONE',  ( -0.1747991561137687277, 0.4314808931616065379, -0.7456287202381117751 ) ) ;
#230 = CARTESIAN_POINT ( 'NONE',  ( -0.1119205939035078506, -0.4620226092799246120, -0.4312686011904732220 ) ) ;
#231 = ORIENTED_EDGE ( 'NONE', *, *, #1681, .T. ) ;
#232 = CARTESIAN_POINT ( 'NONE',  ( 0.09948386423477088847, 0.5024023779396419309, -0.6450691035608197010 ) ) ;
#233 = CARTESIAN_POINT ( 'NONE',  ( -0.2580972106504687558, -0.4480434158847710346, -0.4702226379617808205 ) ) ;
#234 = CARTESIAN_POINT ( 'NONE',  ( 0.5133940662308125180, -5.139822602142158165E-13, -0.5792605282830836089 ) ) ;
#235 = CARTESIAN_POINT ( 'NONE',  ( -0.4699794426898471489, 0.2178283917180531548, -0.7683221726190386791 ) ) ;
#236 = EDGE_CURVE ( 'NONE', #5967, #3085, #6123, .T. ) ;
#237 = CARTESIAN_POINT ( 'NONE',  ( 0.3933385226136926205, -0.3444327783020247336, -0.3117370299256416732 ) ) ;
#238 = B_SPLINE_CURVE_WITH_KNOTS ( 'NONE', 3,
 ( #6816, #1904, #6318, #4344 ),
 .UNSPECIFIED., .F., .F.,
 ( 4, 4 ),
 ( 0.0001451091933191497603, 0.002706725670859571557 ),
 .UNSPECIFIED. ) ;
#239 = DIRECTION ( 'NONE',  ( -0.000000000000000000, -0.000000000000000000, 1.000000000000000000 ) ) ;
#240 = CARTESIAN_POINT ( 'NONE',  ( 0.4563428359894587949, -0.07553327966101942847, -0.8322172619048897602 ) ) ;
#241 = CARTESIAN_POINT ( 'NONE',  ( -0.5064453678253617586, 0.1310592719084532620, -0.5497581845238095344 ) ) ;
#242 = CARTESIAN_POINT ( 'NONE',  ( -0.4756147137021038418, -0.1007225728776973278, -0.9606571459864288176 ) ) ;
#243 = B_SPLINE_CURVE_WITH_KNOTS ( 'NONE', 3,
 ( #7687, #4560, #3285, #1249, #637, #2232, #5208, #1608, #1571, #4642, #6640, #880, #7729, #5910, #5328, #2857, #918, #5373, #992, #1455, #7146, #3523, #5866, #2081, #4129, #4603, #4092, #3479, #3981, #3404, #7106, #174, #5987, #6603, #6484, #839, #2695, #7220, #3359, #5949, #955, #2776, #336, #216, #2196, #2737, #5252, #258, #7879 ),
 .UNSPECIFIED., .F., .F.,
 ( 4, 2, 2, 2, 2, 2, 2, 2, 2, 2, 2, 2, 2, 2, 2, 2, 2, 2, 1, 2, 2, 2, 2, 2, 4 ),
 ( 0.3958594035372834941, 0.3971395096833653104, 0.3984196158294470713, 0.4009798281216106486, 0.4022599342676924650, 0.4035400404137742258, 0.4061002527059378586, 0.4073803588520196195, 0.4086604649981014359, 0.4112206772902650131, 0.4137808895824285904, 0.4150609957285104068, 0.4163411018745921677, 0.4189013141667557449, 0.4201814203128375613, 0.4214615264589193222, 0.4240217387510828995, 0.4253018448971647159, 0.4265819510432465322, 0.4278620571893282931, 0.4291421633354101095, 0.4317023756275736868, 0.4329824817736554476, 0.4342625879197372640, 0.4368228002119008413 ),
 .UNSPECIFIED. ) ;
#244 = CARTESIAN_POINT ( 'NONE',  ( -0.2656249999999998890, -0.4600759957604831918, -0.2499999999999998057 ) ) ;
#245 = CARTESIAN_POINT ( 'NONE',  ( 0.2876446769099089695, 0.3627199255311691628, -0.8290550595239967180 ) ) ;
#246 = CARTESIAN_POINT ( 'NONE',  ( 0.4908497797574831178, 0.2130191550400408473, -0.2230282738095255846 ) ) ;
#247 = CARTESIAN_POINT ( 'NONE',  ( 0.4912362353565520867, -0.1143892495639437512, -0.8775925654717314783 ) ) ;
#248 = CARTESIAN_POINT ( 'NONE',  ( -0.4637120235701086002, 0.003613084075312251574, -0.8036644345239074561 ) ) ;
#249 = CARTESIAN_POINT ( 'NONE',  ( 0.04271720276036376079, -0.4713342964497275744, -0.4989769345237387022 ) ) ;
#250 = CARTESIAN_POINT ( 'NONE',  ( -0.01746800789537473336, 0.5180853355202273969, -0.4281813418101283464 ) ) ;
#251 = CARTESIAN_POINT ( 'NONE',  ( -0.5056103372776887817, 6.786934859259653779E-16, -0.8292591043805844775 ) ) ;
#252 = CARTESIAN_POINT ( 'NONE',  ( -0.3769032645372006329, -0.3469809576241087989, -0.8955543154761754776 ) ) ;
#253 = CARTESIAN_POINT ( 'NONE',  ( 0.3152009956476429231, 0.4116284381353043642, -0.4259696077775425027 ) ) ;
#255 = CARTESIAN_POINT ( 'NONE',  ( 0.1335988528415474608, -0.4974952639559808154, -0.5327231535166554455 ) ) ;
#254 = CARTESIAN_POINT ( 'NONE',  ( 0.3639308687033575573, -0.3103919786223112154, -0.9681061350438693314 ) ) ;
#256 = CARTESIAN_POINT ( 'NONE',  ( -0.4618298058605727063, -0.2277805021940335628, -0.5383303607061581397 ) ) ;
#257 = CARTESIAN_POINT ( 'NONE',  ( -0.2525398796936540458, -0.4384069283709232101, -0.8273640692412430608 ) ) ;
#258 = CARTESIAN_POINT ( 'NONE',  ( -0.5122588588514596086, 0.03355294569116927528, -0.6157212311316334619 ) ) ;
#259 = CARTESIAN_POINT ( 'NONE',  ( 1.542801555604430476E-09, -0.4794718509879657420, -0.2053571357368612349 ) ) ;
#260 = B_SPLINE_CURVE_WITH_KNOTS ( 'NONE', 3,
 ( #1828, #4262, #3069, #6945, #506, #5579, #3028, #4348, #8051, #6900, #6820, #7435, #3694, #2407, #3736, #635, #8091, #3155, #592, #2493, #7478, #2449, #1289, #4920, #6861, #1780, #1206, #4308, #1247, #1165, #6199, #6239, #3110, #5622, #2532, #8136, #5044, #5006, #7518, #1867, #4388, #3777, #6283, #1909, #3821, #676, #3197, #48, #7605 ),
 .UNSPECIFIED., .F., .F.,
 ( 4, 2, 2, 2, 2, 2, 2, 2, 2, 2, 2, 1, 2, 2, 2, 2, 2, 2, 2, 2, 2, 2, 2, 2, 4 ),
 ( 0.5978982144939387622, 0.5991652940678009465, 0.6004323736416632418, 0.6029665327893877214, 0.6042336123632499056, 0.6055006919371120899, 0.6080348510848365695, 0.6093019306586988648, 0.6105690102325610491, 0.6131031693802855287, 0.6143702489541477130, 0.6156373285280100083, 0.6169044081018721926, 0.6181714876757344879, 0.6207056468234588564, 0.6219727263973211517, 0.6232398059711833360, 0.6257739651189078156, 0.6270410446927701109, 0.6283081242666322952, 0.6308422834143567748, 0.6333764425620811434, 0.6346435221359434387, 0.6359106017098056229, 0.6384447608575301025 ),
 .UNSPECIFIED. ) ;
#261 = CARTESIAN_POINT ( 'NONE',  ( 0.1186231645062322537, -0.4404514993965912839, -0.9910731455278700697 ) ) ;
#262 = CARTESIAN_POINT ( 'NONE',  ( -0.2833734404500162785, -0.3759275756833022619, -0.5698474702380759149 ) ) ;
#263 = CARTESIAN_POINT ( 'NONE',  ( -0.2065628871786978071, -0.4280790914366146560, -0.4336867559524380522 ) ) ;
#264 = ORIENTED_EDGE ( 'NONE', *, *, #5625, .T. ) ;
#265 = CARTESIAN_POINT ( 'NONE',  ( 0.5274484617442735113, -0.05610131297153802404, -0.3717447916666566377 ) ) ;
#266 = CARTESIAN_POINT ( 'NONE',  ( -0.1633146995318863759, 0.4454844604629927263, -0.4513578869047795150 ) ) ;
#267 = CARTESIAN_POINT ( 'NONE',  ( 0.4609336352601752229, -0.08796579759214015470, -0.6182105654761447244 ) ) ;
#268 = CARTESIAN_POINT ( 'NONE',  ( 0.4351093453887515117, 0.1639571997906616452, -0.7637648809525179328 ) ) ;
#269 = CARTESIAN_POINT ( 'NONE',  ( 0.2756201444988556903, -0.3849580663736899000, -0.4929315476190594958 ) ) ;
#270 = ORIENTED_EDGE ( 'NONE', *, *, #5779, .T. ) ;
#271 = EDGE_CURVE ( 'NONE', #1337, #4723, #1912, .T. ) ;
#272 = CARTESIAN_POINT ( 'NONE',  ( -0.5312500000000001110, -0.05186524070573896722, -0.2499999999999997224 ) ) ;
#273 = CARTESIAN_POINT ( 'NONE',  ( 0.3810634058154424575, 0.3575263802046445005, -0.2950052991166307037 ) ) ;
#274 = CARTESIAN_POINT ( 'NONE',  ( -0.1464173674022823113, 0.4965672615258913125, -0.7779947916666247743 ) ) ;
#275 = FACE_OUTER_BOUND ( 'NONE', #1099, .T. ) ;
#276 = CARTESIAN_POINT ( 'NONE',  ( -0.5169395432301677751, 0.06816238056353056407, -0.3307454865615280237 ) ) ;
#277 = CARTESIAN_POINT ( 'NONE',  ( -0.4415491055640872187, -0.1420620542731535485, -0.7911086309525455773 ) ) ;
#278 = EDGE_CURVE ( 'NONE', #6696, #4573, #652, .T. ) ;
#279 = CARTESIAN_POINT ( 'NONE',  ( 0.4243265347307018098, -0.3038172563437311902, -0.5896577380952356950 ) ) ;
#280 = CARTESIAN_POINT ( 'NONE',  ( -0.4699721040151496609, -0.2326817155022397610, -0.2526055929322222893 ) ) ;
#281 = DIRECTION ( 'NONE',  ( 0.03112001302225914090, 0.000000000000000000, 0.9995156550997559286 ) ) ;
#282 = CARTESIAN_POINT ( 'NONE',  ( 0.1052631157833500558, -0.4522809741244378512, -0.7831101190475963092 ) ) ;
#283 = CARTESIAN_POINT ( 'NONE',  ( 0.07032053194275766916, -0.4499346381647225668, -1.060732886904792283 ) ) ;
#284 = CARTESIAN_POINT ( 'NONE',  ( 0.4524872183864275810, -0.2226398201880931127, -0.8801924076495358795 ) ) ;
#285 = LINE ( 'NONE', #6096, #4960 ) ;
#286 = CARTESIAN_POINT ( 'NONE',  ( 0.2442521500827953551, -0.3924482751310047757, -0.8508184523809579902 ) ) ;
#287 = CARTESIAN_POINT ( 'NONE',  ( 0.3458737602177038850, 0.3241993887136218055, -0.4735863095238380116 ) ) ;
#288 = CARTESIAN_POINT ( 'NONE',  ( -0.1669468709786283145, 0.4908672445627788594, -0.4248396983852839592 ) ) ;
#289 = CARTESIAN_POINT ( 'NONE',  ( 0.4594717445747392714, 0.2030757619809912262, -0.9416930719347340606 ) ) ;
#290 = CARTESIAN_POINT ( 'NONE',  ( -0.4663399726959908675, 0.2110764172707372266, -0.9088541666667361296 ) ) ;
#291 = CARTESIAN_POINT ( 'NONE',  ( 0.2295336936717666532, 0.4658790535295225244, -0.4237544356849970995 ) ) ;
#293 = CARTESIAN_POINT ( 'NONE',  ( -0.3392697023290145997, -0.3871570760600711036, -0.5438860611052805938 ) ) ;
#292 = CARTESIAN_POINT ( 'NONE',  ( -0.4729908083850996037, -0.2145701415706419979, -0.3958426343409220394 ) ) ;
#294 = CARTESIAN_POINT ( 'NONE',  ( 0.4876599625733146759, 0.06108451647999264822, -0.2499999999999998335 ) ) ;
#295 = CARTESIAN_POINT ( 'NONE',  ( -0.3337563057437457625, -0.3812224408174565982, -0.8295936032263024895 ) ) ;
#296 = CARTESIAN_POINT ( 'NONE',  ( 0.5002943035887735812, 0.000000000000000000, -0.9999999999999998890 ) ) ;
#297 = CARTESIAN_POINT ( 'NONE',  ( -0.1202178361294149872, -0.4645500700916267434, -0.2796688988094936934 ) ) ;
#298 = CARTESIAN_POINT ( 'NONE',  ( -0.5002943035887735812, 6.126838175216457331E-17, -0.9999999999999998890 ) ) ;
#299 = CARTESIAN_POINT ( 'NONE',  ( 0.4335368015989923829, -0.1962292394992795341, -0.4066220238094717665 ) ) ;
#300 = CARTESIAN_POINT ( 'NONE',  ( 0.2834227716896722260, 0.3884268342978965394, -0.2571614583334582149 ) ) ;
#301 = ORIENTED_EDGE ( 'NONE', *, *, #6779, .F. ) ;
#302 = CARTESIAN_POINT ( 'NONE',  ( -0.5266416469610618600, 0.02176901945301714519, -0.4781436011905221273 ) ) ;
#303 = CARTESIAN_POINT ( 'NONE',  ( -0.4722562163296539217, 0.01952137953460096609, -0.5093936011905221273 ) ) ;
#304 = CARTESIAN_POINT ( 'NONE',  ( -0.07256541923779467884, 0.4642973662592521089, -0.5964471726190421208 ) ) ;
#305 = PERSON_AND_ORGANIZATION_ROLE ( 'creator' ) ;
#306 = CARTESIAN_POINT ( 'NONE',  ( 0.3618065550700414468, 0.2922392016569019257, -0.7601376488096459605 ) ) ;
#307 = CARTESIAN_POINT ( 'NONE',  ( 0.4733971634800676065, 0.05034462553143521923, -0.4095052083333084458 ) ) ;
#308 = ORIENTED_EDGE ( 'NONE', *, *, #3462, .F. ) ;
#309 = DIMENSIONAL_EXPONENTS ( 1.000000000000000000, 0.000000000000000000, 0.000000000000000000, 0.000000000000000000, 0.000000000000000000, 0.000000000000000000, 0.000000000000000000 ) ;
#310 = CARTESIAN_POINT ( 'NONE',  ( 0.2151024412262754482, 0.4763478572113876153, -0.2905302570891863390 ) ) ;
#311 = CARTESIAN_POINT ( 'NONE',  ( -0.3402206458479579698, -0.3882531152035152977, -0.8251488095236126918 ) ) ;
#312 = FACE_OUTER_BOUND ( 'NONE', #6299, .T. ) ;
#313 = CARTESIAN_POINT ( 'NONE',  ( 0.3436532326470944643, 0.3922211110249557708, -0.3552957969241190561 ) ) ;
#314 = ORIENTED_EDGE ( 'NONE', *, *, #5720, .F. ) ;
#315 = CARTESIAN_POINT ( 'NONE',  ( -0.4205939910168030593, 0.1949394399478203144, -0.7995721726191077350 ) ) ;
#316 = CARTESIAN_POINT ( 'NONE',  ( -0.07297790488824294763, 0.5198482129745229940, -0.4917224702380869616 ) ) ;
#317 = CARTESIAN_POINT ( 'NONE',  ( 0.3275408974087131164, -0.3162454117954884847, -0.9908719878281371241 ) ) ;
#318 = CARTESIAN_POINT ( 'NONE',  ( -0.5312500000000000000, -0.3067173305069887945, -0.2025506638403220261 ) ) ;
#319 = CARTESIAN_POINT ( 'NONE',  ( -0.4018561251936933476, -0.2317937723925774518, -0.7976190476188798062 ) ) ;
#320 = B_SPLINE_CURVE_WITH_KNOTS ( 'NONE', 3,
 ( #3540, #5348, #5928, #2793, #7276, #5305 ),
 .UNSPECIFIED., .F., .F.,
 ( 4, 2, 4 ),
 ( 2.380729206235578539E-07, 0.003941653874615889952, 0.007883069676311157611 ),
 .UNSPECIFIED. ) ;
#321 = EDGE_CURVE ( 'NONE', #3909, #4683, #2962, .T. ) ;
#322 = CARTESIAN_POINT ( 'NONE',  ( -0.1826679401783762313, 0.4209143619589652552, -0.9507068452381354229 ) ) ;
#323 = CARTESIAN_POINT ( 'NONE',  ( -0.5030744028928608724, 4.413641914763825416E-15, -0.9107084956815536536 ) ) ;
#324 = CARTESIAN_POINT ( 'NONE',  ( 0.2656250000000001110, -0.4600759957604831363, -0.2499999999999998057 ) ) ;
#325 = CARTESIAN_POINT ( 'NONE',  ( -0.4390667170839209210, 0.1488522563365696494, -0.8072916666667040442 ) ) ;
#326 = ADVANCED_FACE ( 'NONE', ( #4231 ), #457, .F. ) ;
#327 = CARTESIAN_POINT ( 'NONE',  ( 0.1425292919294200433, 0.4570074801881156001, -0.3248697916666162255 ) ) ;
#328 = CARTESIAN_POINT ( 'NONE',  ( -0.5053202079696180737, 0.1176809354693625909, -0.4133068686947730108 ) ) ;
#329 = CARTESIAN_POINT ( 'NONE',  ( 0.2454016669976377130, 0.4385897487949371176, -0.9343667112390602325 ) ) ;
#330 = AXIS2_PLACEMENT_3D ( 'NONE', #6269, #624, #5485 ) ;
#331 = CARTESIAN_POINT ( 'NONE',  ( -0.4869346945632855306, 0.1650799842706688614, -0.8363095238097129069 ) ) ;
#332 = CARTESIAN_POINT ( 'NONE',  ( 0.1661378612192837001, 0.4912266252578906811, -0.4222467923967332393 ) ) ;
#333 = CARTESIAN_POINT ( 'NONE',  ( 0.3175486931202709528, -0.4128670258370603641, -0.3753745974231922911 ) ) ;
#334 = DIRECTION ( 'NONE',  ( 1.000000000000000000, 0.000000000000000000, 0.000000000000000000 ) ) ;
#335 = CARTESIAN_POINT ( 'NONE',  ( -0.4540965641200688796, -0.2244836458304900750, -0.8340560962017868896 ) ) ;
#336 = CARTESIAN_POINT ( 'NONE',  ( -0.4796303709219735256, 0.1803774163408819464, -0.6190641683820461427 ) ) ;
#337 = CARTESIAN_POINT ( 'NONE',  ( 0.3908679718707145367, 0.2798515610866031400, -0.2518601190475861507 ) ) ;
#338 = VECTOR ( 'NONE', #1386, 39.37007874015748143 ) ;
#339 = CARTESIAN_POINT ( 'NONE',  ( -0.5097462537969659202, -4.934400438556075106E-15, -0.6964213286943532477 ) ) ;
#340 = CARTESIAN_POINT ( 'NONE',  ( 0.03875974274948522369, 0.4749808121078840095, -0.3848586309523279736 ) ) ;
#341 = CARTESIAN_POINT ( 'NONE',  ( 0.4782486902011110486, -0.003726223968563329228, -0.3393787202380377233 ) ) ;
#342 = VECTOR ( 'NONE', #4254, 39.37007874015748854 ) ;
#343 = ORIENTED_EDGE ( 'NONE', *, *, #3161, .F. ) ;
#344 = CARTESIAN_POINT ( 'NONE',  ( 0.3514747176163124931, -0.3939167509392639266, -0.4515438988094406803 ) ) ;
#345 = CARTESIAN_POINT ( 'NONE',  ( 0.03106788254180826991, 0.4710682778770375334, -0.5275297619047590869 ) ) ;
#346 = VECTOR ( 'NONE', #1015, 39.37007874015748143 ) ;
#347 = CARTESIAN_POINT ( 'NONE',  ( 0.4562120130463628853, 0.1105048907535909342, -0.6133742559524421045 ) ) ;
#348 = CARTESIAN_POINT ( 'NONE',  ( -0.09456193684829829194, -0.4567661636041132067, -0.7166108630952022773 ) ) ;
#349 = CARTESIAN_POINT ( 'NONE',  ( 0.03875974273957671912, 0.4749808121104327485, -0.3937872023810026767 ) ) ;
#350 = ORIENTED_EDGE ( 'NONE', *, *, #6774, .T. ) ;
#351 = CARTESIAN_POINT ( 'NONE',  ( 0.1640711463331450959, 0.4353891477146689670, -0.7451636904761405056 ) ) ;
#352 = DIRECTION ( 'NONE',  ( -1.000000000000000000, 0.000000000000000000, 0.000000000000000000 ) ) ;
#353 = B_SPLINE_CURVE_WITH_KNOTS ( 'NONE', 3,
 ( #7257, #2736, #4058, #954, #5909, #1570, #2814, #2231, #6524, #7183, #6445, #6483, #3322, #3478, #4715, #4676, #5327, #7145, #173, #2080, #6566, #917, #799, #2694, #4750, #5986, #879, #2855, #3442, #4602, #5948, #7105, #257, #838, #7218, #295, #5289, #7840, #1454, #3980, #3358, #335, #1493, #5865, #5251, #4641, #7765, #2775, #7802, #2157 ),
 .UNSPECIFIED., .F., .F.,
 ( 4, 2, 2, 2, 2, 1, 2, 2, 2, 2, 2, 2, 2, 2, 2, 2, 2, 2, 2, 2, 2, 2, 2, 1, 2, 4 ),
 ( 0.6384447608575301025, 0.6397086938245377663, 0.6409726267915455411, 0.6435004927255608687, 0.6447644256925686435, 0.6460283586595763072, 0.6472922916265839710, 0.6485562245935917458, 0.6510840905276070734, 0.6523480234946148482, 0.6536119564616225119, 0.6561398223956378395, 0.6574037553626456143, 0.6586676883296532781, 0.6611955542636687166, 0.6637234201976840442, 0.6649873531646918190, 0.6662512861316994828, 0.6687791520657149213, 0.6700430850327225851, 0.6713070179997302489, 0.6738348839337456875, 0.6750988169007533513, 0.6763627498677610150, 0.6776266828347687898, 0.6788906158017764536 ),
 .UNSPECIFIED. ) ;
#354 = CARTESIAN_POINT ( 'NONE',  ( 0.1832650603082668639, 0.4863246031114290546, -0.7139136904761405056 ) ) ;
#355 = CARTESIAN_POINT ( 'NONE',  ( -0.3924774657747042705, -0.3445025137505808854, -0.3310955671990266080 ) ) ;
#356 = CONICAL_SURFACE ( 'NONE', #1394, 0.5002943035887735812, 0.03112503826905463691 ) ;
#357 = CARTESIAN_POINT ( 'NONE',  ( 0.5200659112514528504, -7.384526607873711543E-16, -0.3649735502615872318 ) ) ;
#358 = ORIENTED_EDGE ( 'NONE', *, *, #7583, .T. ) ;
#359 = CARTESIAN_POINT ( 'NONE',  ( -0.3978350014220568553, -0.2342592864977988687, -0.8600260416666076768 ) ) ;
#360 = CARTESIAN_POINT ( 'NONE',  ( -0.02157866783305640440, 0.5222286016390264018, -0.5642671130952053860 ) ) ;
#361 = CARTESIAN_POINT ( 'NONE',  ( 0.4090516892942174798, 0.3142293889932965545, -0.5104040019353948132 ) ) ;
#362 = CARTESIAN_POINT ( 'NONE',  ( 0.1236915902555747460, 0.4630340644045940479, -0.2499999999999998335 ) ) ;
#363 = CARTESIAN_POINT ( 'NONE',  ( 0.3868104250651207554, 0.2541215481807783116, -0.8326822916667093732 ) ) ;
#364 = CARTESIAN_POINT ( 'NONE',  ( -0.2570542990183558585, -0.3782946609898195089, -0.9978608630953416103 ) ) ;
#365 = CARTESIAN_POINT ( 'NONE',  ( -0.4585742588835404199, -0.2261478072020966790, -0.6811966959636639452 ) ) ;
#366 = CARTESIAN_POINT ( 'NONE',  ( -0.2996288488256575455, 0.3593649443498076468, -0.6706659226190344603 ) ) ;
#367 = CARTESIAN_POINT ( 'NONE',  ( 0.1905723301444394446, 0.4391076952193244121, -0.3260788690476228435 ) ) ;
#368 = CARTESIAN_POINT ( 'NONE',  ( -0.2600230378491905636, 0.4495979464970796258, -0.4226141721596623491 ) ) ;
#369 = FACE_OUTER_BOUND ( 'NONE', #5961, .T. ) ;
#370 = CARTESIAN_POINT ( 'NONE',  ( 0.2273242970732806123, 0.4604965763027975001, -0.8556547619045749009 ) ) ;
#371 = LINE ( 'NONE', #5441, #2963 ) ;
#372 = CARTESIAN_POINT ( 'NONE',  ( 0.5312499999999998890, 0.2571149333262560677, -0.03313035747730438269 ) ) ;
#373 = CARTESIAN_POINT ( 'NONE',  ( -0.4532473783781901244, 0.03698641745973749173, -1.090215773809519506 ) ) ;
#374 = EDGE_CURVE ( 'NONE', #5499, #4404, #1436, .T. ) ;
#375 = CARTESIAN_POINT ( 'NONE',  ( 0.5312500000000000000, 1.182924880895401264E-16, 0.000000000000000000 ) ) ;
#376 = CARTESIAN_POINT ( 'NONE',  ( 0.5002943035887735812, 0.000000000000000000, -0.9999999999999998890 ) ) ;
#377 = CARTESIAN_POINT ( 'NONE',  ( -0.1717642895282700810, -0.4239684906852195234, -1.004371279761761437 ) ) ;
#378 = CARTESIAN_POINT ( 'NONE',  ( 0.03381173102439260364, -0.5094804063024961360, -0.6778095165692243906 ) ) ;
#379 = CARTESIAN_POINT ( 'NONE',  ( -0.01532789790216695751, 0.4741153765952454968, -0.4549851190476347784 ) ) ;
#380 = CARTESIAN_POINT ( 'NONE',  ( -0.2966772868613445358, -0.3741102475004123296, -0.3647693452380559309 ) ) ;
#381 = CARTESIAN_POINT ( 'NONE',  ( -0.4601958739298193102, 0.2264489973251173627, -0.6301926334855392220 ) ) ;
#382 = CARTESIAN_POINT ( 'NONE',  ( 0.5086343084523535785, 5.309239862874243111E-13, -0.7321348992112003407 ) ) ;
#383 = CARTESIAN_POINT ( 'NONE',  ( -0.4730967612690302193, -0.2427656601193965147, -0.3294270833334355664 ) ) ;
#384 = CARTESIAN_POINT ( 'NONE',  ( 0.3825551555680430371, -0.2791384679905262733, -0.4803757440477023355 ) ) ;
#385 = CARTESIAN_POINT ( 'NONE',  ( -0.4513296087487382313, -0.1330782564594587825, -0.5771019345238067588 ) ) ;
#386 = APPROVAL_STATUS ( 'not_yet_approved' ) ;
#387 = CARTESIAN_POINT ( 'NONE',  ( -0.4599691239042926205, -0.08777362989650416836, -0.6585751488095444861 ) ) ;
#388 = CARTESIAN_POINT ( 'NONE',  ( 0.4300092688283269071, 0.1992944152361731946, -0.4772135416666480334 ) ) ;
#389 = ORIENTED_EDGE ( 'NONE', *, *, #6577, .T. ) ;
#390 = CARTESIAN_POINT ( 'NONE',  ( 0.2519369238072326489, 0.3910769425155072310, -0.7475818452381451928 ) ) ;
#391 = CARTESIAN_POINT ( 'NONE',  ( 0.2610644607244454463, 0.4527581260066088076, -0.2916614474777562971 ) ) ;
#392 = CARTESIAN_POINT ( 'NONE',  ( 0.4994625188810624672, 0.1340397082369840509, -0.7961309523809505517 ) ) ;
#393 = CARTESIAN_POINT ( 'NONE',  ( -0.4523452034757929341, -0.2608876754193543146, -0.3333290884118611519 ) ) ;
#394 = CARTESIAN_POINT ( 'NONE',  ( 0.3749999999999998890, 4.592425496802572986E-17, -0.2064999999999996838 ) ) ;
#395 = ORIENTED_EDGE ( 'NONE', *, *, #28, .T. ) ;
#396 = CARTESIAN_POINT ( 'NONE',  ( -0.03757752588013783118, -0.4604918562880545574, -0.8491443452381595147 ) ) ;
#397 = CARTESIAN_POINT ( 'NONE',  ( -0.004063028511940900041, -0.5215226923868091502, -0.6005394345238217468 ) ) ;
#398 = CARTESIAN_POINT ( 'NONE',  ( -0.4701409184153690912, -0.1252741352977472244, -0.9602798124290888859 ) ) ;
#399 = CARTESIAN_POINT ( 'NONE',  ( -0.2881677004943798415, -0.4470609615617919252, -0.2500000000000001110 ) ) ;
#400 = CARTESIAN_POINT ( 'NONE',  ( 0.3843066307002103721, -0.2611394048384561017, -0.7746465773808850486 ) ) ;
#401 = CARTESIAN_POINT ( 'NONE',  ( -0.4316033618659536053, -0.1506471985434090777, -1.005115327381051138 ) ) ;
#402 = DIRECTION ( 'NONE',  ( 0.03112001302225914090, 0.000000000000000000, 0.9995156550997559286 ) ) ;
#403 = CARTESIAN_POINT ( 'NONE',  ( 0.04957590674235248102, -0.4661693740008349129, -0.6416480654762013458 ) ) ;
#404 = CARTESIAN_POINT ( 'NONE',  ( -0.2966772868539540586, -0.3741102475087954016, -0.3647693452380829648 ) ) ;
#405 = CARTESIAN_POINT ( 'NONE',  ( 0.1802868962653426110, -0.4781605331915067536, -0.6644419234440511746 ) ) ;
#406 = LINE ( 'NONE', #2924, #5671 ) ;
#407 = CARTESIAN_POINT ( 'NONE',  ( -0.3750104304096761876, 0.3515215666915992299, -0.8411458333334628223 ) ) ;
#408 = CARTESIAN_POINT ( 'NONE',  ( -0.1345517994310576615, 0.5010187446373940423, -0.4155611399100574976 ) ) ;
#409 = CARTESIAN_POINT ( 'NONE',  ( -0.1667305373649786704, -0.4930800704897975173, -0.3865374104234131636 ) ) ;
#410 = CARTESIAN_POINT ( 'NONE',  ( 0.4376217182176040943, -0.2497802224316666708, -0.2499999999999998335 ) ) ;
#411 = CARTESIAN_POINT ( 'NONE',  ( 0.5312500000000002220, -0.2057184485060818691, -0.02096731264430991629 ) ) ;
#412 = FACE_OUTER_BOUND ( 'NONE', #2537, .T. ) ;
#413 = CARTESIAN_POINT ( 'NONE',  ( 0.4406733887456544263, 0.1256470377414860562, -0.9789806547619340771 ) ) ;
#414 = CARTESIAN_POINT ( 'NONE',  ( 0.1836298587485343525, -0.4860713348487444851, -0.3887470962942594088 ) ) ;
#415 = CARTESIAN_POINT ( 'NONE',  ( 0.2315905879934164746, 0.4163289276196426303, -0.3896949404762551916 ) ) ;
#416 = CARTESIAN_POINT ( 'NONE',  ( 0.4750688053362629448, -0.05484801542286384807, -0.3405877976189793932 ) ) ;
#418 = CARTESIAN_POINT ( 'NONE',  ( 0.4152459153347866638, 0.3190004399568562299, -0.2861003131332277016 ) ) ;
#417 = CARTESIAN_POINT ( 'NONE',  ( -0.2566076651129632902, 0.4438625796572214233, -0.6368993110407616953 ) ) ;
#419 = CARTESIAN_POINT ( 'NONE',  ( 0.01710811610385017112, -0.5169777000120958643, -0.4639006966491974193 ) ) ;
#420 = CARTESIAN_POINT ( 'NONE',  ( 0.3102276115215231722, 0.4048536989027936572, -0.7217095160274400456 ) ) ;
#421 = CARTESIAN_POINT ( 'NONE',  ( 0.04813748291012479724, 0.5310469331446546759, -0.2822730654761801961 ) ) ;
#422 = EDGE_CURVE ( 'NONE', #5719, #15, #4196, .T. ) ;
#423 = CARTESIAN_POINT ( 'NONE',  ( -0.4706848312192807304, 0.07790702143351845022, -0.3679315476190257450 ) ) ;
#424 = CARTESIAN_POINT ( 'NONE',  ( 0.1884553644895639035, -0.4342497733554885331, -0.4864211309523691629 ) ) ;
#425 = CARTESIAN_POINT ( 'NONE',  ( 0.4320514421474179190, -0.1829182641502977991, -0.6295572916667123708 ) ) ;
#426 = CARTESIAN_POINT ( 'NONE',  ( -0.4714787303068083690, -0.07368786288641741844, -0.3732328869047329967 ) ) ;
#427 = EDGE_CURVE ( 'NONE', #1001, #4500, #5861, .T. ) ;
#428 = ORIENTED_EDGE ( 'NONE', *, *, #2796, .T. ) ;
#429 = CARTESIAN_POINT ( 'NONE',  ( -0.2638611673046757367, 0.3809242709791544335, -0.8056175595239321030 ) ) ;
#430 = DIRECTION ( 'NONE',  ( -1.000000000000000000, 0.000000000000000000, 0.000000000000000000 ) ) ;
#431 = CARTESIAN_POINT ( 'NONE',  ( 0.5197537368049262030, 1.049043684718248397E-12, -0.3749999999999770184 ) ) ;
#432 = CARTESIAN_POINT ( 'NONE',  ( 0.4578505067230809744, -0.2493314439842338748, -0.6619233630952975345 ) ) ;
#433 = CARTESIAN_POINT ( 'NONE',  ( -0.2616855342812234864, 0.3851245263035406596, -0.7342819940476208451 ) ) ;
#434 = DIRECTION ( 'NONE',  ( 0.000000000000000000, 0.000000000000000000, 1.000000000000000000 ) ) ;
#435 = CARTESIAN_POINT ( 'NONE',  ( -0.4675477947175015747, 0.2305403952826406699, -0.3344611197511614953 ) ) ;
#436 = EDGE_LOOP ( 'NONE', ( #2163, #6292, #8109, #1057 ) ) ;
#437 = CARTESIAN_POINT ( 'NONE',  ( 0.4469338569326924415, -0.1274403930270871510, -0.7620907738096659445 ) ) ;
#438 = CARTESIAN_POINT ( 'NONE',  ( -0.1241152772968484169, 0.5123994961440004881, -0.4191778273809996791 ) ) ;
#439 = CARTESIAN_POINT ( 'NONE',  ( -0.4791226167893818944, -0.1627139495597360874, -0.8255370801464214647 ) ) ;
#440 = CARTESIAN_POINT ( 'NONE',  ( 0.3526759041662101968, -0.3756907626721102678, -0.5271450673682160915 ) ) ;
#441 = CARTESIAN_POINT ( 'NONE',  ( -0.3662524700951871881, -0.3541708507462182909, -1.040364583333268200 ) ) ;
#442 = CARTESIAN_POINT ( 'NONE',  ( -0.2330116826232349614, -0.4039516132475281518, -0.7202380952381740586 ) ) ;
#443 = B_SPLINE_CURVE_WITH_KNOTS ( 'NONE', 3,
 ( #1043, #5302, #3567, #4617, #4034, #6689, #3609, #7121, #2364, #7352, #6459, #6543, #813, #5266, #6113, #4179, #2321, #1469, #8010, #6072, #7780, #3336, #3995, #464, #419, #4838, #188, #2984, #6498, #853, #3377, #7159, #5886, #233, #3418, #2134, #5662, #7558, #2572, #5537, #4431, #1123, #6323, #3652, #5705, #7, #550, #5088, #4964, #6157 ),
 .UNSPECIFIED., .F., .F.,
 ( 4, 2, 2, 2, 2, 2, 2, 2, 2, 2, 2, 2, 2, 2, 2, 2, 2, 2, 2, 2, 2, 2, 2, 2, 4 ),
 ( 0.2289887307539645867, 0.2302808014016174687, 0.2315728720492703507, 0.2341570133445760871, 0.2354490839922289691, 0.2367411546398818234, 0.2393252959351875875, 0.2419094372304933238, 0.2432015078781462059, 0.2444935785257990879, 0.2470777198211048242, 0.2483697904687577063, 0.2496618611164105606, 0.2522460024117162969, 0.2535380730593692067, 0.2548301437070220610, 0.2561222143546749153, 0.2574142850023278251, 0.2599984262976335891, 0.2612904969452864434, 0.2625825675929392977, 0.2651667088882450618, 0.2664587795358979161, 0.2677508501835507704, 0.2703349914788565345 ),
 .UNSPECIFIED. ) ;
#444 = CARTESIAN_POINT ( 'NONE',  ( 0.3570247645362030764, -0.2831283719307901015, -1.052269345238124876 ) ) ;
#445 = CARTESIAN_POINT ( 'NONE',  ( -0.3366347595078588162, -0.3839582808023979110, -0.6767267972897812456 ) ) ;
#446 = CARTESIAN_POINT ( 'NONE',  ( 0.3527814832053310923, -0.3091378462255106041, -0.6331845238095437089 ) ) ;
#447 = CARTESIAN_POINT ( 'NONE',  ( 0.3186182514939912003, 0.3570813290202418111, -0.3297061011905391137 ) ) ;
#448 = DIRECTION ( 'NONE',  ( -0.000000000000000000, -0.000000000000000000, -1.000000000000000000 ) ) ;
#449 = CARTESIAN_POINT ( 'NONE',  ( -0.3975000000000000755, 0.000000000000000000, 0.9519999999999999574 ) ) ;
#450 = CARTESIAN_POINT ( 'NONE',  ( 0.5126502478567425136, 0.07196737655134514966, -0.7238653273809704247 ) ) ;
#451 = CARTESIAN_POINT ( 'NONE',  ( -0.3750000000000000555, 0.000000000000000000, 0.9519999999999999574 ) ) ;
#452 = CARTESIAN_POINT ( 'NONE',  ( -0.4656234360759505808, -0.2301446386594765414, -0.3954692974125504357 ) ) ;
#453 = CARTESIAN_POINT ( 'NONE',  ( 0.4664219530990943441, -0.1818168872099063249, -0.2499999999999997224 ) ) ;
#454 = CARTESIAN_POINT ( 'NONE',  ( 0.4803665261884650928, -0.1807062764857503834, -0.5933722741617870611 ) ) ;
#455 = CARTESIAN_POINT ( 'NONE',  ( 0.000000000000000000, 0.3750000000000000555, 0.4759999999999999787 ) ) ;
#456 = CARTESIAN_POINT ( 'NONE',  ( 0.4086563819360740646, -0.2017338667064844659, -1.058779761904760308 ) ) ;
#457 = CONICAL_SURFACE ( 'NONE', #5073, 0.3749999999999998890, 1.029744258676657642 ) ;
#458 = CARTESIAN_POINT ( 'NONE',  ( 0.5023327222753086740, -0.1341724579298221032, -0.3779646700996163733 ) ) ;
#459 = CONICAL_SURFACE ( 'NONE', #4943, 0.3975000000000000755, 0.09425767512363275591 ) ;
#460 = CARTESIAN_POINT ( 'NONE',  ( -0.3662806059871313025, 0.3054054089896123259, -0.3739769345237077269 ) ) ;
#461 = CARTESIAN_POINT ( 'NONE',  ( -0.1067709646851114635, 0.4934237342565013784, -1.133742559523847726 ) ) ;
#463 = CARTESIAN_POINT ( 'NONE',  ( -0.2317610966272773965, 0.4691657730434694584, -0.2704706447262555380 ) ) ;
#462 = CARTESIAN_POINT ( 'NONE',  ( 0.04345277033434372799, 0.5883471923644090218, -0.2170349206184472302 ) ) ;
#464 = CARTESIAN_POINT ( 'NONE',  ( 0.03401454953774812884, -0.5161583648005776404, -0.4635296390500671659 ) ) ;
#465 = CARTESIAN_POINT ( 'NONE',  ( -0.3110635006450690465, 0.4047935950479620293, -0.7068259040191422482 ) ) ;
#466 = CARTESIAN_POINT ( 'NONE',  ( -0.1757714069737775775, 0.5035820604895091535, -0.2774367559523623905 ) ) ;
#467 = CARTESIAN_POINT ( 'NONE',  ( 0.08932829610324091729, 0.4680733458456331486, -0.3860677083332644255 ) ) ;
#468 = CARTESIAN_POINT ( 'NONE',  ( -0.4716740469306379135, -0.03109984921486419474, -0.5081845238095628048 ) ) ;
#469 = CARTESIAN_POINT ( 'NONE',  ( -0.4415727033008668423, 0.1618890920731006489, -0.5932849702381500778 ) ) ;
#470 = CARTESIAN_POINT ( 'NONE',  ( 0.08533776995712619162, -0.4700870620955706625, -0.3550967261904816041 ) ) ;
#471 = ORIENTED_EDGE ( 'NONE', *, *, #7841, .T. ) ;
#472 = CARTESIAN_POINT ( 'NONE',  ( -0.2748541642857309508, -0.3766834768262151134, -0.7125186011903855698 ) ) ;
#473 = CARTESIAN_POINT ( 'NONE',  ( -0.06775394838098916517, 0.5128879341775391953, -0.4884824507955639605 ) ) ;
#474 = CARTESIAN_POINT ( 'NONE',  ( 0.03236271385084714403, 0.5042690750473930450, -0.8478471674359888688 ) ) ;
#475 = TOROIDAL_SURFACE ( 'NONE', #2590, 0.4020496047192627653, 0.005000000000000000104 ) ;
#476 = CARTESIAN_POINT ( 'NONE',  ( -0.5134361171112379330, -0.09797694253767558203, -0.6183965773809604327 ) ) ;
#477 = ADVANCED_FACE ( 'NONE', ( #3027 ), #6401, .T. ) ;
#478 = CARTESIAN_POINT ( 'NONE',  ( -0.3790481608689537651, -0.2713887279212149339, -0.7161458333333809989 ) ) ;
#479 = CARTESIAN_POINT ( 'NONE',  ( -0.2204384543598408852, -0.4861644600495781954, -0.001121523912337134147 ) ) ;
#480 = CARTESIAN_POINT ( 'NONE',  ( 0.2036039155147124358, -0.4124626496804958964, -0.9233630952382362311 ) ) ;
#481 = CARTESIAN_POINT ( 'NONE',  ( -0.08533048958622374558, 0.5136074119041318387, -0.3552626723805016873 ) ) ;
#482 = VERTEX_POINT ( 'NONE', #3109 ) ;
#483 = APPROVAL ( #386, 'UNSPECIFIED' ) ;
#484 = CARTESIAN_POINT ( 'NONE',  ( -0.5205503164302549557, 0.08616025148983168236, -0.4058779761904280359 ) ) ;
#485 = CARTESIAN_POINT ( 'NONE',  ( 0.3901666106299910841, -0.3159238008702950906, -0.9441340197651918453 ) ) ;
#486 = CARTESIAN_POINT ( 'NONE',  ( -0.4883596315786547515, 0.1304380978649707923, -0.8422504017898321260 ) ) ;
#487 = CARTESIAN_POINT ( 'NONE',  ( 0.1639946128345960152, 0.4837331043164097566, -0.9992559523808363098 ) ) ;
#488 = CARTESIAN_POINT ( 'NONE',  ( -0.4202930880994462104, 0.1902349480283500593, -0.8709077380952131575 ) ) ;
#489 = CARTESIAN_POINT ( 'NONE',  ( -0.5010128922114758243, -0.1196008912866513840, -0.2499999999999998335 ) ) ;
#490 = CARTESIAN_POINT ( 'NONE',  ( 0.003626918144340060112, -0.4665125754975661398, -0.7141927083333688975 ) ) ;
#491 = CARTESIAN_POINT ( 'NONE',  ( 0.03875974273957671912, 0.4749808121104327485, -0.3937872023810026767 ) ) ;
#492 = CARTESIAN_POINT ( 'NONE',  ( 0.4903666052015011045, 0.1666912810014736235, -0.4426965782605829514 ) ) ;
#493 = CARTESIAN_POINT ( 'NONE',  ( -0.4186646101303202472, 0.1772507950447229919, -1.084914434523826410 ) ) ;
#494 = CARTESIAN_POINT ( 'NONE',  ( 0.2793092968442444368, 0.4335673604569276751, -0.7855282738097073558 ) ) ;
#495 = CARTESIAN_POINT ( 'NONE',  ( -0.3975000000000000755, 0.000000000000000000, 0.9519999999999999574 ) ) ;
#496 = CARTESIAN_POINT ( 'NONE',  ( 0.4580396511687210293, 0.06164841614099085543, -0.9842572155200142170 ) ) ;
#497 = CARTESIAN_POINT ( 'NONE',  ( 0.003556514145644633709, 0.4564436902553226649, -1.035807291666709817 ) ) ;
#498 = CARTESIAN_POINT ( 'NONE',  ( -0.4956131228651178278, -0.1330141619416277399, -0.6220166954981294349 ) ) ;
#499 = CARTESIAN_POINT ( 'NONE',  ( -0.5078342309980700131, -6.701564609457645246E-16, -0.7578318659919320854 ) ) ;
#500 = CARTESIAN_POINT ( 'NONE',  ( -0.2960126973207777290, -0.3486041364980528301, -1.007998511904721894 ) ) ;
#501 = CARTESIAN_POINT ( 'NONE',  ( -0.2138065096530753495, -0.4732738420556756309, -0.3976764667343706261 ) ) ;
#502 = CARTESIAN_POINT ( 'NONE',  ( 0.4804283687302251526, -0.008057090511119859369, -0.2591145833333013404 ) ) ;
#503 = CARTESIAN_POINT ( 'NONE',  ( 0.3606865768539506689, -0.3551210274445658066, -1.091424851190339274 ) ) ;
#505 = CARTESIAN_POINT ( 'NONE',  ( -0.5233787252828998593, 0.03445580703396412120, -0.2585722616600459878 ) ) ;
#504 = CARTESIAN_POINT ( 'NONE',  ( -0.2537872591495632935, -0.4402534198436631185, -0.7559458222648509640 ) ) ;
#506 = CARTESIAN_POINT ( 'NONE',  ( -0.5009879281671081319, 0.08252708754992063578, -0.7697107445725508423 ) ) ;
#507 = CARTESIAN_POINT ( 'NONE',  ( 0.2247014325326397444, 0.4570560885354585379, -0.7194809583429374600 ) ) ;
#508 = CARTESIAN_POINT ( 'NONE',  ( 0.09506065820975474756, -0.5236435032956255897, -0.3149181547619748223 ) ) ;
#509 = CARTESIAN_POINT ( 'NONE',  ( 0.1425292919411646486, 0.4570074801871754078, -0.3159412202381056689 ) ) ;
#510 = CARTESIAN_POINT ( 'NONE',  ( -0.2880969021132972485, -0.3751391636491719916, -0.4985119047619185340 ) ) ;
#511 = CARTESIAN_POINT ( 'NONE',  ( -0.04957590674235706069, -0.4660940845286867806, -0.6440662202380844636 ) ) ;
#512 = CARTESIAN_POINT ( 'NONE',  ( -0.3652259252019533498, 0.3101266253475487567, -0.3115699404761405056 ) ) ;
#513 = VERTEX_POINT ( 'NONE', #6982 ) ;
#514 = CARTESIAN_POINT ( 'NONE',  ( -0.4215327827052123277, 0.2034041356248313670, -0.6569010416667391272 ) ) ;
#515 = CARTESIAN_POINT ( 'NONE',  ( -0.1511859145442868702, -0.4459504594304581349, -0.5751488095237888842 ) ) ;
#516 = CARTESIAN_POINT ( 'NONE',  ( -0.2585812367157751535, 0.4472700096252177904, -0.4840100394580615362 ) ) ;
#517 = CARTESIAN_POINT ( 'NONE',  ( -0.1786006836272166221, 0.4728441539323903209, -0.8430050569625434642 ) ) ;
#518 = CARTESIAN_POINT ( 'NONE',  ( 0.3564535679762520504, -0.3802837155974398420, -0.6655505952380416090 ) ) ;
#519 = CARTESIAN_POINT ( 'NONE',  ( 0.01922124112413655869, 0.4649938622860634307, -0.7415364583333711179 ) ) ;
#520 = CARTESIAN_POINT ( 'NONE',  ( 0.5022745448783797473, -1.063926738157527506E-15, -0.9363984144730111980 ) ) ;
#521 = CARTESIAN_POINT ( 'NONE',  ( -0.4168199043048707586, -0.1931814666206328746, -0.9414992559523595039 ) ) ;
#522 = DIRECTION ( 'NONE',  ( -1.000000000000000000, 0.000000000000000000, 0.000000000000000000 ) ) ;
#523 = VERTEX_POINT ( 'NONE', #6360 ) ;
#524 = CARTESIAN_POINT ( 'NONE',  ( 0.2051247823395517811, -0.4845247200773525331, -0.4530319940476565388 ) ) ;
#525 = CARTESIAN_POINT ( 'NONE',  ( -0.1935550481172972348, -0.4684167576840316816, -0.8158598449620811932 ) ) ;
#526 = CARTESIAN_POINT ( 'NONE',  ( -0.4456679936563393563, -0.2573933915496625646, -0.5476091206035651471 ) ) ;
#527 = CARTESIAN_POINT ( 'NONE',  ( -0.02897819454014993745, -0.5089293557190542883, -1.031901041666636099 ) ) ;
#528 = EDGE_CURVE ( 'NONE', #4404, #4566, #5676, .T. ) ;
#529 = CARTESIAN_POINT ( 'NONE',  ( 0.2442521500690103542, -0.3924482751332410424, -0.8418898809523985838 ) ) ;
#530 = AXIS2_PLACEMENT_3D ( 'NONE', #1684, #6560, #5903 ) ;
#531 = CARTESIAN_POINT ( 'NONE',  ( -0.4862574028629740863, -0.1650850810571774796, -0.6112480191635194515 ) ) ;
#532 = CARTESIAN_POINT ( 'NONE',  ( 0.3837820866273561338, -0.2658504608234957822, -0.7033110119047566444 ) ) ;
#533 = CARTESIAN_POINT ( 'NONE',  ( 0.1473102881697017641, 0.4578348865599642936, -0.2535342261904959815 ) ) ;
#534 = CARTESIAN_POINT ( 'NONE',  ( -0.1826679401783762313, 0.4209143619589652552, -0.9507068452381354229 ) ) ;
#535 = EDGE_CURVE ( 'NONE', #3874, #8027, #2328, .T. ) ;
#536 = CARTESIAN_POINT ( 'NONE',  ( -0.2305711380547312561, 0.3915716612320704892, -1.092168898809559030 ) ) ;
#537 = B_SPLINE_CURVE_WITH_KNOTS ( 'NONE', 3,
 ( #7216, #3476, #3520, #5984, #6718, #2852, #372, #6679 ),
 .UNSPECIFIED., .F., .F.,
 ( 4, 2, 2, 4 ),
 ( 0.02208862069516659768, 0.02406105153742176678, 0.02603348237967693241, 0.02997834406418727060 ),
 .UNSPECIFIED. ) ;
#538 = CARTESIAN_POINT ( 'NONE',  ( -0.5164300706661685281, 0.008660563666206023969, -0.7613467261904857120 ) ) ;
#539 = DIRECTION ( 'NONE',  ( 0.000000000000000000, 0.000000000000000000, 1.000000000000000000 ) ) ;
#540 = CARTESIAN_POINT ( 'NONE',  ( 0.4007706027204146482, 0.2375346722019007484, -0.9813147199609693061 ) ) ;
#541 = CARTESIAN_POINT ( 'NONE',  ( 0.2876719489607862945, -0.3561521698529902524, -0.9922805059521982995 ) ) ;
#542 = CARTESIAN_POINT ( 'NONE',  ( 0.1656374639383250413, -0.4862936569050915758, -0.6034127597103493557 ) ) ;
#543 = DIRECTION ( 'NONE',  ( -0.000000000000000000, -0.000000000000000000, -1.000000000000000000 ) ) ;
#544 = CARTESIAN_POINT ( 'NONE',  ( -0.4191045781151702676, 0.1818911936919144767, -1.022507440476125851 ) ) ;
#545 = DIRECTION ( 'NONE',  ( 1.152615094025676142E-17, -0.09411816491319539846, -0.9955610333040223470 ) ) ;
#546 = DIRECTION ( 'NONE',  ( -0.000000000000000000, -0.000000000000000000, -1.000000000000000000 ) ) ;
#547 = CARTESIAN_POINT ( 'NONE',  ( 0.5061688368668574300, -0.01637240526236980950, -1.082961309523770455 ) ) ;
#549 = CARTESIAN_POINT ( 'NONE',  ( 0.4956982780167082381, 0.1684133094675387132, -0.2898270210190621587 ) ) ;
#548 = CARTESIAN_POINT ( 'NONE',  ( 0.5043604238723891076, 0.08330530409052951113, -0.6588489743652278241 ) ) ;
#550 = CARTESIAN_POINT ( 'NONE',  ( -0.5032851160146861735, -0.1172986869434665680, -0.4795373742809663220 ) ) ;
#551 = CARTESIAN_POINT ( 'NONE',  ( -0.3114478916399777142, 0.3838636811756930833, -0.2499999999999998612 ) ) ;
#552 = CARTESIAN_POINT ( 'NONE',  ( 0.3031340001235071635, -0.4376196186863177684, -0.3100818452380916801 ) ) ;
#553 = CARTESIAN_POINT ( 'NONE',  ( -0.1085585082929887285, 0.4664396416333878026, -0.3098958333333606818 ) ) ;
#554 = CARTESIAN_POINT ( 'NONE',  ( -0.1633146995225410181, 0.4454844604580815992, -0.4513578869047628062 ) ) ;
#555 = CARTESIAN_POINT ( 'NONE',  ( 0.4337833555340891434, -0.2010523885601669114, -0.3442150297618793986 ) ) ;
#556 = ORIENTED_EDGE ( 'NONE', *, *, #3053, .T. ) ;
#557 = CARTESIAN_POINT ( 'NONE',  ( 0.3837820866333969128, -0.2658504608116182832, -0.6943824404762442004 ) ) ;
#558 = CARTESIAN_POINT ( 'NONE',  ( -0.4701808895298016933, 0.01520863171270328551, -0.5896577380952231495 ) ) ;
#559 = DIRECTION ( 'NONE',  ( -1.000000000000000000, 0.000000000000000000, 0.000000000000000000 ) ) ;
#560 = FACE_OUTER_BOUND ( 'NONE', #6926, .T. ) ;
#561 = CARTESIAN_POINT ( 'NONE',  ( 0.4088142624947306292, 0.3241876661907601709, -0.6486235119047839559 ) ) ;
#562 = CARTESIAN_POINT ( 'NONE',  ( -0.3478786624263216498, -0.3103963177584321276, -0.7149367559524716365 ) ) ;
#563 = CARTESIAN_POINT ( 'NONE',  ( 0.1766642952300862268, 0.4709231902816952697, -0.9226188425112176184 ) ) ;
#564 = CARTESIAN_POINT ( 'NONE',  ( 0.3593472130102230988, -0.2833460831006880398, -0.9897293906949287123 ) ) ;
#565 = CARTESIAN_POINT ( 'NONE',  ( -0.3177586206208233843, 0.4136968822639540133, -0.3496968935838208337 ) ) ;
#566 = ORIENTED_EDGE ( 'NONE', *, *, #6472, .F. ) ;
#567 = CARTESIAN_POINT ( 'NONE',  ( -0.4671497227775253669, 0.2450459601455222403, -0.4095052083333952098 ) ) ;
#568 = CARTESIAN_POINT ( 'NONE',  ( 0.3557912199656123597, -0.3533591503602673267, -0.9448809027266232841 ) ) ;
#569 = CARTESIAN_POINT ( 'NONE',  ( -0.4687374071378304086, -0.2124070625896921083, -0.5487344637436779582 ) ) ;
#570 = CARTESIAN_POINT ( 'NONE',  ( -0.2367228686171367058, -0.4512824902175786024, -1.036737351190532452 ) ) ;
#571 = CARTESIAN_POINT ( 'NONE',  ( 0.2036039155011795665, -0.4124626496803668885, -0.9144345238094425676 ) ) ;
#572 = CARTESIAN_POINT ( 'NONE',  ( -0.4778007854515423092, 0.1589480374223675996, -0.2499999999999996947 ) ) ;
#573 = CARTESIAN_POINT ( 'NONE',  ( 0.1724685850714832991, 0.4369385539532322227, -0.6114211309523822635 ) ) ;
#574 = CARTESIAN_POINT ( 'NONE',  ( 0.2656250000000001110, -0.4600759957604831363, 0.000000000000000000 ) ) ;
#575 = ORIENTED_EDGE ( 'NONE', *, *, #2285, .F. ) ;
#576 = CARTESIAN_POINT ( 'NONE',  ( 0.4577315082414028513, -0.01892110271030742613, -0.9736793154762678482 ) ) ;
#577 = CARTESIAN_POINT ( 'NONE',  ( -0.04804219676818140272, 0.4517137979572007911, -1.097005114518397217 ) ) ;
#578 = CARTESIAN_POINT ( 'NONE',  ( 0.4824065539702916405, 0.1817801198971361332, -0.7927827380951971703 ) ) ;
#579 = EDGE_CURVE ( 'NONE', #2547, #3874, #59, .T. ) ;
#580 = CARTESIAN_POINT ( 'NONE',  ( 0.000000000000000000, 0.3750000000000000555, 0.9519999999999999574 ) ) ;
#581 = CARTESIAN_POINT ( 'NONE',  ( -0.3475299782390346981, 0.3702699047112272268, -0.7671156978516694425 ) ) ;
#582 = CARTESIAN_POINT ( 'NONE',  ( 0.4247441804038856739, 0.1720699491749962118, -0.9777715773810716771 ) ) ;
#583 = EDGE_CURVE ( 'NONE', #4451, #4269, #1039, .T. ) ;
#584 = CARTESIAN_POINT ( 'NONE',  ( -0.1821029644865136687, -0.4843303538586030688, -0.4583415735818340275 ) ) ;
#585 = AXIS2_PLACEMENT_3D ( 'NONE', #5033, #4376, #6806 ) ;
#586 = CARTESIAN_POINT ( 'NONE',  ( -0.3039417934637683727, 0.3468638396171263016, -0.8846726190476819074 ) ) ;
#587 = CARTESIAN_POINT ( 'NONE',  ( 4.867971026610729929E-17, -0.3975000000000000755, -4.163059341130081597E-17 ) ) ;
#588 = CARTESIAN_POINT ( 'NONE',  ( 0.4337833555480723469, -0.2010523885529729438, -0.3352864583333390880 ) ) ;
#589 = CARTESIAN_POINT ( 'NONE',  ( -0.003740058034616087004, 0.4810492421258694140, -0.2499069940475111828 ) ) ;
#591 = CARTESIAN_POINT ( 'NONE',  ( -0.5058534632047312352, 0.1351326075997830722, -0.2608003430783603083 ) ) ;
#590 = CARTESIAN_POINT ( 'NONE',  ( -0.2093508740635232346, -0.4630805837694083049, -0.7548210470071150535 ) ) ;
#592 = CARTESIAN_POINT ( 'NONE',  ( -0.2253351895391972337, 0.4555425283022522254, -0.7804909176614508448 ) ) ;
#593 = CARTESIAN_POINT ( 'NONE',  ( -0.1852697987708334659, -0.4899347905725364716, -0.2541031523355541943 ) ) ;
#594 = CARTESIAN_POINT ( 'NONE',  ( 0.5209283732433288572, -0.1212487922375063282, -0.2302827380952705005 ) ) ;
#595 = CARTESIAN_POINT ( 'NONE',  ( -0.4714787303052849765, -0.07368786290253687143, -0.3643043154762010127 ) ) ;
#596 = CARTESIAN_POINT ( 'NONE',  ( -0.1559192491272429759, -0.4466831719734546957, -0.4948846726190749279 ) ) ;
#597 = CARTESIAN_POINT ( 'NONE',  ( -0.4609312662892142698, -0.1236988388255101795, -0.3720238095239087883 ) ) ;
#598 = VERTEX_POINT ( 'NONE', #7724 ) ;
#599 = CARTESIAN_POINT ( 'NONE',  ( 0.4625972367855721301, 0.06494039247896139788, -0.6859188988094672146 ) ) ;
#600 = CARTESIAN_POINT ( 'NONE',  ( 0.3832303970549093552, -0.2743929485447230143, -0.5606398809523782667 ) ) ;
#601 = VECTOR ( 'NONE', #545, 39.37007874015748854 ) ;
#602 = CARTESIAN_POINT ( 'NONE',  ( -0.3414098139762944961, 0.3889432595127537140, -0.4817890324159764259 ) ) ;
#603 = CARTESIAN_POINT ( 'NONE',  ( 4.314832864274900690E-07, 0.4783540252257642011, -0.2499999999999986955 ) ) ;
#604 = CARTESIAN_POINT ( 'NONE',  ( -0.08525435634337449886, 0.5151257200942065406, -0.6365327380951814051 ) ) ;
#605 = CARTESIAN_POINT ( 'NONE',  ( 0.4668506206590308238, 0.01509297117174035474, -0.6871279761902820971 ) ) ;
#606 = CARTESIAN_POINT ( 'NONE',  ( 0.5312500000000000000, -0.3067173305069885725, -0.2499999999999998057 ) ) ;
#607 = CARTESIAN_POINT ( 'NONE',  ( 0.3845905645366509695, -0.2526726737841660797, -0.9173177083332658688 ) ) ;
#608 = AXIS2_PLACEMENT_3D ( 'NONE', #6147, #5610, #1238 ) ;
#609 = DIRECTION ( 'NONE',  ( 0.000000000000000000, 0.000000000000000000, -1.000000000000000000 ) ) ;
#610 = ORIENTED_EDGE ( 'NONE', *, *, #934, .F. ) ;
#611 = CARTESIAN_POINT ( 'NONE',  ( 0.3132148444458859315, 0.4292571517372811840, -0.2861793154763157543 ) ) ;
#612 = CARTESIAN_POINT ( 'NONE',  ( -0.3065053829966225551, -0.4000693479965855004, -0.8902580896500552621 ) ) ;
#613 = CARTESIAN_POINT ( 'NONE',  ( 0.3068267214907834384, 0.4008252381510934992, -0.8645709407454100770 ) ) ;
#614 = CARTESIAN_POINT ( 'NONE',  ( -0.2553591526151526847, 0.4427101331225367087, -0.9895833333331786053 ) ) ;
#615 = CONICAL_SURFACE ( 'NONE', #2977, 0.5312500000000000000, 1.047197551196600074 ) ;
#616 = CARTESIAN_POINT ( 'NONE',  ( 0.01485804443942545343, -0.4595858647242872519, -0.9192708333331732762 ) ) ;
#617 = CARTESIAN_POINT ( 'NONE',  ( -0.4640824046745960496, 0.1917462949610468093, -0.2499999999999997224 ) ) ;
#618 = CARTESIAN_POINT ( 'NONE',  ( 0.3908679718707145367, 0.2798515610866031400, -0.2607886904761576030 ) ) ;
#619 = ORIENTED_EDGE ( 'NONE', *, *, #5571, .F. ) ;
#620 = CARTESIAN_POINT ( 'NONE',  ( -0.2617115456786014982, -0.3778070342644269664, -0.9265252976190365697 ) ) ;
#621 = CC_DESIGN_APPROVAL ( #483, ( #4171 ) ) ;
#622 = CARTESIAN_POINT ( 'NONE',  ( -0.07434640876555832778, -0.4491718383663877434, -1.064360119047546460 ) ) ;
#623 = CARTESIAN_POINT ( 'NONE',  ( -0.5144329351148583251, -0.04662361395786328300, -0.7601376488096251993 ) ) ;
#624 = DIRECTION ( 'NONE',  ( -0.000000000000000000, -0.000000000000000000, -1.000000000000000000 ) ) ;
#625 = CARTESIAN_POINT ( 'NONE',  ( 0.4938564221275616450, 0.1150328638280177646, -0.7909418244461997594 ) ) ;
#626 = CARTESIAN_POINT ( 'NONE',  ( -0.4420835013481365094, -0.1070825180905576879, -1.086588541666717811 ) ) ;
#627 = CARTESIAN_POINT ( 'NONE',  ( 0.06807537303928398731, -0.5131176615446926270, -0.4527624032508483776 ) ) ;
#628 = CARTESIAN_POINT ( 'NONE',  ( 0.3227893367402160374, -0.3278590082522301330, -0.9197358630953053060 ) ) ;
#629 = CARTESIAN_POINT ( 'NONE',  ( 0.000000000000000000, 0.000000000000000000, 0.4759999999999999787 ) ) ;
#630 = CARTESIAN_POINT ( 'NONE',  ( -0.3963305701241053858, 0.2693096164834969386, -0.3014322916667535601 ) ) ;
#631 = EDGE_CURVE ( 'NONE', #1873, #2547, #3020, .T. ) ;
#632 = CARTESIAN_POINT ( 'NONE',  ( -0.4652091015239857574, 0.1969559401208080818, -1.122860863095332729 ) ) ;
#634 = CARTESIAN_POINT ( 'NONE',  ( -0.5312500000000000000, -1.182924880895401264E-16, 0.000000000000000000 ) ) ;
#633 = CARTESIAN_POINT ( 'NONE',  ( -0.1629163357553254365, -0.4822936453768483789, -0.7536921031080033861 ) ) ;
#635 = CARTESIAN_POINT ( 'NONE',  ( -0.3090586426115008445, 0.4025059522529858547, -0.7782681198643278675 ) ) ;
#636 = CARTESIAN_POINT ( 'NONE',  ( -0.2769665097786573327, -0.4445057440372855440, -0.2563284907281268565 ) ) ;
#637 = CARTESIAN_POINT ( 'NONE',  ( 0.5046434646494599718, 0.08349791527694157278, -0.6488263255381263583 ) ) ;
#638 = CARTESIAN_POINT ( 'NONE',  ( -0.4609312662892142698, -0.1236988388255101795, -0.3630952380953373915 ) ) ;
#639 = CARTESIAN_POINT ( 'NONE',  ( 0.4409174790610010941, 0.1913490766391099107, -0.2632068452381282064 ) ) ;
#640 = ORIENTED_EDGE ( 'NONE', *, *, #2049, .T. ) ;
#641 = CARTESIAN_POINT ( 'NONE',  ( 0.02671059109652136263, 0.4690991036313801321, -0.5988653273809853017 ) ) ;
#642 = CARTESIAN_POINT ( 'NONE',  ( 0.1442882829534752054, -0.4484683378357345873, -0.5678943452380967871 ) ) ;
#643 = B_SPLINE_CURVE_WITH_KNOTS ( 'NONE', 3,
 ( #1519, #5275, #4045, #1020, #6049, #4702, #362, #5396, #5972, #7282 ),
 .UNSPECIFIED., .F., .F.,
 ( 4, 2, 2, 2, 4 ),
 ( 9.277642523394463111E-14, 0.002399085424879139269, 0.004798170849665502058, 0.007197256274451865714, 0.009596341699238225900 ),
 .UNSPECIFIED. ) ;
#644 = ORIENTED_EDGE ( 'NONE', *, *, #7841, .F. ) ;
#645 = CARTESIAN_POINT ( 'NONE',  ( -0.2673209065480559588, 0.4290632169455100287, -0.8407848816897023347 ) ) ;
#646 = CARTESIAN_POINT ( 'NONE',  ( -0.06025682865632428498, -0.5219209328077362153, -0.5325520833333166060 ) ) ;
#647 = CARTESIAN_POINT ( 'NONE',  ( 0.2777490617644794435, -0.3806644701465259351, -0.5553385416666828389 ) ) ;
#648 = CARTESIAN_POINT ( 'NONE',  ( 0.4359023138069602066, 0.2520622656367229597, -0.9304372046429705279 ) ) ;
#649 = CARTESIAN_POINT ( 'NONE',  ( 0.2434583069798567923, 0.3911577357283674283, -0.8991815476190405665 ) ) ;
#650 = CARTESIAN_POINT ( 'NONE',  ( 0.4867218981489775942, 0.1834965982324964218, -0.3708999633294798315 ) ) ;
#651 = ORIENTED_EDGE ( 'NONE', *, *, #583, .T. ) ;
#652 = B_SPLINE_CURVE_WITH_KNOTS ( 'NONE', 3,
 ( #4976, #2947, #8101, #1052, #2418, #1837, #6740, #3078 ),
 .UNSPECIFIED., .F., .F.,
 ( 4, 2, 2, 4 ),
 ( 0.007883069676311164550, 0.009846408514183543903, 0.01180974735205592499, 0.01573642502780068717 ),
 .UNSPECIFIED. ) ;
#653 = CARTESIAN_POINT ( 'NONE',  ( 0.4872831868543286427, 0.2114712922887575230, -0.2922247023809730893 ) ) ;
#654 = CARTESIAN_POINT ( 'NONE',  ( -0.06561159864278992560, -0.5006847338203477271, -0.8843148617936441580 ) ) ;
#655 = CARTESIAN_POINT ( 'NONE',  ( 0.4524352194474620115, 0.2234856735235936642, -0.8697764189815057057 ) ) ;
#656 = CARTESIAN_POINT ( 'NONE',  ( 0.4971195924844971636, -0.1334191670092106652, -0.8735119047616928256 ) ) ;
#657 = CARTESIAN_POINT ( 'NONE',  ( 0.3202333649079723288, 0.3311463894304009226, -0.8926711309524020255 ) ) ;
#658 = CARTESIAN_POINT ( 'NONE',  ( -0.3739278443927611106, -0.3509514154525485985, -0.6064011033697367381 ) ) ;
#659 = CARTESIAN_POINT ( 'NONE',  ( 0.03130764635854521583, 0.4775711566948793729, -0.2507440476190364587 ) ) ;
#660 = ORIENTED_EDGE ( 'NONE', *, *, #6129, .F. ) ;
#661 = CARTESIAN_POINT ( 'NONE',  ( -0.03757752589077129751, -0.4604918562899767420, -0.8491443452379329182 ) ) ;
#662 = CARTESIAN_POINT ( 'NONE',  ( -0.4370771897642651838, 0.1406316021005212524, -0.9410342261904494077 ) ) ;
#663 = CARTESIAN_POINT ( 'NONE',  ( -0.3319966496265666089, 0.3981851438910735119, -0.6996837797618462584 ) ) ;
#664 = CARTESIAN_POINT ( 'NONE',  ( 0.4597736078745280897, -0.02912482544575190763, -0.9857048842592093241 ) ) ;
#665 = CARTESIAN_POINT ( 'NONE',  ( 0.4606465801249625680, 0.03080032768973927151, -0.9847520756444887446 ) ) ;
#666 = CARTESIAN_POINT ( 'NONE',  ( 0.3119846375593847143, 0.3328309672295521882, -1.044270833333283521 ) ) ;
#667 = CARTESIAN_POINT ( 'NONE',  ( 0.4646141158758047007, -0.2289463630224794211, -0.4416093950699118142 ) ) ;
#668 = CARTESIAN_POINT ( 'NONE',  ( 0.3537823343117866837, 0.2949741378245401835, -0.9028087797619326338 ) ) ;
#669 = CARTESIAN_POINT ( 'NONE',  ( -0.07256541923779467884, 0.4642973662592521089, -0.6053757440476135177 ) ) ;
#670 = CARTESIAN_POINT ( 'NONE',  ( 0.07221096131537126095, 0.4619779912174531433, -0.6714099702381360890 ) ) ;
#671 = CARTESIAN_POINT ( 'NONE',  ( -0.2917803623360820664, 0.3799486586578705860, -0.3050595238095100137 ) ) ;
#672 = CARTESIAN_POINT ( 'NONE',  ( 0.1154243415613138424, 0.4959035969418109091, -0.9959077380951804059 ) ) ;
#673 = CARTESIAN_POINT ( 'NONE',  ( 0.09915550348274611292, -0.4582315267015114602, -0.6404389880952349179 ) ) ;
#675 = CARTESIAN_POINT ( 'NONE',  ( -0.2656249999999998890, -0.4600759957604831918, -0.2499999999999998057 ) ) ;
#674 = CARTESIAN_POINT ( 'NONE',  ( 0.1641121797232621971, -0.4812572391160006013, -0.7462564338369748196 ) ) ;
#676 = CARTESIAN_POINT ( 'NONE',  ( 0.4935627251072376431, 0.1149140288755914063, -0.8009623657906123073 ) ) ;
#677 = CARTESIAN_POINT ( 'NONE',  ( -0.03268369933143780437, -0.5075926359435981583, -0.7406986918743956316 ) ) ;
#678 = CARTESIAN_POINT ( 'NONE',  ( -0.2646457741190394453, -0.4028150451267499266, -0.2119605654761736180 ) ) ;
#679 = CARTESIAN_POINT ( 'NONE',  ( 0.3139281594175779011, 0.3582481795391922463, -0.3921130952380713630 ) ) ;
#680 = CARTESIAN_POINT ( 'NONE',  ( 0.4655760109988362205, -0.2105676657901965343, -0.6655430211406540009 ) ) ;
#681 = ORIENTED_EDGE ( 'NONE', *, *, #1890, .T. ) ;
#682 = CARTESIAN_POINT ( 'NONE',  ( -0.4415727032991105250, 0.1618890920886314200, -0.5843563988095362705 ) ) ;
#683 = CARTESIAN_POINT ( 'NONE',  ( -0.3219263173590752314, -0.3434371201694838005, -0.5799851190476439378 ) ) ;
#684 = ADVANCED_FACE ( 'NONE', ( #6707 ), #6418, .T. ) ;
#685 = EDGE_LOOP ( 'NONE', ( #3701, #4097, #3925, #5105, #5225, #3141 ) ) ;
#686 = CARTESIAN_POINT ( 'NONE',  ( 0.4448314152774545671, 0.2768550204750795385, -0.5784970238095422657 ) ) ;
#687 = CARTESIAN_POINT ( 'NONE',  ( -0.003669654028610807358, -0.4709803568856437694, -0.5625930059523508442 ) ) ;
#688 = EDGE_CURVE ( 'NONE', #3246, #1222, #5279, .T. ) ;
#689 = CARTESIAN_POINT ( 'NONE',  ( -0.3381340436910639791, 0.3169554774675998332, -0.8121279761905439987 ) ) ;
#690 = CARTESIAN_POINT ( 'NONE',  ( 0.5312499999999998890, 0.3067173305069887390, -0.2499999999999998057 ) ) ;
#691 = ORIENTED_EDGE ( 'NONE', *, *, #2607, .T. ) ;
#692 = CARTESIAN_POINT ( 'NONE',  ( 0.2655297166872552794, 0.4603263463810278178, -0.2849702380952080505 ) ) ;
#693 = CARTESIAN_POINT ( 'NONE',  ( -0.1139336004957721415, -0.4910860272330349052, -0.8854202429392438178 ) ) ;
#694 = CARTESIAN_POINT ( 'NONE',  ( -0.4463283379204526780, 0.2577669446501748562, -0.5494962378921676160 ) ) ;
#695 = CARTESIAN_POINT ( 'NONE',  ( -0.4698820407428233592, 0.2126796072126914960, -0.8396577380952131575 ) ) ;
#696 = CARTESIAN_POINT ( 'NONE',  ( -0.4637120235769190413, 0.003613084087535026016, -0.7947358630953738068 ) ) ;
#697 = CARTESIAN_POINT ( 'NONE',  ( 0.4532293018898435610, -0.2608362633287176213, -0.3095096714617087130 ) ) ;
#698 = CARTESIAN_POINT ( 'NONE',  ( 0.5312500000000000000, -0.3067173305069885725, -0.04744933615967775187 ) ) ;
#699 = ORIENTED_EDGE ( 'NONE', *, *, #528, .F. ) ;
#700 = CARTESIAN_POINT ( 'NONE',  ( -0.4511274038550107113, -0.09761819804989876892, -0.8636532738094565564 ) ) ;
#701 = CARTESIAN_POINT ( 'NONE',  ( -0.1826679401876576680, 0.4209143619496791278, -0.9507068452380541546 ) ) ;
#702 = CARTESIAN_POINT ( 'NONE',  ( -0.3137974359022424053, -0.4162892273102930529, -0.6077938988094754302 ) ) ;
#703 = CARTESIAN_POINT ( 'NONE',  ( -0.4990832904031288764, 0.1333963251925005811, -0.4851043147502138164 ) ) ;
#704 = CARTESIAN_POINT ( 'NONE',  ( -0.5100286205178903298, 0.06711033322417317426, -0.5550513021692944360 ) ) ;
#705 = CARTESIAN_POINT ( 'NONE',  ( -0.1800845296091324044, -0.4253580261387356343, -0.8617001488097097983 ) ) ;
#706 = CARTESIAN_POINT ( 'NONE',  ( -0.2586330257165967428, -0.4490772334150422429, -0.4602015586501818634 ) ) ;
#707 = CARTESIAN_POINT ( 'NONE',  ( -0.3975040157342769054, 0.2340736271075582187, -0.8810453869047064623 ) ) ;
#708 = CARTESIAN_POINT ( 'NONE',  ( 0.03106788255608324348, 0.4710682778758480405, -0.5364583333332895165 ) ) ;
#709 = CARTESIAN_POINT ( 'NONE',  ( -0.2616855342706226328, 0.3851245263082282988, -0.7342819940476023044 ) ) ;
#710 = FACE_BOUND ( 'NONE', #3303, .T. ) ;
#711 = CARTESIAN_POINT ( 'NONE',  ( -0.4851919560273932341, 0.1561122896928520132, -0.9789806547620226729 ) ) ;
#712 = CARTESIAN_POINT ( 'NONE',  ( 0.4099769621248987583, -0.2280572604113347834, -0.6307663690476750240 ) ) ;
#714 = CARTESIAN_POINT ( 'NONE',  ( -0.1756783184802971631, -0.5120067365485970745, -0.2454778260505931509 ) ) ;
#713 = CARTESIAN_POINT ( 'NONE',  ( 0.2108400031354521753, -0.4184715652431431065, -0.9786230894889443865 ) ) ;
#715 = CARTESIAN_POINT ( 'NONE',  ( -0.1327715202414824769, -0.4978444366230329599, -0.5286530282277165371 ) ) ;
#716 = CARTESIAN_POINT ( 'NONE',  ( -0.2093928022243595755, -0.4634030995561478350, -0.7447916522047653975 ) ) ;
#717 = CARTESIAN_POINT ( 'NONE',  ( -0.3963305701241053858, 0.2693096164834969386, -0.3014322916667535601 ) ) ;
#718 = CARTESIAN_POINT ( 'NONE',  ( 0.4100306961226807267, -0.2414499239995796243, -0.4078311011905394468 ) ) ;
#719 = CARTESIAN_POINT ( 'NONE',  ( 0.2976692222946976663, -0.4150933771324070709, -0.6714942809446523553 ) ) ;
#720 = ORIENTED_EDGE ( 'NONE', *, *, #223, .F. ) ;
#721 = CARTESIAN_POINT ( 'NONE',  ( -0.1665202575114200223, 0.4419110072725128124, -0.5226934523809158017 ) ) ;
#722 = CARTESIAN_POINT ( 'NONE',  ( 0.4338152240896281930, 0.1963465172348653476, -0.4058779761904769412 ) ) ;
#723 = ORIENTED_EDGE ( 'NONE', *, *, #271, .F. ) ;
#724 = CARTESIAN_POINT ( 'NONE',  ( -0.5197226223546088653, 0.07296831378078154351, -0.5506882440476066343 ) ) ;
#725 = CARTESIAN_POINT ( 'NONE',  ( -0.4641740249134289065, 0.06092560107143191878, -0.6532738095237765608 ) ) ;
#726 = CALENDAR_DATE ( 2026, 12, 1 ) ;
#727 = CARTESIAN_POINT ( 'NONE',  ( -0.3089398539713575920, -0.3462343894229457653, -0.7939918154762078961 ) ) ;
#728 = CARTESIAN_POINT ( 'NONE',  ( -0.3675141779888690396, 0.2968596920403903661, -0.5255766369046793729 ) ) ;
#729 = CC_DESIGN_DATE_AND_TIME_ASSIGNMENT ( #6612, #964, ( #6828 ) ) ;
#730 = ORIENTED_EDGE ( 'NONE', *, *, #1628, .T. ) ;
#731 = CONICAL_SURFACE ( 'NONE', #6391, 0.4461677158522461828, 0.7853981633974500554 ) ;
#732 = ADVANCED_FACE ( 'NONE', ( #5557 ), #3249, .T. ) ;
#733 = CARTESIAN_POINT ( 'NONE',  ( 0.3964391765441184767, 0.3537254020207807881, -0.2885974702379708323 ) ) ;
#734 = CARTESIAN_POINT ( 'NONE',  ( 0.3330502361067649852, -0.3789050418257051689, -0.8746296013724927931 ) ) ;
#735 = CARTESIAN_POINT ( 'NONE',  ( 0.1162553970770795475, 0.5008284767781131519, -0.5639914986971417132 ) ) ;
#736 = CARTESIAN_POINT ( 'NONE',  ( -0.2988450274267721585, 0.4173956344005071428, -0.9170386904761501645 ) ) ;
#737 = CARTESIAN_POINT ( 'NONE',  ( -0.04191173636656941176, -0.4623595403530546544, -0.7778087797618917776 ) ) ;
#738 = CIRCLE ( 'NONE', #2055, 0.3750000000000000555 ) ;
#739 = CARTESIAN_POINT ( 'NONE',  ( 0.1684934344060782241, -0.4938705510608010218, -0.3176871023185538490 ) ) ;
#740 = CARTESIAN_POINT ( 'NONE',  ( 0.03487143302038072518, -0.5217299488743033509, -0.3106453774026214920 ) ) ;
#741 = EDGE_LOOP ( 'NONE', ( #2208, #2907, #5930, #4764 ) ) ;
#742 = CARTESIAN_POINT ( 'NONE',  ( -0.03748331750244311700, 0.4594351734151367883, -0.8829985119047328856 ) ) ;
#743 = CARTESIAN_POINT ( 'NONE',  ( -0.3055571189942727917, 0.3424551926093972742, -0.9470796130951579794 ) ) ;
#744 = CONICAL_SURFACE ( 'NONE', #4301, 0.5002943035887735812, 0.03112503826905463691 ) ;
#745 = CARTESIAN_POINT ( 'NONE',  ( -0.4778313040686227864, -0.2022910477829291120, -0.6851748511905194627 ) ) ;
#746 = CARTESIAN_POINT ( 'NONE',  ( 0.3401672455721785893, 0.3889673633168036493, -0.5081636849458317506 ) ) ;
#747 = CARTESIAN_POINT ( 'NONE',  ( -0.1757146227035015773, 0.4418160616783725625, -0.9709413830861598482 ) ) ;
#748 = CARTESIAN_POINT ( 'NONE',  ( -0.1300234408860645730, -0.4409414930942390232, -0.9318266369047285558 ) ) ;
#749 = CARTESIAN_POINT ( 'NONE',  ( 0.3993402207444904928, 0.3563139163801237186, -0.2194010416666337393 ) ) ;
#750 = AXIS2_PLACEMENT_3D ( 'NONE', #3432, #2300, #1065 ) ;
#751 = CARTESIAN_POINT ( 'NONE',  ( -0.4838988450188443924, -0.1823994637198446400, -0.4680185636070425814 ) ) ;
#752 = CARTESIAN_POINT ( 'NONE',  ( 0.4283486574133865132, 0.1690695009307818519, -0.9064360119047739639 ) ) ;
#753 = APPROVAL_PERSON_ORGANIZATION ( #4101, #483, #2824 ) ;
#754 = CARTESIAN_POINT ( 'NONE',  ( -0.1072620293482661052, -0.4608341888788530238, -0.5026041666666630769 ) ) ;
#755 = CARTESIAN_POINT ( 'NONE',  ( -0.1717381173610242617, 0.4351096008083209510, -0.6653645833332244575 ) ) ;
#756 = CARTESIAN_POINT ( 'NONE',  ( -0.5312500000000000000, -1.182924880895401264E-16, 0.000000000000000000 ) ) ;
#757 = CARTESIAN_POINT ( 'NONE',  ( 0.2752838030518937606, -0.4273332479174081766, -1.022507440476287055 ) ) ;
#758 = CARTESIAN_POINT ( 'NONE',  ( 0.4625972367962764009, 0.06494039248310558288, -0.6948474702381128854 ) ) ;
#759 = B_SPLINE_CURVE_WITH_KNOTS ( 'NONE', 3,
 ( #5788, #136, #2657, #4432, #7064, #1414, #593, #1248, #2533, #3778, #636, #3156, #8, #7559, #4018, #5827, #7726, #2119, #7878, #214, #4091, #5207, #6602, #1534, #3403, #3943 ),
 .UNSPECIFIED., .F., .F.,
 ( 4, 2, 2, 2, 2, 2, 2, 2, 2, 2, 2, 2, 4 ),
 ( 1.885483638363706843E-14, 0.002613789535955335277, 0.003920684303923576211, 0.005227579071891816712, 0.006534473839860058079, 0.007841368607828299447, 0.01045515814376477698, 0.01176205291173301748, 0.01306894767970125798, 0.01568273721563773898, 0.01698963198360597948, 0.01829652675157421998, 0.02091031628751070098 ),
 .UNSPECIFIED. ) ;
#761 = CARTESIAN_POINT ( 'NONE',  ( 0.5081328021598894296, 0.03360466900849173183, -0.7213682192330616028 ) ) ;
#760 = CARTESIAN_POINT ( 'NONE',  ( 1.870693760057053905E-17, 0.6134346610139772560, -0.2025506638403221649 ) ) ;
#762 = CARTESIAN_POINT ( 'NONE',  ( 0.5123000765021679115, -0.06709151590161377410, -0.5093055921578653056 ) ) ;
#763 = CARTESIAN_POINT ( 'NONE',  ( 0.1642062607952157194, -0.4815536426641281453, -0.7362381544149588786 ) ) ;
#764 = CARTESIAN_POINT ( 'NONE',  ( -0.007845320536297849257, -0.4794679670890445999, -0.2055431500020946378 ) ) ;
#765 = CARTESIAN_POINT ( 'NONE',  ( -0.4706848312202449591, 0.07790702144308203625, -0.3679315476191597489 ) ) ;
#766 = CARTESIAN_POINT ( 'NONE',  ( -0.05517016010735808357, 0.4779287126996143997, -0.2486979166666561103 ) ) ;
#767 = CARTESIAN_POINT ( 'NONE',  ( 0.3054219826639678059, 0.3596853289790721275, -0.5347842261905542127 ) ) ;
#768 = CARTESIAN_POINT ( 'NONE',  ( -0.06187146716663566998, -0.4713807722183115945, -0.4300595238095225592 ) ) ;
#769 = ORIENTED_EDGE ( 'NONE', *, *, #236, .F. ) ;
#770 = CARTESIAN_POINT ( 'NONE',  ( -0.4705006095082490680, 0.2322626951299060494, -0.5543154761904383054 ) ) ;
#771 = CARTESIAN_POINT ( 'NONE',  ( -0.3219263173565393155, -0.3434371201682016039, -0.5710565476189931600 ) ) ;
#772 = CARTESIAN_POINT ( 'NONE',  ( -0.04191173637787808798, -0.4623595403503060197, -0.7867373511904524053 ) ) ;
#773 = CARTESIAN_POINT ( 'NONE',  ( -0.2145963672684184642, 0.4182020304633344288, -0.6017485119047756292 ) ) ;
#774 = ORIENTED_EDGE ( 'NONE', *, *, #6531, .T. ) ;
#775 = CARTESIAN_POINT ( 'NONE',  ( 0.1575773933972744734, 0.5052592891059224378, -0.3538876488095543671 ) ) ;
#776 = CARTESIAN_POINT ( 'NONE',  ( -0.5034096952447301154, -0.03287891765551304024, -0.8999395427736992525 ) ) ;
#777 = CARTESIAN_POINT ( 'NONE',  ( -0.2575886645488706939, 0.4452704559849362531, -0.5554362830513969174 ) ) ;
#778 = CARTESIAN_POINT ( 'NONE',  ( 0.1770467726040018952, -0.4829413847263065440, -0.8843936011904560690 ) ) ;
#779 = CARTESIAN_POINT ( 'NONE',  ( 0.1336590178303632970, -0.4963587943327822383, -0.5941291775626453830 ) ) ;
#780 = CARTESIAN_POINT ( 'NONE',  ( -0.1345070961603765103, -0.5042929725213242120, -0.3143667236906321771 ) ) ;
#781 = CARTESIAN_POINT ( 'NONE',  ( 0.4445480726680189898, -0.1193102246552584372, -0.9047619047616927146 ) ) ;
#782 = CARTESIAN_POINT ( 'NONE',  ( -0.4316033618575820241, -0.1506471985530264401, -1.005115327381029378 ) ) ;
#783 = CARTESIAN_POINT ( 'NONE',  ( -0.3903446979756289847, -0.3420428542740689415, -0.6815476190476870144 ) ) ;
#784 = CARTESIAN_POINT ( 'NONE',  ( -0.1665277468195366095, 0.4886581750620885845, -0.4962575015811861445 ) ) ;
#785 = CARTESIAN_POINT ( 'NONE',  ( -0.4976233307372489589, 0.1334263313649730054, -0.5565531549214538520 ) ) ;
#786 = CARTESIAN_POINT ( 'NONE',  ( -0.2198234510757398619, -0.4036636182340222478, -0.9342447916666999363 ) ) ;
#787 = CARTESIAN_POINT ( 'NONE',  ( -0.4404774343404067038, 0.3051232936338655888, -0.1988467261904647843 ) ) ;
#788 = CARTESIAN_POINT ( 'NONE',  ( 0.01700159800781356548, -0.5036295015658602825, -0.8924667686914364850 ) ) ;
#789 = CARTESIAN_POINT ( 'NONE',  ( -0.3747927913950155343, -0.2734647580708393644, -0.7964099702380774692 ) ) ;
#790 = EDGE_CURVE ( 'NONE', #8144, #7311, #5345, .T. ) ;
#791 = CARTESIAN_POINT ( 'NONE',  ( -0.1665202575237387517, 0.4419110072675986323, -0.5316220238095314965 ) ) ;
#792 = CARTESIAN_POINT ( 'NONE',  ( -0.4449381781069255970, -0.1387569454388544732, -0.7197730654761405056 ) ) ;
#793 = DIRECTION ( 'NONE',  ( -1.000000000000000000, 0.000000000000000000, 0.000000000000000000 ) ) ;
#794 = CARTESIAN_POINT ( 'NONE',  ( 0.3172555645299036664, -0.4000727281775455224, -0.9499627976190437861 ) ) ;
#795 = CARTESIAN_POINT ( 'NONE',  ( -0.2145963672764928665, 0.4182020304604283645, -0.6017485119046810382 ) ) ;
#797 = CARTESIAN_POINT ( 'NONE',  ( 0.03281690845754344638, 0.5095038564015121896, -0.7049832699957543358 ) ) ;
#796 = CARTESIAN_POINT ( 'NONE',  ( 0.02758905706293011961, -0.4562564585612515211, -0.9893492951516076328 ) ) ;
#798 = CARTESIAN_POINT ( 'NONE',  ( 0.3878779799358060831, -0.3397552431461731692, -0.5160026923718036285 ) ) ;
#799 = CARTESIAN_POINT ( 'NONE',  ( 0.08297333563142277046, -0.4993373840558381072, -0.8195483247144426109 ) ) ;
#800 = CARTESIAN_POINT ( 'NONE',  ( -0.2598095924899148645, -0.4032977675803601225, -0.2832961309524112958 ) ) ;
#801 = CARTESIAN_POINT ( 'NONE',  ( 0.2285426602038977406, -0.4196917536949200667, -0.3425409226189763956 ) ) ;
#802 = CARTESIAN_POINT ( 'NONE',  ( 0.4584284591183686586, -0.2256939122388331165, -0.6659113154157981773 ) ) ;
#803 = CARTESIAN_POINT ( 'NONE',  ( 0.3825551555680430371, -0.2791384679905262733, -0.4803757440477023355 ) ) ;
#804 = CARTESIAN_POINT ( 'NONE',  ( -0.4763559061731070798, 0.02712373310628826001, -0.3756510416666605234 ) ) ;
#805 = ORIENTED_EDGE ( 'NONE', *, *, #4321, .F. ) ;
#806 = CARTESIAN_POINT ( 'NONE',  ( -0.4316445663109262365, -0.2989950849847429759, -0.5422247023810068400 ) ) ;
#807 = CARTESIAN_POINT ( 'NONE',  ( -0.05401443834502447916, -0.4678482085063686013, -0.5638020833333164950 ) ) ;
#808 =( NAMED_UNIT ( * ) SI_UNIT ( $, .STERADIAN. ) SOLID_ANGLE_UNIT ( ) );
#809 = CARTESIAN_POINT ( 'NONE',  ( 0.4117352130021583179, 0.2112779126134171348, -0.8338913690476311702 ) ) ;
#810 = CARTESIAN_POINT ( 'NONE',  ( -0.3350285684408062514, 0.3298593306223371324, -0.5981212797618743471 ) ) ;
#811 = VERTEX_POINT ( 'NONE', #6179 ) ;
#812 = CARTESIAN_POINT ( 'NONE',  ( -0.008667697543487668313, -0.5297282041717904510, -0.2434895785864872320 ) ) ;
#813 = CARTESIAN_POINT ( 'NONE',  ( 0.3900422965531618602, -0.3414759738999673111, -0.4546050555755909439 ) ) ;
#814 = CARTESIAN_POINT ( 'NONE',  ( -0.4624770777212548478, 0.2275768835386035860, -0.5487379084472352453 ) ) ;
#815 = CARTESIAN_POINT ( 'NONE',  ( 0.3580720155439157115, 0.3702751955482327384, -0.8614211309524020255 ) ) ;
#816 = CARTESIAN_POINT ( 'NONE',  ( 0.5125325632657682373, -0.03380620209656495789, -0.5800098816872591989 ) ) ;
#817 = DIRECTION ( 'NONE',  ( 0.000000000000000000, 0.000000000000000000, 1.000000000000000000 ) ) ;
#818 = ORIENTED_EDGE ( 'NONE', *, *, #1729, .T. ) ;
#819 = CARTESIAN_POINT ( 'NONE',  ( 0.3843066307037834028, -0.2611394048415882074, -0.7657180059523330806 ) ) ;
#820 = CARTESIAN_POINT ( 'NONE',  ( -0.3669229639589345893, -0.2765759305544023272, -0.9301525297619259725 ) ) ;
#821 = CARTESIAN_POINT ( 'NONE',  ( -0.4890280154578534599, 0.1792866714954844676, -0.6223028273809230182 ) ) ;
#822 = CARTESIAN_POINT ( 'NONE',  ( 0.3275408974087131164, -0.3162454117954884847, -0.9908719878281371241 ) ) ;
#823 = CARTESIAN_POINT ( 'NONE',  ( -0.5141825815736683625, 0.01674045462893204023, -0.5539349145403388297 ) ) ;
#824 = CARTESIAN_POINT ( 'NONE',  ( -0.4562669222102408439, -0.05266942885769602956, -0.9451264880953399450 ) ) ;
#825 = CARTESIAN_POINT ( 'NONE',  ( -0.4509618513761234904, -0.05918350814828311768, -1.078869047619142485 ) ) ;
#826 = DIRECTION ( 'NONE',  ( 0.000000000000000000, 0.000000000000000000, -1.000000000000000000 ) ) ;
#827 = CARTESIAN_POINT ( 'NONE',  ( -0.4606276116725356307, 0.05318086127572766580, -0.8048735119047244480 ) ) ;
#828 = CARTESIAN_POINT ( 'NONE',  ( -0.06187146715684228165, -0.4713807722156309055, -0.4300595238095312189 ) ) ;
#829 = CARTESIAN_POINT ( 'NONE',  ( 0.1165759650362913624, 0.4504765398923450404, -0.7439546130953301750 ) ) ;
#830 = EDGE_CURVE ( 'NONE', #3181, #2093, #4407, .T. ) ;
#831 = FACE_OUTER_BOUND ( 'NONE', #5884, .T. ) ;
#832 = CARTESIAN_POINT ( 'NONE',  ( -0.03343714856666113455, -0.5069970031586783499, -1.029761904761969715 ) ) ;
#833 = CARTESIAN_POINT ( 'NONE',  ( 0.2566637072207310077, 0.3906653914026052554, -0.6851748511904216521 ) ) ;
#835 = CARTESIAN_POINT ( 'NONE',  ( 0.3402090781400429753, -0.3870075364252152372, -0.5275164152180463750 ) ) ;
#834 = CARTESIAN_POINT ( 'NONE',  ( 0.4222414040196780238, -0.2370035269831523017, -0.9629609060123998088 ) ) ;
#836 = CARTESIAN_POINT ( 'NONE',  ( -0.1650033148885824419, -0.4880854997558752850, -0.5293955675358692492 ) ) ;
#837 = EDGE_CURVE ( 'NONE', #53, #7655, #6747, .T. ) ;
#838 = CARTESIAN_POINT ( 'NONE',  ( -0.2669311098622428324, -0.4297816735208874750, -0.8277443725800793795 ) ) ;
#839 = CARTESIAN_POINT ( 'NONE',  ( -0.3382128698842450931, 0.3847304007637896706, -0.6246267822616725640 ) ) ;
#840 = CARTESIAN_POINT ( 'NONE',  ( -0.2897014660676306419, 0.3843358081182685071, -0.2337239583333932669 ) ) ;
#841 = CARTESIAN_POINT ( 'NONE',  ( 0.3380547309343667206, 0.3380551812263177247, -0.2499999999999824030 ) ) ;
#842 = CARTESIAN_POINT ( 'NONE',  ( 0.4509156542936884060, -0.1450840594679428386, -0.4767485119048358588 ) ) ;
#843 = CARTESIAN_POINT ( 'NONE',  ( 0.3785315267272263418, 0.2853262875732659465, -0.4747953869047486508 ) ) ;
#844 = VERTEX_POINT ( 'NONE', #6962 ) ;
#845 = B_SPLINE_CURVE_WITH_KNOTS ( 'NONE', 3,
 ( #159, #1898, #5117, #197, #703, #7091, #2640, #2063, #5693, #6468, #4544, #3224, #1440, #3966, #7048, #5156, #1277, #5850, #36, #5072, #784, #7590, #81, #7672, #4463, #7633, #1941, #6971, #1398, #1316, #5732, #1982, #4505, #1356, #3886, #6388, #746, #3269, #6431, #361, #864, #3387, #7204, #2177, #3464, #7902, #2799, #2105, #3545, #4153 ),
 .UNSPECIFIED., .F., .F.,
 ( 4, 2, 2, 2, 2, 2, 2, 2, 2, 2, 2, 2, 2, 2, 2, 2, 2, 2, 2, 2, 2, 2, 2, 2, 4 ),
 ( 0.2703349914788565345, 0.2729134807446386701, 0.2742027253775297657, 0.2754919700104208613, 0.2780704592762029970, 0.2793597039090940926, 0.2806489485419851881, 0.2832274378077673238, 0.2845166824406584194, 0.2858059270735495150, 0.2870951717064405551, 0.2883844163393316506, 0.2909629056051138418, 0.2922521502380048819, 0.2935413948708959775, 0.2961198841366781132, 0.2974091287695692087, 0.2986983734024603043, 0.3012768626682424400, 0.3025661073011335356, 0.3038553519340246312, 0.3051445965669157268, 0.3064338411998068223, 0.3090123304655889580, 0.3115908197313711492 ),
 .UNSPECIFIED. ) ;
#846 = CARTESIAN_POINT ( 'NONE',  ( 0.1495298070345497665, 0.5070944939911115057, -0.4273623511904627303 ) ) ;
#847 = CARTESIAN_POINT ( 'NONE',  ( -0.2880969021084622828, -0.3751391636588271017, -0.4985119047618722377 ) ) ;
#848 = CARTESIAN_POINT ( 'NONE',  ( 0.02671059108596684356, 0.4690991036346953691, -0.5988653273809578792 ) ) ;
#849 = CARTESIAN_POINT ( 'NONE',  ( -0.1276401157167062206, 0.4476633465004211665, -0.7468377976191398204 ) ) ;
#850 = CARTESIAN_POINT ( 'NONE',  ( -0.3911364960181685224, -0.2657706400912432931, -0.5110677083333393655 ) ) ;
#851 = ORIENTED_EDGE ( 'NONE', *, *, #528, .T. ) ;
#852 = CARTESIAN_POINT ( 'NONE',  ( 0.1797075928502506748, 0.4789611922519802500, -0.6469385483744042320 ) ) ;
#853 = CARTESIAN_POINT ( 'NONE',  ( -0.1660316548629502120, -0.4897573130921641926, -0.4679939192766173206 ) ) ;
#854 = CARTESIAN_POINT ( 'NONE',  ( 0.4864593575305736217, 0.1653405244160874310, -0.5755359725187416675 ) ) ;
#855 = CARTESIAN_POINT ( 'NONE',  ( -0.4906168466743235923, 0.1663282710336324299, -0.7671130952380692536 ) ) ;
#856 = CARTESIAN_POINT ( 'NONE',  ( 0.2318146818560649358, -0.4684787018667584957, -0.3162035417859579978 ) ) ;
#857 = AXIS2_PLACEMENT_3D ( 'NONE', #7469, #1820, #1198 ) ;
#858 = CONICAL_SURFACE ( 'NONE', #5336, 0.3894337567297408986, 0.5235987755983052550 ) ;
#859 = CARTESIAN_POINT ( 'NONE',  ( 0.4437388249842985077, -0.2756284494513509542, -0.2998651791196163541 ) ) ;
#860 = ORIENTED_EDGE ( 'NONE', *, *, #2659, .F. ) ;
#861 = CARTESIAN_POINT ( 'NONE',  ( 0.1962379409195975088, -0.4234145865714786794, -0.7004278273808305366 ) ) ;
#862 = CARTESIAN_POINT ( 'NONE',  ( 0.3202333648982714220, 0.3311463894362740024, -0.8926711309523878146 ) ) ;
#863 = CARTESIAN_POINT ( 'NONE',  ( -0.1309565106999925899, 0.5060800445930045965, -0.5618489583333666770 ) ) ;
#864 = CARTESIAN_POINT ( 'NONE',  ( 0.4190619862983769872, 0.3007273122471056936, -0.5107722618001634407 ) ) ;
#865 = CARTESIAN_POINT ( 'NONE',  ( 0.5131051634148050544, 0.03379223147062718202, -0.5885395374915850519 ) ) ;
#866 = CARTESIAN_POINT ( 'NONE',  ( -0.3747927914075188105, -0.2734647580650779730, -0.7964099702382625434 ) ) ;
#867 = VECTOR ( 'NONE', #5744, 39.37007874015748854 ) ;
#868 = CARTESIAN_POINT ( 'NONE',  ( -0.2914412759982512591, -0.3495327758682910124, -1.070405505952324088 ) ) ;
#869 = CARTESIAN_POINT ( 'NONE',  ( 0.4871856259217864915, -0.1305058182729303129, -0.8779687422428261723 ) ) ;
#870 = CARTESIAN_POINT ( 'NONE',  ( 0.4644654905788350718, 0.01919143522442669572, -0.7673921130951901759 ) ) ;
#871 = CARTESIAN_POINT ( 'NONE',  ( -0.3649475543953632495, -0.3042835598227673355, -0.4385230654761749225 ) ) ;
#872 = CARTESIAN_POINT ( 'NONE',  ( -0.3908153617060700635, 0.3422474299728673341, -0.4188882772448425662 ) ) ;
#873 = AXIS2_PLACEMENT_3D ( 'NONE', #6372, #4569, #1423 ) ;
#874 = FACE_OUTER_BOUND ( 'NONE', #6345, .T. ) ;
#875 = CARTESIAN_POINT ( 'NONE',  ( 0.1203974214722807468, 0.4970173248405326816, -0.9245721726191411527 ) ) ;
#876 = CARTESIAN_POINT ( 'NONE',  ( -0.3024809074533978404, 0.4216140761980886054, -0.4114657222074176168 ) ) ;
#878 = CARTESIAN_POINT ( 'NONE',  ( -0.4332524862162121515, 0.2693068534686367532, -0.6927249574347205119 ) ) ;
#877 = CARTESIAN_POINT ( 'NONE',  ( 0.4896180792322109565, -0.06254257190275122613, -0.9528200512702352798 ) ) ;
#879 = CARTESIAN_POINT ( 'NONE',  ( -0.03261917475215610901, -0.5058535541429927118, -0.8221579697726084657 ) ) ;
#880 = CARTESIAN_POINT ( 'NONE',  ( 0.4063587083033951552, 0.3122863557935437462, -0.6432310715556832648 ) ) ;
#881 = CARTESIAN_POINT ( 'NONE',  ( 0.4804283687299635841, -0.008057090531515700635, -0.2591145833333695636 ) ) ;
#882 = CARTESIAN_POINT ( 'NONE',  ( -0.06632005799874253482, -0.5070274610475932198, -0.6800475422302726392 ) ) ;
#883 = AXIS2_PLACEMENT_3D ( 'NONE', #1487, #3895, #2567 ) ;
#884 = EDGE_CURVE ( 'NONE', #1426, #1460, #4502, .T. ) ;
#885 = CARTESIAN_POINT ( 'NONE',  ( -0.007935269595413458124, -0.4731608362029717241, -0.4912574404762051206 ) ) ;
#886 = CARTESIAN_POINT ( 'NONE',  ( 0.08913612840637680224, -0.4671088344869241960, -0.4264322916666296592 ) ) ;
#887 = EDGE_LOOP ( 'NONE', ( #5058, #681, #2371, #7036, #2007, #7264 ) ) ;
#888 = CARTESIAN_POINT ( 'NONE',  ( 0.04763070188700071345, -0.5255439309939222703, -0.4587983630952581771 ) ) ;
#889 = CARTESIAN_POINT ( 'NONE',  ( 0.04271720275094039593, -0.4713342964590729878, -0.4900483630952581771 ) ) ;
#890 = CARTESIAN_POINT ( 'NONE',  ( 0.1294334710017159829, 0.4539238146915384742, -0.5299479166667104835 ) ) ;
#891 = CARTESIAN_POINT ( 'NONE',  ( -0.3173178189689613848, -0.3446708368489641017, -0.6513206845237682341 ) ) ;
#892 = CARTESIAN_POINT ( 'NONE',  ( -0.2065628871642121167, -0.4280790914353506116, -0.4336867559523840954 ) ) ;
#893 = VERTEX_POINT ( 'NONE', #112 ) ;
#894 = CARTESIAN_POINT ( 'NONE',  ( 0.4527683052371358485, -0.2227742376765242949, -0.8701734331049469917 ) ) ;
#895 = CARTESIAN_POINT ( 'NONE',  ( -0.2617510600118926889, 0.4527868393320683693, -0.2797507206080567799 ) ) ;
#896 = CARTESIAN_POINT ( 'NONE',  ( -0.04200414655501699679, -0.5147434182919405909, -0.8178943452379330292 ) ) ;
#897 = DIRECTION ( 'NONE',  ( -1.000000000000000000, 0.000000000000000000, 0.000000000000000000 ) ) ;
#898 = CARTESIAN_POINT ( 'NONE',  ( 0.5046842341694643963, -0.1351845560818807357, -0.2965226953163201395 ) ) ;
#899 = ORIENTED_EDGE ( 'NONE', *, *, #4024, .T. ) ;
#900 = CARTESIAN_POINT ( 'NONE',  ( 0.1593872012380121994, 0.4347483050443504138, -0.8164992559522676885 ) ) ;
#901 = CARTESIAN_POINT ( 'NONE',  ( 0.4966884173373485312, 0.1683781871271665953, -0.5074404761904867112 ) ) ;
#902 = CARTESIAN_POINT ( 'NONE',  ( 0.2327581599128976664, -0.4416385854501760910, -0.9471089333250328757 ) ) ;
#903 = DIRECTION ( 'NONE',  ( -0.000000000000000000, -0.000000000000000000, -1.000000000000000000 ) ) ;
#904 = CARTESIAN_POINT ( 'NONE',  ( 0.4501112166518552171, 0.1164732038353105265, -0.7649739583333865500 ) ) ;
#905 = CARTESIAN_POINT ( 'NONE',  ( 0.01889129679965884101, -0.4572031365349634724, -0.9906063988095256123 ) ) ;
#906 = CARTESIAN_POINT ( 'NONE',  ( -0.4275278419689825249, -0.2660393794042602567, -0.9043866386993510975 ) ) ;
#907 = CARTESIAN_POINT ( 'NONE',  ( 0.06723413478413005351, -0.5064921547069872743, -0.6670465664708871145 ) ) ;
#908 = CARTESIAN_POINT ( 'NONE',  ( 0.007777584117391206711, -0.4642288076784671924, -0.7855282738096236450 ) ) ;
#909 = CARTESIAN_POINT ( 'NONE',  ( 0.03866553435351635648, -0.4739241292308580267, -0.4276413690476117413 ) ) ;
#910 = CARTESIAN_POINT ( 'NONE',  ( 0.4645619648221146480, 0.2290729970141746064, -0.4412162016851946533 ) ) ;
#911 = CARTESIAN_POINT ( 'NONE',  ( 0.4237853326738887927, -0.2696067726940069020, -0.9428445899272449582 ) ) ;
#912 = CARTESIAN_POINT ( 'NONE',  ( 0.3602205142325943243, 0.3658660656198199912, -0.8592819940475764362 ) ) ;
#913 = DIRECTION ( 'NONE',  ( 0.8660254037844388186, -0.4999999999999998335, 0.000000000000000000 ) ) ;
#915 = CARTESIAN_POINT ( 'NONE',  ( 0.2583121052878555868, -0.4467316870974385457, -0.5297463245974074475 ) ) ;
#914 = CARTESIAN_POINT ( 'NONE',  ( -0.4495629821783527214, -0.2601708639792271183, -0.3947264175042191070 ) ) ;
#916 = CARTESIAN_POINT ( 'NONE',  ( 0.3989305770961871223, -0.3124367325365361436, -0.2499999999999997502 ) ) ;
#917 = CARTESIAN_POINT ( 'NONE',  ( 0.1317414476720508709, -0.4896182200248401228, -0.8184326174451753699 ) ) ;
#918 = CARTESIAN_POINT ( 'NONE',  ( 0.2976403757517254167, 0.4163258472797148335, -0.6398808806713482955 ) ) ;
#919 = CARTESIAN_POINT ( 'NONE',  ( -0.1249623340618295081, -0.4656084735130056607, -0.2083333333332741955 ) ) ;
#920 = CARTESIAN_POINT ( 'NONE',  ( 0.06718523930407152567, -0.5061850510797611946, -0.6770654747526118067 ) ) ;
#921 = CARTESIAN_POINT ( 'NONE',  ( -0.2100387062205671673, 0.4254980225434368268, -0.4501488095238659892 ) ) ;
#922 = CARTESIAN_POINT ( 'NONE',  ( -0.06641132082000432424, -0.4730173447865173020, -0.3587239583334023152 ) ) ;
#923 = VERTEX_POINT ( 'NONE', #5803 ) ;
#924 = CARTESIAN_POINT ( 'NONE',  ( 0.5185361376483926810, 0.1122051942140676051, -0.3681175595237790032 ) ) ;
#925 = CARTESIAN_POINT ( 'NONE',  ( -0.4691593552571267645, 0.07333340498097160043, -0.4392671130952547909 ) ) ;
#926 = CARTESIAN_POINT ( 'NONE',  ( -0.3350285684408062514, 0.3298593306223371324, -0.5891927083333029502 ) ) ;
#927 = CARTESIAN_POINT ( 'NONE',  ( -0.3693743954326367263, 0.2836697905620636506, -0.7395833333334255189 ) ) ;
#928 = CARTESIAN_POINT ( 'NONE',  ( -0.01532789789390455112, 0.4741153765900383843, -0.4639136904762407032 ) ) ;
#929 = ORIENTED_EDGE ( 'NONE', *, *, #1729, .F. ) ;
#930 = ADVANCED_FACE ( 'NONE', ( #2673 ), #4298, .T. ) ;
#931 = CIRCLE ( 'NONE', #7119, 0.3125000000000000000 ) ;
#932 = CARTESIAN_POINT ( 'NONE',  ( 0.3446009242254054472, 0.3939633082310879941, -0.2938757929468242547 ) ) ;
#933 = CARTESIAN_POINT ( 'NONE',  ( -0.3018492480518711885, -0.4215778705876592758, -0.7526041666669106567 ) ) ;
#934 = EDGE_CURVE ( 'NONE', #6175, #4032, #7830, .T. ) ;
#935 = CARTESIAN_POINT ( 'NONE',  ( -0.5312500000000000000, -0.3067173305069887945, -0.2499999999999998057 ) ) ;
#936 = CARTESIAN_POINT ( 'NONE',  ( -0.1679007065290592793, 0.4941079086939124121, -0.3433946827915853039 ) ) ;
#937 = VERTEX_POINT ( 'NONE', #431 ) ;
#938 = CARTESIAN_POINT ( 'NONE',  ( -0.2241493310784463955, 0.4029679443363302083, -0.8781622023808892674 ) ) ;
#939 = CARTESIAN_POINT ( 'NONE',  ( 0.1484301739901130457, 0.5033652486022384132, -0.4965587797618901678 ) ) ;
#940 = CARTESIAN_POINT ( 'NONE',  ( -0.4234791257860630598, -0.3094658823038434758, -0.2506561658932165981 ) ) ;
#941 = CARTESIAN_POINT ( 'NONE',  ( -3.506341393428205978E-18, -4.928547240401258206E-20, 0.005000000000000000104 ) ) ;
#942 = CARTESIAN_POINT ( 'NONE',  ( 0.1165759650465068298, 0.4504765398909007512, -0.7528831845238515008 ) ) ;
#943 = CARTESIAN_POINT ( 'NONE',  ( -0.3714105860482987964, 0.2659301153729968226, -1.015997023809523725 ) ) ;
#944 = CARTESIAN_POINT ( 'NONE',  ( -0.3320016079270827203, -0.3787304951114183194, -0.9010404223573672544 ) ) ;
#945 = CARTESIAN_POINT ( 'NONE',  ( -0.03329303728839752563, -0.5106065931827444837, -0.6692803618203833071 ) ) ;
#946 = CARTESIAN_POINT ( 'NONE',  ( 0.4307052034524860296, -0.1744934964603337968, -0.7722284226190230250 ) ) ;
#947 = CARTESIAN_POINT ( 'NONE',  ( 0.3817318570792529453, -0.2877486189469768418, -0.3466331845238350695 ) ) ;
#948 = CARTESIAN_POINT ( 'NONE',  ( 0.2978491704529051542, -0.4153491349392476883, -0.6614665296580706233 ) ) ;
#949 = CARTESIAN_POINT ( 'NONE',  ( 0.4312052671906116408, 0.2577869874339747680, -0.9403011542679332591 ) ) ;
#950 = CARTESIAN_POINT ( 'NONE',  ( 0.3926025338585099611, 0.3273419386338959902, -0.9318266369049290621 ) ) ;
#951 = CARTESIAN_POINT ( 'NONE',  ( 0.1336296591045889881, 0.5010713914054381046, -0.4215019645421473893 ) ) ;
#952 = CYLINDRICAL_SURFACE ( 'NONE', #206, 0.3749999999999999445 ) ;
#953 = CARTESIAN_POINT ( 'NONE',  ( -0.3972730311522797431, 0.2209906052441799884, -1.095052083333252213 ) ) ;
#954 = CARTESIAN_POINT ( 'NONE',  ( 0.5022706321679697439, -0.06637931018112716575, -0.8050568729493476905 ) ) ;
#955 = CARTESIAN_POINT ( 'NONE',  ( -0.4447441769665501088, 0.2560836720687398871, -0.6209034068966735598 ) ) ;
#956 = CARTESIAN_POINT ( 'NONE',  ( -0.4813801325220114502, -0.01556282462267042678, -0.2228422619047769060 ) ) ;
#957 = CARTESIAN_POINT ( 'NONE',  ( 0.05789172508562203529, -0.4524237810613379596, -0.9911063804657106457 ) ) ;
#958 = CARTESIAN_POINT ( 'NONE',  ( -0.1643909829233869135, -0.4483971015601971311, -0.3522135416666262731 ) ) ;
#959 = CARTESIAN_POINT ( 'NONE',  ( 0.1802575699624044403, -0.4449543186907677361, -0.2813430059523100435 ) ) ;
#960 = ORIENTED_EDGE ( 'NONE', *, *, #6730, .T. ) ;
#961 = CARTESIAN_POINT ( 'NONE',  ( -0.07351844212450897587, 0.5236984445889616424, -0.4225260416666492547 ) ) ;
#962 = CARTESIAN_POINT ( 'NONE',  ( -0.2100387062205671673, 0.4254980225434368268, -0.4501488095238659892 ) ) ;
#963 = CARTESIAN_POINT ( 'NONE',  ( 0.4228311039483878542, 0.2040217657892808567, -0.6109561011904149908 ) ) ;
#964 = DATE_TIME_ROLE ( 'creation_date' ) ;
#965 = CARTESIAN_POINT ( 'NONE',  ( 0.4595079833254043233, -0.08342528696798920396, -0.6984747023809820821 ) ) ;
#966 = CARTESIAN_POINT ( 'NONE',  ( 0.08932829611521797553, 0.4680733458473348985, -0.3949962797619199217 ) ) ;
#967 = EDGE_LOOP ( 'NONE', ( #4927, #3492, #5794, #5049 ) ) ;
#968 = CARTESIAN_POINT ( 'NONE',  ( -0.5188250322346728005, 0.06846053441517276072, -0.2693471713189684591 ) ) ;
#969 = CARTESIAN_POINT ( 'NONE',  ( 0.1176021823979865599, -0.5052958247467873587, -0.7429315476192086543 ) ) ;
#970 = DIRECTION ( 'NONE',  ( 1.000000000000000000, 0.000000000000000000, 0.000000000000000000 ) ) ;
#971 = CARTESIAN_POINT ( 'NONE',  ( 0.2656249999999998335, 0.4600759957604829697, -0.2499999999999998057 ) ) ;
#972 = EDGE_LOOP ( 'NONE', ( #3742, #3075 ) ) ;
#973 = ADVANCED_FACE ( 'NONE', ( #3419 ), #5877, .T. ) ;
#974 = CARTESIAN_POINT ( 'NONE',  ( -0.4511274038549250021, -0.09761819806151597612, -0.8636532738095678008 ) ) ;
#975 = CARTESIAN_POINT ( 'NONE',  ( 0.03439369877979252949, 0.5215026051553626196, -0.5654761904761340663 ) ) ;
#976 = CARTESIAN_POINT ( 'NONE',  ( 0.08943940767078413512, -0.4888753162874900360, -0.9493391538891929882 ) ) ;
#977 = CARTESIAN_POINT ( 'NONE',  ( -0.3556057866047178107, -0.4081255643923549781, -0.2445383015977778407 ) ) ;
#978 = CARTESIAN_POINT ( 'NONE',  ( 0.007777584106655147100, -0.4642288076814645725, -0.7855282738095463735 ) ) ;
#979 = CARTESIAN_POINT ( 'NONE',  ( 0.3562054075536996711, -0.2877251866605644026, -0.9809337797618316035 ) ) ;
#980 = CARTESIAN_POINT ( 'NONE',  ( 0.5022861250926523580, 0.01653343961866998030, -0.9360264800060599244 ) ) ;
#981 = LINE ( 'NONE', #2346, #3917 ) ;
#982 = CARTESIAN_POINT ( 'NONE',  ( 0.3330384970165629066, 0.3278888235251217753, -0.6875930059524351101 ) ) ;
#983 = CARTESIAN_POINT ( 'NONE',  ( 0.08533776995712619162, -0.4700870620955706625, -0.3550967261904816041 ) ) ;
#984 = CARTESIAN_POINT ( 'NONE',  ( 0.2591295203790715540, 0.4496916449659077997, -0.4345029572679147689 ) ) ;
#985 = CARTESIAN_POINT ( 'NONE',  ( 0.4529828446157429522, 0.2171821358382294564, -0.9413451892208917204 ) ) ;
#986 = VECTOR ( 'NONE', #6850, 39.37007874015748854 ) ;
#987 = CARTESIAN_POINT ( 'NONE',  ( -0.4410578578164306429, 0.2597201719250247232, -0.9100632440475550089 ) ) ;
#988 = CARTESIAN_POINT ( 'NONE',  ( -0.3910119423405946648, 0.3424922011239862063, -0.4088685864648243795 ) ) ;
#989 = CARTESIAN_POINT ( 'NONE',  ( 0.5067219853621529602, -0.1179142965725398368, -0.3675661183500765761 ) ) ;
#990 = CARTESIAN_POINT ( 'NONE',  ( 0.3809637693193255181, 0.2932099728616251455, -0.2499999999999997502 ) ) ;
#991 = CARTESIAN_POINT ( 'NONE',  ( -0.3380062317566037700, -0.3864044330410921213, -0.6153050669902265790 ) ) ;
#992 = CARTESIAN_POINT ( 'NONE',  ( 0.2265099586560814227, 0.4599259859198174816, -0.6380381965752882634 ) ) ;
#993 = CARTESIAN_POINT ( 'NONE',  ( 0.4279239067862153911, -0.1568853104009253763, -1.057570684523830851 ) ) ;
#994 = AXIS2_PLACEMENT_3D ( 'NONE', #2030, #3355, #3977 ) ;
#995 = CARTESIAN_POINT ( 'NONE',  ( -0.5097695793483530968, -0.03346248253395994049, -0.6956721563286836219 ) ) ;
#996 = CARTESIAN_POINT ( 'NONE',  ( -0.4207181348426987655, -0.2206814702567374553, -0.4320126488095635819 ) ) ;
#997 = AXIS2_PLACEMENT_3D ( 'NONE', #3633, #3758, #6262 ) ;
#998 = CARTESIAN_POINT ( 'NONE',  ( -0.4783210788736660946, 0.03154615765036359459, -0.3043154761905551009 ) ) ;
#999 = CARTESIAN_POINT ( 'NONE',  ( 0.1318257751609056561, 0.4943192693806618965, -0.6458130259998017264 ) ) ;
#1000 = AXIS2_PLACEMENT_3D ( 'NONE', #5020, #7449, #6296 ) ;
#1001 = VERTEX_POINT ( 'NONE', #2170 ) ;
#1002 = CARTESIAN_POINT ( 'NONE',  ( 0.3884532284752607034, -0.3641221764221950208, -0.3076636904761941849 ) ) ;
#1003 = CARTESIAN_POINT ( 'NONE',  ( -0.01532789790216695751, 0.4741153765952454968, -0.4549851190476347784 ) ) ;
#1004 = AXIS2_PLACEMENT_3D ( 'NONE', #2172, #6043, #3580 ) ;
#1005 = CARTESIAN_POINT ( 'NONE',  ( 0.04957590674235248102, -0.4661693740008349129, -0.6327194940476298379 ) ) ;
#1006 = CARTESIAN_POINT ( 'NONE',  ( 0.4479132758005624493, -0.1320791926305230068, -0.6996837797619315236 ) ) ;
#1007 = CARTESIAN_POINT ( 'NONE',  ( 0.3825551555563171946, -0.2791384679955984383, -0.4893043154761906322 ) ) ;
#1008 = ORIENTED_EDGE ( 'NONE', *, *, #69, .T. ) ;
#1009 = CARTESIAN_POINT ( 'NONE',  ( 0.4644654905810041146, 0.01919143521086918297, -0.7584635416666337671 ) ) ;
#1010 = B_SPLINE_CURVE_WITH_KNOTS ( 'NONE', 3,
 ( #5112, #5233, #1433, #3961, #7746, #5727, #6383, #7125, #2597, #2057, #7628, #7043, #1977, #3302, #2676, #5806, #3340, #192, #2014, #7005, #5189, #780, #1351, #3881, #2100, #740, #2635, #1391, #3263, #4622, #1473, #6425, #5768, #116, #4658, #7705, #74, #1515, #3999, #859, #154, #2757, #4539, #5270, #7784, #898, #2138, #7163, #4039, #6547 ),
 .UNSPECIFIED., .F., .F.,
 ( 4, 2, 2, 2, 2, 2, 2, 2, 2, 2, 2, 2, 2, 2, 2, 2, 2, 2, 2, 2, 2, 2, 2, 2, 4 ),
 ( 0.7677304658210883925, 0.7703413956237583626, 0.7716468605250933477, 0.7729523254264283327, 0.7742577903277633178, 0.7755632552290983028, 0.7781741850317682729, 0.7794796499331032580, 0.7807851148344383541, 0.7833960446371083242, 0.7847015095384433092, 0.7860069744397782943, 0.7886179042424482644, 0.7912288340451182345, 0.7925342989464532195, 0.7938397638477882046, 0.7964506936504581747, 0.7977561585517931597, 0.7990616234531281448, 0.8016725532557981149, 0.8029780181571330999, 0.8042834830584680850, 0.8055889479598030700, 0.8068944128611380551, 0.8095053426638080252 ),
 .UNSPECIFIED. ) ;
#1011 = CARTESIAN_POINT ( 'NONE',  ( -0.3456376216153064784, 0.3937109015004366386, -0.2775274716691568111 ) ) ;
#1012 = CARTESIAN_POINT ( 'NONE',  ( 0.4992793995293964837, -0.1423659121277664197, -0.7308407738094657713 ) ) ;
#1013 = CARTESIAN_POINT ( 'NONE',  ( -0.4878096504849037673, -0.1837505737607554313, -0.3351914278426430527 ) ) ;
#1014 = VECTOR ( 'NONE', #2250, 39.37007874015748854 ) ;
#1015 = DIRECTION ( 'NONE',  ( 0.8571673007021139989, 1.049727191138620545E-16, -0.5150380749100514910 ) ) ;
#1016 = VERTEX_POINT ( 'NONE', #4692 ) ;
#1017 = CARTESIAN_POINT ( 'NONE',  ( 0.2876446768950755573, 0.3627199255269711320, -0.8201264880951294467 ) ) ;
#1018 = CARTESIAN_POINT ( 'NONE',  ( -0.5227569733532764218, 0.02160847374706051718, -0.5473400297619055443 ) ) ;
#1019 = CARTESIAN_POINT ( 'NONE',  ( -0.3122808387228352967, -0.3790150290056512050, -0.9557211139924072230 ) ) ;
#1020 = CARTESIAN_POINT ( 'NONE',  ( 0.2391196883218245361, 0.4152727343025291451, -0.2499999999999998335 ) ) ;
#1021 = CARTESIAN_POINT ( 'NONE',  ( -0.4390667170856976109, 0.1488522563483041239, -0.8072916666668554786 ) ) ;
#1022 = CARTESIAN_POINT ( 'NONE',  ( 0.3849665299868876289, -0.2480005894665365251, -0.9797247023808821620 ) ) ;
#1023 = DIRECTION ( 'NONE',  ( 0.000000000000000000, 0.000000000000000000, 1.000000000000000000 ) ) ;
#1024 = CARTESIAN_POINT ( 'NONE',  ( -0.3523305359516221147, -0.3087321066578423978, -0.6525297619047673026 ) ) ;
#1025 = CARTESIAN_POINT ( 'NONE',  ( -0.4609312662892142698, -0.1236988388255101795, -0.3720238095239087883 ) ) ;
#1026 = CARTESIAN_POINT ( 'NONE',  ( 0.2269546927248499157, -0.4588230166400416588, -0.6633249479266098980 ) ) ;
#1027 = CARTESIAN_POINT ( 'NONE',  ( 0.000000000000000000, 0.000000000000000000, 1.189999999999999947 ) ) ;
#1028 = B_SPLINE_CURVE_WITH_KNOTS ( 'NONE', 3,
 ( #244, #399, #6667, #977, #7205, #2917, #6013, #318 ),
 .UNSPECIFIED., .F., .F.,
 ( 4, 2, 2, 4 ),
 ( 0.007883069676311159346, 0.009846408514183543903, 0.01180974735205592846, 0.01573642502780069410 ),
 .UNSPECIFIED. ) ;
#1029 = CARTESIAN_POINT ( 'NONE',  ( 0.2709598354348917160, -0.4353596018954445923, -0.8798363095239133402 ) ) ;
#1030 = EDGE_CURVE ( 'NONE', #2380, #8017, #3119, .T. ) ;
#1031 = CARTESIAN_POINT ( 'NONE',  ( 0.01652505685881164657, 0.5184046852736787780, -0.4189036983960605087 ) ) ;
#1032 = DIRECTION ( 'NONE',  ( -0.000000000000000000, -0.000000000000000000, 1.000000000000000000 ) ) ;
#1033 = CARTESIAN_POINT ( 'NONE',  ( 0.4937500599713525173, -0.01260578364989873267, -0.2499999999999997502 ) ) ;
#1034 = CARTESIAN_POINT ( 'NONE',  ( 0.06727593053333716377, -0.5092636701686836798, -0.6056405199388642524 ) ) ;
#1035 = CARTESIAN_POINT ( 'NONE',  ( 0.000000000000000000, 0.000000000000000000, -0.2499999999999998057 ) ) ;
#1036 = CARTESIAN_POINT ( 'NONE',  ( 0.4434397747873270457, -0.1147550294862402370, -0.9850260416666691832 ) ) ;
#1037 = CARTESIAN_POINT ( 'NONE',  ( 0.4228325007504467603, -0.3023531669731398530, -0.3820572724228433747 ) ) ;
#1038 = CARTESIAN_POINT ( 'NONE',  ( 0.3500183265479855366, -0.3222408488665015613, -0.4102492559522719628 ) ) ;
#1039 = B_SPLINE_CURVE_WITH_KNOTS ( 'NONE', 3,
 ( #1908, #134, #761, #2614, #3858, #2492, #2031, #4387, #5704, #1246, #1953, #7062, #3235, #2654, #1412, #3154, #47, #5168, #2571, #7557, #94, #6, #5661, #1993, #797, #4430, #5130, #4556, #5087, #3941, #1368, #5621, #7604, #8135, #2531, #5043, #6944, #6322, #4476, #1327, #2295, #878, #7800, #4857, #5287, #6564, #3320, #2692, #1716, #1061, #3401, #2342 ),
 .UNSPECIFIED., .F., .F.,
 ( 4, 2, 2, 2, 2, 2, 2, 2, 2, 2, 2, 2, 2, 2, 2, 2, 2, 2, 2, 2, 2, 2, 2, 2, 2, 4 ),
 ( 0.3142110209438949697, 0.3154851912859543139, 0.3167593616280136026, 0.3180335319700729468, 0.3193077023121322910, 0.3218560429962509239, 0.3231302133383102126, 0.3244043836803695569, 0.3269527243644881898, 0.3282268947065475340, 0.3295010650486068227, 0.3320494057327255111, 0.3345977464168441440, 0.3358719167589034882, 0.3371460871009627769, 0.3396944277850814098, 0.3409685981271407540, 0.3422427684692000982, 0.3447911091533187311, 0.3460652794953780753, 0.3473394498374374195, 0.3486136201794967082, 0.3498877905215560524, 0.3524361312056747408, 0.3537103015477340295, 0.3549844718897933737 ),
 .UNSPECIFIED. ) ;
#1040 = CARTESIAN_POINT ( 'NONE',  ( 0.4588160579772047609, 0.1430849851476755641, -0.2644159226190334055 ) ) ;
#1042 = CARTESIAN_POINT ( 'NONE',  ( 0.1351095951840918519, 0.5061447337200996044, -0.2786586358738426528 ) ) ;
#1041 = CARTESIAN_POINT ( 'NONE',  ( 0.5130819513288120692, -2.491210602034852502E-15, -0.5892850655644816804 ) ) ;
#1043 = CARTESIAN_POINT ( 'NONE',  ( 0.5175299870238869726, -4.225827365199407135E-16, -0.4464226153306207756 ) ) ;
#1044 = CARTESIAN_POINT ( 'NONE',  ( -0.0004263664731249301471, 0.5099984606453813463, -0.7142658249692418471 ) ) ;
#1045 = CARTESIAN_POINT ( 'NONE',  ( 0.4305072599611561857, 0.3141171361169088905, -0.2919456845237362597 ) ) ;
#1046 = CARTESIAN_POINT ( 'NONE',  ( -0.4609312662953934936, -0.1236988388158229007, -0.3630952380951360525 ) ) ;
#1047 = CARTESIAN_POINT ( 'NONE',  ( -0.1072620293482661052, -0.4608341888788530238, -0.4936755952380916246 ) ) ;
#1048 = CARTESIAN_POINT ( 'NONE',  ( 0.3832303970593456954, -0.2743929485363589826, -0.5606398809523800431 ) ) ;
#1049 = CARTESIAN_POINT ( 'NONE',  ( 0.3785315267326733735, 0.2853262875639183682, -0.4747953869047807363 ) ) ;
#1050 = ORIENTED_EDGE ( 'NONE', *, *, #178, .F. ) ;
#1051 = CARTESIAN_POINT ( 'NONE',  ( 0.2922924393473554927, 0.3618597927748383736, -0.7487909226191821199 ) ) ;
#1052 = CARTESIAN_POINT ( 'NONE',  ( 0.1756442133952819951, 0.5120264271286109059, -0.005461698402221933785 ) ) ;
#1053 = CARTESIAN_POINT ( 'NONE',  ( 0.5177870518473489669, 0.06857304386293262832, -0.3020744024160664232 ) ) ;
#1054 = CARTESIAN_POINT ( 'NONE',  ( -0.5183050518657872363, -0.04697457818064858237, -0.6909412202381181034 ) ) ;
#1055 = CARTESIAN_POINT ( 'NONE',  ( -0.5076585471106100922, -0.1181529358812066499, -0.3366773219867815192 ) ) ;
#1056 = CARTESIAN_POINT ( 'NONE',  ( 0.5068465300326248091, 0.1180983628473671054, -0.3623730982716543148 ) ) ;
#1057 = ORIENTED_EDGE ( 'NONE', *, *, #5968, .F. ) ;
#1058 = CARTESIAN_POINT ( 'NONE',  ( 0.3541447327323402061, -0.3007173399928819713, -0.7669270833332443305 ) ) ;
#1059 = CARTESIAN_POINT ( 'NONE',  ( 0.3875982439332166241, 0.3568270173950798818, -0.4312686011903663075 ) ) ;
#1060 = DIRECTION ( 'NONE',  ( 1.000000000000000000, 2.226682128744284443E-16, 0.000000000000000000 ) ) ;
#1061 = CARTESIAN_POINT ( 'NONE',  ( -0.5092091402876187667, 0.03350737832787026305, -0.6871446897319529734 ) ) ;
#1062 = CARTESIAN_POINT ( 'NONE',  ( -0.1035776036486947965, 0.5003560375611425526, -0.9932105654762798386 ) ) ;
#1063 = CARTESIAN_POINT ( 'NONE',  ( -0.3478786624219976642, -0.3103963177521644745, -0.7238653273808716149 ) ) ;
#1064 = CARTESIAN_POINT ( 'NONE',  ( 0.2387740628477304228, 0.3914216036806533738, -0.9615885416665654883 ) ) ;
#1065 = DIRECTION ( 'NONE',  ( -1.000000000000000000, 0.000000000000000000, 0.000000000000000000 ) ) ;
#1066 = CARTESIAN_POINT ( 'NONE',  ( 0.2379474349434179681, -0.4040983416152418850, -0.6368117559524332227 ) ) ;
#1067 = CARTESIAN_POINT ( 'NONE',  ( -0.3989600787800170467, -0.2621036150837818823, -0.3683965773809652622 ) ) ;
#1068 = CARTESIAN_POINT ( 'NONE',  ( 0.04335858074206598578, -0.4535932050366485724, -0.9899885512850374880 ) ) ;
#1069 = CARTESIAN_POINT ( 'NONE',  ( 0.1918829656354436863, 0.4139993087490395629, -1.031715029761848701 ) ) ;
#1070 = CARTESIAN_POINT ( 'NONE',  ( 0.05929951122751851711, -0.5136979058920566610, -0.7420014880953572645 ) ) ;
#1071 = PLANE ( 'NONE',  #6917 ) ;
#1072 = CARTESIAN_POINT ( 'NONE',  ( -0.2741212063452019843, -0.4413963414253643247, -0.3891416394308570004 ) ) ;
#1073 = DIRECTION ( 'NONE',  ( 0.000000000000000000, 0.000000000000000000, 1.000000000000000000 ) ) ;
#1074 = CARTESIAN_POINT ( 'NONE',  ( 0.3745536166923271737, -0.3506713097553624259, -0.5978313896144221706 ) ) ;
#1075 = LINE ( 'NONE', #6150, #79 ) ;
#1076 = CARTESIAN_POINT ( 'NONE',  ( -0.02588430705996034101, -0.4545854985621593514, -1.072079613095273665 ) ) ;
#1077 = APPROVAL ( #4139, 'UNSPECIFIED' ) ;
#1078 = CARTESIAN_POINT ( 'NONE',  ( -3.506341393428205978E-18, -4.928547240401258206E-20, 0.000000000000000000 ) ) ;
#1079 = CARTESIAN_POINT ( 'NONE',  ( -0.3967402182651601494, 0.2606547406682576673, -0.4441034226190335721 ) ) ;
#1080 = EDGE_CURVE ( 'NONE', #1937, #3417, #2128, .T. ) ;
#1081 = CARTESIAN_POINT ( 'NONE',  ( -0.008021225954534975250, 0.4787638727262398253, -0.3212425595238417864 ) ) ;
#1083 = CARTESIAN_POINT ( 'NONE',  ( -0.4257983285023692610, 0.3044800176490466415, -0.2648879393850661623 ) ) ;
#1082 = CARTESIAN_POINT ( 'NONE',  ( 0.3125000000000000000, 0.000000000000000000, 1.189999999999999947 ) ) ;
#1084 = DIRECTION ( 'NONE',  ( 1.000000000000000000, 0.000000000000000000, 0.000000000000000000 ) ) ;
#1085 = CARTESIAN_POINT ( 'NONE',  ( 0.5086343084523535785, 5.309239862874243111E-13, -0.7321348992112003407 ) ) ;
#1086 = CARTESIAN_POINT ( 'NONE',  ( -0.4067176660832463875, 0.3453581792320343791, -0.2713913690476331131 ) ) ;
#1087 = CARTESIAN_POINT ( 'NONE',  ( 0.08913612840641023383, -0.4671088344875575227, -0.4175037202380694756 ) ) ;
#1088 = CARTESIAN_POINT ( 'NONE',  ( -0.3649475543953632495, -0.3042835598227673355, -0.4295944940476034701 ) ) ;
#1089 = CARTESIAN_POINT ( 'NONE',  ( 0.1933493714905009098, -0.4271933673474166970, -0.6380208333332338944 ) ) ;
#1090 = CARTESIAN_POINT ( 'NONE',  ( 0.1316262716682259637, -0.4616432620337396764, -0.2825520833332721415 ) ) ;
#1091 = ORIENTED_EDGE ( 'NONE', *, *, #5264, .T. ) ;
#1092 = CARTESIAN_POINT ( 'NONE',  ( -0.3693743954347408209, 0.2836697905472804204, -0.7306547619048057163 ) ) ;
#1093 = CARTESIAN_POINT ( 'NONE',  ( 0.4380330998944182985, 0.2729013184929652280, -0.5014908543273326469 ) ) ;
#1094 = CARTESIAN_POINT ( 'NONE',  ( 0.1305167088626146832, 0.4889182606375176987, -0.8500748079404994995 ) ) ;
#1095 = CARTESIAN_POINT ( 'NONE',  ( -0.1952373078811427132, 0.4819299655271077065, -0.7054501488095220596 ) ) ;
#1096 = CARTESIAN_POINT ( 'NONE',  ( -0.02657778993814296012, 0.4669065516266645011, -0.6689918154762805047 ) ) ;
#1097 = DIRECTION ( 'NONE',  ( 1.000000000000000000, 0.000000000000000000, 0.000000000000000000 ) ) ;
#1098 = CARTESIAN_POINT ( 'NONE',  ( 0.000000000000000000, 0.000000000000000000, -0.2499999999999998057 ) ) ;
#1099 = EDGE_LOOP ( 'NONE', ( #3045, #155, #7620, #7524 ) ) ;
#1100 = CARTESIAN_POINT ( 'NONE',  ( -0.4037677539357610312, -0.3366513606261606339, -0.4675409226190479495 ) ) ;
#1101 = CARTESIAN_POINT ( 'NONE',  ( 0.2092277968162789270, -0.4613622310498398105, -0.8065558577628038073 ) ) ;
#1102 = CARTESIAN_POINT ( 'NONE',  ( -0.5141940259235018296, 3.337976767258521441E-15, -0.5535673437808855679 ) ) ;
#1103 = CARTESIAN_POINT ( 'NONE',  ( 0.2147719174085549465, 0.4633847604256728925, -1.000465029761842928 ) ) ;
#1104 = CARTESIAN_POINT ( 'NONE',  ( -0.4370771897664423311, 0.1406316020885895468, -0.9410342261905445538 ) ) ;
#1105 = FACE_OUTER_BOUND ( 'NONE', #4897, .T. ) ;
#1106 = CARTESIAN_POINT ( 'NONE',  ( -0.1428578307900459365, -0.4439964220262317407, -0.7178199404761667068 ) ) ;
#1107 = CARTESIAN_POINT ( 'NONE',  ( -0.2071805173389155708, 0.4293774126785998013, -0.3877418154761490543 ) ) ;
#1108 = CARTESIAN_POINT ( 'NONE',  ( 0.3791125565942805586, 0.2576004284599298089, -0.9664248511905110250 ) ) ;
#1109 = CARTESIAN_POINT ( 'NONE',  ( 0.3246695909092066623, -0.3196603570466646782, -1.053478422618990384 ) ) ;
#1110 = CARTESIAN_POINT ( 'NONE',  ( 0.4334436604475022103, 0.2792201373928951957, -0.7903645833333748927 ) ) ;
#1111 = CARTESIAN_POINT ( 'NONE',  ( 0.5002943035887735812, 0.000000000000000000, -0.9999999999999998890 ) ) ;
#1112 = CARTESIAN_POINT ( 'NONE',  ( -0.5078342309980700131, -6.701564609457645246E-16, -0.7578318659919320854 ) ) ;
#1113 = CARTESIAN_POINT ( 'NONE',  ( 0.2746230834403079468, 0.3643190129072590988, -1.043061755952347625 ) ) ;
#1114 = CARTESIAN_POINT ( 'NONE',  ( 0.3859217690667935408, -0.3381441967219729339, -0.5974587751701584404 ) ) ;
#1115 = DIRECTION ( 'NONE',  ( 0.000000000000000000, 0.000000000000000000, 1.000000000000000000 ) ) ;
#1116 = CARTESIAN_POINT ( 'NONE',  ( -0.4551206612208142932, 0.04125561267216618783, -1.018880208333350579 ) ) ;
#1117 = CARTESIAN_POINT ( 'NONE',  ( 0.3174718700049827258, -0.4125445066433913177, -0.3854022248585376453 ) ) ;
#1118 = CIRCLE ( 'NONE', #4027, 0.3975000000000000755 ) ;
#1119 = CARTESIAN_POINT ( 'NONE',  ( 0.4144485232795969698, 0.2390573106357192501, -0.3244047619047611963 ) ) ;
#1120 = CARTESIAN_POINT ( 'NONE',  ( -0.4291886597924032265, -0.2671190877246706341, -1.111979166666726249 ) ) ;
#1122 = CARTESIAN_POINT ( 'NONE',  ( -0.5100028942614520666, 0.1185424915233949938, -0.2604299064589534751 ) ) ;
#1121 = CARTESIAN_POINT ( 'NONE',  ( -0.2244960695168301268, -0.4559124649902243087, -0.7551991773767142702 ) ) ;
#1123 = CARTESIAN_POINT ( 'NONE',  ( -0.4482759628807712615, -0.2589781711850638324, -0.4761867876400850408 ) ) ;
#1124 = CARTESIAN_POINT ( 'NONE',  ( 0.2096306101901394825, 0.4641684396022726089, -0.7191066607174076974 ) ) ;
#1125 = CARTESIAN_POINT ( 'NONE',  ( -0.4154591954740414761, -0.3355763915327084623, -0.2556733630952713332 ) ) ;
#1126 = AXIS2_PLACEMENT_3D ( 'NONE', #3607, #7741, #2362 ) ;
#1127 = CARTESIAN_POINT ( 'NONE',  ( 0.3186182514910902985, 0.3570813290339857060, -0.3207775297619783195 ) ) ;
#1128 = CARTESIAN_POINT ( 'NONE',  ( -0.4685954259448010806, -0.07755313334241681344, -0.4356398809523682192 ) ) ;
#1129 = B_SPLINE_CURVE_WITH_KNOTS ( 'NONE', 3,
 ( #756, #90, #6477, #167, #4552, #7719 ),
 .UNSPECIFIED., .F., .F.,
 ( 4, 2, 4 ),
 ( 0.04720831883127545731, 0.05115153178011851154, 0.05509474472896156577 ),
 .UNSPECIFIED. ) ;
#1130 = CARTESIAN_POINT ( 'NONE',  ( -0.2833734404392855843, -0.3759275756909554733, -0.5787760416666578589 ) ) ;
#1131 = CARTESIAN_POINT ( 'NONE',  ( 0.2721389975873449996, -0.3928743757143545734, -0.3502604166667042662 ) ) ;
#1132 = ORIENTED_EDGE ( 'NONE', *, *, #7080, .F. ) ;
#1133 = CARTESIAN_POINT ( 'NONE',  ( 0.09915550348426858951, -0.4582315267068455822, -0.6315104166667195873 ) ) ;
#1134 = CARTESIAN_POINT ( 'NONE',  ( -0.4629354070867587323, -0.08403942487695785502, -0.5872395833333481363 ) ) ;
#1135 = CARTESIAN_POINT ( 'NONE',  ( 0.08376208443261595749, 0.5095552168094186207, -0.4918254156040269831 ) ) ;
#1136 = CARTESIAN_POINT ( 'NONE',  ( -0.4886527982323648489, 0.1305475078725001070, -0.8322225544490898796 ) ) ;
#1137 = CARTESIAN_POINT ( 'NONE',  ( -0.1055962376116371532, -0.5100678629836911115, -0.6764322916667554475 ) ) ;
#1138 = CARTESIAN_POINT ( 'NONE',  ( 0.2922924393473554927, 0.3618597927748383736, -0.7487909226191821199 ) ) ;
#1139 = CARTESIAN_POINT ( 'NONE',  ( -0.1756442133952820228, -0.5120264271286110169, -0.005461698402221977153 ) ) ;
#1140 = CARTESIAN_POINT ( 'NONE',  ( -0.2198234510622752436, -0.4036636182341089008, -0.9342447916665702623 ) ) ;
#1141 = CARTESIAN_POINT ( 'NONE',  ( 0.4670842125530157429, 0.2309020591115800436, -0.3697701619036967702 ) ) ;
#1142 = VERTEX_POINT ( 'NONE', #6871 ) ;
#1143 = CARTESIAN_POINT ( 'NONE',  ( 0.09861063300981169621, -0.5167567567378932303, -0.4554501488094870876 ) ) ;
#1144 = CARTESIAN_POINT ( 'NONE',  ( -0.4887352924629750350, -0.1309524586708168403, -0.8262858278631670661 ) ) ;
#1145 = CARTESIAN_POINT ( 'NONE',  ( 0.2078377725620504379, 0.4600994161144359440, -0.8619619601292652922 ) ) ;
#1146 = CARTESIAN_POINT ( 'NONE',  ( 0.4196944615682946522, 0.2907172547115333683, -1.006510416666606789 ) ) ;
#1147 = CARTESIAN_POINT ( 'NONE',  ( 0.3537823343037917456, 0.2949741378345275278, -0.8938802083333471371 ) ) ;
#1148 = CARTESIAN_POINT ( 'NONE',  ( -0.4984821519323735517, 0.09119625576865590666, -0.2499999999999998057 ) ) ;
#1149 = CARTESIAN_POINT ( 'NONE',  ( -0.4093199098253073598, -0.2276826586615551817, -0.6549479166666611896 ) ) ;
#1150 = CARTESIAN_POINT ( 'NONE',  ( 0.2834227716908260808, 0.3884268342942707175, -0.2571614583334110304 ) ) ;
#1151 = DIRECTION ( 'NONE',  ( 0.09411816491319552336, 1.152615094025676142E-17, -0.9955610333040223470 ) ) ;
#1152 = CARTESIAN_POINT ( 'NONE',  ( -0.1671313522061400048, -0.4234166671470710464, -1.066778273809596334 ) ) ;
#1153 = CARTESIAN_POINT ( 'NONE',  ( 0.1292383363635814242, 0.4994086027325485011, -0.7819010416667089292 ) ) ;
#1154 = CARTESIAN_POINT ( 'NONE',  ( 0.000000000000000000, 0.000000000000000000, 0.000000000000000000 ) ) ;
#1155 = CARTESIAN_POINT ( 'NONE',  ( 0.4154640344796055595, 0.2096945644191577640, -0.9818080120444133696 ) ) ;
#1156 = CARTESIAN_POINT ( 'NONE',  ( 0.4285874858202491922, -0.1615080885929984778, -0.9862351190476168483 ) ) ;
#1157 = CARTESIAN_POINT ( 'NONE',  ( 0.000000000000000000, 0.000000000000000000, -0.2499999999999998057 ) ) ;
#1158 = DIRECTION ( 'NONE',  ( -0.03112001302225914090, 3.811102433713360910E-18, 0.9995156550997559286 ) ) ;
#1159 = CARTESIAN_POINT ( 'NONE',  ( 0.05234728419630894219, 0.4534070148419146462, -1.037016369047560671 ) ) ;
#1160 = CARTESIAN_POINT ( 'NONE',  ( 0.5219778583229888191, -2.573913031530547825E-15, -0.3035654451828613265 ) ) ;
#1161 = CARTESIAN_POINT ( 'NONE',  ( 0.3186182514910902985, 0.3570813290339857060, -0.3207775297619783195 ) ) ;
#1162 = CARTESIAN_POINT ( 'NONE',  ( -0.3238090767915208223, -0.3883529754133840939, -1.108351934523730042 ) ) ;
#1164 = CARTESIAN_POINT ( 'NONE',  ( -0.1360497215106057645, 0.5052220194653852525, -0.2726934172998683459 ) ) ;
#1163 = CARTESIAN_POINT ( 'NONE',  ( -0.3824717861189254609, -0.3356574790926014074, -0.7596722290074164885 ) ) ;
#1165 = CARTESIAN_POINT ( 'NONE',  ( 0.1307593438199552982, 0.4900030298707261922, -0.7886789777738886231 ) ) ;
#1166 = CARTESIAN_POINT ( 'NONE',  ( 0.4827777821687966875, 0.1639561549623941017, -0.7284129891535046086 ) ) ;
#1167 = CARTESIAN_POINT ( 'NONE',  ( -0.4705927840008171659, 0.2468520037401328859, -0.3403087797620069632 ) ) ;
#1168 = CARTESIAN_POINT ( 'NONE',  ( -0.008021225958934336334, 0.4787638727308098918, -0.3123139880952110481 ) ) ;
#1169 = CARTESIAN_POINT ( 'NONE',  ( -0.4421908095933559935, 0.1666342040808618530, -0.5130208333333148296 ) ) ;
#1170 = CARTESIAN_POINT ( 'NONE',  ( -0.2071805173389155708, 0.4293774126785998013, -0.3877418154761490543 ) ) ;
#1171 = VERTEX_POINT ( 'NONE', #6209 ) ;
#1172 = CARTESIAN_POINT ( 'NONE',  ( 0.4595079833279323567, -0.08342528698077175675, -0.6895461309525747762 ) ) ;
#1173 = CARTESIAN_POINT ( 'NONE',  ( -0.1979959142460867572, -0.4271886732800267428, -0.5763578869048107123 ) ) ;
#1174 = CARTESIAN_POINT ( 'NONE',  ( -0.3154246670801722496, 0.4102756683066729471, -0.4825194485927861154 ) ) ;
#1175 = CARTESIAN_POINT ( 'NONE',  ( -0.1314399217143737419, 0.4880277307788042918, -0.8441275740092336610 ) ) ;
#1176 = CARTESIAN_POINT ( 'NONE',  ( -0.3884932811454598345, -0.3466355188597946557, -0.6836867559524715254 ) ) ;
#1177 = CARTESIAN_POINT ( 'NONE',  ( -0.4449381781035239847, -0.1387569454509320344, -0.7197730654761677060 ) ) ;
#1178 = CARTESIAN_POINT ( 'NONE',  ( 0.1135449105992060309, 0.4900384183784477488, -0.9211349152746088897 ) ) ;
#1179 = CARTESIAN_POINT ( 'NONE',  ( 0.3791125566002317981, 0.2576004284493261243, -0.9753534226189886081 ) ) ;
#1180 = CARTESIAN_POINT ( 'NONE',  ( 0.2296453874354360269, 0.4670211727856414252, -0.3623291601119085215 ) ) ;
#1181 = ADVANCED_FACE ( 'NONE', ( #560 ), #7316, .F. ) ;
#1182 = ORIENTED_EDGE ( 'NONE', *, *, #5371, .T. ) ;
#1183 = ADVANCED_FACE ( 'NONE', ( #5673 ), #3272, .T. ) ;
#1184 = CARTESIAN_POINT ( 'NONE',  ( -0.4696376246007536448, -0.2409906002452485430, -0.3986235119047940034 ) ) ;
#1185 = CARTESIAN_POINT ( 'NONE',  ( -0.5015686071560493398, -0.06626829034161095533, -0.8277600462112315594 ) ) ;
#1186 = CARTESIAN_POINT ( 'NONE',  ( -0.4541073280233239307, 0.2236945788787083889, -0.8444811006726190561 ) ) ;
#1187 = CARTESIAN_POINT ( 'NONE',  ( 0.3996739910869804291, -0.3169495254413251528, -1.021019345238124876 ) ) ;
#1188 = CARTESIAN_POINT ( 'NONE',  ( -0.03757752589077129751, -0.4604918562899767420, -0.8491443452379329182 ) ) ;
#1189 = CARTESIAN_POINT ( 'NONE',  ( -0.3477063108630859545, 0.3539873407022950946, -0.2499999999999998057 ) ) ;
#1190 = CARTESIAN_POINT ( 'NONE',  ( 0.1442882829630038610, -0.4484683378323708336, -0.5678943452380971202 ) ) ;
#1191 = LINE ( 'NONE', #7584, #6663 ) ;
#1192 = CARTESIAN_POINT ( 'NONE',  ( 0.2792426789971785839, 0.3636096272209483060, -0.9627976190478029217 ) ) ;
#1193 = CARTESIAN_POINT ( 'NONE',  ( -0.5189540565047162657, 2.078765582678899908E-15, -0.4006842109468926605 ) ) ;
#1194 = CARTESIAN_POINT ( 'NONE',  ( 0.004020292642001009609, -0.5170549109935670407, -0.7432105654762040103 ) ) ;
#1195 = DIRECTION ( 'NONE',  ( 0.000000000000000000, 0.000000000000000000, -1.000000000000000000 ) ) ;
#1196 = CARTESIAN_POINT ( 'NONE',  ( -0.1792575705388210761, 0.4749795688086408396, -0.7715873883907686803 ) ) ;
#1197 = CARTESIAN_POINT ( 'NONE',  ( 0.4406733887458423315, 0.1256470377527180160, -0.9789806547619156474 ) ) ;
#1198 = DIRECTION ( 'NONE',  ( 1.000000000000000000, 0.000000000000000000, 0.000000000000000000 ) ) ;
#1199 = DIRECTION ( 'NONE',  ( 1.000000000000000000, 0.000000000000000000, 0.000000000000000000 ) ) ;
#1200 = CARTESIAN_POINT ( 'NONE',  ( 0.2002453840612340996, 0.4149864739724009599, -0.8979724702381671753 ) ) ;
#1201 = CARTESIAN_POINT ( 'NONE',  ( -0.4123365998057274551, -0.3167877644481970623, -0.4032657989712121194 ) ) ;
#1202 = CARTESIAN_POINT ( 'NONE',  ( 0.4553875701027153555, 0.1465145116425837502, -0.3268229166666676844 ) ) ;
#1203 = CARTESIAN_POINT ( 'NONE',  ( -0.5010759317547307523, -0.06576084568849473178, -1.116815476190480050 ) ) ;
#1205 = CARTESIAN_POINT ( 'NONE',  ( -0.4642585788573885264, 0.2290405675532284080, -0.4773256037964187515 ) ) ;
#1204 = CARTESIAN_POINT ( 'NONE',  ( -0.5075337500309961003, -0.01655145790955468363, -0.7674827434011116667 ) ) ;
#1206 = CARTESIAN_POINT ( 'NONE',  ( 0.03306312221503113907, 0.5069602550408137676, -0.7864466430921155382 ) ) ;
#1207 = CARTESIAN_POINT ( 'NONE',  ( -0.5052981578443552779, 2.319660973262144288E-14, -0.8392857142857161890 ) ) ;
#1208 = CARTESIAN_POINT ( 'NONE',  ( 0.3004477878113610001, -0.4421701707443719265, -0.2387462797618800647 ) ) ;
#1209 = CARTESIAN_POINT ( 'NONE',  ( 0.4553875701027153555, 0.1465145116425837502, -0.3268229166666676844 ) ) ;
#1210 = CARTESIAN_POINT ( 'NONE',  ( -0.3971873550522470597, 0.2558732581369089210, -0.5154389880952566783 ) ) ;
#1211 = CARTESIAN_POINT ( 'NONE',  ( -0.3662806059983634288, 0.3054054089844298603, -0.3829055059524504867 ) ) ;
#1212 = VERTEX_POINT ( 'NONE', #6785 ) ;
#1213 = CARTESIAN_POINT ( 'NONE',  ( 0.4228311039513458769, 0.2040217658019217728, -0.6109561011905093597 ) ) ;
#1214 = CARTESIAN_POINT ( 'NONE',  ( 0.4500685402566780846, -0.1403652720915313790, -0.5570126488095289430 ) ) ;
#1215 = CARTESIAN_POINT ( 'NONE',  ( 0.2124815373500080207, 0.4705493716842668039, -0.4947896435876704690 ) ) ;
#1216 = CARTESIAN_POINT ( 'NONE',  ( -0.2530064329754873054, 0.4376388824038890957, -0.8411592737126398767 ) ) ;
#1217 = CARTESIAN_POINT ( 'NONE',  ( -0.4912118148551016250, 0.1714619989399363831, -0.6957775297618556953 ) ) ;
#1218 = CARTESIAN_POINT ( 'NONE',  ( 0.1962379409195975088, -0.4234145865714786794, -0.7004278273808305366 ) ) ;
#1219 = CARTESIAN_POINT ( 'NONE',  ( -0.2662675696240212053, 0.4270910284099179721, -0.9122038135733332442 ) ) ;
#1220 = CARTESIAN_POINT ( 'NONE',  ( -0.08212694187766599041, -0.4523563283169620419, -0.9306175595236687581 ) ) ;
#1221 = CARTESIAN_POINT ( 'NONE',  ( 0.4925202936558479294, 0.1672670009486258158, -0.3712789418343020453 ) ) ;
#1222 = VERTEX_POINT ( 'NONE', #3663 ) ;
#1223 = CARTESIAN_POINT ( 'NONE',  ( -0.2786413308515384157, 0.4477014860887161274, -0.4155505952381469692 ) ) ;
#1224 = CARTESIAN_POINT ( 'NONE',  ( -0.2670835644065439052, -0.4300557066259302341, -0.8177155068504108337 ) ) ;
#1225 = CARTESIAN_POINT ( 'NONE',  ( 0.03229453619947416504, 0.5047629890314284662, -0.8578727783521125083 ) ) ;
#1226 = CARTESIAN_POINT ( 'NONE',  ( -0.2581904940141274141, 0.4384757988605703094, -1.060918898809577016 ) ) ;
#1227 = CARTESIAN_POINT ( 'NONE',  ( 0.3227893367320808782, -0.3278590082609909029, -0.9108072916666883900 ) ) ;
#1228 = CARTESIAN_POINT ( 'NONE',  ( 0.000000000000000000, 0.3970717995527426325, 0.004529409175434064710 ) ) ;
#1229 = ADVANCED_FACE ( 'NONE', ( #6168 ), #210, .T. ) ;
#1230 = CARTESIAN_POINT ( 'NONE',  ( -0.2598095924786879007, -0.4032977675908913096, -0.2922247023810387589 ) ) ;
#1231 = ORIENTED_EDGE ( 'NONE', *, *, #2856, .T. ) ;
#1232 = CARTESIAN_POINT ( 'NONE',  ( 0.1511285198096112559, 0.4329581440977198770, -0.9591703869048630038 ) ) ;
#1233 = FACE_OUTER_BOUND ( 'NONE', #7660, .T. ) ;
#1234 = CARTESIAN_POINT ( 'NONE',  ( -0.1583385183825942455, -0.4921111882910469970, -0.7468377976189691791 ) ) ;
#1235 = EDGE_CURVE ( 'NONE', #2820, #3962, #5963, .T. ) ;
#1236 = DIRECTION ( 'NONE',  ( 0.7071067811865486830, -8.659560562354947649E-17, 0.7071067811865462405 ) ) ;
#1237 = B_SPLINE_CURVE_WITH_KNOTS ( 'NONE', 3,
 ( #6420, #776, #5025, #1885, #4576, #3957, #149, #2672, #1930, #7662, #5185, #3214, #2052, #4406, #66, #612, #7082, #3135, #6919, #1265, #3798, #5060, #693, #654, #7577, #3175, #2550, #4453, #6961, #5722, #2592, #3257, #5107, #7622, #4494, #734, #5924, #2937, #2752, #5452, #2790, #894, #5498, #5841, #2710, #7925, #1653, #4654, #5228 ),
 .UNSPECIFIED., .F., .F.,
 ( 4, 2, 2, 2, 2, 2, 2, 2, 2, 2, 2, 2, 2, 2, 2, 2, 2, 2, 2, 2, 2, 1, 2, 2, 4 ),
 ( 0.1116495939609199323, 0.1141706797022528364, 0.1154312225729192815, 0.1166917654435857266, 0.1179523083142521855, 0.1192128511849186306, 0.1217339369262515347, 0.1229944797969179798, 0.1242550226675844249, 0.1267761084089173151, 0.1280366512795837464, 0.1292971941502502053, 0.1318182798915830678, 0.1343393656329159580, 0.1355999085035823892, 0.1368604513742488482, 0.1393815371155817107, 0.1406420799862481696, 0.1419026228569146009, 0.1444237085982474911, 0.1456842514689139223, 0.1469447943395803535, 0.1482053372102468125, 0.1494658800809132437, 0.1519869658222461339 ),
 .UNSPECIFIED. ) ;
#1238 = DIRECTION ( 'NONE',  ( -1.000000000000000000, 0.000000000000000000, 0.000000000000000000 ) ) ;
#1239 = CARTESIAN_POINT ( 'NONE',  ( 0.3494179395208875105, 0.2966932695461327874, -0.9741443452381448598 ) ) ;
#1240 = CARTESIAN_POINT ( 'NONE',  ( -0.4486326233019427567, -0.2589983596160388424, -0.4661596594271724681 ) ) ;
#1241 = CARTESIAN_POINT ( 'NONE',  ( 0.4094419999672838650, -0.2101100975207231825, -0.9161086309524539839 ) ) ;
#1242 = CARTESIAN_POINT ( 'NONE',  ( -0.5100583631138178031, 7.469896857675719584E-17, -0.6863969707973111012 ) ) ;
#1243 = CARTESIAN_POINT ( 'NONE',  ( 0.4100371276819602118, -0.2501296381294310089, -0.2651599702381232659 ) ) ;
#1244 = CARTESIAN_POINT ( 'NONE',  ( -0.4523088587158494711, -0.1658165903678358311, -0.2281436011904307282 ) ) ;
#1246 = CARTESIAN_POINT ( 'NONE',  ( 0.4573583909730808972, 0.2261413264926942224, -0.7168978938707161186 ) ) ;
#1245 = CARTESIAN_POINT ( 'NONE',  ( 0.4762125445210216301, -0.1790976974074106609, -0.7362241048311610747 ) ) ;
#1247 = CARTESIAN_POINT ( 'NONE',  ( 0.1146374249020602754, 0.4940292016510072215, -0.7883066222752486141 ) ) ;
#1248 = CARTESIAN_POINT ( 'NONE',  ( -0.2167113892975570111, -0.4768363346863763175, -0.2548479956026906690 ) ) ;
#1249 = CARTESIAN_POINT ( 'NONE',  ( 0.5071217624985835393, 0.06671432268324375969, -0.6492012811071066203 ) ) ;
#1250 = CARTESIAN_POINT ( 'NONE',  ( 0.3817318570792529453, -0.2877486189469768418, -0.3377046130952636727 ) ) ;
#1251 = CARTESIAN_POINT ( 'NONE',  ( -0.07445584862062301634, -0.4763407193095400838, -0.2160528273809824151 ) ) ;
#1252 = ORIENTED_EDGE ( 'NONE', *, *, #4971, .F. ) ;
#1253 = CARTESIAN_POINT ( 'NONE',  ( -0.02657778993814296012, 0.4669065516266645011, -0.6689918154762805047 ) ) ;
#1254 = CARTESIAN_POINT ( 'NONE',  ( -0.1559192491133094272, -0.4466831719686985558, -0.5038132440476441598 ) ) ;
#1255 = CIRCLE ( 'NONE', #2050, 0.4020496047192627653 ) ;
#1256 = EDGE_LOOP ( 'NONE', ( #4180, #660, #3993, #1883 ) ) ;
#1257 = DIRECTION ( 'NONE',  ( 0.000000000000000000, 0.000000000000000000, -1.000000000000000000 ) ) ;
#1258 = CARTESIAN_POINT ( 'NONE',  ( -0.2208848660264094987, -0.4765741249498232079, -0.5361793154762097835 ) ) ;
#1259 = CARTESIAN_POINT ( 'NONE',  ( -0.4629354070837939372, -0.08403942487705641506, -0.5783110119047643050 ) ) ;
#1260 = CARTESIAN_POINT ( 'NONE',  ( 0.4703730302278977260, 0.1772867366406574441, -0.9323044294750951755 ) ) ;
#1261 = CARTESIAN_POINT ( 'NONE',  ( 0.4247441803958113549, 0.1720699491841246043, -0.9777715773810110589 ) ) ;
#1262 = CARTESIAN_POINT ( 'NONE',  ( -0.2305684803180018394, 0.4669301272416633841, -0.3519210208353275582 ) ) ;
#1263 = ORIENTED_EDGE ( 'NONE', *, *, #3207, .F. ) ;
#1264 = CARTESIAN_POINT ( 'NONE',  ( -0.5235422744659320449, 0.09505037338112742873, -0.2632068452381652879 ) ) ;
#1265 = CARTESIAN_POINT ( 'NONE',  ( -0.1773175028321378466, -0.4718699347105924646, -0.8869145675960039554 ) ) ;
#1266 = CARTESIAN_POINT ( 'NONE',  ( 0.4282792973122593883, 0.2669274685655589341, -0.8686641924941204129 ) ) ;
#1267 = CARTESIAN_POINT ( 'NONE',  ( 0.3196713612112689895, -0.4031191015057783988, -0.8807663690477002261 ) ) ;
#1268 = AXIS2_PLACEMENT_3D ( 'NONE', #3644, #2930, #5530 ) ;
#1269 = CARTESIAN_POINT ( 'NONE',  ( 0.2008630142493360304, -0.4162847952135513840, -0.8430989583332997306 ) ) ;
#1270 = CARTESIAN_POINT ( 'NONE',  ( -0.4166765091887385530, -0.2988620058691652259, -0.6078997960139640444 ) ) ;
#1271 = CONICAL_SURFACE ( 'NONE', #750, 0.3975000000000000755, 0.09425767512363275591 ) ;
#1272 = DIRECTION ( 'NONE',  ( -1.000000000000000000, 0.000000000000000000, 0.000000000000000000 ) ) ;
#1273 = ORIENTED_EDGE ( 'NONE', *, *, #5120, .F. ) ;
#1274 = CARTESIAN_POINT ( 'NONE',  ( -0.2198234510755604221, -0.4036636182326011069, -0.9253162202382325674 ) ) ;
#1275 = CARTESIAN_POINT ( 'NONE',  ( 0.3791125566002317981, 0.2576004284493261243, -0.9664248511904172112 ) ) ;
#1276 = CARTESIAN_POINT ( 'NONE',  ( -0.5206983487304831515, 0.01684225872598989204, -0.6186755952381762791 ) ) ;
#1277 = CARTESIAN_POINT ( 'NONE',  ( -0.2584046264624959011, 0.4470093157205521917, -0.4940389835106051564 ) ) ;
#1278 = CARTESIAN_POINT ( 'NONE',  ( -0.1316282471424548017, 0.4902810239262339609, -0.7727059961109931097 ) ) ;
#1279 = CARTESIAN_POINT ( 'NONE',  ( 0.4373860433316109075, 0.1289667529845046068, -1.050316220238047826 ) ) ;
#1280 = CARTESIAN_POINT ( 'NONE',  ( 0.08483600026098825353, -0.5106199323450427707, -0.4523897879630614516 ) ) ;
#1281 = CARTESIAN_POINT ( 'NONE',  ( -0.2671573113261653254, 0.3731382553744297947, -0.9572172619048028297 ) ) ;
#1282 = CARTESIAN_POINT ( 'NONE',  ( 0.1442882829630038610, -0.4484683378323708336, -0.5678943452380971202 ) ) ;
#1283 = CARTESIAN_POINT ( 'NONE',  ( -0.4537548551252829632, 0.1056143330942671960, -0.7258184523808436373 ) ) ;
#1284 = ADVANCED_FACE ( 'NONE', ( #3010 ), #7079, .T. ) ;
#1285 = CARTESIAN_POINT ( 'NONE',  ( -0.01982151794596373473, -0.4795185703792286258, -0.2772507440475919238 ) ) ;
#1286 = CARTESIAN_POINT ( 'NONE',  ( -0.3433974745585610666, -0.3380877970894730078, -0.2233072916666123398 ) ) ;
#1288 = CARTESIAN_POINT ( 'NONE',  ( 3.155134365743477252E-17, -0.6134346610139772560, -0.2025506638403220816 ) ) ;
#1287 = CARTESIAN_POINT ( 'NONE',  ( 0.5068212046401981974, 0.06659798897335884871, -0.6592213451392838763 ) ) ;
#1289 = CARTESIAN_POINT ( 'NONE',  ( -0.09947790634728752301, 0.4980026719408249813, -0.7834635868494790323 ) ) ;
#1290 = EDGE_CURVE ( 'NONE', #3246, #5719, #3139, .T. ) ;
#1291 = CARTESIAN_POINT ( 'NONE',  ( 0.4574084127897849461, -0.2252620735190405121, -0.7273138042075621978 ) ) ;
#1292 = CARTESIAN_POINT ( 'NONE',  ( 0.1473102881616832338, 0.4578348865678103508, -0.2446056547619190336 ) ) ;
#1293 = CARTESIAN_POINT ( 'NONE',  ( 0.04322398378620084108, 0.4768372986087578425, -0.3135230654762410363 ) ) ;
#1294 = CARTESIAN_POINT ( 'NONE',  ( 0.5108465272704638682, -0.01662252414073455559, -0.6610826364876309924 ) ) ;
#1295 = ORIENTED_EDGE ( 'NONE', *, *, #5870, .T. ) ;
#1296 = CARTESIAN_POINT ( 'NONE',  ( 0.3375737878477861886, 0.3264377623684363572, -0.6073288690476007501 ) ) ;
#1297 = CARTESIAN_POINT ( 'NONE',  ( -0.2463444463701820464, -0.4038319530221810560, -0.5062313988094987449 ) ) ;
#1298 = EDGE_LOOP ( 'NONE', ( #805, #4459 ) ) ;
#1299 = CARTESIAN_POINT ( 'NONE',  ( -0.3310091388463531903, 0.4098048102465643439, -0.4878162202381166046 ) ) ;
#1300 = CARTESIAN_POINT ( 'NONE',  ( -0.3350285684517064766, 0.3298593306194693708, -0.5891927083333555748 ) ) ;
#1301 = CARTESIAN_POINT ( 'NONE',  ( 0.2008630142379565220, -0.4162847952189066558, -0.8520275297619631649 ) ) ;
#1302 = B_SPLINE_CURVE_WITH_KNOTS ( 'NONE', 3,
 ( #7993, #4706, #3509, #4203, #5478, #6711, #5938, #3549 ),
 .UNSPECIFIED., .F., .F.,
 ( 4, 2, 2, 4 ),
 ( 0.03931650069752241211, 0.04326240976464381521, 0.04523536429820451676, 0.04720831883176521832 ),
 .UNSPECIFIED. ) ;
#1303 = DIRECTION ( 'NONE',  ( -1.000000000000000000, -2.226682128744284936E-16, 0.000000000000000000 ) ) ;
#1304 = ORIENTED_EDGE ( 'NONE', *, *, #4411, .F. ) ;
#1305 = CARTESIAN_POINT ( 'NONE',  ( -0.4171582111463331688, -0.3308044794630738972, -0.2535342261905050854 ) ) ;
#1306 = CARTESIAN_POINT ( 'NONE',  ( 0.4808308262626371232, -0.1629642179487832410, -0.7972627166518165831 ) ) ;
#1307 = CARTESIAN_POINT ( 'NONE',  ( 0.1809565728608510948, 0.4811958035101481235, -0.5654931226356837426 ) ) ;
#1308 = CARTESIAN_POINT ( 'NONE',  ( 0.4751932527624952995, 0.1925081009516405595, -0.9375930059523458482 ) ) ;
#1309 = CARTESIAN_POINT ( 'NONE',  ( -0.1382012522403566479, -0.4431296003153568086, -0.7802269345238224130 ) ) ;
#1310 = CARTESIAN_POINT ( 'NONE',  ( 0.3747842032777823351, -0.3508834020480559590, -0.5878120694401932633 ) ) ;
#1311 = CARTESIAN_POINT ( 'NONE',  ( 0.3587256020181619487, 0.3200747152873553159, -0.2595796130951605885 ) ) ;
#1312 = VERTEX_POINT ( 'NONE', #1762 ) ;
#1313 = CARTESIAN_POINT ( 'NONE',  ( 0.3551153859064328233, -0.2960959869947401013, -0.8382626488094322426 ) ) ;
#1314 = CARTESIAN_POINT ( 'NONE',  ( 0.4094419999672838650, -0.2101100975207231825, -0.9071800595238825871 ) ) ;
#1315 = CARTESIAN_POINT ( 'NONE',  ( 0.3907956452315234364, -0.3424485938388309170, -0.6622023809523251980 ) ) ;
#1316 = CARTESIAN_POINT ( 'NONE',  ( 0.1333764048843145145, 0.4993671474868454641, -0.5029643642570872375 ) ) ;
#1317 = CARTESIAN_POINT ( 'NONE',  ( -0.4666935141911585094, 0.1219001872493842425, -0.9640687034427379842 ) ) ;
#1318 = CARTESIAN_POINT ( 'NONE',  ( -0.2245239328248211097, -0.4036249966364477415, -0.8629092261905237926 ) ) ;
#1319 = CARTESIAN_POINT ( 'NONE',  ( 0.5178306330096246191, -0.01685824060187938317, -0.4367664378356715948 ) ) ;
#1320 = CARTESIAN_POINT ( 'NONE',  ( -0.03757752588013783118, -0.4604918562880545574, -0.8580729166667310226 ) ) ;
#1321 = CARTESIAN_POINT ( 'NONE',  ( 0.4677363341956118914, -0.03816863431049589972, -0.6259300595238114218 ) ) ;
#1322 = CARTESIAN_POINT ( 'NONE',  ( -0.4641740249119160056, 0.06092560105700533385, -0.6532738095237168308 ) ) ;
#1323 = CARTESIAN_POINT ( 'NONE',  ( -0.5186418385119854202, 1.502516396515344672E-15, -0.4107120593065798908 ) ) ;
#1324 = CARTESIAN_POINT ( 'NONE',  ( -0.2027901558385780956, 0.4672800697417927585, -0.9886532738096157624 ) ) ;
#1325 = CARTESIAN_POINT ( 'NONE',  ( 0.3176703582376109725, -0.3450655280268093428, -0.6343936011905039196 ) ) ;
#1327 = CARTESIAN_POINT ( 'NONE',  ( -0.4049079167418989100, 0.3102445705797448605, -0.6938277801156230717 ) ) ;
#1326 = CARTESIAN_POINT ( 'NONE',  ( 0.3180769446792202637, -0.3535813179488607183, -0.9716057511513095379 ) ) ;
#1328 = CARTESIAN_POINT ( 'NONE',  ( 0.5156180429561367795, 8.361610459420146284E-13, -0.5078306239334580141 ) ) ;
#1329 = CARTESIAN_POINT ( 'NONE',  ( -0.4313799804908000635, -0.2688540489780449905, -0.7514906923348163570 ) ) ;
#1330 = CARTESIAN_POINT ( 'NONE',  ( 0.4100371276819602118, -0.2501296381294310089, -0.2651599702381232659 ) ) ;
#1331 = CARTESIAN_POINT ( 'NONE',  ( 0.1857519987003137529, 0.4387448581439872819, -0.3884858630952230385 ) ) ;
#1332 = CARTESIAN_POINT ( 'NONE',  ( 0.4943952425768599612, -0.1325855167498894704, -0.6636837610121640862 ) ) ;
#1333 = ADVANCED_FACE ( 'NONE', ( #1105 ), #356, .T. ) ;
#1334 = VERTEX_POINT ( 'NONE', #1228 ) ;
#1335 = CARTESIAN_POINT ( 'NONE',  ( 0.4324399895246310854, -0.1876786179822829692, -0.5492931547618908894 ) ) ;
#1336 = CARTESIAN_POINT ( 'NONE',  ( 0.03866553436330975174, -0.4739241292281773377, -0.4276413690476204565 ) ) ;
#1337 = VERTEX_POINT ( 'NONE', #4903 ) ;
#1338 = B_SPLINE_CURVE_WITH_KNOTS ( 'NONE', 3,
 ( #6048, #5894, #4044, #6666, #4627, #242, #398, #2760, #7129, #1478, #7243, #5274, #7788, #2835, #1019, #2879, #5356, #7864, #6012, #2216, #2141, #5395, #6551, #4736, #6624, #7824, #3503, #4003, #976, #5237, #2255, #7751, #7167, #4774, #902, #3426, #7281, #1630, #5933, #5310, #568, #4240, #4814, #485 ),
 .UNSPECIFIED., .F., .F.,
 ( 4, 2, 2, 2, 2, 2, 2, 2, 2, 2, 2, 2, 2, 2, 2, 2, 2, 2, 2, 2, 2, 4 ),
 ( 0.04670020716646400977, 0.04766436139882452433, 0.04862851563118503889, 0.05055682409590606108, 0.05248513256062709020, 0.05441344102534811933, 0.05634174949006914151, 0.05827005795479017064, 0.05923421218715067826, 0.06019836641951119283, 0.06212667488423221501, 0.06405498334895323720, 0.06598329181367426632, 0.06791160027839528157, 0.06887575451075579613, 0.06983990874311629682, 0.07176821720783732594, 0.07273237144019784051, 0.07369652567255835507, 0.07562483413727937032, 0.07658898836963989876, 0.07755314260200039944 ),
 .UNSPECIFIED. ) ;
#1339 = CARTESIAN_POINT ( 'NONE',  ( 0.3356083296204698252, 0.4025043646884975956, -0.5748697916666494212 ) ) ;
#1340 = CARTESIAN_POINT ( 'NONE',  ( -0.1218148023535252505, 0.4539111326826593684, -0.5952380952380716961 ) ) ;
#1341 = CARTESIAN_POINT ( 'NONE',  ( -0.5033750491439691332, 0.01639461830945308091, -0.9010523096634094342 ) ) ;
#1342 = CARTESIAN_POINT ( 'NONE',  ( -0.4018561251980376503, -0.2317937723797844352, -0.7976190476188828038 ) ) ;
#1343 = CARTESIAN_POINT ( 'NONE',  ( 0.1772227033902809834, 0.4374419162185972376, -0.5400855654762088953 ) ) ;
#1344 = EDGE_LOOP ( 'NONE', ( #3659, #2499, #4845, #1853 ) ) ;
#1345 = CARTESIAN_POINT ( 'NONE',  ( -0.5095203477223919641, 0.1452859595738149046, -0.3357514880951597558 ) ) ;
#1346 = CARTESIAN_POINT ( 'NONE',  ( 0.5067106798660337974, -0.01653022897205450037, -0.7939181923367081284 ) ) ;
#1347 = CARTESIAN_POINT ( 'NONE',  ( 0.03346481587139530506, 0.5139397506954046513, -0.5621453311243245210 ) ) ;
#1348 = CARTESIAN_POINT ( 'NONE',  ( -0.3398149062803822451, 0.3878021679509304209, -0.8444940476189445322 ) ) ;
#1349 = CARTESIAN_POINT ( 'NONE',  ( 0.2049512620542483787, 0.4151740683712650815, -0.8177083333333606818 ) ) ;
#1350 = CARTESIAN_POINT ( 'NONE',  ( -0.1346987004870463245, -0.5039211793256778149, -0.3243979915728740226 ) ) ;
#1351 = CARTESIAN_POINT ( 'NONE',  ( -0.1179674439295419208, -0.5084238527760803761, -0.3139927512214382710 ) ) ;
#1352 = ORIENTED_EDGE ( 'NONE', *, *, #4967, .T. ) ;
#1353 = CARTESIAN_POINT ( 'NONE',  ( 0.4094419999678897137, -0.2101100975333782817, -0.9071800595240214760 ) ) ;
#1354 = CARTESIAN_POINT ( 'NONE',  ( 0.4406733887456544263, 0.1256470377414860562, -0.9700520833333626802 ) ) ;
#1355 = CARTESIAN_POINT ( 'NONE',  ( 0.4541470843162641047, -0.2526272161889284718, -0.6597842261905324523 ) ) ;
#1356 = CARTESIAN_POINT ( 'NONE',  ( 0.2577218850955366181, 0.4469780312518076837, -0.5059460593034438292 ) ) ;
#1357 = CARTESIAN_POINT ( 'NONE',  ( -0.2574502901876140615, 0.4449911837767424605, -0.5654570464303098065 ) ) ;
#1358 = CARTESIAN_POINT ( 'NONE',  ( 0.2002453840702655696, 0.4149864739643547851, -0.8979724702380020851 ) ) ;
#1359 = CARTESIAN_POINT ( 'NONE',  ( -0.4420835013486502652, -0.1070825180901671253, -1.077659970238113329 ) ) ;
#1360 = CARTESIAN_POINT ( 'NONE',  ( -0.3154594352943083102, -0.4110944954250583261, -0.4616943001581078621 ) ) ;
#1361 = CARTESIAN_POINT ( 'NONE',  ( 0.2387740628354438621, 0.3914216036836831725, -0.9705171130952788827 ) ) ;
#1362 = CARTESIAN_POINT ( 'NONE',  ( -0.4421908095933559935, 0.1666342040808618530, -0.5219494047618862265 ) ) ;
#1363 = CARTESIAN_POINT ( 'NONE',  ( 0.05350300594737792542, -0.4634875190328421324, -0.7040550595236078069 ) ) ;
#1364 = CARTESIAN_POINT ( 'NONE',  ( -0.3629656447291246812, 0.3482889960824391284, -0.9194085704253830427 ) ) ;
#1365 = CARTESIAN_POINT ( 'NONE',  ( -0.5054581790051397849, 0.04581814757331438559, -1.047898065476128071 ) ) ;
#1366 = CARTESIAN_POINT ( 'NONE',  ( -0.04957590675170964190, -0.4660940845285734269, -0.6440662202380295076 ) ) ;
#1368 = CARTESIAN_POINT ( 'NONE',  ( -0.1644813649216506080, 0.4834915309668816885, -0.7005309342922569904 ) ) ;
#1367 = CARTESIAN_POINT ( 'NONE',  ( -0.5023578610627024155, -0.1348948954303336445, -0.3977074940964381300 ) ) ;
#1369 = CARTESIAN_POINT ( 'NONE',  ( 0.03446614709020118933, -0.5150435156943731219, -0.5249312088273879739 ) ) ;
#1370 = CARTESIAN_POINT ( 'NONE',  ( 0.5089462933812949341, 9.618271207786930720E-13, -0.7221145364173472414 ) ) ;
#1371 = CARTESIAN_POINT ( 'NONE',  ( -0.4031740675777673588, -0.2597204330452629328, -0.2881324404762525271 ) ) ;
#1372 = CARTESIAN_POINT ( 'NONE',  ( 0.4337833555340891434, -0.2010523885601669114, -0.3352864583333080017 ) ) ;
#1373 = CARTESIAN_POINT ( 'NONE',  ( 0.5067365992393640939, -0.06653060686957940062, -0.6621962859787673406 ) ) ;
#1374 = CARTESIAN_POINT ( 'NONE',  ( 0.2756201445045913800, -0.3849580663652751866, -0.4840029761904958705 ) ) ;
#1375 = CARTESIAN_POINT ( 'NONE',  ( 0.4707081158723670500, 0.05433658301665522661, -0.4808407738095136219 ) ) ;
#1376 = ORIENTED_EDGE ( 'NONE', *, *, #1437, .T. ) ;
#1377 = CARTESIAN_POINT ( 'NONE',  ( 0.5020320267803053405, -0.1565709198171499339, -0.5168340773809303457 ) ) ;
#1378 = CARTESIAN_POINT ( 'NONE',  ( -0.4216917548107647629, 0.2081686574174320126, -0.5855654761904383054 ) ) ;
#1379 = PERSON_AND_ORGANIZATION ( #4768, #5354 ) ;
#1380 = CARTESIAN_POINT ( 'NONE',  ( 0.4307052034524860296, -0.1744934964603337968, -0.7722284226190230250 ) ) ;
#1381 = CARTESIAN_POINT ( 'NONE',  ( -0.2833734404392855843, -0.3759275756909554733, -0.5787760416666578589 ) ) ;
#1382 = ADVANCED_FACE ( 'NONE', ( #7459 ), #3510, .T. ) ;
#1383 = ORIENTED_EDGE ( 'NONE', *, *, #5214, .T. ) ;
#1384 = CONICAL_SURFACE ( 'NONE', #8100, 0.5002943035887735812, 0.03112503826905463691 ) ;
#1385 = CARTESIAN_POINT ( 'NONE',  ( -0.4910241961771594776, 0.1989301941096389414, -0.3369605654762252156 ) ) ;
#1386 = DIRECTION ( 'NONE',  ( -0.000000000000000000, -0.000000000000000000, 1.000000000000000000 ) ) ;
#1387 = CARTESIAN_POINT ( 'NONE',  ( 0.000000000000000000, 0.000000000000000000, -0.9999999999999998890 ) ) ;
#1388 = CARTESIAN_POINT ( 'NONE',  ( 0.1163057034624778024, 0.4996903719822242684, -0.9267113095239418730 ) ) ;
#1389 = CIRCLE ( 'NONE', #4691, 0.5312500000000000000 ) ;
#1390 = CARTESIAN_POINT ( 'NONE',  ( 0.08402341744382414712, -0.5062483509057452702, -0.5952446280358527630 ) ) ;
#1391 = CARTESIAN_POINT ( 'NONE',  ( 0.1188415305260247246, -0.5083864751752109612, -0.3087878872802646835 ) ) ;
#1392 = ORIENTED_EDGE ( 'NONE', *, *, #5566, .F. ) ;
#1393 = CARTESIAN_POINT ( 'NONE',  ( 0.4547966271630632940, -0.07108851767421066337, -0.9035528273810760069 ) ) ;
#1394 = AXIS2_PLACEMENT_3D ( 'NONE', #5646, #4244, #5560 ) ;
#1395 = CARTESIAN_POINT ( 'NONE',  ( -0.04140495535183613685, 0.4568565381997321539, -0.9543340773809483313 ) ) ;
#1396 = VECTOR ( 'NONE', #1158, 39.37007874015748854 ) ;
#1397 = CARTESIAN_POINT ( 'NONE',  ( 0.4683526448278973464, 0.2259870050990905321, -0.6489025297619183119 ) ) ;
#1398 = CARTESIAN_POINT ( 'NONE',  ( 0.08373468227744486347, 0.5092416520020702775, -0.5018535008542129860 ) ) ;
#1399 = CARTESIAN_POINT ( 'NONE',  ( -0.1315486935786575884, 0.4561752443311133387, -0.9716570065706069403 ) ) ;
#1400 = CARTESIAN_POINT ( 'NONE',  ( -0.3708117980958131610, 0.2705698605921869060, -0.9535900297618715715 ) ) ;
#1401 = CARTESIAN_POINT ( 'NONE',  ( -0.5140662767054670068, 0.1515855587685651651, -0.1952194940476109086 ) ) ;
#1402 = CONICAL_SURFACE ( 'NONE', #7851, 0.5002943035887735812, 0.03112503826905463691 ) ;
#1403 = FACE_OUTER_BOUND ( 'NONE', #1549, .T. ) ;
#1404 = CARTESIAN_POINT ( 'NONE',  ( 0.01497370497081718620, 0.4629161335922372111, -0.8218005952380016410 ) ) ;
#1405 = CARTESIAN_POINT ( 'NONE',  ( -0.2880969021132972485, -0.3751391636491719916, -0.5074404761904899308 ) ) ;
#1406 = CARTESIAN_POINT ( 'NONE',  ( -0.3523305359516221147, -0.3087321066578423978, -0.6436011904761959057 ) ) ;
#1407 = DIRECTION ( 'NONE',  ( -0.000000000000000000, -0.000000000000000000, -1.000000000000000000 ) ) ;
#1408 = AXIS2_PLACEMENT_3D ( 'NONE', #5245, #4011, #5741 ) ;
#1409 = CARTESIAN_POINT ( 'NONE',  ( 0.01649167145146390040, -0.5101033239247871887, -0.9572172619048724407 ) ) ;
#1410 = CARTESIAN_POINT ( 'NONE',  ( -0.4641740249122986994, 0.06092560106883065235, -0.6622023809523802651 ) ) ;
#1412 = CARTESIAN_POINT ( 'NONE',  ( 0.3714819103089437857, 0.3486783127072714539, -0.7135497405844587471 ) ) ;
#1411 = CARTESIAN_POINT ( 'NONE',  ( 0.4865663708884257477, -0.07786665032002509923, -0.9536562249536710834 ) ) ;
#1413 = CARTESIAN_POINT ( 'NONE',  ( 0.1338438091285747145, -0.4985998063475551301, -0.5226997021341687200 ) ) ;
#1414 = CARTESIAN_POINT ( 'NONE',  ( -0.1692168497714389153, -0.4957243036744212739, -0.2537310274694856149 ) ) ;
#1415 = CARTESIAN_POINT ( 'NONE',  ( 0.4588160579804700934, 0.1430849851520377136, -0.2554873511904361960 ) ) ;
#1416 = CARTESIAN_POINT ( 'NONE',  ( 0.4750688053408412270, -0.05484801543638423427, -0.3316592261904410255 ) ) ;
#1417 = CARTESIAN_POINT ( 'NONE',  ( 0.4100371276894448358, -0.2501296381163313765, -0.2740885416666706820 ) ) ;
#1418 = CARTESIAN_POINT ( 'NONE',  ( -0.003669654028610807358, -0.4709803568856437694, -0.5625930059523508442 ) ) ;
#1419 = CARTESIAN_POINT ( 'NONE',  ( -0.3662806059891925425, 0.3054054089916243830, -0.3829055059523194249 ) ) ;
#1420 = ORIENTED_EDGE ( 'NONE', *, *, #3004, .F. ) ;
#1421 = CARTESIAN_POINT ( 'NONE',  ( 0.3545373436062139172, -0.3851111562487573581, -0.5942150297618823407 ) ) ;
#1422 = CARTESIAN_POINT ( 'NONE',  ( -0.4549583534309580291, 0.1102094075661579353, -0.6544828869046895869 ) ) ;
#1423 = DIRECTION ( 'NONE',  ( 0.000000000000000000, 1.000000000000000000, 1.047310526070460688E-16 ) ) ;
#1424 = CARTESIAN_POINT ( 'NONE',  ( 0.4571160022146684154, 0.07144297558348418342, -0.8375186011905243477 ) ) ;
#1425 = CARTESIAN_POINT ( 'NONE',  ( 0.3375737878532880099, 0.3264377623590392075, -0.6162574404761819169 ) ) ;
#1426 = VERTEX_POINT ( 'NONE', #7542 ) ;
#1427 = CARTESIAN_POINT ( 'NONE',  ( -0.1744901130848431070, 0.4999112635744581978, -0.3466331845237832221 ) ) ;
#1428 = CARTESIAN_POINT ( 'NONE',  ( 0.000000000000000000, 0.000000000000000000, -0.9999999999999998890 ) ) ;
#1429 = CARTESIAN_POINT ( 'NONE',  ( -0.3519802545557570994, 0.3752512135128256432, -0.5528314907304675563 ) ) ;
#1430 = CARTESIAN_POINT ( 'NONE',  ( 0.2722204296659039291, 0.4373699337798276354, -0.8590029761904549588 ) ) ;
#1431 = EDGE_CURVE ( 'NONE', #2380, #3085, #2554, .T. ) ;
#1432 = CARTESIAN_POINT ( 'NONE',  ( -0.1647599857219574915, -0.4866802519221137824, -0.6008291177756941437 ) ) ;
#1433 = CARTESIAN_POINT ( 'NONE',  ( -0.5179206526707108571, -0.06790615337257695228, -0.3277698851483990539 ) ) ;
#1434 = VERTEX_POINT ( 'NONE', #8160 ) ;
#1435 = CARTESIAN_POINT ( 'NONE',  ( 0.05997973497236254448, 0.4569672776104368728, -0.8854166666666958285 ) ) ;
#1436 = B_SPLINE_CURVE_WITH_KNOTS ( 'NONE', 3,
 ( #6784, #7487, #6208, #5633, #1749, #7445, #1665, #1707 ),
 .UNSPECIFIED., .F., .F.,
 ( 4, 2, 2, 4 ),
 ( 0.007883069676311157611, 0.009846408514183542168, 0.01180974735205592673, 0.01573642502780069410 ),
 .UNSPECIFIED. ) ;
#1437 = EDGE_CURVE ( 'NONE', #4309, #1426, #3605, .T. ) ;
#1438 = CARTESIAN_POINT ( 'NONE',  ( 0.3494179395127754995, 0.2966932695545207999, -0.9652157738094864214 ) ) ;
#1439 = CARTESIAN_POINT ( 'NONE',  ( 0.2844164454015811194, 0.4329083546601141252, -0.7141927083332790804 ) ) ;
#1440 = CARTESIAN_POINT ( 'NONE',  ( -0.3770325546943487094, 0.3529053040228624094, -0.4906956254749676449 ) ) ;
#1441 = CARTESIAN_POINT ( 'NONE',  ( -0.2124038861749591445, 0.4681330500702189923, -0.5665838611707824102 ) ) ;
#1442 = CARTESIAN_POINT ( 'NONE',  ( -0.4202930880985856765, 0.1902349480281408101, -0.8798363095238787013 ) ) ;
#1443 = CARTESIAN_POINT ( 'NONE',  ( -0.1338542360221509075, -0.5172461377641757174, -0.2484188988095512585 ) ) ;
#1444 = LINE ( 'NONE', #7828, #5883 ) ;
#1445 = CARTESIAN_POINT ( 'NONE',  ( -0.2616855342706226328, 0.3851245263082282988, -0.7432105654761737012 ) ) ;
#1446 = CARTESIAN_POINT ( 'NONE',  ( 0.1854196372617931687, -0.4379802286840244752, -0.4240141369047427111 ) ) ;
#1447 = CARTESIAN_POINT ( 'NONE',  ( 0.1962379409308872835, -0.4234145865702447220, -0.7004278273810351507 ) ) ;
#1448 = CARTESIAN_POINT ( 'NONE',  ( -0.4439456040283659144, 0.2367735638179514213, -0.9162806736480727521 ) ) ;
#1449 = CARTESIAN_POINT ( 'NONE',  ( -0.4654702859022488148, 0.2020134093399360564, -1.051525297619120281 ) ) ;
#1450 = CARTESIAN_POINT ( 'NONE',  ( 0.2134285521826394250, 0.4159088174206906907, -0.6839657738094739869 ) ) ;
#1452 = CARTESIAN_POINT ( 'NONE',  ( 0.000000000000000000, 0.000000000000000000, -0.9999999999999998890 ) ) ;
#1451 = LINE ( 'NONE', #1490, #867 ) ;
#1453 = DIRECTION ( 'NONE',  ( -1.000000000000000000, 0.000000000000000000, 0.000000000000000000 ) ) ;
#1454 = CARTESIAN_POINT ( 'NONE',  ( -0.4011841331995453785, -0.3080423239238762601, -0.8318419356754371830 ) ) ;
#1455 = CARTESIAN_POINT ( 'NONE',  ( 0.1640888868034403592, 0.4857587035519546625, -0.6365312283955227857 ) ) ;
#1456 = CARTESIAN_POINT ( 'NONE',  ( -0.1544841173912788745, 0.4557041822153771182, -0.2373511904762013458 ) ) ;
#1457 = DIRECTION ( 'NONE',  ( 1.000000000000000000, 0.000000000000000000, 0.000000000000000000 ) ) ;
#1458 = CARTESIAN_POINT ( 'NONE',  ( -0.2463444463663551631, -0.4038319530159531490, -0.4973028273809258493 ) ) ;
#1459 = CARTESIAN_POINT ( 'NONE',  ( 0.4651851351806601254, -0.1006683850509250133, -0.4131324404761930191 ) ) ;
#1460 = VERTEX_POINT ( 'NONE', #5805 ) ;
#1461 = CARTESIAN_POINT ( 'NONE',  ( 0.3855867920687615635, 0.3614244078782057890, -0.4334077380952111036 ) ) ;
#1462 = CARTESIAN_POINT ( 'NONE',  ( 0.4027365436431064039, 0.2456669133063887622, -0.5384114583333290405 ) ) ;
#1463 = CARTESIAN_POINT ( 'NONE',  ( -0.3684150865194474878, 0.2921609818747689657, -0.5879836309523475135 ) ) ;
#1464 = COORDINATED_UNIVERSAL_TIME_OFFSET ( 6, 0, .BEHIND. ) ;
#1465 = CARTESIAN_POINT ( 'NONE',  ( -0.4511274038549250021, -0.09761819806151597612, -0.8725818452381391976 ) ) ;
#1466 = CARTESIAN_POINT ( 'NONE',  ( 0.3007506979835152250, 0.3606979959549107551, -0.6150483630952555680 ) ) ;
#1467 = ORIENTED_EDGE ( 'NONE', *, *, #5018, .F. ) ;
#1468 = CARTESIAN_POINT ( 'NONE',  ( -0.4163915135829915903, 0.2979779020751439633, -0.6320596924620452972 ) ) ;
#1469 = CARTESIAN_POINT ( 'NONE',  ( 0.2291937985452661142, -0.4638840690472106898, -0.4590668257887859927 ) ) ;
#1470 = CARTESIAN_POINT ( 'NONE',  ( 0.4176573378422521188, 0.2994113752629377623, -0.5721909524383860246 ) ) ;
#1471 = CARTESIAN_POINT ( 'NONE',  ( 0.4808081383532182840, -0.1897843776801909910, -0.8033854166667050434 ) ) ;
#1472 = CARTESIAN_POINT ( 'NONE',  ( 0.5086358439841425216, -0.1181424426055693033, -0.3061670381728083812 ) ) ;
#1473 = CARTESIAN_POINT ( 'NONE',  ( 0.1844352659817254381, -0.4884833997054315313, -0.3073002273520830663 ) ) ;
#1474 = ORIENTED_EDGE ( 'NONE', *, *, #3207, .T. ) ;
#1475 = CARTESIAN_POINT ( 'NONE',  ( 0.3618065550767906036, 0.2922392016493052802, -0.7512090773808179911 ) ) ;
#1476 = CARTESIAN_POINT ( 'NONE',  ( 0.3868104250598221050, 0.2541215481898111972, -0.8237537202380131873 ) ) ;
#1477 = CARTESIAN_POINT ( 'NONE',  ( 0.1597689705582089892, -0.4965831040992897405, -0.5969122023809543265 ) ) ;
#1478 = CARTESIAN_POINT ( 'NONE',  ( -0.4238155375811701320, -0.2428195986639332393, -0.9583714355797263718 ) ) ;
#1479 = CARTESIAN_POINT ( 'NONE',  ( 0.05272765853947205400, 0.4689348102419409470, -0.9745349707848819376 ) ) ;
#1480 = CARTESIAN_POINT ( 'NONE',  ( 0.4547966271634863999, -0.07108851767350360396, -0.9124813988097277839 ) ) ;
#1481 = CARTESIAN_POINT ( 'NONE',  ( -0.4706173683685261899, 0.2562837616680574415, -0.1976376488095321626 ) ) ;
#1482 = EDGE_CURVE ( 'NONE', #4032, #513, #4779, .T. ) ;
#1483 = CARTESIAN_POINT ( 'NONE',  ( 0.2238427192731326787, -0.4525425721255246780, -0.8876253029144525186 ) ) ;
#1484 = CARTESIAN_POINT ( 'NONE',  ( -0.4541719762577920427, -0.09401676733744988856, -0.8012462797618068455 ) ) ;
#1485 = CARTESIAN_POINT ( 'NONE',  ( -0.3675141779888690396, 0.2968596920403903661, -0.5255766369046793729 ) ) ;
#1486 = CARTESIAN_POINT ( 'NONE',  ( 0.3497636042163601022, -0.3727521642743841235, -0.6599796059625262501 ) ) ;
#1487 = CARTESIAN_POINT ( 'NONE',  ( 0.000000000000000000, 0.3750000000000000555, 0.7139999999999999680 ) ) ;
#1488 = CARTESIAN_POINT ( 'NONE',  ( -0.1907425733123065403, -0.4708140578825515399, -1.033389136904684369 ) ) ;
#1489 = CARTESIAN_POINT ( 'NONE',  ( 0.4386600622003596905, 0.1608128086927863576, -0.6924293154761727020 ) ) ;
#1491 = CARTESIAN_POINT ( 'NONE',  ( 0.3882666523567624428, -0.3400789482865174684, -0.5260264740525352201 ) ) ;
#1490 = CARTESIAN_POINT ( 'NONE',  ( 0.3975000000000000755, 4.867971026610729929E-17, 0.7139999999999999680 ) ) ;
#1492 = CARTESIAN_POINT ( 'NONE',  ( -0.2576896138377369194, -0.4470149108107009939, -0.5316325442464736595 ) ) ;
#1493 = CARTESIAN_POINT ( 'NONE',  ( -0.4731858718094666960, -0.1784007693715970455, -0.8351855668372478725 ) ) ;
#1494 = EDGE_CURVE ( 'NONE', #4683, #523, #6618, .T. ) ;
#1495 = CARTESIAN_POINT ( 'NONE',  ( -0.5312500000000000000, 0.1300819257477931201, -0.2412576490066985213 ) ) ;
#1496 = CARTESIAN_POINT ( 'NONE',  ( -0.4031740675862375278, -0.2597204330356199797, -0.2881324404761309577 ) ) ;
#1497 = CARTESIAN_POINT ( 'NONE',  ( 0.000000000000000000, 0.000000000000000000, -0.9999999999999998890 ) ) ;
#1498 = CARTESIAN_POINT ( 'NONE',  ( -0.4421908095972146291, 0.1666342040668611635, -0.5130208333333802218 ) ) ;
#1499 = B_SPLINE_CURVE_WITH_KNOTS ( 'NONE', 3,
 ( #2619, #1294, #4482, #1373, #6327, #1332, #3825, #680, #802, #5830, #2577, #5093, #7609, #3782, #3863, #6365, #719, #5135, #176, #3905, #2739, #5254, #920, #378, #4753, #5951, #882, #5292, #7260, #5869, #5989, #2896, #4719, #7882, #5411, #7768, #1539, #2234, #6029, #1610, #6486, #4131, #3362, #2122, #5912, #7222, #6642, #6569, #995, #339 ),
 .UNSPECIFIED., .F., .F.,
 ( 4, 2, 2, 2, 2, 2, 2, 2, 2, 2, 2, 2, 2, 2, 2, 2, 2, 2, 2, 2, 2, 2, 2, 2, 4 ),
 ( 0.4757361206572138790, 0.4770115645188740539, 0.4782870083805342287, 0.4808378961038545230, 0.4821133399655146978, 0.4833887838271748727, 0.4859396715504952224, 0.4872151154121553973, 0.4884905592738155722, 0.4910414469971358664, 0.4935923347204562162, 0.4948677785821163910, 0.4961432224437765104, 0.4986941101670968601, 0.4999695540287570350, 0.5012449978904172099, 0.5037958856137375596, 0.5050713294753976790, 0.5063467733370579094, 0.5076222171987180287, 0.5088976610603782591, 0.5114485487836984978, 0.5127239926453587282, 0.5139994365070188476, 0.5165503242303391973 ),
 .UNSPECIFIED. ) ;
#1500 = CARTESIAN_POINT ( 'NONE',  ( 0.4733218740095317956, -0.05034462554134039314, -0.4119233630951517622 ) ) ;
#1501 = ORIENTED_EDGE ( 'NONE', *, *, #3311, .T. ) ;
#1502 = CARTESIAN_POINT ( 'NONE',  ( 0.2576759386144556463, -0.4632396992208344111, -0.3826264880952511271 ) ) ;
#1503 = CARTESIAN_POINT ( 'NONE',  ( 0.2267757687597642402, 0.4164304798808712849, -0.4610305059523944760 ) ) ;
#1504 = CARTESIAN_POINT ( 'NONE',  ( 0.3741838904317734693, 0.2873532507884900555, -0.5372023809523741589 ) ) ;
#1505 = APPROVAL_DATE_TIME ( #2867, #1077 ) ;
#1506 = CARTESIAN_POINT ( 'NONE',  ( 0.2809511090566739755, -0.3727272453421593412, -0.7069382440475362461 ) ) ;
#1507 = CARTESIAN_POINT ( 'NONE',  ( -0.3329883103103238873, 0.3382179857797209532, -0.4554501488095424877 ) ) ;
#1508 = VERTEX_POINT ( 'NONE', #1552 ) ;
#1509 = CARTESIAN_POINT ( 'NONE',  ( -0.5312500000000000000, -0.2567973722317756224, -0.2169613145143881039 ) ) ;
#1510 = CARTESIAN_POINT ( 'NONE',  ( -0.5222104195963328532, 0.03445141513421036417, -0.2685991531655065323 ) ) ;
#1511 = CARTESIAN_POINT ( 'NONE',  ( 0.3956364736096292245, -0.3359488938743604991, -0.7356770833331682802 ) ) ;
#1512 = CARTESIAN_POINT ( 'NONE',  ( -0.5312500000000000000, -1.707404996040164512E-16, -0.2499999999999998057 ) ) ;
#1513 = CONICAL_SURFACE ( 'NONE', #5462, 0.5002943035887735812, 0.03112503826905463691 ) ;
#1514 = AXIS2_PLACEMENT_3D ( 'NONE', #4995, #4210, #4909 ) ;
#1515 = CARTESIAN_POINT ( 'NONE',  ( 0.3935537064734834778, -0.3446687085598403311, -0.3017125472937015052 ) ) ;
#1516 = CARTESIAN_POINT ( 'NONE',  ( -0.4390667170839209210, 0.1488522563365696494, -0.7983630952381325363 ) ) ;
#1517 = CARTESIAN_POINT ( 'NONE',  ( 0.3488862032523044054, -0.3910157067443373324, -0.5207403273810180533 ) ) ;
#1518 = CARTESIAN_POINT ( 'NONE',  ( -0.5182570570791501519, -0.07507337524905609294, -0.2561957909657242571 ) ) ;
#1519 = CARTESIAN_POINT ( 'NONE',  ( 0.3380547309343667206, 0.3380551812263177247, -0.2499999999999824030 ) ) ;
#1520 = CARTESIAN_POINT ( 'NONE',  ( 0.2829261392249910467, -0.3684191222218238249, -0.7782738095237861087 ) ) ;
#1521 = CIRCLE ( 'NONE', #2581, 0.3970717995527426325 ) ;
#1522 = CARTESIAN_POINT ( 'NONE',  ( 0.4434397747892278585, -0.1147550294992412817, -0.9760974702380176282 ) ) ;
#1523 = DIRECTION ( 'NONE',  ( 1.000000000000000000, 0.000000000000000000, 0.000000000000000000 ) ) ;
#1524 = CARTESIAN_POINT ( 'NONE',  ( -0.4205939910168030593, 0.1949394399478203144, -0.8085007440476791318 ) ) ;
#1525 = CARTESIAN_POINT ( 'NONE',  ( -0.4691593552581351245, 0.07333340496764186034, -0.4481956845238180831 ) ) ;
#1526 = CARTESIAN_POINT ( 'NONE',  ( -0.3429847213314426990, 0.3901074470567143515, -0.4203632758654613499 ) ) ;
#1527 = AXIS2_PLACEMENT_3D ( 'NONE', #3560, #5445, #8003 ) ;
#1528 = CARTESIAN_POINT ( 'NONE',  ( 0.3894337567297408986, 4.769188036590061868E-17, -0.9999999999999998890 ) ) ;
#1529 = CARTESIAN_POINT ( 'NONE',  ( 0.4567039896792606801, 0.2343536909407984981, -0.8629092261904179884 ) ) ;
#1530 = CARTESIAN_POINT ( 'NONE',  ( -0.4916020318321717708, 0.1667617670458288459, -0.4044022275287200152 ) ) ;
#1532 = CARTESIAN_POINT ( 'NONE',  ( 0.2656250000000001110, -0.4600759957604831363, -0.2499999999999998057 ) ) ;
#1531 = CARTESIAN_POINT ( 'NONE',  ( -0.4321179394783390415, -0.2892428965935787688, -0.3939834972135323188 ) ) ;
#1533 = CARTESIAN_POINT ( 'NONE',  ( -0.4020496047192627653, -4.928547240401258206E-20, 0.000000000000000000 ) ) ;
#1534 = CARTESIAN_POINT ( 'NONE',  ( -0.5197701814215590632, -0.06835653908504800425, -0.2663742781429325746 ) ) ;
#1535 = CONICAL_SURFACE ( 'NONE', #3792, 0.5002943035887735812, 0.03112503826905463691 ) ;
#1536 = LINE ( 'NONE', #4059, #2719 ) ;
#1537 = CARTESIAN_POINT ( 'NONE',  ( -0.01982151795837990699, -0.4795185703762050999, -0.2772507440476494889 ) ) ;
#1538 = EDGE_CURVE ( 'NONE', #5499, #4566, #4975, .T. ) ;
#1539 = CARTESIAN_POINT ( 'NONE',  ( -0.3487347755304190389, -0.3725543785831389454, -0.6871247959262888338 ) ) ;
#1540 = CARTESIAN_POINT ( 'NONE',  ( 0.2699893759465919474, 0.3897571390017491311, -0.4622395833333605708 ) ) ;
#1541 = ADVANCED_FACE ( 'NONE', ( #275 ), #2475, .T. ) ;
#1542 = CARTESIAN_POINT ( 'NONE',  ( 0.4409174790703003777, 0.1913490766301057522, -0.2632068452381156609 ) ) ;
#1543 = VERTEX_POINT ( 'NONE', #1512 ) ;
#1544 = CARTESIAN_POINT ( 'NONE',  ( -0.5259879378403964356, -0.03468149745489160912, -0.4769345238095955564 ) ) ;
#1545 = CARTESIAN_POINT ( 'NONE',  ( -0.4685954259446267200, -0.07755313333064602077, -0.4356398809523454596 ) ) ;
#1546 = CARTESIAN_POINT ( 'NONE',  ( 0.4027365436487824746, 0.2456669132980490999, -0.5384114583333401427 ) ) ;
#1547 = CARTESIAN_POINT ( 'NONE',  ( -0.2377617755578796954, -0.4037673559319769900, -0.6489025297619460675 ) ) ;
#1548 = CARTESIAN_POINT ( 'NONE',  ( 0.08913612841960169564, -0.4671088344843339901, -0.4264322916666860586 ) ) ;
#1549 = EDGE_LOOP ( 'NONE', ( #6885, #4025, #1231 ) ) ;
#1550 = CARTESIAN_POINT ( 'NONE',  ( 0.4143725748996640035, 0.3182620332604522151, -0.2961212316761012153 ) ) ;
#1551 = CARTESIAN_POINT ( 'NONE',  ( -0.2064549842356874221, -0.4757045845135808859, -0.7501860119045180575 ) ) ;
#1552 = CARTESIAN_POINT ( 'NONE',  ( -0.5119699838534170766, -6.157329266969842815E-16, -0.6249993468799939222 ) ) ;
#1553 = CARTESIAN_POINT ( 'NONE',  ( 0.06751422694753181353, 0.5173130099746382493, -0.3485849961169086297 ) ) ;
#1554 = CARTESIAN_POINT ( 'NONE',  ( -0.3043475330298242021, -0.3473147868675340311, -0.8563988095237898834 ) ) ;
#1555 = CARTESIAN_POINT ( 'NONE',  ( 0.2987704497447418728, 0.4313062931829737545, -0.5001860119048049391 ) ) ;
#1556 = CARTESIAN_POINT ( 'NONE',  ( -0.5029774074367919789, -0.1482803080968485010, -0.2545686102699322162 ) ) ;
#1557 = FACE_OUTER_BOUND ( 'NONE', #3328, .T. ) ;
#1558 = CARTESIAN_POINT ( 'NONE',  ( -0.3381340437015185607, 0.3169554774614126713, -0.8121279761906053940 ) ) ;
#1559 = CARTESIAN_POINT ( 'NONE',  ( -0.4361906603767371493, 0.1360372323914071646, -1.012369791666708929 ) ) ;
#1560 = CARTESIAN_POINT ( 'NONE',  ( 0.1306926625008930642, -0.4867536751705477949, -0.8898754243507410733 ) ) ;
#1561 = CARTESIAN_POINT ( 'NONE',  ( -0.4971216263676410674, -0.1157216784322725456, -0.6837997740536939650 ) ) ;
#1562 = CARTESIAN_POINT ( 'NONE',  ( 0.3247598438342774729, 0.3298490796758214993, -0.8302641369048437969 ) ) ;
#1563 = CARTESIAN_POINT ( 'NONE',  ( 0.08932829611521797553, 0.4680733458473348985, -0.3949962797619199217 ) ) ;
#1564 = CARTESIAN_POINT ( 'NONE',  ( -0.5153276970011935187, 0.06742523885720096144, -0.4121851735898193758 ) ) ;
#1565 = DIRECTION ( 'NONE',  ( 1.000000000000000000, 0.000000000000000000, 0.000000000000000000 ) ) ;
#1566 = CARTESIAN_POINT ( 'NONE',  ( 0.5101119021633401251, 0.02903754343092915247, -0.9390811011902726602 ) ) ;
#1567 = CARTESIAN_POINT ( 'NONE',  ( -0.4409976011246404815, 0.2737202220590592150, -0.4069968928595408264 ) ) ;
#1568 = CARTESIAN_POINT ( 'NONE',  ( 0.2148788205608329893, -0.4734562564615713565, -0.3779813947302910204 ) ) ;
#1569 = CARTESIAN_POINT ( 'NONE',  ( -0.2305711380459683768, 0.3915716612400620411, -1.101097470238152631 ) ) ;
#1570 = CARTESIAN_POINT ( 'NONE',  ( 0.4901133641292586551, -0.1312808821878541643, -0.8065486643937260780 ) ) ;
#1571 = CARTESIAN_POINT ( 'NONE',  ( 0.4588083418712358141, 0.2263647107253666801, -0.6454789970714512881 ) ) ;
#1572 = CARTESIAN_POINT ( 'NONE',  ( -0.4466542141098063246, 0.08524080055152474800, -1.091424851190459178 ) ) ;
#1573 = FACE_OUTER_BOUND ( 'NONE', #3830, .T. ) ;
#1574 = AXIS2_PLACEMENT_3D ( 'NONE', #3014, #6888, #1855 ) ;
#1575 = CARTESIAN_POINT ( 'NONE',  ( -0.3349588173971754790, -0.3402080572106331302, -0.3570498511904842132 ) ) ;
#1576 = CARTESIAN_POINT ( 'NONE',  ( -0.1578332924998722686, 0.4521909036709427232, -0.3176153273809257938 ) ) ;
#1577 = CC_DESIGN_PERSON_AND_ORGANIZATION_ASSIGNMENT ( #5997, #7890, ( #4171 ) ) ;
#1578 = ORIENTED_EDGE ( 'NONE', *, *, #2049, .F. ) ;
#1579 = CARTESIAN_POINT ( 'NONE',  ( 0.5275237512188707401, 0.05610131297153388846, -0.3693266369047721320 ) ) ;
#1580 = CARTESIAN_POINT ( 'NONE',  ( -0.4382176059380671895, -0.1775283630336503826, -0.5045572916666359875 ) ) ;
#1581 = CARTESIAN_POINT ( 'NONE',  ( 0.3007506979835152250, 0.3606979959549107551, -0.6061197916666841712 ) ) ;
#1582 = ADVANCED_FACE ( 'NONE', ( #4769 ), #2980, .T. ) ;
#1583 = CARTESIAN_POINT ( 'NONE',  ( 0.1498168009963820047, -0.4419366975166145739, -0.7105654761906780026 ) ) ;
#1584 = CARTESIAN_POINT ( 'NONE',  ( 0.3139281594175779011, 0.3582481795391922463, -0.4010416666666428154 ) ) ;
#1585 = ORIENTED_EDGE ( 'NONE', *, *, #4718, .T. ) ;
#1586 = CARTESIAN_POINT ( 'NONE',  ( -0.4254882947767607004, 0.3043738705456892069, -0.2749082260166001990 ) ) ;
#1587 = CARTESIAN_POINT ( 'NONE',  ( 0.3214658304205046391, 0.4053691520802613635, -0.7888764880952107150 ) ) ;
#1588 = CARTESIAN_POINT ( 'NONE',  ( -0.5175965300453913009, -0.06789484641001129750, -0.3377969190281185918 ) ) ;
#1589 = CARTESIAN_POINT ( 'NONE',  ( -0.4514098647221763128, 0.2606813102107870539, -0.3352071270364215261 ) ) ;
#1590 = ORIENTED_EDGE ( 'NONE', *, *, #5318, .T. ) ;
#1591 = CARTESIAN_POINT ( 'NONE',  ( 0.05997973495924135978, 0.4569672776143098303, -0.8854166666667077079 ) ) ;
#1592 = CARTESIAN_POINT ( 'NONE',  ( -0.3188820281990276118, -0.4152260497011793228, -0.5364583333333594606 ) ) ;
#1593 = CARTESIAN_POINT ( 'NONE',  ( -0.5201838842143277075, -0.06022138290510587605, -0.2565225480977034733 ) ) ;
#1594 = CARTESIAN_POINT ( 'NONE',  ( 0.3391207753607064501, 0.3868852854832700583, -0.5795990329592838330 ) ) ;
#1595 = CARTESIAN_POINT ( 'NONE',  ( 0.4095163977147275869, -0.2148146366952303765, -0.8447730654761468339 ) ) ;
#1596 = CARTESIAN_POINT ( 'NONE',  ( -0.2691804543684644946, 0.3689211126744943448, -1.019624255952410685 ) ) ;
#1597 = CARTESIAN_POINT ( 'NONE',  ( 0.4958459807704548306, 0.08211410669956764607, -0.9345370309910187023 ) ) ;
#1598 = CARTESIAN_POINT ( 'NONE',  ( -0.5100583631138178031, 7.469896857675719584E-17, -0.6863969707973111012 ) ) ;
#1599 = CARTESIAN_POINT ( 'NONE',  ( -0.4641740249119160056, 0.06092560105700533385, -0.6622023809522883386 ) ) ;
#1600 = CARTESIAN_POINT ( 'NONE',  ( -0.3652259252019533498, 0.3101266253475487567, -0.3115699404761405056 ) ) ;
#1601 = CARTESIAN_POINT ( 'NONE',  ( 0.3852202527569537627, -0.3372803664683666769, -0.6588649860795242619 ) ) ;
#1602 = CARTESIAN_POINT ( 'NONE',  ( 0.4388616669377182755, 0.2445070421886423873, -0.9406505853351808666 ) ) ;
#1603 = CARTESIAN_POINT ( 'NONE',  ( 0.3565208711128330932, -0.3686826173031299558, -0.8774181547618015165 ) ) ;
#1604 = CARTESIAN_POINT ( 'NONE',  ( -0.1672105793550948682, 0.4911098681751975281, -0.4148081721816622158 ) ) ;
#1605 = CARTESIAN_POINT ( 'NONE',  ( -0.3163594974495614887, -0.4131753763256450496, -0.3902582583790635828 ) ) ;
#1606 = CARTESIAN_POINT ( 'NONE',  ( 0.4524946206351330713, 0.1789854978141504904, -0.2499999999999997502 ) ) ;
#1607 = CARTESIAN_POINT ( 'NONE',  ( 0.03390938014894716995, -0.5125152004633738434, -0.6063905543205817539 ) ) ;
#1608 = CARTESIAN_POINT ( 'NONE',  ( 0.4659669129517388653, 0.2111937933319627536, -0.6458486760042075892 ) ) ;
#1609 = CARTESIAN_POINT ( 'NONE',  ( 0.4100371276894448358, -0.2501296381163313765, -0.2651599702380992296 ) ) ;
#1610 = CARTESIAN_POINT ( 'NONE',  ( -0.4046130682582842475, -0.3108780439852595334, -0.6889725036309568562 ) ) ;
#1611 = CARTESIAN_POINT ( 'NONE',  ( -0.01544355844574284674, -0.4774456454677850070, -0.3485863095237396458 ) ) ;
#1612 = CARTESIAN_POINT ( 'NONE',  ( -0.3014269447215252584, -0.3731685632208942560, -0.2934337797619337440 ) ) ;
#1613 = CARTESIAN_POINT ( 'NONE',  ( 0.3849618792463170847, 0.3378791996748725102, -0.6525159511384663880 ) ) ;
#1614 = ORIENTED_EDGE ( 'NONE', *, *, #5466, .T. ) ;
#1615 = CARTESIAN_POINT ( 'NONE',  ( -0.1738573635933950701, -0.4980743287940118669, -0.4636346726190742062 ) ) ;
#1616 = CARTESIAN_POINT ( 'NONE',  ( 0.4638838016805233444, -0.09603540131240756450, -0.4755394345237696219 ) ) ;
#1617 = CARTESIAN_POINT ( 'NONE',  ( 0.09549023179070854905, -0.4612896143415709527, -0.5601748511904752759 ) ) ;
#1618 = CARTESIAN_POINT ( 'NONE',  ( 0.07221096131537126095, 0.4619779912174531433, -0.6803385416667075969 ) ) ;
#1619 = CARTESIAN_POINT ( 'NONE',  ( -0.2948828176490970177, 0.3718601969426411080, -0.4566592261904252048 ) ) ;
#1620 = EDGE_LOOP ( 'NONE', ( #6950, #7809 ) ) ;
#1621 = CARTESIAN_POINT ( 'NONE',  ( 0.3192285488055773834, -0.3405706837576251700, -0.6968005952380416090 ) ) ;
#1622 = CARTESIAN_POINT ( 'NONE',  ( 0.000000000000000000, 0.000000000000000000, -0.1689462113107774999 ) ) ;
#1623 = CARTESIAN_POINT ( 'NONE',  ( 0.07195778544431907786, 0.5125246572385795396, -0.7828311011903789085 ) ) ;
#1624 = CARTESIAN_POINT ( 'NONE',  ( 0.5312500000000000000, 1.182924880895401264E-16, -0.2499999999999998057 ) ) ;
#1625 = CARTESIAN_POINT ( 'NONE',  ( 0.3778530886691092161, 0.3952810785567355545, -0.2413238243805922445 ) ) ;
#1626 = ORIENTED_EDGE ( 'NONE', *, *, #7965, .T. ) ;
#1627 = CARTESIAN_POINT ( 'NONE',  ( 0.1087937044281982041, -0.4491477571967528726, -0.8455171130951795178 ) ) ;
#1628 = EDGE_CURVE ( 'NONE', #4064, #1873, #3129, .T. ) ;
#1629 = CARTESIAN_POINT ( 'NONE',  ( 0.5133782368300290333, -0.1062815377268794825, -0.5134858630952700009 ) ) ;
#1630 = CARTESIAN_POINT ( 'NONE',  ( 0.2978543568824319476, -0.4026106523321103525, -0.9459928473337051447 ) ) ;
#1631 = CARTESIAN_POINT ( 'NONE',  ( 0.4959961890276082808, 0.1327501247373364945, -0.5863082916937428779 ) ) ;
#1632 = CARTESIAN_POINT ( 'NONE',  ( -0.4205939910194489983, 0.1949394399351536411, -0.8085007440477414153 ) ) ;
#1633 = CARTESIAN_POINT ( 'NONE',  ( 0.3749492186086307299, 0.2597222521684662278, -1.037760416666606789 ) ) ;
#1634 = DIRECTION ( 'NONE',  ( 0.000000000000000000, 1.047310526070460688E-16, -1.000000000000000000 ) ) ;
#1635 = CARTESIAN_POINT ( 'NONE',  ( -0.3973286778282566489, 0.2472990546878062745, -0.6670386904761790303 ) ) ;
#1636 = CARTESIAN_POINT ( 'NONE',  ( 0.4733971634800676065, 0.05034462553143521923, -0.4095052083333084458 ) ) ;
#1637 = CARTESIAN_POINT ( 'NONE',  ( 0.06744918680152767188, 0.5147394951077892689, -0.4300472692530965535 ) ) ;
#1638 = DIRECTION ( 'NONE',  ( 0.000000000000000000, 0.000000000000000000, 1.000000000000000000 ) ) ;
#1639 = CONICAL_SURFACE ( 'NONE', #7959, 0.5312500000000000000, 1.047197551196600074 ) ;
#1640 = CARTESIAN_POINT ( 'NONE',  ( -0.1453177343557409684, 0.4928380161354138367, -0.8471912202382873014 ) ) ;
#1641 = CARTESIAN_POINT ( 'NONE',  ( 0.5178421557854078205, 7.371186427599397289E-15, -0.4363963481838039615 ) ) ;
#1642 = CARTESIAN_POINT ( 'NONE',  ( -0.3904188743984181031, -0.3426944019403799779, -0.3924923982097246467 ) ) ;
#1643 = CARTESIAN_POINT ( 'NONE',  ( 0.3165796051559504609, -0.4038518119898606429, -0.2499999999999998612 ) ) ;
#1644 = CARTESIAN_POINT ( 'NONE',  ( 0.5312500000000000000, -0.2567973722317400398, -0.03303868548560140450 ) ) ;
#1645 = DIRECTION ( 'NONE',  ( -1.000000000000000000, 0.000000000000000000, 0.000000000000000000 ) ) ;
#1646 = CARTESIAN_POINT ( 'NONE',  ( 0.4373860433318120799, 0.1289667529972662874, -1.050316220238186604 ) ) ;
#1647 = CIRCLE ( 'NONE', #6655, 0.3975000000000000755 ) ;
#1648 = CARTESIAN_POINT ( 'NONE',  ( 0.06826293942214507748, -0.5158642283366797754, -0.3913521572099033508 ) ) ;
#1649 = CARTESIAN_POINT ( 'NONE',  ( 0.4103616818174934400, 0.2416355833823349286, -0.3957403273810335409 ) ) ;
#1650 = CARTESIAN_POINT ( 'NONE',  ( -0.3989600787852907726, -0.2621036150741863913, -0.3683965773810232713 ) ) ;
#1652 = CARTESIAN_POINT ( 'NONE',  ( -0.5158609737368573533, 0.03404066910517601630, -0.4728593995858599852 ) ) ;
#1651 = CARTESIAN_POINT ( 'NONE',  ( -0.4947629107114300817, 0.1323294555970951358, -0.6279662236630263461 ) ) ;
#1653 = CARTESIAN_POINT ( 'NONE',  ( 0.5012698241995320325, -0.06558337919979644048, -0.8664543847140806498 ) ) ;
#1654 = CARTESIAN_POINT ( 'NONE',  ( -0.3834711293175989133, 0.3358731608599594409, -0.7046045592217708986 ) ) ;
#1655 = CARTESIAN_POINT ( 'NONE',  ( 0.5326788976564910127, -0.004149858029557513747, -0.2992001488094956363 ) ) ;
#1656 = CARTESIAN_POINT ( 'NONE',  ( 0.4103616818174934400, 0.2416355833823349286, -0.3957403273810335409 ) ) ;
#1657 = AXIS2_PLACEMENT_3D ( 'NONE', #4695, #7200, #4073 ) ;
#1658 = CARTESIAN_POINT ( 'NONE',  ( -0.4546533042702668448, -0.1296331936943899976, -0.5057663690475800999 ) ) ;
#1659 = COORDINATED_UNIVERSAL_TIME_OFFSET ( 6, 0, .BEHIND. ) ;
#1660 = CARTESIAN_POINT ( 'NONE',  ( -0.4449381781069255970, -0.1387569454388544732, -0.7287016369047119024 ) ) ;
#1661 = CARTESIAN_POINT ( 'NONE',  ( 0.1854196372617931687, -0.4379802286840244752, -0.4240141369047427111 ) ) ;
#1662 = ORIENTED_EDGE ( 'NONE', *, *, #6934, .T. ) ;
#1663 = CARTESIAN_POINT ( 'NONE',  ( -0.1847849058332407812, -0.4257722838236286944, -0.7814360119045180575 ) ) ;
#1664 = APPLICATION_CONTEXT ( 'configuration controlled 3d designs of mechanical parts and assemblies' ) ;
#1665 = CARTESIAN_POINT ( 'NONE',  ( -0.4879057453285122747, 0.3317421476093959654, -0.03300125126917648199 ) ) ;
#1666 = CARTESIAN_POINT ( 'NONE',  ( -0.4539000611232136273, 0.2618515825861341129, -0.2738030769117668628 ) ) ;
#1667 = CARTESIAN_POINT ( 'NONE',  ( -0.2922775761722987142, 0.4301462313256483316, -0.7030319940476209561 ) ) ;
#1668 = CARTESIAN_POINT ( 'NONE',  ( 0.5312500000000000000, -0.2057184485060818691, -0.2290326873556898235 ) ) ;
#1669 = CARTESIAN_POINT ( 'NONE',  ( 0.5312499999999998890, 0.3067173305069887390, -0.2025506638403220816 ) ) ;
#1670 = ORIENTED_EDGE ( 'NONE', *, *, #1790, .F. ) ;
#1671 = CARTESIAN_POINT ( 'NONE',  ( 0.1530425632045132045, -0.4384658757926093164, -0.7729724702381951529 ) ) ;
#1672 = CARTESIAN_POINT ( 'NONE',  ( -0.3654748170351151959, -0.3779304046889153113, -0.4663318452380887380 ) ) ;
#1673 = CARTESIAN_POINT ( 'NONE',  ( 0.000000000000000000, 0.000000000000000000, 0.000000000000000000 ) ) ;
#1674 = CARTESIAN_POINT ( 'NONE',  ( -0.2994241252574437184, -0.4187708745116082154, -0.5427664654851618309 ) ) ;
#1675 = CARTESIAN_POINT ( 'NONE',  ( 0.4174352445657563138, 0.2991825555120166680, -0.5822146511186742091 ) ) ;
#1676 = CARTESIAN_POINT ( 'NONE',  ( 0.4571160022107511045, 0.07144297559532940267, -0.8375186011904791616 ) ) ;
#1677 = EDGE_CURVE ( 'NONE', #5833, #4811, #6801, .T. ) ;
#1678 = CARTESIAN_POINT ( 'NONE',  ( -0.4551206612274431573, 0.04125561266117230841, -1.009951636904719452 ) ) ;
#1679 = DIRECTION ( 'NONE',  ( -0.03112001302225914090, 3.811102433713360910E-18, 0.9995156550997559286 ) ) ;
#1680 = CARTESIAN_POINT ( 'NONE',  ( 0.1498168009963820047, -0.4419366975166145739, -0.7105654761906780026 ) ) ;
#1681 = EDGE_CURVE ( 'NONE', #4573, #5499, #320, .T. ) ;
#1682 = CARTESIAN_POINT ( 'NONE',  ( -0.3349588174059395795, -0.3402080572044149376, -0.3659784226190350154 ) ) ;
#1683 = CARTESIAN_POINT ( 'NONE',  ( 0.3562054075536996711, -0.2877251866605644026, -0.9809337797618316035 ) ) ;
#1684 = CARTESIAN_POINT ( 'NONE',  ( 0.000000000000000000, 0.000000000000000000, -0.9999999999999998890 ) ) ;
#1685 = CARTESIAN_POINT ( 'NONE',  ( 0.1167208204944977928, -0.5015090496917797847, -0.8121279761904537375 ) ) ;
#1686 = CARTESIAN_POINT ( 'NONE',  ( 1.234312164319409134E-17, 0.6134346610139772560, -0.04744933615967765472 ) ) ;
#1687 = CARTESIAN_POINT ( 'NONE',  ( 0.5200424448090518181, -0.03428243208393638025, -0.3657272477787666398 ) ) ;
#1688 = CARTESIAN_POINT ( 'NONE',  ( 0.1677536397732185824, -0.4899069164013426514, -0.2499999999999998335 ) ) ;
#1689 = CARTESIAN_POINT ( 'NONE',  ( -0.03288726998229980075, -0.5117233289605481739, -0.6078687490855337883 ) ) ;
#1690 = FACE_OUTER_BOUND ( 'NONE', #3334, .T. ) ;
#1691 = CARTESIAN_POINT ( 'NONE',  ( 0.2792426790048528340, 0.3636096272120100115, -0.9717261904762276581 ) ) ;
#1692 = ADVANCED_FACE ( 'NONE', ( #6006 ), #7819, .F. ) ;
#1693 = CARTESIAN_POINT ( 'NONE',  ( 0.3795309395616681125, -0.3551198178154773011, -0.3835432607098460123 ) ) ;
#1694 = CARTESIAN_POINT ( 'NONE',  ( -0.06202110643822566355, 0.4725820932777262118, -0.3824404761905293992 ) ) ;
#1695 = CARTESIAN_POINT ( 'NONE',  ( -0.2598095924885148733, -0.4032977675794566230, -0.2922247023809375066 ) ) ;
#1697 = CARTESIAN_POINT ( 'NONE',  ( -0.3821771042370429305, 0.3576340429499005324, -0.2663778338391348810 ) ) ;
#1696 = CARTESIAN_POINT ( 'NONE',  ( -0.08226106629816752613, -0.5262782903203084839, -0.2450706845238009579 ) ) ;
#1698 = DIRECTION ( 'NONE',  ( -0.000000000000000000, -0.000000000000000000, -1.000000000000000000 ) ) ;
#1699 = CARTESIAN_POINT ( 'NONE',  ( -0.5055778433620932155, 0.06681204532840050170, -0.6979232925372367280 ) ) ;
#1700 = CARTESIAN_POINT ( 'NONE',  ( -0.1831268376708897194, -0.4995028223460862837, -0.3209635416666263286 ) ) ;
#1701 = CARTESIAN_POINT ( 'NONE',  ( 0.1351340081849919106, -0.4583013914650240217, -0.3449590773809931843 ) ) ;
#1702 = CARTESIAN_POINT ( 'NONE',  ( 0.3458737602177038850, 0.3241993887136218055, -0.4646577380952665592 ) ) ;
#1703 = CARTESIAN_POINT ( 'NONE',  ( -0.1218148023602255853, 0.4539111326771862465, -0.6041666666666529739 ) ) ;
#1704 = CARTESIAN_POINT ( 'NONE',  ( -0.01982151795837990699, -0.4795185703762050999, -0.2861793154762208857 ) ) ;
#1705 = ORIENTED_EDGE ( 'NONE', *, *, #236, .T. ) ;
#1706 = CARTESIAN_POINT ( 'NONE',  ( 0.1165759650448214557, 0.4504765398903017304, -0.7439546130952003899 ) ) ;
#1707 = CARTESIAN_POINT ( 'NONE',  ( -0.5312500000000001110, 0.3067173305069886280, -0.04744933615967781432 ) ) ;
#1708 = CARTESIAN_POINT ( 'NONE',  ( 0.3330683430748376250, 0.3807887330554453609, -0.8552890607862417838 ) ) ;
#1709 = CARTESIAN_POINT ( 'NONE',  ( -0.5203175142750745552, 0.008725726357462977242, -0.6921502976190556655 ) ) ;
#1710 = CARTESIAN_POINT ( 'NONE',  ( 0.2134285521853799550, 0.4159088174277678074, -0.6750372023809733113 ) ) ;
#1711 = DIRECTION ( 'NONE',  ( 0.000000000000000000, 0.000000000000000000, 1.000000000000000000 ) ) ;
#1712 = CARTESIAN_POINT ( 'NONE',  ( 0.5027305735669750364, 0.1346083269088698686, -0.3620023410533395047 ) ) ;
#1713 = ORIENTED_EDGE ( 'NONE', *, *, #5923, .F. ) ;
#1714 = CARTESIAN_POINT ( 'NONE',  ( -0.5214163013143461312, -0.08149308056685129753, -0.4022507440476255636 ) ) ;
#1715 = CARTESIAN_POINT ( 'NONE',  ( 0.08303618852219520063, -0.4996427405096190988, -0.8095258265282180288 ) ) ;
#1716 = CARTESIAN_POINT ( 'NONE',  ( -0.5058874870130724011, 0.06686298023052651696, -0.6878967639379821586 ) ) ;
#1717 = CARTESIAN_POINT ( 'NONE',  ( -0.08323450265815623972, -0.5028731301302152845, -1.033110119047517594 ) ) ;
#1718 = CARTESIAN_POINT ( 'NONE',  ( -0.3976267783484954133, 0.2425592546054070597, -0.7383742559523164273 ) ) ;
#1719 = CARTESIAN_POINT ( 'NONE',  ( -0.08212694189063815542, -0.4523563283195369822, -0.9216889880953978986 ) ) ;
#1720 = DIRECTION ( 'NONE',  ( -0.000000000000000000, -1.047310526070460688E-16, 1.000000000000000000 ) ) ;
#1721 = CARTESIAN_POINT ( 'NONE',  ( -0.1717381173610242617, 0.4351096008083209510, -0.6742931547617959653 ) ) ;
#1722 = CARTESIAN_POINT ( 'NONE',  ( -0.008021225967251488856, 0.4787638727316823606, -0.3212425595238686538 ) ) ;
#1723 = CARTESIAN_POINT ( 'NONE',  ( 0.5142928118353370381, 0.06743571235178245915, -0.4449435191555050628 ) ) ;
#1724 = CARTESIAN_POINT ( 'NONE',  ( -0.4509618513753455571, -0.05918350813653537601, -1.078869047619028798 ) ) ;
#1725 = CARTESIAN_POINT ( 'NONE',  ( 0.1660445289278024428, -0.4898046749861451055, -0.7395833333332149095 ) ) ;
#1726 = FACE_OUTER_BOUND ( 'NONE', #8154, .T. ) ;
#1727 = CARTESIAN_POINT ( 'NONE',  ( -0.3092821988844609016, 0.4027294659534413346, -0.7682455005486122923 ) ) ;
#1728 = CARTESIAN_POINT ( 'NONE',  ( 0.4005414612305158162, 0.2181141836905723386, -1.047898065476237761 ) ) ;
#1729 = EDGE_CURVE ( 'NONE', #4888, #3165, #4040, .T. ) ;
#1730 = CARTESIAN_POINT ( 'NONE',  ( -0.4593364136019867927, -0.2270921538886223889, -0.6197716854311468015 ) ) ;
#1731 = DIRECTION ( 'NONE',  ( 0.000000000000000000, 0.000000000000000000, -1.000000000000000000 ) ) ;
#1732 = CARTESIAN_POINT ( 'NONE',  ( 0.1180467294307646492, -0.4398708654493309611, -1.068452380952291003 ) ) ;
#1733 = CARTESIAN_POINT ( 'NONE',  ( 0.4511617698785598818, -0.2599263332719037867, -0.3809336347774789910 ) ) ;
#1734 = CARTESIAN_POINT ( 'NONE',  ( -0.008021225958934336334, 0.4787638727308098918, -0.3123139880952110481 ) ) ;
#1735 = CARTESIAN_POINT ( 'NONE',  ( -0.4813801325250219865, -0.01556282463208966821, -0.2317708333332638704 ) ) ;
#1737 = CARTESIAN_POINT ( 'NONE',  ( -0.1192322406320306533, 0.5094423768306726164, -0.2730673607430788574 ) ) ;
#1736 = CARTESIAN_POINT ( 'NONE',  ( -0.4063453575974319554, 0.3115108942388485347, -0.6324361817293507881 ) ) ;
#1738 = CARTESIAN_POINT ( 'NONE',  ( 0.000000000000000000, 0.000000000000000000, 1.189999999999999947 ) ) ;
#1739 = EDGE_CURVE ( 'NONE', #1959, #4104, #6584, .T. ) ;
#1740 = CARTESIAN_POINT ( 'NONE',  ( -0.2255681159674989833, 0.4569907980497246447, -0.7090734503379803044 ) ) ;
#1741 = CARTESIAN_POINT ( 'NONE',  ( -0.5306997633264592951, 0.03021762057862660555, -0.3354724702380847412 ) ) ;
#1742 = CARTESIAN_POINT ( 'NONE',  ( 0.3865361488722660055, 0.2820333654567303006, -0.3231956845237361486 ) ) ;
#1743 = CARTESIAN_POINT ( 'NONE',  ( 0.4707081158654223274, 0.05433658302604402884, -0.4719122023809729782 ) ) ;
#1744 = CARTESIAN_POINT ( 'NONE',  ( 0.4099769621175533563, -0.2280572604167540318, -0.6307663690475993068 ) ) ;
#1745 = CARTESIAN_POINT ( 'NONE',  ( -0.2494521050575366494, 0.4089417183186477844, -0.3151971726190280765 ) ) ;
#1746 = ORIENTED_EDGE ( 'NONE', *, *, #790, .T. ) ;
#1747 = CARTESIAN_POINT ( 'NONE',  ( -0.4449381781035239847, -0.1387569454509320344, -0.7197730654761677060 ) ) ;
#1748 = CARTESIAN_POINT ( 'NONE',  ( -0.1182941393827477566, 0.4571479817513258159, -0.5328311011905091377 ) ) ;
#1749 = CARTESIAN_POINT ( 'NONE',  ( -0.3778530886691091606, 0.3952810785567355545, -0.008676175619407614989 ) ) ;
#1750 = DIRECTION ( 'NONE',  ( -1.000000000000000000, 0.000000000000000000, 0.000000000000000000 ) ) ;
#1751 = CARTESIAN_POINT ( 'NONE',  ( 0.05974539624672475790, -0.5175602433397965552, -0.6728050595237833331 ) ) ;
#1752 = CARTESIAN_POINT ( 'NONE',  ( 0.3843066307037834028, -0.2611394048415882074, -0.7657180059523330806 ) ) ;
#1753 = CARTESIAN_POINT ( 'NONE',  ( -0.4968419078531635114, 0.08220435985750551566, -0.9025542165553400720 ) ) ;
#1754 = CARTESIAN_POINT ( 'NONE',  ( 0.1583109178470035183, -0.4318356639503113659, -0.9245721726191022949 ) ) ;
#1755 = CARTESIAN_POINT ( 'NONE',  ( 0.4510793039141031691, 0.2608005436215127815, -0.3690346373236224053 ) ) ;
#1756 = VERTEX_POINT ( 'NONE', #5965 ) ;
#1757 = CARTESIAN_POINT ( 'NONE',  ( 0.2527150775619552703, -0.4640806786716972221, -0.3804873511904625083 ) ) ;
#1758 = CARTESIAN_POINT ( 'NONE',  ( 0.3090899193250685739, -0.4024815231800993875, -0.8039588416183000019 ) ) ;
#1759 = CARTESIAN_POINT ( 'NONE',  ( -0.5052981578443552779, 2.319660973262144288E-14, -0.8392857142857161890 ) ) ;
#1760 = CARTESIAN_POINT ( 'NONE',  ( -0.2876463409092291923, -0.4233163660120761174, -0.9666108630953416103 ) ) ;
#1761 = CARTESIAN_POINT ( 'NONE',  ( -0.3043475330392224620, -0.3473147868598327470, -0.8563988095236126918 ) ) ;
#1762 = CARTESIAN_POINT ( 'NONE',  ( -0.3975000000000000755, 0.000000000000000000, 0.2380000000000000171 ) ) ;
#1763 = CARTESIAN_POINT ( 'NONE',  ( 0.4479132758005624493, -0.1320791926305230068, -0.6996837797619315236 ) ) ;
#1764 = CARTESIAN_POINT ( 'NONE',  ( -0.3014269447293219106, -0.3731685632143712517, -0.2934337797618910004 ) ) ;
#1765 = CARTESIAN_POINT ( 'NONE',  ( 0.007691627741953854618, 0.4586257711541240623, -0.9555431547617722066 ) ) ;
#1766 = CARTESIAN_POINT ( 'NONE',  ( 0.2079594579615855199, -0.4052683955447871078, -1.057105654761994584 ) ) ;
#1767 = CARTESIAN_POINT ( 'NONE',  ( -0.2995858397584694188, -0.4184166292266828791, -0.8218005952379069390 ) ) ;
#1768 = CARTESIAN_POINT ( 'NONE',  ( -0.5312500000000000000, -1.182924880895401264E-16, 0.000000000000000000 ) ) ;
#1769 = CARTESIAN_POINT ( 'NONE',  ( 0.2951503536820643259, 0.4126385573020824316, -0.7827490958102488738 ) ) ;
#1770 = CARTESIAN_POINT ( 'NONE',  ( -0.02588430707146944718, -0.4545854985626527345, -1.072079613095222150 ) ) ;
#1771 = CARTESIAN_POINT ( 'NONE',  ( -0.2262274566060246128, -0.4600265216436489335, -0.6123299583082119080 ) ) ;
#1772 = DIRECTION ( 'NONE',  ( 1.000000000000000000, 0.000000000000000000, 0.000000000000000000 ) ) ;
#1773 = CARTESIAN_POINT ( 'NONE',  ( 0.003556514134099639148, 0.4564436902527846396, -1.035807291666736019 ) ) ;
#1774 = CARTESIAN_POINT ( 'NONE',  ( 0.3909331787697723493, -0.3425518104824415433, -0.3831753265953638521 ) ) ;
#1775 = VECTOR ( 'NONE', #2971, 39.37007874015748143 ) ;
#1776 = CARTESIAN_POINT ( 'NONE',  ( 0.4684072524268989568, 0.09696369625403115922, -0.3280319940476474350 ) ) ;
#1777 = CARTESIAN_POINT ( 'NONE',  ( 0.4858662334193062926, 0.1432619826215679459, -1.079334077380905255 ) ) ;
#1779 = CARTESIAN_POINT ( 'NONE',  ( -0.3936672367895059921, 0.3449709984285845299, -0.2660042962941587819 ) ) ;
#1778 = CARTESIAN_POINT ( 'NONE',  ( -0.3088434455000169110, -0.4034870091148614057, -0.7574183691205544910 ) ) ;
#1780 = CARTESIAN_POINT ( 'NONE',  ( -0.01691983932416556147, 0.5069693945790751943, -0.7853334184322796618 ) ) ;
#1781 = CARTESIAN_POINT ( 'NONE',  ( 0.3358695113326444770, 0.3838222669600938608, -0.7224566666207635768 ) ) ;
#1782 = CARTESIAN_POINT ( 'NONE',  ( 0.3904586459499707063, 0.3594603734924434746, -0.3620721726189665701 ) ) ;
#1783 = CONICAL_SURFACE ( 'NONE', #4291, 0.5002943035887735812, 0.03112503826905463691 ) ;
#1784 = ADVANCED_FACE ( 'NONE', ( #312 ), #1402, .T. ) ;
#1785 = CARTESIAN_POINT ( 'NONE',  ( 0.4653356495412841465, 0.1006928089126229581, -0.3993675595237790032 ) ) ;
#1786 = CARTESIAN_POINT ( 'NONE',  ( 0.4509156542905407572, -0.1450840594784272020, -0.4767485119047534248 ) ) ;
#1787 = CARTESIAN_POINT ( 'NONE',  ( 0.3054219826716220165, 0.3596853289687261812, -0.5437127976190545553 ) ) ;
#1788 = CARTESIAN_POINT ( 'NONE',  ( 0.4528342017811459175, -0.1535195727308096003, -0.3430059523809876332 ) ) ;
#1789 = AXIS2_PLACEMENT_3D ( 'NONE', #1387, #7702, #5186 ) ;
#1790 = EDGE_CURVE ( 'NONE', #5113, #2820, #4852, .T. ) ;
#1791 = ORIENTED_EDGE ( 'NONE', *, *, #7080, .T. ) ;
#1792 = CARTESIAN_POINT ( 'NONE',  ( 0.04957590675319067941, -0.4661693740052200163, -0.6327194940475313611 ) ) ;
#1793 = CIRCLE ( 'NONE', #7980, 0.3750000000000001110 ) ;
#1794 = CARTESIAN_POINT ( 'NONE',  ( 0.4102478122889812728, -0.2366434517462149556, -0.4880952380952313097 ) ) ;
#1795 = CARTESIAN_POINT ( 'NONE',  ( 0.1335650095690445738, 0.4996462896619731642, -0.4929482404928678951 ) ) ;
#1796 = CARTESIAN_POINT ( 'NONE',  ( -0.5055868902562702383, 0.03330724529529356659, -0.8300121781327131076 ) ) ;
#1797 = CIRCLE ( 'NONE', #6409, 0.3749999999999998890 ) ;
#1798 = CARTESIAN_POINT ( 'NONE',  ( -0.4568877337365941926, -0.2541426110294208729, -0.6147693452381954859 ) ) ;
#1799 = CARTESIAN_POINT ( 'NONE',  ( 0.3618065550767906036, 0.2922392016493052802, -0.7512090773808179911 ) ) ;
#1800 = CC_DESIGN_APPROVAL ( #1077, ( #87 ) ) ;
#1801 = CARTESIAN_POINT ( 'NONE',  ( -0.2430822995056199642, -0.4730910299591744583, 3.035979508583914676E-16 ) ) ;
#1802 = CARTESIAN_POINT ( 'NONE',  ( 0.1084982212530308104, 0.4478940975846622541, -0.8955543154761181901 ) ) ;
#1803 = CARTESIAN_POINT ( 'NONE',  ( 0.1672967562139758280, 0.4937235495632883997, -0.3608543938884062885 ) ) ;
#1804 = EDGE_LOOP ( 'NONE', ( #2101, #1467, #6045, #5067, #774 ) ) ;
#1805 = CARTESIAN_POINT ( 'NONE',  ( 0.1494292378197552840, -0.5067815815540914759, -0.3829055059523954752 ) ) ;
#1806 = DIRECTION ( 'NONE',  ( 0.000000000000000000, 0.000000000000000000, 1.000000000000000000 ) ) ;
#1807 = CARTESIAN_POINT ( 'NONE',  ( 0.4785146547211321377, 0.1625907877862699524, -0.8712731167422510525 ) ) ;
#1808 = CARTESIAN_POINT ( 'NONE',  ( 0.2773893702062631972, -0.4306017415993243502, -0.9533110119047036868 ) ) ;
#1809 = CARTESIAN_POINT ( 'NONE',  ( 0.06012937424611207449, -0.4581685986747356387, -0.8467261904763524472 ) ) ;
#1810 = VECTOR ( 'NONE', #4328, 39.37007874015748854 ) ;
#1811 = CARTESIAN_POINT ( 'NONE',  ( -0.3875718572489242342, 0.3102554933706632712, -0.2499999999999998335 ) ) ;
#1812 = CARTESIAN_POINT ( 'NONE',  ( 0.4562120130463628853, 0.1105048907535909342, -0.6223028273810565780 ) ) ;
#1813 = CARTESIAN_POINT ( 'NONE',  ( 0.5312500000000000000, 1.182924880895401264E-16, 0.000000000000000000 ) ) ;
#1814 = CARTESIAN_POINT ( 'NONE',  ( -0.04140495533960483060, 0.4568565382013018428, -0.9543340773809394495 ) ) ;
#1815 = CARTESIAN_POINT ( 'NONE',  ( -0.3408109196218231940, 0.3041006552056103041, -1.017206101190564205 ) ) ;
#1816 = CARTESIAN_POINT ( 'NONE',  ( -0.3855922369469080846, -0.3440470044890422963, -0.7528831845237290432 ) ) ;
#1817 = FACE_OUTER_BOUND ( 'NONE', #6489, .T. ) ;
#1818 = CARTESIAN_POINT ( 'NONE',  ( -0.4628351623445300933, 0.2092845201430614255, -0.7626525662841815434 ) ) ;
#1819 = CARTESIAN_POINT ( 'NONE',  ( 0.4571684449397918626, 0.03014329899209469699, -0.9813988095237984322 ) ) ;
#1820 = DIRECTION ( 'NONE',  ( -0.000000000000000000, -0.000000000000000000, 1.000000000000000000 ) ) ;
#1821 = CARTESIAN_POINT ( 'NONE',  ( -0.5002943035887735812, 6.126838175216457331E-17, -0.9999999999999998890 ) ) ;
#1822 = CARTESIAN_POINT ( 'NONE',  ( -0.2570542990113141579, -0.3782946610016015287, -1.006789434523952753 ) ) ;
#1823 = CARTESIAN_POINT ( 'NONE',  ( 0.4866145815215491277, -0.1830468755001449788, -0.3790885058661281337 ) ) ;
#1824 = CARTESIAN_POINT ( 'NONE',  ( 0.4785731755824594869, 0.04337332645215589977, -0.2579055059524211768 ) ) ;
#1825 = CARTESIAN_POINT ( 'NONE',  ( 0.4753792189383479472, -0.1742828898195731002, -1.086588541666670071 ) ) ;
#1827 = CARTESIAN_POINT ( 'NONE',  ( -0.4900273056532086224, 0.1843429315477511099, -0.2619152225049926064 ) ) ;
#1826 = CARTESIAN_POINT ( 'NONE',  ( 0.4037237151418099912, -0.3094474194416391710, -0.7395684798571384722 ) ) ;
#1828 = CARTESIAN_POINT ( 'NONE',  ( -0.5075222741918343772, -1.165303909797412344E-15, -0.7678513255379223468 ) ) ;
#1829 = CARTESIAN_POINT ( 'NONE',  ( -0.2551777944174517532, 0.4411684784250832769, -0.7083240798417773654 ) ) ;
#1830 = CARTESIAN_POINT ( 'NONE',  ( 0.2069729241663786357, 0.4888696950335726377, -0.3572358630953071379 ) ) ;
#1831 = CARTESIAN_POINT ( 'NONE',  ( 0.1854196372749846167, -0.4379802286808009426, -0.4150855654762163893 ) ) ;
#1832 = CARTESIAN_POINT ( 'NONE',  ( -0.2968064543442678893, 0.3674609402927523916, -0.5190662202381778334 ) ) ;
#1833 = CARTESIAN_POINT ( 'NONE',  ( -0.3963305701267182402, 0.2693096164712072693, -0.3103608630951714686 ) ) ;
#1834 = ORIENTED_EDGE ( 'NONE', *, *, #4721, .F. ) ;
#1835 = CARTESIAN_POINT ( 'NONE',  ( 0.4099769621255355267, -0.2280572604096589018, -0.6218377976190486711 ) ) ;
#1836 = CARTESIAN_POINT ( 'NONE',  ( 0.4714963402050481589, 0.007899405029999728364, -0.5533854166666378749 ) ) ;
#1837 = CARTESIAN_POINT ( 'NONE',  ( 0.08705013551062124044, 0.5631762418439267837, -0.02107407634765170665 ) ) ;
#1838 = CARTESIAN_POINT ( 'NONE',  ( 0.4011093841998737974, 0.3081355068929212404, -0.8575212843489521397 ) ) ;
#1839 = CARTESIAN_POINT ( 'NONE',  ( -0.4814116495546549301, -0.2038068281745898103, -0.6159784226190396783 ) ) ;
#1840 = EDGE_CURVE ( 'NONE', #4803, #1876, #7409, .T. ) ;
#1841 = CARTESIAN_POINT ( 'NONE',  ( -0.2748541642857309508, -0.3766834768262151134, -0.7125186011903855698 ) ) ;
#1842 = CARTESIAN_POINT ( 'NONE',  ( -0.08705013551062115718, -0.5631762418439268947, -0.02107407634765177257 ) ) ;
#1843 = CARTESIAN_POINT ( 'NONE',  ( 0.1039666368391492096, 0.4466755213795399748, -0.9668898809524010263 ) ) ;
#1844 = CARTESIAN_POINT ( 'NONE',  ( 0.3171084757476318461, 0.4136265851349783529, -0.3645821605575737534 ) ) ;
#1845 = ORIENTED_EDGE ( 'NONE', *, *, #6772, .F. ) ;
#1846 = CARTESIAN_POINT ( 'NONE',  ( -0.5190969262678709617, 0.08113862264956929471, -0.4772135416666951069 ) ) ;
#1847 = CARTESIAN_POINT ( 'NONE',  ( 0.2243720855741737907, -0.4542063305468303502, -0.8061802823694487197 ) ) ;
#1848 = DIRECTION ( 'NONE',  ( -0.000000000000000000, -0.000000000000000000, -1.000000000000000000 ) ) ;
#1849 = CARTESIAN_POINT ( 'NONE',  ( 0.5021885382664112996, 0.09116562294021382518, -1.011346726190303524 ) ) ;
#1850 = CARTESIAN_POINT ( 'NONE',  ( -0.2198234510755604221, -0.4036636182326011069, -0.9253162202382325674 ) ) ;
#1851 = CARTESIAN_POINT ( 'NONE',  ( -0.5099030732554404866, -0.04971134770487103255, -0.2499999999999998057 ) ) ;
#1852 = CARTESIAN_POINT ( 'NONE',  ( 3.849200453776103040E-17, -0.6134346610139772560, -0.2499999999999998057 ) ) ;
#1853 = ORIENTED_EDGE ( 'NONE', *, *, #3867, .F. ) ;
#1854 = CARTESIAN_POINT ( 'NONE',  ( -0.4496485255247713031, 0.09308847240822630542, -0.9398251488096245332 ) ) ;
#1855 = DIRECTION ( 'NONE',  ( 1.000000000000000000, 0.000000000000000000, 0.000000000000000000 ) ) ;
#1856 = CARTESIAN_POINT ( 'NONE',  ( -0.04647427128003820546, -0.5126970581425989160, -0.8157552083334520532 ) ) ;
#1857 = LINE ( 'NONE', #6188, #6518 ) ;
#1858 = CARTESIAN_POINT ( 'NONE',  ( -0.4400631464995591324, 0.2536323462186624300, -0.7637732631104489078 ) ) ;
#1859 = CARTESIAN_POINT ( 'NONE',  ( 0.2479114300199300180, -0.3848428299869072200, -0.9934895833334296267 ) ) ;
#1860 = DIRECTION ( 'NONE',  ( -0.000000000000000000, -0.000000000000000000, 1.000000000000000000 ) ) ;
#1861 = CARTESIAN_POINT ( 'NONE',  ( -0.4168199043048707586, -0.1931814666206328746, -0.9414992559523595039 ) ) ;
#1862 = CARTESIAN_POINT ( 'NONE',  ( -0.5145121937530302558, -0.06787112314711964134, -0.4092144979631973656 ) ) ;
#1863 = CARTESIAN_POINT ( 'NONE',  ( -0.1578332924978198826, 0.4521909036702356777, -0.3086867559523623350 ) ) ;
#1864 = CARTESIAN_POINT ( 'NONE',  ( -0.05338811376873366793, 0.5019742008645717846, -1.134951542936250224 ) ) ;
#1866 = CARTESIAN_POINT ( 'NONE',  ( -0.5312500000000001110, 0.1042433882366956832, -0.005492805232143373878 ) ) ;
#1865 = CARTESIAN_POINT ( 'NONE',  ( 0.06689141679672493124, -0.5047987627256774745, -0.7485042692172901857 ) ) ;
#1867 = CARTESIAN_POINT ( 'NONE',  ( 0.4025837264622287859, 0.3094077409902543652, -0.7961196375583388107 ) ) ;
#1868 = CARTESIAN_POINT ( 'NONE',  ( -0.2246093141773738144, -0.4562057606097573159, -0.7451700442347365394 ) ) ;
#1869 = CARTESIAN_POINT ( 'NONE',  ( -0.3821849978661972513, -0.3762762113683860710, -0.1831287202381125245 ) ) ;
#1870 = CARTESIAN_POINT ( 'NONE',  ( -0.2897014660745634296, 0.3843358081125125003, -0.2337239583332628712 ) ) ;
#1871 = CARTESIAN_POINT ( 'NONE',  ( 0.4528342017811459175, -0.1535195727308096003, -0.3340773809524162363 ) ) ;
#1872 = CARTESIAN_POINT ( 'NONE',  ( -0.4436994973514466478, 0.1751372015050240427, -0.3792782738094118700 ) ) ;
#1873 = VERTEX_POINT ( 'NONE', #7543 ) ;
#1874 = CARTESIAN_POINT ( 'NONE',  ( -0.3350285684517064766, 0.3298593306194693708, -0.5891927083333555748 ) ) ;
#1875 = CARTESIAN_POINT ( 'NONE',  ( -0.3604991319922894455, -0.3061025549000782608, -0.5098586309523551741 ) ) ;
#1876 = VERTEX_POINT ( 'NONE', #2478 ) ;
#1877 = CARTESIAN_POINT ( 'NONE',  ( -0.4543605113623054859, 0.2238928436368278763, -0.8344660286089202739 ) ) ;
#1878 = CARTESIAN_POINT ( 'NONE',  ( -0.4429462666655172853, 0.2853511983398676621, -0.4841889880951912861 ) ) ;
#1879 = CARTESIAN_POINT ( 'NONE',  ( -0.3013979122263552024, 0.3549585357613077585, -0.7330729166666229979 ) ) ;
#1880 = FACE_OUTER_BOUND ( 'NONE', #5585, .T. ) ;
#1881 = CARTESIAN_POINT ( 'NONE',  ( 0.4283486574133865132, 0.1690695009307818519, -0.9064360119047739639 ) ) ;
#1882 = CARTESIAN_POINT ( 'NONE',  ( 0.5189227653624628456, 0.03430999003483393983, -0.3742457604908392965 ) ) ;
#1883 = ORIENTED_EDGE ( 'NONE', *, *, #69, .F. ) ;
#1884 = CARTESIAN_POINT ( 'NONE',  ( -0.004133432519314989700, 0.5315915776261866954, -0.2789248511903686389 ) ) ;
#1885 = CARTESIAN_POINT ( 'NONE',  ( -0.4905793822630833412, -0.1143959607525152494, -0.8980830834591493339 ) ) ;
#1886 = CARTESIAN_POINT ( 'NONE',  ( 0.3446968626525706014, 0.3687235513508039797, -0.8656829284481343256 ) ) ;
#1887 = CARTESIAN_POINT ( 'NONE',  ( 0.5053266921198602546, -0.07094725710427848830, -1.014973958333331705 ) ) ;
#1888 = EDGE_CURVE ( 'NONE', #4104, #4486, #3390, .T. ) ;
#1889 = CARTESIAN_POINT ( 'NONE',  ( -0.08660329906089153651, -0.4537939246877745747, -0.8503534226190497813 ) ) ;
#1890 = EDGE_CURVE ( 'NONE', #3874, #2237, #2432, .T. ) ;
#1891 = CARTESIAN_POINT ( 'NONE',  ( -0.4959338399056502644, -0.1330185524714654621, -0.6119974618719926651 ) ) ;
#1892 = CARTESIAN_POINT ( 'NONE',  ( -0.2656249999999998335, -0.4600759957604831363, 0.000000000000000000 ) ) ;
#1893 = VERTEX_POINT ( 'NONE', #1813 ) ;
#1894 = CARTESIAN_POINT ( 'NONE',  ( -0.3393233471445036842, 0.3123947890931993432, -0.8745349702381415291 ) ) ;
#1895 = ADVANCED_FACE ( 'NONE', ( #6925 ), #3648, .T. ) ;
#1896 = CARTESIAN_POINT ( 'NONE',  ( 0.4486320970659586904, 0.08144273468641288760, -1.042596726190400336 ) ) ;
#1897 = CARTESIAN_POINT ( 'NONE',  ( -0.3710455543783293675, 0.3653200010138492049, -0.6271391369048154862 ) ) ;
#1898 = CARTESIAN_POINT ( 'NONE',  ( -0.5163947013005549813, 0.03407175157220105471, -0.4828858344388362589 ) ) ;
#1899 = CARTESIAN_POINT ( 'NONE',  ( 0.000000000000000000, 0.000000000000000000, -0.9441340197651776345 ) ) ;
#1900 = CARTESIAN_POINT ( 'NONE',  ( 0.1146522682861245146, -0.4430744515465050437, -0.9971168154761868019 ) ) ;
#1901 = CARTESIAN_POINT ( 'NONE',  ( 0.3414866527193725076, -0.3892580166642257700, -0.4460733647815329772 ) ) ;
#1902 = CARTESIAN_POINT ( 'NONE',  ( -0.2241493310784463955, 0.4029679443363302083, -0.8870907738094607753 ) ) ;
#1903 = CARTESIAN_POINT ( 'NONE',  ( -0.4640954173275393391, -0.04206107905665728425, -0.7221912202381451928 ) ) ;
#1904 = CARTESIAN_POINT ( 'NONE',  ( 0.4968648008257069981, 0.06718481103921007669, -0.9459181356542344377 ) ) ;
#1905 = VECTOR ( 'NONE', #6862, 39.37007874015748854 ) ;
#1906 = CARTESIAN_POINT ( 'NONE',  ( -0.3634575553733275233, -0.3514680899863741881, -1.109561011904702355 ) ) ;
#1908 = CARTESIAN_POINT ( 'NONE',  ( 0.5089462933812949341, 9.618271207786930720E-13, -0.7221145364173472414 ) ) ;
#1907 = CARTESIAN_POINT ( 'NONE',  ( 0.5053420883942313369, -0.06627858107871009707, -0.7336267784266916614 ) ) ;
#1909 = CARTESIAN_POINT ( 'NONE',  ( 0.4798357484999598577, 0.1631068147026091542, -0.7998448045518096183 ) ) ;
#1910 = CARTESIAN_POINT ( 'NONE',  ( 0.4959292609495915549, -0.1152098336926921235, -0.7247140468349796416 ) ) ;
#1911 = CARTESIAN_POINT ( 'NONE',  ( -0.3731153255239554323, -0.3013737070208200031, -0.2869233630952712777 ) ) ;
#1912 = CIRCLE ( 'NONE', #6517, 0.3975000000000000755 ) ;
#1913 = CARTESIAN_POINT ( 'NONE',  ( 0.4653356495386053449, 0.1006928089208661281, -0.3993675595238063702 ) ) ;
#1914 = CARTESIAN_POINT ( 'NONE',  ( -0.4813801325220114502, -0.01556282462267042678, -0.2317708333333483028 ) ) ;
#1915 = ORIENTED_EDGE ( 'NONE', *, *, #5826, .F. ) ;
#1916 = CARTESIAN_POINT ( 'NONE',  ( -0.2996288488348627932, 0.3593649443457991310, -0.6617373511904274253 ) ) ;
#1917 = CARTESIAN_POINT ( 'NONE',  ( 0.4695984194759639796, -0.04256786006974368208, -0.5545944940476139617 ) ) ;
#1918 = AXIS2_PLACEMENT_3D ( 'NONE', #3734, #5042, #6898 ) ;
#1919 = ORIENTED_EDGE ( 'NONE', *, *, #4620, .T. ) ;
#1920 = CARTESIAN_POINT ( 'NONE',  ( -0.1294573575281794398, 0.4662954929588250530, -0.2499999999999997502 ) ) ;
#1921 = CARTESIAN_POINT ( 'NONE',  ( 0.5219878962014099510, -0.04259525498435814267, -0.5857514880952563452 ) ) ;
#1922 = CARTESIAN_POINT ( 'NONE',  ( 0.4695984194783221488, -0.04256786007041354208, -0.5456659226190697654 ) ) ;
#1923 = DIRECTION ( 'NONE',  ( 1.000000000000000000, 0.000000000000000000, 0.000000000000000000 ) ) ;
#1924 = CARTESIAN_POINT ( 'NONE',  ( 0.06439026415113119350, 0.4586214145539682652, -0.8230096726191605816 ) ) ;
#1925 = VECTOR ( 'NONE', #281, 39.37007874015748854 ) ;
#1926 = CARTESIAN_POINT ( 'NONE',  ( 0.3793768380744433344, 0.3560671352699255054, -0.3664240552074528035 ) ) ;
#1927 = VERTEX_POINT ( 'NONE', #4333 ) ;
#1928 = VECTOR ( 'NONE', #3459, 39.37007874015748143 ) ;
#1929 = CARTESIAN_POINT ( 'NONE',  ( -0.5103370313124545588, 0.1504859257227058045, -0.2644159226189563561 ) ) ;
#1930 = CARTESIAN_POINT ( 'NONE',  ( -0.4518679718992429928, -0.2228196535899132635, -0.8954822830851524307 ) ) ;
#1931 = CARTESIAN_POINT ( 'NONE',  ( 0.2936086064153359820, 0.4106181122312422827, -0.8641981841354432481 ) ) ;
#1932 = CARTESIAN_POINT ( 'NONE',  ( 0.4560474627576638906, 0.2392133238094080738, -0.8650483630952242597 ) ) ;
#1933 = CARTESIAN_POINT ( 'NONE',  ( 0.4618423010991303257, -0.02629744908425103028, -0.8310081845240276932 ) ) ;
#1934 = CARTESIAN_POINT ( 'NONE',  ( 0.2271793184096794205, -0.4602657138044720098, -0.5918999303096319498 ) ) ;
#1935 = VECTOR ( 'NONE', #4472, 39.37007874015748143 ) ;
#1936 = PLANE ( 'NONE',  #7460 ) ;
#1937 = VERTEX_POINT ( 'NONE', #6846 ) ;
#1938 = CARTESIAN_POINT ( 'NONE',  ( 0.4468909990645843489, 0.1199307658831364060, -0.8273809523809505517 ) ) ;
#1939 = CARTESIAN_POINT ( 'NONE',  ( 0.3227893367402160374, -0.3278590082522301330, -0.9108072916667339092 ) ) ;
#1940 = CARTESIAN_POINT ( 'NONE',  ( -0.4284484775254669420, -0.2967811562303892536, -0.6114211309523563953 ) ) ;
#1941 = CARTESIAN_POINT ( 'NONE',  ( 0.03306346177726023766, 0.5150587182340748971, -0.5007218345731975218 ) ) ;
#1942 = CARTESIAN_POINT ( 'NONE',  ( 0.1134317054680142600, 0.4578335382785547747, -0.9755001774926322922 ) ) ;
#1943 = CARTESIAN_POINT ( 'NONE',  ( -0.3043475330402492518, -0.3473147868629504198, -0.8653273809523334137 ) ) ;
#1944 = EDGE_CURVE ( 'NONE', #1962, #15, #1191, .T. ) ;
#1945 = CARTESIAN_POINT ( 'NONE',  ( -0.4644974494320461833, -0.2292666498191678337, -0.4669071458360993243 ) ) ;
#1946 = CARTESIAN_POINT ( 'NONE',  ( -0.3976554142006126780, 0.2293799134878461710, -0.9523809523809790845 ) ) ;
#1947 = CARTESIAN_POINT ( 'NONE',  ( -0.4629354070821305456, -0.08403942486826455893, -0.5872395833333406978 ) ) ;
#1948 = CARTESIAN_POINT ( 'NONE',  ( -0.3790481608732159668, -0.2713887279114199358, -0.7161458333333409199 ) ) ;
#1949 = CARTESIAN_POINT ( 'NONE',  ( -0.5023524915478840835, 0.03072426762720238680, -0.9114080869417650055 ) ) ;
#1950 = CARTESIAN_POINT ( 'NONE',  ( -0.4844424692984297121, 0.1510853338514071276, -1.050316220238157960 ) ) ;
#1951 = CARTESIAN_POINT ( 'NONE',  ( -0.09913107962084354019, -0.4580810123345994134, -0.6452752976189418677 ) ) ;
#1953 = CARTESIAN_POINT ( 'NONE',  ( 0.4416750490636066062, 0.2554261510564374560, -0.7161486379967942906 ) ) ;
#1952 = CARTESIAN_POINT ( 'NONE',  ( -0.2204384543598409130, 0.4861644600495781399, -0.2488784760876628366 ) ) ;
#1954 = CARTESIAN_POINT ( 'NONE',  ( 0.4982868104187009317, -0.1332796140187086087, -0.5108044272216477610 ) ) ;
#1955 = CARTESIAN_POINT ( 'NONE',  ( -0.06603821559994013657, -0.5043151212811085582, -0.7414480356278988493 ) ) ;
#1956 = CARTESIAN_POINT ( 'NONE',  ( -0.01982151794596373473, -0.4795185703792286258, -0.2772507440475919238 ) ) ;
#1957 = CARTESIAN_POINT ( 'NONE',  ( 0.4103616818104591779, 0.2416355833902988082, -0.3957403273809329547 ) ) ;
#1958 = CARTESIAN_POINT ( 'NONE',  ( 0.1473102881697017641, 0.4578348865599642936, -0.2535342261904959815 ) ) ;
#1959 = VERTEX_POINT ( 'NONE', #4373 ) ;
#1960 = CARTESIAN_POINT ( 'NONE',  ( 0.09549023180226905161, -0.4612896143390177173, -0.5601748511905064731 ) ) ;
#1961 = CARTESIAN_POINT ( 'NONE',  ( -0.2100387062230950896, 0.4254980225465197496, -0.4590773809523401860 ) ) ;
#1962 = VERTEX_POINT ( 'NONE', #3803 ) ;
#1963 = CARTESIAN_POINT ( 'NONE',  ( 0.5091139500796050266, 0.1233194140635080344, -0.5821242559523477356 ) ) ;
#1964 = ADVANCED_FACE ( 'NONE', ( #6306 ), #1936, .F. ) ;
#1965 = CARTESIAN_POINT ( 'NONE',  ( 0.3516578592277686544, -0.3137790527183410005, -0.5529203869047457642 ) ) ;
#1966 = CARTESIAN_POINT ( 'NONE',  ( 0.000000000000000000, 0.3754282004472573875, 1.185470590824565962 ) ) ;
#1967 = CARTESIAN_POINT ( 'NONE',  ( 0.1052631157726139910, -0.4522809741274352313, -0.7831101190475192597 ) ) ;
#1968 = CARTESIAN_POINT ( 'NONE',  ( -0.3604991319862496657, -0.3061025549064901874, -0.5098586309523671645 ) ) ;
#1969 = DIRECTION ( 'NONE',  ( -1.000000000000000000, 0.000000000000000000, 0.000000000000000000 ) ) ;
#1970 = EDGE_LOOP ( 'NONE', ( #2954, #4937, #6586, #7118 ) ) ;
#1971 = CARTESIAN_POINT ( 'NONE',  ( -0.1328802074576775627, -0.5134821329296259673, -0.3176153273809922406 ) ) ;
#1972 = LINE ( 'NONE', #5145, #338 ) ;
#1973 = CARTESIAN_POINT ( 'NONE',  ( -0.5136679087915361208, 0.03349361640848258492, -0.5442837417531918298 ) ) ;
#1974 = CARTESIAN_POINT ( 'NONE',  ( 0.3123958917114799672, 0.4067801198853386868, -0.9315476190478030327 ) ) ;
#1975 = CARTESIAN_POINT ( 'NONE',  ( -0.4018561251911823007, -0.2317937723915574066, -0.7886904761902652217 ) ) ;
#1976 = CARTESIAN_POINT ( 'NONE',  ( 0.06882048984584349105, -0.5180304477802946117, -0.3199235459243869317 ) ) ;
#1977 = CARTESIAN_POINT ( 'NONE',  ( -0.3926827849526176584, -0.3447484889865091162, -0.3210638080657359228 ) ) ;
#1978 = ORIENTED_EDGE ( 'NONE', *, *, #3430, .T. ) ;
#1979 = CARTESIAN_POINT ( 'NONE',  ( -0.4509768894905288872, 0.09759377418717585240, -0.8684895833333581283 ) ) ;
#1980 = CARTESIAN_POINT ( 'NONE',  ( 0.01485804442645329189, -0.4595858647268622477, -0.9192708333334740356 ) ) ;
#1981 = CARTESIAN_POINT ( 'NONE',  ( 0.05492140222208365813, -0.5164297768991524817, -0.6706659226191136192 ) ) ;
#1982 = CARTESIAN_POINT ( 'NONE',  ( 0.2123611647229287358, 0.4702624053709538732, -0.5048182975881115864 ) ) ;
#1983 = CARTESIAN_POINT ( 'NONE',  ( -0.4087757210488311421, 0.3133401688821434439, -0.5610034371461374292 ) ) ;
#1984 = CARTESIAN_POINT ( 'NONE',  ( -0.08660329906021328739, -0.4537939246851279695, -0.8592819940474329954 ) ) ;
#1985 = CARTESIAN_POINT ( 'NONE',  ( 0.5009631204891679124, -0.06554342229009706144, -0.8764710322040527579 ) ) ;
#1986 = CARTESIAN_POINT ( 'NONE',  ( -0.4350529551617312030, -0.1474831427977806031, -0.9427083333334831394 ) ) ;
#1987 = CARTESIAN_POINT ( 'NONE',  ( -0.05401443835730521115, -0.4678482085103229382, -0.5727306547618785659 ) ) ;
#1988 = CARTESIAN_POINT ( 'NONE',  ( -0.3976267783535561984, 0.2425592545970556568, -0.7294456845238390663 ) ) ;
#1989 = CARTESIAN_POINT ( 'NONE',  ( -0.4576995892924294873, 0.2090031448653952295, -0.9155842737767478923 ) ) ;
#1990 = CARTESIAN_POINT ( 'NONE',  ( -0.4829209326340251351, -0.1637108707308518873, -0.9717261904760886582 ) ) ;
#1991 = CARTESIAN_POINT ( 'NONE',  ( 0.4677363341980056433, -0.03816863431999738959, -0.6259300595237841103 ) ) ;
#1993 = CARTESIAN_POINT ( 'NONE',  ( 0.06602193694079772079, 0.5062776770939765303, -0.7057331886212960814 ) ) ;
#1992 = CARTESIAN_POINT ( 'NONE',  ( -0.5189540565047162657, 2.078765582678899908E-15, -0.4006842109468926605 ) ) ;
#1994 = CARTESIAN_POINT ( 'NONE',  ( 0.06787110461940541739, -0.5117243742854596933, -0.5241839279133092555 ) ) ;
#1995 = CARTESIAN_POINT ( 'NONE',  ( 0.5056392812122421088, -0.06640012124765519441, -0.7235980468432555712 ) ) ;
#1996 = CARTESIAN_POINT ( 'NONE',  ( -0.4813801325269776443, -0.01556282463680540122, -0.2228422619047998876 ) ) ;
#1997 = CARTESIAN_POINT ( 'NONE',  ( 0.4733971634800676065, 0.05034462553143521923, -0.4005766369047369935 ) ) ;
#1998 = CARTESIAN_POINT ( 'NONE',  ( -0.2023508895449852019, 0.4366039510913314881, -0.2450706845237497766 ) ) ;
#1999 = CARTESIAN_POINT ( 'NONE',  ( 0.04271720275094039593, -0.4713342964590729878, -0.4900483630952581771 ) ) ;
#2000 = EDGE_CURVE ( 'NONE', #7278, #6696, #4164, .T. ) ;
#2001 = CARTESIAN_POINT ( 'NONE',  ( 0.03875974275325255042, 0.4749808121062139565, -0.3937872023809747546 ) ) ;
#2002 = EDGE_LOOP ( 'NONE', ( #7030, #6620, #6867, #1578 ) ) ;
#2003 = CARTESIAN_POINT ( 'NONE',  ( 0.5144006284608790835, -0.09816911023331209574, -0.5869605654762569680 ) ) ;
#2004 = CARTESIAN_POINT ( 'NONE',  ( 0.04957590675319067941, -0.4661693740052200163, -0.6327194940475313611 ) ) ;
#2005 = CARTESIAN_POINT ( 'NONE',  ( -0.08274107977725615737, 0.4557837520811839904, -0.8193824404762840574 ) ) ;
#2006 = CARTESIAN_POINT ( 'NONE',  ( -0.003669654017050326487, -0.4709803568830904785, -0.5715215773809533273 ) ) ;
#2007 = ORIENTED_EDGE ( 'NONE', *, *, #1739, .F. ) ;
#2008 = CARTESIAN_POINT ( 'NONE',  ( -0.5287554061487489410, 0.03487197388488157829, -0.3333333333334125292 ) ) ;
#2009 = FACE_BOUND ( 'NONE', #5392, .T. ) ;
#2010 = CARTESIAN_POINT ( 'NONE',  ( 0.4807831173995842922, 0.1812001585765154743, -0.5751606651456551145 ) ) ;
#2011 = CARTESIAN_POINT ( 'NONE',  ( 0.3909096803913560403, 0.3319248234377855100, -0.9339657738093397610 ) ) ;
#2012 = CARTESIAN_POINT ( 'NONE',  ( -0.2638611673046757367, 0.3809242709791544335, -0.8056175595239321030 ) ) ;
#2013 = CARTESIAN_POINT ( 'NONE',  ( -0.06794680164552467649, -0.5180524436314704051, -0.3229028580438995655 ) ) ;
#2014 = CARTESIAN_POINT ( 'NONE',  ( -0.2309886374017503241, -0.4688829070351538397, -0.3166000840015371076 ) ) ;
#2015 = ORIENTED_EDGE ( 'NONE', *, *, #6026, .T. ) ;
#2016 = CARTESIAN_POINT ( 'NONE',  ( -0.1300234408862440405, -0.4409414930956601641, -0.9228980654760530200 ) ) ;
#2017 = CARTESIAN_POINT ( 'NONE',  ( 0.3562054075430369782, -0.2877251866661015844, -0.9809337797618803423 ) ) ;
#2018 = CARTESIAN_POINT ( 'NONE',  ( 0.2365043305001097440, 0.4608775941036112878, -0.7129836309523314153 ) ) ;
#2019 = LINE ( 'NONE', #5773, #2708 ) ;
#2020 = CARTESIAN_POINT ( 'NONE',  ( -0.1656011184654641588, 0.4875032866856555680, -0.5677095297416704378 ) ) ;
#2021 = CARTESIAN_POINT ( 'NONE',  ( 0.3845905645428329689, -0.2526726737736016415, -0.9173177083334568271 ) ) ;
#2022 = CARTESIAN_POINT ( 'NONE',  ( -0.2252398413197048421, 0.4859894027655906057, -0.2048921130953087755 ) ) ;
#2023 = CARTESIAN_POINT ( 'NONE',  ( -0.5167301219818301039, 8.224505838238120847E-13, -0.4721127598344486143 ) ) ;
#2024 = CARTESIAN_POINT ( 'NONE',  ( -0.1826679401876576680, 0.4209143619496791278, -0.9596354166666255514 ) ) ;
#2025 = CARTESIAN_POINT ( 'NONE',  ( 0.3825551555563171946, -0.2791384679955984383, -0.4893043154761906322 ) ) ;
#2026 = CARTESIAN_POINT ( 'NONE',  ( -0.4312868126803371394, -0.1825859027117952005, -0.6472284226190270218 ) ) ;
#2027 = CARTESIAN_POINT ( 'NONE',  ( -0.4973376292316101233, 0.07694673910732262312, -0.9124565020531065773 ) ) ;
#2028 = CARTESIAN_POINT ( 'NONE',  ( -0.4072846155793610201, -0.3069999260180319434, -0.9680989583332462178 ) ) ;
#2029 = CARTESIAN_POINT ( 'NONE',  ( -0.2173050918890681582, 0.4142813702548850952, -0.6730840773810112809 ) ) ;
#2031 = CARTESIAN_POINT ( 'NONE',  ( 0.4919354961778219515, 0.1319014195115659760, -0.7191324874739501993 ) ) ;
#2030 = CARTESIAN_POINT ( 'NONE',  ( 0.000000000000000000, 0.000000000000000000, -0.2499999999999998057 ) ) ;
#2032 = CARTESIAN_POINT ( 'NONE',  ( -0.4370988652719666190, -0.2723018708821135503, -0.5372092641775056965 ) ) ;
#2033 = CARTESIAN_POINT ( 'NONE',  ( -0.1313055030819208213, -0.4921643323297034689, -0.7429425052683320541 ) ) ;
#2034 = CARTESIAN_POINT ( 'NONE',  ( -0.4320157089777792447, -0.2132561015832497853, -0.2180059523809432520 ) ) ;
#2035 = CARTESIAN_POINT ( 'NONE',  ( 0.1425292919294200433, 0.4570074801881156001, -0.3159412202380448287 ) ) ;
#2036 = CARTESIAN_POINT ( 'NONE',  ( 0.000000000000000000, 0.000000000000000000, 0.000000000000000000 ) ) ;
#2037 = CARTESIAN_POINT ( 'NONE',  ( -0.4546533042721534468, -0.1296331937069264417, -0.5057663690475472373 ) ) ;
#2038 = CARTESIAN_POINT ( 'NONE',  ( 0.3504130177241868149, 0.3225933881235298895, -0.4022507440475088236 ) ) ;
#2039 = EDGE_CURVE ( 'NONE', #4803, #1893, #3255, .T. ) ;
#2040 = ORIENTED_EDGE ( 'NONE', *, *, #7785, .T. ) ;
#2041 = CIRCLE ( 'NONE', #6511, 0.5312500000000000000 ) ;
#2042 = CARTESIAN_POINT ( 'NONE',  ( -0.1319305392643261299, 0.5098440494266972545, -0.4926525297619312460 ) ) ;
#2043 = CARTESIAN_POINT ( 'NONE',  ( -0.04957590675319525214, -0.4660940845243017328, -0.6351376488096115436 ) ) ;
#2044 = EDGE_CURVE ( 'NONE', #4374, #5379, #219, .T. ) ;
#2045 = DIRECTION ( 'NONE',  ( 1.000000000000000000, 0.000000000000000000, 0.000000000000000000 ) ) ;
#2046 = CARTESIAN_POINT ( 'NONE',  ( -0.3701232942993298858, 0.2789982619342570302, -0.8109188988094636619 ) ) ;
#2047 = CARTESIAN_POINT ( 'NONE',  ( 0.4453283897284283088, 0.1554379278579909041, -0.5497581845238027620 ) ) ;
#2048 = ORIENTED_EDGE ( 'NONE', *, *, #934, .T. ) ;
#2049 = EDGE_CURVE ( 'NONE', #6369, #1001, #1010, .T. ) ;
#2050 = AXIS2_PLACEMENT_3D ( 'NONE', #1078, #4958, #8086 ) ;
#2051 = CARTESIAN_POINT ( 'NONE',  ( -0.5131168096927950506, -0.1327774462443328252, -0.3297061011905614847 ) ) ;
#2052 = CARTESIAN_POINT ( 'NONE',  ( -0.3792818082014818293, -0.3329886287452056282, -0.8924989848229454292 ) ) ;
#2053 = CARTESIAN_POINT ( 'NONE',  ( -0.5230898944589480459, 3.254740773701563713E-15, -0.2678489586205710649 ) ) ;
#2054 = CARTESIAN_POINT ( 'NONE',  ( 0.4961358424648871224, -0.1283914293790575645, -0.9448474702380176282 ) ) ;
#2055 = AXIS2_PLACEMENT_3D ( 'NONE', #6552, #903, #2217 ) ;
#2056 = CARTESIAN_POINT ( 'NONE',  ( 0.5044369391917925549, -0.1349104245315665418, -0.3065406414743312435 ) ) ;
#2057 = CARTESIAN_POINT ( 'NONE',  ( -0.4517584599217474572, -0.2608171902728212421, -0.3233032695823693237 ) ) ;
#2058 = ORIENTED_EDGE ( 'NONE', *, *, #5220, .F. ) ;
#2059 = CARTESIAN_POINT ( 'NONE',  ( 0.4618423010991303257, -0.02629744908425103028, -0.8310081845240276932 ) ) ;
#2060 = CARTESIAN_POINT ( 'NONE',  ( -0.4551206612208142932, 0.04125561267216618783, -1.009951636904779182 ) ) ;
#2061 = CONICAL_SURFACE ( 'NONE', #7326, 0.5002943035887735812, 0.03112503826905463691 ) ;
#2062 = CARTESIAN_POINT ( 'NONE',  ( -0.2407836585925228201, 0.4590411661309367619, -0.7021019345238687093 ) ) ;
#2063 = CARTESIAN_POINT ( 'NONE',  ( -0.4640365055907838543, 0.2287666932710574752, -0.4873518363498360872 ) ) ;
#2064 = CARTESIAN_POINT ( 'NONE',  ( -0.1335537524157330291, 0.4971987447267001703, -0.5684352766214858521 ) ) ;
#2065 = CARTESIAN_POINT ( 'NONE',  ( -0.2671573113348006401, 0.3731382553658596501, -0.9572172619046702691 ) ) ;
#2066 = CARTESIAN_POINT ( 'NONE',  ( -0.4202045844759517701, -0.3332202761433569194, -0.1843377976190570533 ) ) ;
#2067 = AXIS2_PLACEMENT_3D ( 'NONE', #690, #1303, #5717 ) ;
#2068 = EDGE_CURVE ( 'NONE', #8017, #4374, #4696, .T. ) ;
#2069 = CARTESIAN_POINT ( 'NONE',  ( 0.5041862576258975270, -3.579147722949194563E-15, -0.8749978354362610844 ) ) ;
#2070 = CARTESIAN_POINT ( 'NONE',  ( -0.1276401157167062206, 0.4476633465004211665, -0.7468377976191398204 ) ) ;
#2071 = CC_DESIGN_SECURITY_CLASSIFICATION ( #87, ( #4171 ) ) ;
#2072 = CARTESIAN_POINT ( 'NONE',  ( -0.4207181348367189933, -0.2206814702682499407, -0.4409412202381108870 ) ) ;
#2073 = CARTESIAN_POINT ( 'NONE',  ( -0.1747991561137687277, 0.4314808931616065379, -0.7367001488095403783 ) ) ;
#2074 = CARTESIAN_POINT ( 'NONE',  ( -0.2135531914731561565, 0.4553192479345528620, -0.9235818479377150281 ) ) ;
#2075 = CARTESIAN_POINT ( 'NONE',  ( -0.4125067237303640111, 0.2953544231750510063, -1.053943452380880164 ) ) ;
#2076 = CARTESIAN_POINT ( 'NONE',  ( -0.2377617755457906989, -0.4037673559348426422, -0.6489025297618351562 ) ) ;
#2078 = CARTESIAN_POINT ( 'NONE',  ( 0.5152830989821534091, -0.03361064804170758175, -0.5185883876059290687 ) ) ;
#2077 = CARTESIAN_POINT ( 'NONE',  ( 0.000000000000000000, 0.3750000000000001110, 0.2380000000000000726 ) ) ;
#2079 = CARTESIAN_POINT ( 'NONE',  ( 0.4193520040822228401, -0.3001129971038336564, -0.5148938240796196997 ) ) ;
#2080 = CARTESIAN_POINT ( 'NONE',  ( 0.2090945225077034952, -0.4610789718538245152, -0.8165838147138811953 ) ) ;
#2081 = CARTESIAN_POINT ( 'NONE',  ( 0.03302242650344650032, 0.5109134163268445050, -0.6335657300483850118 ) ) ;
#2082 = CARTESIAN_POINT ( 'NONE',  ( 0.09750886575441279625, 0.4710014397690005516, -0.2433965773809846078 ) ) ;
#2083 = CARTESIAN_POINT ( 'NONE',  ( -0.3291702286143852740, 0.3511768366898486704, -0.2414434523809706468 ) ) ;
#2084 = CARTESIAN_POINT ( 'NONE',  ( 0.3785315267209802825, 0.2853262875700446899, -0.4658668154761833047 ) ) ;
#2085 = CARTESIAN_POINT ( 'NONE',  ( 0.2267757687555147783, 0.4164304798783001194, -0.4699590773809674826 ) ) ;
#2086 = ORIENTED_EDGE ( 'NONE', *, *, #7226, .F. ) ;
#2087 = CARTESIAN_POINT ( 'NONE',  ( 0.4219979207790445774, 0.3180905903667621826, -0.4346168154761833047 ) ) ;
#2088 = CARTESIAN_POINT ( 'NONE',  ( -0.3523305359390461189, -0.3087321066653856416, -0.6436011904760421398 ) ) ;
#2089 = CARTESIAN_POINT ( 'NONE',  ( -0.2377617755578796954, -0.4037673559319769900, -0.6399739583333746706 ) ) ;
#2090 = CARTESIAN_POINT ( 'NONE',  ( -0.5033865768248381167, 2.731847993664262725E-16, -0.9006820624695167643 ) ) ;
#2091 = CARTESIAN_POINT ( 'NONE',  ( 0.4501112166509229628, 0.1164732038220681609, -0.7649739583333813320 ) ) ;
#2092 = CARTESIAN_POINT ( 'NONE',  ( -0.4716740469306379135, -0.03109984921486419474, -0.5171130952381342016 ) ) ;
#2093 = VERTEX_POINT ( 'NONE', #6702 ) ;
#2094 = EDGE_CURVE ( 'NONE', #6988, #6369, #3091, .T. ) ;
#2095 = CARTESIAN_POINT ( 'NONE',  ( 0.000000000000000000, 0.000000000000000000, -0.2499999999999998057 ) ) ;
#2096 = DIRECTION ( 'NONE',  ( -0.000000000000000000, -0.000000000000000000, 1.000000000000000000 ) ) ;
#2097 = CARTESIAN_POINT ( 'NONE',  ( 0.5134173996838182763, 0.03371699932925042303, -0.5785111021335372916 ) ) ;
#2098 = CARTESIAN_POINT ( 'NONE',  ( -0.4187639024937175325, -0.3055485287225314095, -0.7562313988093662953 ) ) ;
#2099 = CARTESIAN_POINT ( 'NONE',  ( -0.03295750641605545844, -0.5120302552057698353, -0.5978496545821996300 ) ) ;
#2100 = CARTESIAN_POINT ( 'NONE',  ( -0.03404438376461511179, -0.5217378780734964749, -0.3121450755554156520 ) ) ;
#2101 = ORIENTED_EDGE ( 'NONE', *, *, #4214, .F. ) ;
#2102 = CARTESIAN_POINT ( 'NONE',  ( -0.4398206580361229134, 0.1535238844635114230, -0.7270275297618555843 ) ) ;
#2103 = CARTESIAN_POINT ( 'NONE',  ( 0.3213849812283585683, -0.3323487259158235396, -0.8394717261904706129 ) ) ;
#2104 = CARTESIAN_POINT ( 'NONE',  ( 0.2936314067044116238, 0.4321244693648091939, -0.5715215773809151356 ) ) ;
#2105 = CARTESIAN_POINT ( 'NONE',  ( 0.5119731539020906386, 0.06787293240468876554, -0.5163607455757764919 ) ) ;
#2106 = CARTESIAN_POINT ( 'NONE',  ( -0.2974157615359760420, 0.3747021751146716317, -0.9687961555513008305 ) ) ;
#2107 = CARTESIAN_POINT ( 'NONE',  ( -0.4168199043099681811, -0.1931814666107836420, -0.9414992559524683058 ) ) ;
#2108 = CARTESIAN_POINT ( 'NONE',  ( -0.008730956661635411176, -0.5335943762721581107, -0.1742931500020946378 ) ) ;
#2109 = CARTESIAN_POINT ( 'NONE',  ( 0.03356694589527234318, -0.5028036553984687185, -0.8920910365316971902 ) ) ;
#2110 = CARTESIAN_POINT ( 'NONE',  ( 0.3843066307081253741, -0.2611394048301938775, -0.7746465773809771971 ) ) ;
#2111 = CARTESIAN_POINT ( 'NONE',  ( -0.2948828176490970177, 0.3718601969426411080, -0.4566592261904252048 ) ) ;
#2112 = CARTESIAN_POINT ( 'NONE',  ( 0.4658703671996149986, -0.2106733267270384236, -0.6555179385422476024 ) ) ;
#2113 = CARTESIAN_POINT ( 'NONE',  ( -0.5030744028928608724, 4.413641914763825416E-15, -0.9107084956815536536 ) ) ;
#2114 = CARTESIAN_POINT ( 'NONE',  ( -0.2854611950628244688, -0.4201005299455534692, -1.035807291666744678 ) ) ;
#2115 = CARTESIAN_POINT ( 'NONE',  ( -0.3523305359423064553, -0.3087321066658458291, -0.6525297619048294750 ) ) ;
#2117 = CARTESIAN_POINT ( 'NONE',  ( -0.1326901773708491217, -0.4975443717232759799, -0.5386755414641672957 ) ) ;
#2116 = CARTESIAN_POINT ( 'NONE',  ( -0.2656249999999998890, 0.4600759957604831363, -0.2499999999999998057 ) ) ;
#2118 = CARTESIAN_POINT ( 'NONE',  ( -0.4690188173078035927, -0.2125439008144125452, -0.5387056539989251158 ) ) ;
#2119 = CARTESIAN_POINT ( 'NONE',  ( -0.4543480568430804944, -0.2618333880572490946, -0.2619105271082389774 ) ) ;
#2120 = CARTESIAN_POINT ( 'NONE',  ( -0.5312500000000000000, 0.1042433882366955028, -0.2445071947678564284 ) ) ;
#2121 = CARTESIAN_POINT ( 'NONE',  ( 0.3809039318706875510, -0.2925240136698237792, -0.2663690476189701783 ) ) ;
#2122 = CARTESIAN_POINT ( 'NONE',  ( -0.4773690240975252408, -0.1799094766633168307, -0.6923227379756492494 ) ) ;
#2123 = CARTESIAN_POINT ( 'NONE',  ( -0.1511859145447178032, -0.4459504594328541072, -0.5662202380952546799 ) ) ;
#2124 = CARTESIAN_POINT ( 'NONE',  ( 0.4488204398598560907, 0.1521504592045482551, -0.4784226190476292828 ) ) ;
#2125 = ORIENTED_EDGE ( 'NONE', *, *, #178, .T. ) ;
#2126 = CARTESIAN_POINT ( 'NONE',  ( 0.5027315564238310497, -0.1617555691959502995, -0.4454985119048359143 ) ) ;
#2127 = CARTESIAN_POINT ( 'NONE',  ( 0.4300092688400200536, 0.1992944152300468452, -0.4682849702381025048 ) ) ;
#2128 = B_SPLINE_CURVE_WITH_KNOTS ( 'NONE', 3,
 ( #2872, #5388, #7895, #7273, #6656, #3039, #2462, #7404, #5548, #4232, #6741, #1838, #3746, #1708, #8148, #6126, #3125, #8020, #7362, #3788, #1094, #3621, #4358, #474, #2996, #4318, #6293, #2503, #1175, #4273, #517, #5016, #5508, #1216, #645, #8102, #5634, #3166, #2374, #4931, #7528, #3706, #1877, #4977, #4891, #1136, #7488, #4398, #1796, #6910 ),
 .UNSPECIFIED., .F., .F.,
 ( 4, 2, 2, 2, 2, 2, 2, 2, 2, 2, 2, 2, 2, 2, 2, 2, 2, 2, 2, 2, 2, 2, 2, 2, 4 ),
 ( 0.1519869658222461339, 0.1532500780802965312, 0.1545131903383469285, 0.1570394148544477231, 0.1583025271124981204, 0.1595656393705485177, 0.1620918638866493122, 0.1646180884027501068, 0.1658812006608004763, 0.1671443129188508736, 0.1696705374349516682, 0.1709336496930020655, 0.1721967619510524627, 0.1747229864671532573, 0.1759860987252036546, 0.1772492109832540519, 0.1785123232413044492, 0.1797754354993548465, 0.1823016600154556410, 0.1835647722735060383, 0.1848278845315564356, 0.1873541090476572302, 0.1886172213057076275, 0.1898803335637580247, 0.1924065580798588193 ),
 .UNSPECIFIED. ) ;
#2129 = CARTESIAN_POINT ( 'NONE',  ( -0.3173178189689613848, -0.3446708368489641017, -0.6423921130951968372 ) ) ;
#2130 = CARTESIAN_POINT ( 'NONE',  ( 0.3909532425159353841, 0.2518477643472939453, -0.7613467261903391625 ) ) ;
#2131 = CARTESIAN_POINT ( 'NONE',  ( 0.2699893759577695063, 0.3897571389956788201, -0.4711681547618764565 ) ) ;
#2132 = ORIENTED_EDGE ( 'NONE', *, *, #7275, .F. ) ;
#2133 = CARTESIAN_POINT ( 'NONE',  ( 0.3494567276409348278, 0.3734064933646922824, -0.6514054221526868194 ) ) ;
#2134 = CARTESIAN_POINT ( 'NONE',  ( -0.3151863128695676086, -0.4108976463987610295, -0.4717162108949769506 ) ) ;
#2135 = CARTESIAN_POINT ( 'NONE',  ( -0.5078449563844358305, 0.08387757321586164494, -0.5453996845472077748 ) ) ;
#2136 = CARTESIAN_POINT ( 'NONE',  ( -0.5074736756336614141, -0.1050510681017920583, -0.7610677083331975901 ) ) ;
#2137 = DIRECTION ( 'NONE',  ( -0.000000000000000000, -1.000000000000000000, -0.000000000000000000 ) ) ;
#2138 = CARTESIAN_POINT ( 'NONE',  ( 0.5088850380092287962, -0.1184628527613185156, -0.2961459271267249949 ) ) ;
#2139 = CARTESIAN_POINT ( 'NONE',  ( -0.2638611673127626012, 0.3809242709696665230, -0.8056175595237415887 ) ) ;
#2140 = CARTESIAN_POINT ( 'NONE',  ( 0.3893714337560054695, -0.3474297394584772158, -0.5908668154761944624 ) ) ;
#2141 = CARTESIAN_POINT ( 'NONE',  ( -0.1833167444697738901, -0.4580291225312501102, -0.9534575501784612328 ) ) ;
#2142 = CARTESIAN_POINT ( 'NONE',  ( 0.03337248767444477709, 0.5136278326123007165, -0.5721602641827824298 ) ) ;
#2143 = CARTESIAN_POINT ( 'NONE',  ( 0.1593872012487068945, 0.4347483050356110712, -0.8254278273809484423 ) ) ;
#2144 = EDGE_CURVE ( 'NONE', #1756, #3296, #7805, .T. ) ;
#2145 = CARTESIAN_POINT ( 'NONE',  ( -0.3972730311534046210, 0.2209906052441348023, -1.086123511904759642 ) ) ;
#2146 = CARTESIAN_POINT ( 'NONE',  ( -0.3790355895020437460, -0.3327938620782541213, -0.9025152311884103717 ) ) ;
#2147 = CARTESIAN_POINT ( 'NONE',  ( -0.2701615319526616821, -0.3773204915614965516, -0.7927827380952372494 ) ) ;
#2148 = EDGE_CURVE ( 'NONE', #4486, #4803, #4827, .T. ) ;
#2149 = CARTESIAN_POINT ( 'NONE',  ( 0.2699893759577695063, 0.3897571389956788201, -0.4711681547618764565 ) ) ;
#2150 = CARTESIAN_POINT ( 'NONE',  ( 0.1823441881679628285, 0.4850974000128972508, -0.4326587203282749039 ) ) ;
#2151 = CARTESIAN_POINT ( 'NONE',  ( 0.4769063908026195397, 0.1600041666853024014, -0.9427395818944654948 ) ) ;
#2152 = CARTESIAN_POINT ( 'NONE',  ( -0.3372525410756773145, 0.3848780016356455613, -0.9136904761904760530 ) ) ;
#2153 = CARTESIAN_POINT ( 'NONE',  ( -0.4497742548319679234, 0.2590588959444626860, -0.4066265262389213708 ) ) ;
#2155 = DIRECTION ( 'NONE',  ( 0.000000000000000000, 0.000000000000000000, 1.000000000000000000 ) ) ;
#2154 = CARTESIAN_POINT ( 'NONE',  ( 0.3911278649184625200, -0.3428070125692517234, -0.3731574577643830826 ) ) ;
#2156 = CARTESIAN_POINT ( 'NONE',  ( 0.4739366928331131823, -0.1582007307458327683, -0.2499999999999997502 ) ) ;
#2157 = CARTESIAN_POINT ( 'NONE',  ( -0.5052981578443552779, 2.319660973262144288E-14, -0.8392857142857161890 ) ) ;
#2158 = FACE_OUTER_BOUND ( 'NONE', #2002, .T. ) ;
#2159 = CARTESIAN_POINT ( 'NONE',  ( -0.4769931670214697106, -0.06696144917080582015, -0.2216331845238172227 ) ) ;
#2160 = CARTESIAN_POINT ( 'NONE',  ( 0.1902962213029173177, -0.4137574762424739427, -0.9910047051664138129 ) ) ;
#2161 = CARTESIAN_POINT ( 'NONE',  ( 0.4651851351706753346, -0.1006683850498965721, -0.4042038690476714158 ) ) ;
#2162 = CARTESIAN_POINT ( 'NONE',  ( 0.4100371276907078255, -0.2501296381307382966, -0.2740885416667002694 ) ) ;
#2163 = ORIENTED_EDGE ( 'NONE', *, *, #6223, .F. ) ;
#2164 = CARTESIAN_POINT ( 'NONE',  ( -0.1820505542793671439, 0.4965901812488635048, -0.4201078869047795150 ) ) ;
#2165 = CARTESIAN_POINT ( 'NONE',  ( -0.3604991319910846315, -0.3061025548968350773, -0.5009300595238422860 ) ) ;
#2166 = CARTESIAN_POINT ( 'NONE',  ( 0.1442882829630038610, -0.4484683378323708336, -0.5589657738095257233 ) ) ;
#2167 = CARTESIAN_POINT ( 'NONE',  ( 0.3837820866273561338, -0.2658504608234957822, -0.7033110119047566444 ) ) ;
#2168 = CARTESIAN_POINT ( 'NONE',  ( -0.3967402182584138792, 0.2606547406792499855, -0.4530319940476004725 ) ) ;
#2169 = VERTEX_POINT ( 'NONE', #2509 ) ;
#2170 = CARTESIAN_POINT ( 'NONE',  ( 0.5222898037970733487, -4.802076551362962273E-16, -0.2935463496040146558 ) ) ;
#2171 = CARTESIAN_POINT ( 'NONE',  ( 0.5181293677915626006, -0.03417125569098519028, -0.7284226190476771334 ) ) ;
#2172 = CARTESIAN_POINT ( 'NONE',  ( 0.5312500000000000000, -0.3067173305069885725, -0.2499999999999998057 ) ) ;
#2173 = AXIS2_PLACEMENT_3D ( 'NONE', #4378, #539, #8080 ) ;
#2174 = CARTESIAN_POINT ( 'NONE',  ( 0.3796697040567025838, 0.3562097208533586135, -0.3564014723009630292 ) ) ;
#2175 = CARTESIAN_POINT ( 'NONE',  ( -0.2701615319526616821, -0.3773204915614965516, -0.7838541666666658525 ) ) ;
#2176 = CARTESIAN_POINT ( 'NONE',  ( 0.4233854730072671435, -0.3089305407472005549, -0.5183221726189826128 ) ) ;
#2177 = CARTESIAN_POINT ( 'NONE',  ( 0.4623550073364305346, 0.2285203295519392663, -0.5126389680753753453 ) ) ;
#2178 = DIRECTION ( 'NONE',  ( -1.000000000000000000, 0.000000000000000000, 0.000000000000000000 ) ) ;
#2179 = CARTESIAN_POINT ( 'NONE',  ( 0.4638154768839612974, -0.03058960743766758056, -0.7686011904762521940 ) ) ;
#2180 = VECTOR ( 'NONE', #2761, 39.37007874015748143 ) ;
#2181 = CARTESIAN_POINT ( 'NONE',  ( 0.1039666368504298666, 0.4466755213712056971, -0.9579613095239418730 ) ) ;
#2182 = CARTESIAN_POINT ( 'NONE',  ( 0.4776089342814499594, -0.1620118536308454982, -0.8787163821994886659 ) ) ;
#2183 = FACE_OUTER_BOUND ( 'NONE', #1256, .T. ) ;
#2184 = CARTESIAN_POINT ( 'NONE',  ( 0.2008630142379565220, -0.4162847952189066558, -0.8520275297619631649 ) ) ;
#2185 = CARTESIAN_POINT ( 'NONE',  ( 0.1857519987003137529, 0.4387448581439872819, -0.3974144345237944353 ) ) ;
#2186 = CARTESIAN_POINT ( 'NONE',  ( -0.5186418385119854202, 1.502516396515344672E-15, -0.4107120593065798908 ) ) ;
#2187 = CIRCLE ( 'NONE', #2846, 0.3749999999999999445 ) ;
#2188 = CARTESIAN_POINT ( 'NONE',  ( 0.4781461667029848761, -0.1541097453311081056, -0.9399429994291231827 ) ) ;
#2189 = CARTESIAN_POINT ( 'NONE',  ( -0.09176947601265303400, 0.5055147331937993593, -0.8484002976191524770 ) ) ;
#2190 = CARTESIAN_POINT ( 'NONE',  ( 0.5146123068050967309, 0.06747679397393653578, -0.4349252059644632129 ) ) ;
#2191 = DIRECTION ( 'NONE',  ( 1.000000000000000000, 0.000000000000000000, 0.000000000000000000 ) ) ;
#2192 = DIRECTION ( 'NONE',  ( 0.000000000000000000, 1.000000000000000000, 0.000000000000000000 ) ) ;
#2193 = EDGE_CURVE ( 'NONE', #513, #937, #2781, .T. ) ;
#2194 = CARTESIAN_POINT ( 'NONE',  ( 0.4918503028078090034, 0.1006037356896333501, -0.9441340197651778565 ) ) ;
#2195 = CC_DESIGN_APPROVAL ( #5126, ( #6828 ) ) ;
#2196 = CARTESIAN_POINT ( 'NONE',  ( -0.4950956752323557586, 0.1323010402421221643, -0.6179358849900626893 ) ) ;
#2197 = CARTESIAN_POINT ( 'NONE',  ( -0.2646457741240064165, -0.4028150451185116276, -0.2119605654761468061 ) ) ;
#2198 = CARTESIAN_POINT ( 'NONE',  ( 0.1479152868760544304, -0.4314964417896284266, -0.9910523759654660259 ) ) ;
#2199 = CARTESIAN_POINT ( 'NONE',  ( -0.3989600787887812028, -0.2621036150775636342, -0.3594680059523732152 ) ) ;
#2200 = CARTESIAN_POINT ( 'NONE',  ( 0.04322398377836195876, 0.4768372986079265075, -0.3224516369047318309 ) ) ;
#2201 = ORIENTED_EDGE ( 'NONE', *, *, #6423, .T. ) ;
#2202 = CARTESIAN_POINT ( 'NONE',  ( -0.2302177602693909753, -0.4771022893032167977, -0.3935081845238508347 ) ) ;
#2203 = CARTESIAN_POINT ( 'NONE',  ( -0.2065628871774100317, -0.4280790914355792620, -0.4247581845238507792 ) ) ;
#2204 = CARTESIAN_POINT ( 'NONE',  ( 0.4320514421474179190, -0.1829182641502977991, -0.6206287202381409740 ) ) ;
#2205 = DATE_AND_TIME ( #3489, #4042 ) ;
#2206 = CARTESIAN_POINT ( 'NONE',  ( -0.4275820676534115017, -0.1855616523396945716, -0.7274925595238017628 ) ) ;
#2207 = CARTESIAN_POINT ( 'NONE',  ( 0.4103616818104591779, 0.2416355833902988082, -0.4046688988095044071 ) ) ;
#2208 = ORIENTED_EDGE ( 'NONE', *, *, #837, .F. ) ;
#2209 = CARTESIAN_POINT ( 'NONE',  ( -0.4955680708087474851, 0.1679494553156545555, -0.2715629802750421651 ) ) ;
#2210 = CARTESIAN_POINT ( 'NONE',  ( 0.3264951238597721406, 0.4042036627243962843, -0.7175409226191821199 ) ) ;
#2211 = CARTESIAN_POINT ( 'NONE',  ( -0.3035609107512917682, -0.4240219074333357319, -0.3284898046747852240 ) ) ;
#2212 = CARTESIAN_POINT ( 'NONE',  ( -0.2755414522849257142, 0.4422861776359326980, -0.3407842924778045623 ) ) ;
#2213 = ORIENTED_EDGE ( 'NONE', *, *, #427, .T. ) ;
#2214 = CARTESIAN_POINT ( 'NONE',  ( 0.4571160022146684154, 0.07144297558348418342, -0.8285900297619529509 ) ) ;
#2215 = CARTESIAN_POINT ( 'NONE',  ( -0.3262881744861331201, 0.4114630501596180379, -0.4856770833333745596 ) ) ;
#2216 = CARTESIAN_POINT ( 'NONE',  ( -0.2062956138982794674, -0.4477479160011939019, -0.9538328299741216654 ) ) ;
#2217 = DIRECTION ( 'NONE',  ( -1.000000000000000000, 0.000000000000000000, 0.000000000000000000 ) ) ;
#2218 = CARTESIAN_POINT ( 'NONE',  ( -0.1847849058343850048, -0.4257722838249591857, -0.7903645833335217752 ) ) ;
#2219 = CARTESIAN_POINT ( 'NONE',  ( 0.1465185981491052558, 0.4321829747251182408, -1.030505952380836199 ) ) ;
#2220 = CARTESIAN_POINT ( 'NONE',  ( -0.2229529248661370755, -0.4526151671920677355, -0.8980614790302395845 ) ) ;
#2221 = DIRECTION ( 'NONE',  ( -0.000000000000000000, -0.000000000000000000, 1.000000000000000000 ) ) ;
#2222 = B_SPLINE_CURVE_WITH_KNOTS ( 'NONE', 3,
 ( #5415, #4881, #7926, #1699, #4797, #6114, #2901, #3737, #5580, #8011, #7966, #1654, #2365, #4921, #465, #7394, #1829, #1740, #3653, #7304, #6690, #4263, #6158, #6731, #1044, #3568, #7479, #6771, #6073, #4349, #1124, #507, #2986, #3029, #420, #1781, #8052, #5538, #8092, #2408, #5453, #6821, #1166, #3695, #3610, #4839, #7353, #4223, #1085 ),
 .UNSPECIFIED., .F., .F.,
 ( 4, 2, 2, 2, 2, 2, 2, 2, 2, 2, 2, 2, 1, 2, 2, 2, 2, 2, 2, 2, 2, 2, 2, 2, 4 ),
 ( 0.5165503242303391973, 0.5178226245133398242, 0.5190949247963404511, 0.5216395253623418160, 0.5241841259283430698, 0.5254564262113436968, 0.5267287264943444347, 0.5292733270603456885, 0.5305456273433463155, 0.5318179276263469424, 0.5343625281923483072, 0.5356348284753489342, 0.5369071287583495611, 0.5381794290413501880, 0.5394517293243508149, 0.5419963298903521798, 0.5432686301733528067, 0.5445409304563534336, 0.5470855310223547985, 0.5483578313053554254, 0.5496301315883560523, 0.5521747321543573062, 0.5547193327203586710, 0.5559916330033592979, 0.5572639332863599249 ),
 .UNSPECIFIED. ) ;
#2223 = CARTESIAN_POINT ( 'NONE',  ( 0.4625972367931841522, 0.06494039249087689425, -0.6948474702381428614 ) ) ;
#2224 = CARTESIAN_POINT ( 'NONE',  ( -0.4609137724556989224, 0.1314265489818675914, -0.3067336309524004156 ) ) ;
#2225 = CARTESIAN_POINT ( 'NONE',  ( -0.4726859979414433366, 0.2137434545945778308, -0.4155399815136099351 ) ) ;
#2226 = CARTESIAN_POINT ( 'NONE',  ( 0.1170619264670166582, 0.4888516761625926188, -0.9312361176067159851 ) ) ;
#2227 = CARTESIAN_POINT ( 'NONE',  ( 0.3553692547783483535, 0.3674802808194114201, -0.9306175595237162756 ) ) ;
#2228 = CARTESIAN_POINT ( 'NONE',  ( -0.5189540565047162657, 2.078765582678899908E-15, -0.4006842109468926605 ) ) ;
#2229 = CARTESIAN_POINT ( 'NONE',  ( 0.1185485151565306705, -0.5061761274744709382, -0.3802179904555170187 ) ) ;
#2230 = CARTESIAN_POINT ( 'NONE',  ( 0.3559743209867229918, 0.3208607322263827277, -0.2499999999999998890 ) ) ;
#2231 = CARTESIAN_POINT ( 'NONE',  ( 0.4614229161396378731, -0.2089615683408883040, -0.8083970605571672019 ) ) ;
#2232 = CARTESIAN_POINT ( 'NONE',  ( 0.4948118279945380449, 0.1329741603405098227, -0.6477031107967496926 ) ) ;
#2233 = CARTESIAN_POINT ( 'NONE',  ( -0.4509618513753455571, -0.05918350813653537601, -1.087797619047600195 ) ) ;
#2234 = CARTESIAN_POINT ( 'NONE',  ( -0.3722358247987780366, -0.3490412810905008101, -0.6878610682470380766 ) ) ;
#2235 = CARTESIAN_POINT ( 'NONE',  ( -0.06641132081864697945, -0.4730173447876648285, -0.3497953869048025521 ) ) ;
#2236 = CARTESIAN_POINT ( 'NONE',  ( -0.2917803623346121866, 0.3799486586619043593, -0.3139880952381916557 ) ) ;
#2237 = VERTEX_POINT ( 'NONE', #6876 ) ;
#2238 = CARTESIAN_POINT ( 'NONE',  ( -0.3681775777984838682, -0.3807253194134478935, -0.3971354166666677954 ) ) ;
#2239 = CONICAL_SURFACE ( 'NONE', #530, 0.5002943035887735812, 0.03112503826905463691 ) ;
#2240 = CARTESIAN_POINT ( 'NONE',  ( -0.01949157362183245867, 0.4717278446243886592, -0.5263206845237832221 ) ) ;
#2241 = CARTESIAN_POINT ( 'NONE',  ( 0.3986192172263814948, 0.2480928977887840170, -0.6097470238095321626 ) ) ;
#2242 = SHAPE_DEFINITION_REPRESENTATION ( #4238, #6634 ) ;
#2243 = CARTESIAN_POINT ( 'NONE',  ( 0.3661650359496440577, 0.2903665126681245212, -0.6888020833333068360 ) ) ;
#2244 = CARTESIAN_POINT ( 'NONE',  ( -0.1072620293482661052, -0.4608341888788530238, -0.5026041666666630769 ) ) ;
#2245 = ADVANCED_FACE ( 'NONE', ( #3711 ), #5617, .T. ) ;
#2246 = ORIENTED_EDGE ( 'NONE', *, *, #6934, .F. ) ;
#2247 = CARTESIAN_POINT ( 'NONE',  ( -0.4640954173309409514, -0.04206107904457970920, -0.7221912202381179924 ) ) ;
#2248 = DIRECTION ( 'NONE',  ( 0.000000000000000000, 0.000000000000000000, 1.000000000000000000 ) ) ;
#2249 = CARTESIAN_POINT ( 'NONE',  ( 0.1216082277394193584, -0.5020496942382586258, -0.8142671130952713332 ) ) ;
#2250 = DIRECTION ( 'NONE',  ( -0.09411816491319552336, 0.000000000000000000, -0.9955610333040223470 ) ) ;
#2251 = CARTESIAN_POINT ( 'NONE',  ( -0.4143577371945110221, 0.3175588972466716897, -0.3366983053675542403 ) ) ;
#2252 = ORIENTED_EDGE ( 'NONE', *, *, #6065, .F. ) ;
#2253 = CARTESIAN_POINT ( 'NONE',  ( -0.4588662950484348468, 0.04880718795243496611, -0.8672805059524363314 ) ) ;
#2254 = CARTESIAN_POINT ( 'NONE',  ( 0.3050444523057970203, -0.4260542040449555312, -0.5219494047618958854 ) ) ;
#2255 = CARTESIAN_POINT ( 'NONE',  ( 0.1265367084455617797, -0.4811892247521260546, -0.9487780488453106953 ) ) ;
#2256 = CARTESIAN_POINT ( 'NONE',  ( 0.1327597752953815491, 0.4963747466306886458, -0.5744003625248853551 ) ) ;
#2257 = CARTESIAN_POINT ( 'NONE',  ( 0.4618423011005490797, -0.02629744908415142246, -0.8399367559523778226 ) ) ;
#2258 = CARTESIAN_POINT ( 'NONE',  ( 0.2501305147338715451, -0.3807355982063858613, -1.055896577380857515 ) ) ;
#2259 = CARTESIAN_POINT ( 'NONE',  ( 0.01699733571637924989, -0.5106184156927789930, -0.6681608169447950107 ) ) ;
#2260 = CARTESIAN_POINT ( 'NONE',  ( -0.4549583534259546980, 0.1102094075755482294, -0.6634114583332929582 ) ) ;
#2261 = CARTESIAN_POINT ( 'NONE',  ( -0.1122160770806882174, 0.4632762688952740127, -0.3901599702381366996 ) ) ;
#2262 = CARTESIAN_POINT ( 'NONE',  ( -0.4654616402599628944, 0.2290315696895532105, -0.4159066851087653283 ) ) ;
#2263 = FACE_OUTER_BOUND ( 'NONE', #2701, .T. ) ;
#2264 = CARTESIAN_POINT ( 'NONE',  ( -0.2487192868520317901, 0.4471380665427142631, -0.9161086309523815974 ) ) ;
#2265 = DIRECTION ( 'NONE',  ( 0.09411816491319552336, 1.152615094025676142E-17, -0.9955610333040223470 ) ) ;
#2266 = CARTESIAN_POINT ( 'NONE',  ( -0.1343474044882293217, -0.5028928527500100554, -0.3857911330182423049 ) ) ;
#2267 = CARTESIAN_POINT ( 'NONE',  ( 0.1903813386958308762, -0.4805885079941826787, -0.2499999999999998612 ) ) ;
#2268 = CARTESIAN_POINT ( 'NONE',  ( 0.2270618015742796592, -0.4599736718142958813, -0.6019215642563483515 ) ) ;
#2269 = DIRECTION ( 'NONE',  ( -1.000000000000000000, 0.000000000000000000, 0.000000000000000000 ) ) ;
#2270 = CARTESIAN_POINT ( 'NONE',  ( 0.2876719489721132339, -0.3561521698490487386, -0.9922805059524053561 ) ) ;
#2271 = CARTESIAN_POINT ( 'NONE',  ( 0.000000000000000000, -4.528468093915398346E-17, 1.185470590824565962 ) ) ;
#2272 = CARTESIAN_POINT ( 'NONE',  ( 0.3135224198577192256, -0.3577972322781668435, -0.4114583333333205473 ) ) ;
#2273 = CARTESIAN_POINT ( 'NONE',  ( 0.3809039318754537384, -0.2925240136616437114, -0.2752976190476102425 ) ) ;
#2275 = CARTESIAN_POINT ( 'NONE',  ( 0.3570466250357005045, 0.3819749982596922222, -0.2842269081984892809 ) ) ;
#2274 = CARTESIAN_POINT ( 'NONE',  ( -0.3627455922854214143, 0.3620446346430132856, -0.6339082850549775383 ) ) ;
#2276 = CARTESIAN_POINT ( 'NONE',  ( -0.5312500000000000000, -0.2057184485061497314, -0.2290326873556758625 ) ) ;
#2277 = EDGE_LOOP ( 'NONE', ( #6662, #471, #6906, #1132 ) ) ;
#2278 = CARTESIAN_POINT ( 'NONE',  ( -0.2308353904415165192, 0.4784006105500366868, -0.3475632440476123519 ) ) ;
#2279 = CARTESIAN_POINT ( 'NONE',  ( -0.4575133049924454687, 0.1183969005937704211, -0.5118117559523351900 ) ) ;
#2280 = CARTESIAN_POINT ( 'NONE',  ( -0.01532789789390455112, 0.4741153765900383843, -0.4549851190476693064 ) ) ;
#2281 = CARTESIAN_POINT ( 'NONE',  ( 0.1165759650362913624, 0.4504765398923450404, -0.7528831845239015719 ) ) ;
#2282 = CARTESIAN_POINT ( 'NONE',  ( 0.3135224198507176041, -0.3577972322845977549, -0.4203869047619095967 ) ) ;
#2283 = ORIENTED_EDGE ( 'NONE', *, *, #1840, .T. ) ;
#2284 = CARTESIAN_POINT ( 'NONE',  ( 0.2418817215475669025, -0.3965313689701223110, -0.7705543154761341773 ) ) ;
#2285 = EDGE_CURVE ( 'NONE', #3618, #7087, #6537, .T. ) ;
#2286 = CARTESIAN_POINT ( 'NONE',  ( -0.06854490558361227281, 0.5192135614728050630, -0.2842241713047090057 ) ) ;
#2287 = CARTESIAN_POINT ( 'NONE',  ( -0.5209312133246009058, -0.04250104659937858909, -0.6196056547619377408 ) ) ;
#2288 = ADVANCED_FACE ( 'NONE', ( #8067 ), #475, .F. ) ;
#2289 = DIRECTION ( 'NONE',  ( 1.000000000000000000, 0.000000000000000000, 0.000000000000000000 ) ) ;
#2290 = CARTESIAN_POINT ( 'NONE',  ( -0.4749351847589982079, 0.2149356045542761273, -0.3340885205111369105 ) ) ;
#2291 = ORIENTED_EDGE ( 'NONE', *, *, #3768, .T. ) ;
#2292 = CARTESIAN_POINT ( 'NONE',  ( 0.2829261392339183501, -0.3684191222159465262, -0.7693452380953271774 ) ) ;
#2293 = CARTESIAN_POINT ( 'NONE',  ( -0.5246255072351577731, -0.02986382745784501441, -0.4747953869047343844 ) ) ;
#2294 = DIRECTION ( 'NONE',  ( -1.000000000000000000, 0.000000000000000000, 0.000000000000000000 ) ) ;
#2295 = CARTESIAN_POINT ( 'NONE',  ( -0.4148070817712850578, 0.2968933235084801336, -0.6934600329294841048 ) ) ;
#2296 = CARTESIAN_POINT ( 'NONE',  ( 0.3125000000000000000, 0.000000000000000000, 1.189999999999999947 ) ) ;
#2297 = CARTESIAN_POINT ( 'NONE',  ( -0.2638611673023080195, 0.3809242709758536849, -0.8145461309522519233 ) ) ;
#2298 = CARTESIAN_POINT ( 'NONE',  ( 0.1918829656265455263, 0.4139993087573672903, -1.031715029761842928 ) ) ;
#2299 = AXIS2_PLACEMENT_3D ( 'NONE', #4747, #7254, #6022 ) ;
#2300 = DIRECTION ( 'NONE',  ( -0.000000000000000000, -0.000000000000000000, -1.000000000000000000 ) ) ;
#2301 = CARTESIAN_POINT ( 'NONE',  ( 0.09915550349080963499, -0.4582315266945787835, -0.6404389880953377245 ) ) ;
#2302 = CARTESIAN_POINT ( 'NONE',  ( 0.3487401966289135902, -0.3268971572635419598, -0.3478422619047243924 ) ) ;
#2303 = FACE_OUTER_BOUND ( 'NONE', #3035, .T. ) ;
#2304 = CARTESIAN_POINT ( 'NONE',  ( -0.08183073891987951987, 0.4961076033440422473, -0.9267129507581770564 ) ) ;
#2305 = CIRCLE ( 'NONE', #2299, 0.4461677158522461828 ) ;
#2306 = CARTESIAN_POINT ( 'NONE',  ( 0.06655707251186314399, 0.5070813579969529750, -0.9233630952382113621 ) ) ;
#2307 = CARTESIAN_POINT ( 'NONE',  ( 0.3015438561824910768, 0.4217422796831364340, -0.4255948862547328515 ) ) ;
#2308 = CARTESIAN_POINT ( 'NONE',  ( 0.2302023148256698848, -0.4662144001549219929, -0.3776146588849060848 ) ) ;
#2309 = CARTESIAN_POINT ( 'NONE',  ( 0.09704511642373749025, -0.5110312918364106061, -0.2499999999999997502 ) ) ;
#2310 = CARTESIAN_POINT ( 'NONE',  ( 0.5088950118884234541, -0.06717748887728956786, -0.5907691479474135310 ) ) ;
#2311 = CARTESIAN_POINT ( 'NONE',  ( 0.4020496047192627653, 4.918759067938636368E-17, 0.000000000000000000 ) ) ;
#2312 = CARTESIAN_POINT ( 'NONE',  ( 0.3791125566002317981, 0.2576004284493261243, -0.9753534226189886081 ) ) ;
#2313 = CIRCLE ( 'NONE', #3375, 0.005000000000000014849 ) ;
#2314 = B_SPLINE_CURVE_WITH_KNOTS ( 'NONE', 3,
 ( #5908, #5250, #3859, #3979, #3321, #95, #4557, #2118, #256, #5746, #2032, #2774, #2735, #6361, #2615, #7144, #4640, #1492, #6523, #4016, #836, #715, #7063, #5131, #4601, #4517, #7647, #1369, #1994, #1413, #6482, #6404, #3357, #6444, #2693, #5169, #5206, #7725, #798, #5288, #2079, #7022, #5864, #213, #3900, #1954, #4477, #762, #5787, #135 ),
 .UNSPECIFIED., .F., .F.,
 ( 4, 2, 2, 2, 2, 2, 2, 2, 2, 2, 2, 2, 2, 2, 2, 2, 2, 2, 2, 2, 2, 2, 2, 2, 4 ),
 ( 0.5190078852491076811, 0.5202964609161050413, 0.5215850365831022906, 0.5241621879170970111, 0.5254507635840942603, 0.5267393392510916206, 0.5293164905850862301, 0.5306050662520835903, 0.5318936419190808396, 0.5344707932530755601, 0.5357593689200728093, 0.5370479445870701696, 0.5383365202540675298, 0.5396250959210647791, 0.5422022472550593886, 0.5447793985890541091, 0.5473565499230487186, 0.5486451255900460788, 0.5499337012570433281, 0.5512222769240406883, 0.5525108525910379376, 0.5550880039250326581, 0.5563765795920299073, 0.5576651552590272676, 0.5602423065930218771 ),
 .UNSPECIFIED. ) ;
#2315 = CARTESIAN_POINT ( 'NONE',  ( 0.03459634320418642633, -0.5191764966246542601, -0.3920955437944259048 ) ) ;
#2316 = CARTESIAN_POINT ( 'NONE',  ( -0.4223899269034311343, 0.2215673934442976278, -0.3715587797620069077 ) ) ;
#2317 = AXIS2_PLACEMENT_3D ( 'NONE', #2883, #5316, #4158 ) ;
#2318 = CARTESIAN_POINT ( 'NONE',  ( 0.2698557459238777878, -0.3971484657266656226, -0.2789248511905473848 ) ) ;
#2320 = CARTESIAN_POINT ( 'NONE',  ( -0.2009532154537645721, 0.4837352907141623248, -0.2712162781040492465 ) ) ;
#2319 = CARTESIAN_POINT ( 'NONE',  ( -0.2431412398016034038, -0.4738112290264250293, -0.2486979166666843377 ) ) ;
#2321 = CARTESIAN_POINT ( 'NONE',  ( 0.2591384135545566902, -0.4478721320258429728, -0.4583235007658491567 ) ) ;
#2322 = VECTOR ( 'NONE', #7531, 39.37007874015748143 ) ;
#2323 = CARTESIAN_POINT ( 'NONE',  ( -0.5167301219818301039, 8.224505838238120847E-13, -0.4721127598344486143 ) ) ;
#2324 = CARTESIAN_POINT ( 'NONE',  ( -0.4080869747308453199, 0.3402630406164546817, -0.3427269345237077269 ) ) ;
#2325 = CARTESIAN_POINT ( 'NONE',  ( -0.2113860527770178022, -0.4282094412406266537, -0.3534226190475898144 ) ) ;
#2326 = CARTESIAN_POINT ( 'NONE',  ( -0.2100387062287446815, 0.4254980225379110248, -0.4501488095238606602 ) ) ;
#2327 = CARTESIAN_POINT ( 'NONE',  ( 0.1724685850714832991, 0.4369385539532322227, -0.6114211309523822635 ) ) ;
#2328 = B_SPLINE_CURVE_WITH_KNOTS ( 'NONE', 3,
 ( #5005, #5786, #6403, #714, #4516, #675 ),
 .UNSPECIFIED., .F., .F.,
 ( 4, 2, 4 ),
 ( 2.380729206238999494E-07, 0.003941653874615891687, 0.007883069676311159346 ),
 .UNSPECIFIED. ) ;
#2329 = CARTESIAN_POINT ( 'NONE',  ( -0.3731153255128226709, -0.3013737070277780483, -0.2958519345238233567 ) ) ;
#2330 = ORIENTED_EDGE ( 'NONE', *, *, #5819, .F. ) ;
#2331 = CARTESIAN_POINT ( 'NONE',  ( -0.1747991561031678742, 0.4314808931662941771, -0.7367001488095220596 ) ) ;
#2332 = CARTESIAN_POINT ( 'NONE',  ( 0.4466873827021610732, 0.2584742384573159302, -0.5018611000859685145 ) ) ;
#2333 = CARTESIAN_POINT ( 'NONE',  ( 0.000000000000000000, 0.000000000000000000, -0.2499999999999998057 ) ) ;
#2334 = CARTESIAN_POINT ( 'NONE',  ( 0.2157940306815315790, -0.4767823199783668420, -0.5978422619047569775 ) ) ;
#2335 = CARTESIAN_POINT ( 'NONE',  ( -0.4640954173309409514, -0.04206107904457970920, -0.7221912202381179924 ) ) ;
#2336 = CARTESIAN_POINT ( 'NONE',  ( -0.2671573113261653254, 0.3731382553744297947, -0.9572172619048028297 ) ) ;
#2337 = DIRECTION ( 'NONE',  ( 1.000000000000000000, 0.000000000000000000, 0.000000000000000000 ) ) ;
#2338 = EDGE_LOOP ( 'NONE', ( #7544, #6646, #4729, #6877 ) ) ;
#2339 = ADVANCED_FACE ( 'NONE', ( #3084 ), #6958, .F. ) ;
#2340 = CARTESIAN_POINT ( 'NONE',  ( 0.04287017622756460894, 0.5253572625366330628, -0.4228050595238321829 ) ) ;
#2341 = CARTESIAN_POINT ( 'NONE',  ( -0.1308392715835612619, -0.4891477418314510994, -0.8143709610785238029 ) ) ;
#2342 = CARTESIAN_POINT ( 'NONE',  ( -0.5100583631138178031, 7.469896857675719584E-17, -0.6863969707973111012 ) ) ;
#2343 = CARTESIAN_POINT ( 'NONE',  ( -0.4324895310822161609, -0.2691735250599472939, -1.042782738095302530 ) ) ;
#2344 = CARTESIAN_POINT ( 'NONE',  ( -0.4449381781019328130, -0.1387569454498012445, -0.7287016369046608322 ) ) ;
#2345 = CARTESIAN_POINT ( 'NONE',  ( -0.4588662950442152222, 0.04880718796529313203, -0.8672805059524718585 ) ) ;
#2346 = CARTESIAN_POINT ( 'NONE',  ( -0.5002943035887735812, 6.126838175216457331E-17, -0.9999999999999998890 ) ) ;
#2347 = CARTESIAN_POINT ( 'NONE',  ( 0.2134285521727508073, 0.4159088174258738779, -0.6839657738095680228 ) ) ;
#2348 = CARTESIAN_POINT ( 'NONE',  ( 0.4651851351680970637, -0.1006683850601932523, -0.4131324404762148350 ) ) ;
#2349 = CARTESIAN_POINT ( 'NONE',  ( 0.2656250000000001110, -0.4600759957604831363, 0.000000000000000000 ) ) ;
#2350 = ADVANCED_FACE ( 'NONE', ( #7619 ), #84, .F. ) ;
#2351 = DIRECTION ( 'NONE',  ( -0.09411816491319552336, 0.000000000000000000, -0.9955610333040223470 ) ) ;
#2352 = CARTESIAN_POINT ( 'NONE',  ( -0.4201442985414645670, -0.3008130357193686821, -0.7540922619048037179 ) ) ;
#2353 = CARTESIAN_POINT ( 'NONE',  ( 0.4461677158522461828, -5.463978651013390971E-17, -0.9999999999999998890 ) ) ;
#2354 = CARTESIAN_POINT ( 'NONE',  ( 0.2245521471956186677, 0.4559000159752745751, -0.7808850072348895166 ) ) ;
#2355 = CARTESIAN_POINT ( 'NONE',  ( -0.3271236639780535360, -0.3163322001102287784, -1.080543154761844926 ) ) ;
#2356 = CARTESIAN_POINT ( 'NONE',  ( -0.4349352068748520428, -0.2709708996613329757, -0.6186639353483541770 ) ) ;
#2357 = CARTESIAN_POINT ( 'NONE',  ( -0.5312500000000001110, 0.3067173305069886280, -0.2025506638403220261 ) ) ;
#2358 = CARTESIAN_POINT ( 'NONE',  ( -0.2914412759863150848, -0.3495327758723592582, -1.079334077381029600 ) ) ;
#2359 = DIRECTION ( 'NONE',  ( -1.000000000000000000, 0.000000000000000000, 0.000000000000000000 ) ) ;
#2360 = LINE ( 'NONE', #7430, #7985 ) ;
#2361 = CARTESIAN_POINT ( 'NONE',  ( -0.08259963880879089837, -0.4990373235767430193, -1.102306547619054333 ) ) ;
#2363 = CARTESIAN_POINT ( 'NONE',  ( 0.3178542368250683592, 0.4151946196859297444, -0.2831143120515354217 ) ) ;
#2362 = DIRECTION ( 'NONE',  ( -1.000000000000000000, 0.000000000000000000, 0.000000000000000000 ) ) ;
#2364 = CARTESIAN_POINT ( 'NONE',  ( 0.4642607881548694304, -0.2289517846140679547, -0.4516352955093043686 ) ) ;
#2365 = CARTESIAN_POINT ( 'NONE',  ( -0.3721270468927238562, 0.3483812191866629826, -0.7049834087625133083 ) ) ;
#2366 = CARTESIAN_POINT ( 'NONE',  ( -0.4996481245547600980, -0.1882772292221610022, -0.2593005952380333934 ) ) ;
#2367 = CARTESIAN_POINT ( 'NONE',  ( -0.2071805173498974528, 0.4293774126822182402, -0.3788132440476123519 ) ) ;
#2368 = CARTESIAN_POINT ( 'NONE',  ( -0.3329883103103238873, 0.3382179857797209532, -0.4465215773809710909 ) ) ;
#2369 = CARTESIAN_POINT ( 'NONE',  ( 0.4324399895191156640, -0.1876786179946948185, -0.5582217261904771632 ) ) ;
#2370 = CARTESIAN_POINT ( 'NONE',  ( -0.1122160770806882174, 0.4632762688952740127, -0.3901599702381366996 ) ) ;
#2371 = ORIENTED_EDGE ( 'NONE', *, *, #7983, .F. ) ;
#2372 = CARTESIAN_POINT ( 'NONE',  ( 0.05350300593546766098, -0.4634875190384777910, -0.7040550595237833331 ) ) ;
#2373 = CARTESIAN_POINT ( 'NONE',  ( 0.4894073997650935648, 0.1661837630990678494, -0.5041134468319002915 ) ) ;
#2374 = CARTESIAN_POINT ( 'NONE',  ( -0.3802804647051541420, 0.3332376907054233062, -0.8374418875938172135 ) ) ;
#2375 = CARTESIAN_POINT ( 'NONE',  ( 0.5130644245315624241, -0.09314817522257221039, -0.6582961309524791860 ) ) ;
#2376 = CARTESIAN_POINT ( 'NONE',  ( -0.2173050918845980950, 0.4142813702523318042, -0.6641555059524296700 ) ) ;
#2377 = CARTESIAN_POINT ( 'NONE',  ( -0.4776619460705173181, 0.1618809926697604429, -0.9043945805598126997 ) ) ;
#2378 = CARTESIAN_POINT ( 'NONE',  ( 0.3227893367402160374, -0.3278590082522301330, -0.9197358630953053060 ) ) ;
#2379 = CARTESIAN_POINT ( 'NONE',  ( -0.1679258996425518902, 0.4937611868064779030, -0.3534197303061768491 ) ) ;
#2380 = VERTEX_POINT ( 'NONE', #62 ) ;
#2381 = CARTESIAN_POINT ( 'NONE',  ( -0.2778474877529281128, -0.4464109466931502901, -0.4639136904761976821 ) ) ;
#2382 = DIRECTION ( 'NONE',  ( -0.000000000000000000, -0.000000000000000000, -1.000000000000000000 ) ) ;
#2383 = CARTESIAN_POINT ( 'NONE',  ( -0.4615657483414722373, -0.2276056583059297422, -0.5483597610018856594 ) ) ;
#2384 = CARTESIAN_POINT ( 'NONE',  ( -0.4058248466695365542, -0.3116522403855536139, -0.9702380952381800538 ) ) ;
#2385 = B_SPLINE_CURVE_WITH_KNOTS ( 'NONE', 3,
 ( #2186, #4634, #1564, #328, #5941, #6515, #4709, #2225, #2262, #2845, #4782, #3552, #872, #1526, #7288, #368, #7872, #4122, #288, #3396, #5901, #7212, #7251, #5244, #250, #6055, #1637, #4085, #6675, #6632, #2150, #2768, #984, #3514, #4669, #7758, #5282, #7795, #7174, #4051, #6559, #910, #5606, #492, #7949, #3593, #1723, #4247, #6265 ),
 .UNSPECIFIED., .F., .F.,
 ( 4, 2, 2, 2, 2, 2, 2, 2, 2, 2, 2, 2, 2, 2, 2, 2, 2, 2, 2, 2, 2, 1, 2, 2, 4 ),
 ( 0.1875437651001785055, 0.1901340754535401356, 0.1914292306302209368, 0.1927243858069017657, 0.1940195409835825668, 0.1953146961602633958, 0.1979050065136250258, 0.2004953168669866281, 0.2030856272203482582, 0.2043807823970290871, 0.2056759375737098883, 0.2069710927503907172, 0.2082662479270715183, 0.2108565582804331484, 0.2121517134571139496, 0.2134468686337947785, 0.2160371789871564085, 0.2173323341638372375, 0.2186274893405180386, 0.2212177996938796687, 0.2225129548705604976, 0.2238081100472413265, 0.2251032652239221277, 0.2263984204006029566, 0.2289887307539645867 ),
 .UNSPECIFIED. ) ;
#2386 = CARTESIAN_POINT ( 'NONE',  ( -0.4205715105971384316, -0.1903522257645865190, -0.8612351190476860152 ) ) ;
#2387 = CARTESIAN_POINT ( 'NONE',  ( -0.4897153202658580118, -0.1654676608721299680, -0.2499999999999997502 ) ) ;
#2388 = CARTESIAN_POINT ( 'NONE',  ( -0.2748541642996608081, -0.3766834768246921095, -0.7214471726189853884 ) ) ;
#2389 = CARTESIAN_POINT ( 'NONE',  ( 0.2698557459164705463, -0.3971484657258647633, -0.2789248511905109140 ) ) ;
#2390 = CARTESIAN_POINT ( 'NONE',  ( -2.164902785881992223E-17, 0.6134346610139772560, 0.000000000000000000 ) ) ;
#2391 = CARTESIAN_POINT ( 'NONE',  ( 0.4373860433318120799, 0.1289667529972662874, -1.041387648809615207 ) ) ;
#2392 = CARTESIAN_POINT ( 'NONE',  ( 0.1696993837799124494, -0.4861862356978949307, -0.8109188988094283568 ) ) ;
#2393 = ADVANCED_FACE ( 'NONE', ( #3211, #5104 ), #4119, .F. ) ;
#2394 = CARTESIAN_POINT ( 'NONE',  ( -0.5234018688828785404, -1.139692834856809784E-15, -0.2578289332277043933 ) ) ;
#2395 = CARTESIAN_POINT ( 'NONE',  ( 0.03309001635304952005, 0.5072760215263693029, -0.7764303358953703604 ) ) ;
#2396 = CARTESIAN_POINT ( 'NONE',  ( -0.2960126973071032230, -0.3486041365011743887, -1.007998511904756977 ) ) ;
#2397 = B_SPLINE_SURFACE_WITH_KNOTS ( 'NONE', 1, 3, ( 
 ( #5483, #577, #4866, #7378, #536, #8164, #3762, #5564, #493, #4907, #6266, #1724, #5607, #2521, #4335, #7506, #7546, #4248, #1152, #622, #5650, #3143, #3637, #1766, #6757, #1109, #6227, #8123, #6144, #5524, #8038, #1896, #2391, #3594, #6715, #4290, #4993, #1069, #3681, #6186, #3056, #8078, #2434, #4948, #7464, #1815, #3723, #3097, #7707, #2060, #5730, #3927, #782, #7008, #2678, #6309, #3884, #4415, #5809, #5848, #6969, #5070, #3305, #7749, #3222, #2017, #7089, #6386, #4584, #157, #2718, #1354, #34, #1275, #1438, #5154, #3964, #5191, #7670, #6466, #1395, #195, #701, #119, #743, #3342, #3806, #662, #5771, #4542, #2600, #3183, #3267, #820, #5691, #6928, #5235, #2638, #7046, #1980, #4503, #2558, #7587, #6429, #1939, #4461, #1314, #3845, #6347, #78, #5115, #7631, #4699, #6587, #862, #5353, #3384, #6549, #1591, #7202, #5393, #5271, #938, #7786, #7279, #6621, #7900, #6505, #2253, #7127, #974, #3501, #359, #4041, #1554, #4659, #6010, #4772, #396, #5892, #1627, #7862, #4075, #2103, #4151, #5429, #3461, #240, #2797, #2214, #2758, #6664, #1476, #2877, #1017, #3543, #900, #5969, #7165, #6046, #2914, #4625, #2139, #4001, #4734, #315, #1516, #3424, #5931, #2833, #277, #5307, #7241, #7822, #2175, #4112, #7940, #3583, #6089, #4812, #1671, #7325, #2292, #1058, #4195, #6704, #437, #2955, #2687, #3191, #2609, #6939, #7553, #5200, #3315, #3230, #829, #89, #5818, #7717, #2073, #709, #7056, #3936, #1988, #166, #1283, #7016, #1903, #792, #3351, #1948, #42, #6438, #2729, #6355, #5163, #4594, #1363, #7098, #1447, #5857, #4511, #5699, #4425, #3973, #129, #6476, #205, #2648, #3815, #4551, #6317, #3853, #3277, #3894, #670, #2566, #5080, #755, #7679, #5739, #7598, #6396, #4470, #6977, #1322, #5124, #5781, #2026, #7640, #1406, #2129, #2089, #6576, #5418, #5958, #1005, #3370, #3453, #6492, #3533, #2866, #7889, #2204, #267, #4138, #5298, #347, #963, #2241, #5918, #1581, #5996, #6611, #4686, #848, #304, #4611, #4650, #7114, #926, #1463, #2823, #6036, #5878, #5338, #227, #385, #5382, #4760, #4726, #2785, #6650, #7812, #7267, #3488, #1617, #2166, #4100, #2904, #3989, #7194, #2745, #5260, #7229, #7155, #7774, #7852, #1546, #1504, #4029, #4067, #6538, #890, #3413, #3073, #4924, #6161, #4800, #1832, #7308, #1210, #1169, #4226, #6243, #468, #1658, #5502, #7439, #2454, #510, #4969, #596, #1047, #6734, #3740, #4183, #424, #3117, #3571, #6693, #6076, #1786, #2941, #5457, #1743, #7929, #5583, #6776, #1702, #6117, #8095, #7970, #6824, #2280, #5541, #554, #2326, #4842, #2368, #7482, #6865, #4352, #7356, #4312, #1128, #3656, #3698, #1088, #3614, #6203, #2990, #4266, #8014, #4884, #7397, #3032, #8055, #2412, #6364, #718, #5047, #6904, #5092, #1997, #1913, #4520, #1957, #3862, #679, #6986, #1331, #7608, #3286, #5708, #4561, #3239, #2535, #6287, #5749, #3200, #7561, #765, #2618, #4435, #638, #98, #51, #6948, #5790, #5134, #7651, #5627, #5665, #8141, #4481, #801, #7025, #7067, #1250, #1372, #1871, #1416, #6407, #138, #3903, #3824, #7688, #2575, #2660, #5173, #2035, #1293, #3945, #6447, #2497, #5010, #4392, #7522, #3781, #6326, #3159, #10, #3405, #5209, #7107, #1496, #7259, #7767, #3480, #6604, #297, #1537, #175, #5374, #2696, #4752, #4717, #2121, #1609, #4020, #7730, #881, #2816, #5988, #4060, #337, #4130, #4604, #4643, #6641, #2082, #3982, #3324, #1456, #6485, #840, #5329, #3360, #5867, #5291, #5829, #956, #2159, #5253, #6526, #2858, #217, #2197, #2738, #919, #4093, #7147, #5911, #259 ),
 ( #2777, #7804, #4679, #7185, #6568, #3444, #5950, #7843, #7221, #1572, #7880, #2233, #5531, #5492, #7387, #4216, #2358, #4873, #2976, #6813, #1076, #8085, #1732, #8045, #3602, #7428, #2894, #456, #993, #2401, #2441, #3561, #1646, #4914, #4342, #7957, #6764, #3688, #8004, #1159, #1773, #7471, #6107, #4790, #6028, #6193, #4255, #544, #4300, #1116, #3063, #6151, #4956, #5446, #3645, #500, #1822, #377, #5410, #3022, #5573, #7346, #7918, #3524, #2270, #7297, #4173, #6683, #1036, #6064, #6723, #413, #2931, #2312, #4832, #1691, #1361, #4422, #3730, #7512, #5656, #2, #2024, #1281, #3189, #5613, #1946, #8129, #3149, #6353, #3813, #1986, #1861, #5697, #4382, #3891, #3228, #4509, #3103, #7014, #6233, #5737, #86, #5122, #628, #6315, #1241, #2606, #6394, #5161, #2487, #752, #4467, #668, #6855, #3275, #1200, #40, #4999, #7552, #6975, #3770, #1902, #586, #6894, #707, #7638, #6273, #2527, #5039, #7677, #6936, #2564, #127, #5078, #5778, #2646, #7595, #1320, #3851, #4549, #2184, #286, #203, #5978, #5242, #2805, #7831, #4707, #5855, #4049, #7210, #4008, #1562, #3433, #2843, #7135, #164, #1404, #4083, #5280, #6594, #5317, #7793, #5939, #1524, #325, #827, #248, #1484, #3470, #3934, #789, #5899, #2147, #2727, #3313, #6513, #908, #6436, #7870, #5362, #2766, #4667, #2110, #946, #7172, #4592, #870, #6557, #7054, #4632, #5816, #5198, #3349, #7756, #2685, #3394, #7715, #2070, #7096, #1445, #3971, #6474, #7335, #5521, #5400, #6712, #7908, #7418, #6754, #8034, #6630, #2388, #7249, #1106, #3634, #490, #4159, #1680, #4780, #6141, #4904, #532, #3511, #1763, #7994, #4204, #2223, #4287, #5561, #3591, #982, #2921, #2347, #7286, #5436, #4120, #6017, #1721, #3011, #366, #6672, #1635, #3052, #2260, #1599, #3678, #2884, #6802, #1149, #1024, #7947, #3550, #4742, #6183, #6053, #403, #2301, #4820, #1066, #6097, #446, #2965, #4245, #5480, #4862, #7375, #1812, #7659, #8075, #1425, #1466, #2477, #573, #4571, #3373, #6997, #5799, #773, #185, #810, #3295, #7077, #5182, #3992, #4491, #3915, #2627, #7117, #7461, #4332, #1381, #146, #6374, #6845, #2006, #3954, #1190, #2431, #6495, #6416, #2669, #5760, #6456, #7698, #8119, #5142, #2047, #2706, #108, #4945, #3093, #1343, #3873, #3719, #4530, #7035, #6222, #3333, #5603, #728, #5838, #5223, #7738, #5103, #2092, #7618, #4614, #850, #1968, #3252, #3535, #2748, #2244, #4763, #4141, #7815, #2826, #269, #7269, #1007, #4186, #7157, #6038, #3491, #5341, #5881, #388, #1049, #7232, #2131, #6579, #5999, #2788, #928, #7777, #4652, #5385, #1619, #1507, #2168, #5300, #6695, #3416, #5262, #7310, #4031, #6652, #2906, #6540, #3455, #892, #230, #5421, #7932, #1548, #1661, #5960, #2282, #4802, #5921, #7196, #7892, #4689, #307, #4069, #7855, #2207, #4728, #1584, #4103, #6614, #966, #349, #2869, #2370, #1170, #6244, #3034, #1211, #2455, #1872, #6163, #7358, #426, #597, #6778, #4926, #7441, #5543, #3741, #3658, #2498, #4313, #470, #4228, #3700, #1131, #2992, #6866, #555, #1788, #3573, #3616, #6079, #8057, #6905, #6825, #5011, #4844, #6204, #7972, #7523, #4353, #3118, #3074, #1745, #5628, #512, #1833, #4970, #8142, #7399, #5584, #7483, #8096, #2414, #2329, #4393, #2944, #5504, #5459, #1704, #6737, #1090, #6120, #4268, #8016, #4887, #1417, #4562, #6408, #7652, #6288, #3325, #639, #2697, #2661, #5709, #7731, #1958, #3160, #6987, #766, #3946, #1998, #6448, #2083, #2536, #52, #5211, #5666, #1914, #4605, #5048, #11, #7562, #3287, #4436, #6949, #3241, #1251, #7068, #99, #3201 ) ),
 .UNSPECIFIED., .F., .F., .F.,
 ( 2, 2 ),
 ( 4, 2, 2, 2, 2, 2, 2, 2, 2, 2, 2, 2, 2, 2, 2, 2, 2, 2, 2, 2, 2, 2, 2, 2, 2, 2, 2, 2, 2, 2, 2, 2, 2, 2, 2, 2, 2, 2, 2, 2, 2, 2, 2, 2, 2, 2, 2, 2, 2, 2, 2, 2, 2, 2, 2, 2, 2, 2, 2, 2, 2, 2, 2, 2, 2, 2, 2, 2, 2, 2, 2, 2, 2, 2, 2, 2, 2, 2, 2, 2, 2, 2, 2, 2, 2, 2, 2, 2, 2, 2, 2, 2, 2, 2, 2, 2, 2, 2, 2, 2, 2, 2, 2, 2, 2, 2, 2, 2, 2, 2, 2, 2, 2, 2, 2, 2, 2, 2, 2, 2, 2, 2, 2, 2, 2, 2, 2, 2, 2, 2, 2, 2, 2, 2, 2, 2, 2, 2, 2, 2, 2, 2, 2, 2, 2, 2, 2, 2, 2, 2, 2, 2, 2, 2, 2, 2, 2, 2, 2, 2, 2, 2, 2, 2, 2, 2, 2, 2, 2, 2, 2, 2, 2, 2, 2, 2, 2, 2, 2, 2, 2, 2, 2, 2, 2, 2, 2, 2, 2, 2, 2, 2, 2, 2, 2, 2, 2, 2, 2, 2, 2, 2, 2, 2, 2, 2, 2, 2, 2, 2, 2, 2, 2, 2, 2, 2, 2, 2, 2, 2, 2, 2, 2, 2, 2, 2, 2, 2, 2, 2, 2, 2, 2, 2, 2, 2, 2, 2, 2, 2, 2, 2, 2, 2, 2, 2, 2, 4 ),
 ( 0.000000000000000000, 1.000000000000000000 ),
 ( 0.000000000000000000, 0.003906250000000000000, 0.007812500000000000000, 0.01171875000000000000, 0.01562500000000000000, 0.01953125000000000000, 0.02343750000000000000, 0.02734375000000000000, 0.03125000000000000000, 0.03515625000000000000, 0.03906250000000000000, 0.04296875000000000000, 0.04687500000000000000, 0.05078125000000000000, 0.05468750000000000000, 0.05859375000000000000, 0.06250000000000000000, 0.06640625000000000000, 0.07031250000000000000, 0.07421875000000000000, 0.07812500000000000000, 0.08203125000000000000, 0.08593750000000000000, 0.08984375000000000000, 0.09375000000000000000, 0.09765625000000000000, 0.1015625000000000000, 0.1054687500000000000, 0.1093750000000000000, 0.1132812500000000000, 0.1171875000000000000, 0.1210937500000000000, 0.1250000000000000000, 0.1289062500000000000, 0.1328125000000000000, 0.1367187500000000000, 0.1406250000000000000, 0.1445312500000000000, 0.1484375000000000000, 0.1523437500000000000, 0.1562500000000000000, 0.1601562500000000000, 0.1640625000000000000, 0.1679687500000000000, 0.1718750000000000000, 0.1757812500000000000, 0.1796875000000000000, 0.1835937500000000000, 0.1875000000000000000, 0.1914062500000000000, 0.1953125000000000000, 0.1992187500000000000, 0.2031250000000000000, 0.2070312500000000000, 0.2109375000000000000, 0.2148437500000000000, 0.2187500000000000000, 0.2226562500000000000, 0.2265625000000000000, 0.2304687500000000000, 0.2343750000000000000, 0.2382812500000000000, 0.2421875000000000000, 0.2460937500000000000, 0.2500000000000000000, 0.2539062500000000000, 0.2578125000000000000, 0.2617187500000000000, 0.2656250000000000000, 0.2695312500000000000, 0.2734375000000000000, 0.2773437500000000000, 0.2812500000000000000, 0.2851562500000000000, 0.2890625000000000000, 0.2929687500000000000, 0.2968750000000000000, 0.3007812500000000000, 0.3046875000000000000, 0.3085937500000000000, 0.3125000000000000000, 0.3164062500000000000, 0.3203125000000000000, 0.3242187500000000000, 0.3281250000000000000, 0.3320312500000000000, 0.3359375000000000000, 0.3398437500000000000, 0.3437500000000000000, 0.3476562500000000000, 0.3515625000000000000, 0.3554687500000000000, 0.3593750000000000000, 0.3632812500000000000, 0.3671875000000000000, 0.3710937500000000000, 0.3750000000000000000, 0.3789062500000000000, 0.3828125000000000000, 0.3867187500000000000, 0.3906250000000000000, 0.3945312500000000000, 0.3984375000000000000, 0.4023437500000000000, 0.4062500000000000000, 0.4101562500000000000, 0.4140625000000000000, 0.4179687500000000000, 0.4218750000000000000, 0.4257812500000000000, 0.4296875000000000000, 0.4335937500000000000, 0.4375000000000000000, 0.4414062500000000000, 0.4453125000000000000, 0.4492187500000000000, 0.4531250000000000000, 0.4570312500000000000, 0.4609375000000000000, 0.4648437500000000000, 0.4687500000000000000, 0.4726562500000000000, 0.4765625000000000000, 0.4804687500000000000, 0.4843750000000000000, 0.4882812500000000000, 0.4921875000000000000, 0.4960937500000000000, 0.5000000000000000000, 0.5039062500000000000, 0.5078125000000000000, 0.5117187500000000000, 0.5156250000000000000, 0.5195312500000000000, 0.5234375000000000000, 0.5273437500000000000, 0.5312500000000000000, 0.5351562500000000000, 0.5390625000000000000, 0.5429687500000000000, 0.5468750000000000000, 0.5507812500000000000, 0.5546875000000000000, 0.5585937500000000000, 0.5625000000000000000, 0.5664062500000000000, 0.5703125000000000000, 0.5742187500000000000, 0.5781250000000000000, 0.5820312500000000000, 0.5859375000000000000, 0.5898437500000000000, 0.5937500000000000000, 0.5976562500000000000, 0.6015625000000000000, 0.6054687500000000000, 0.6093750000000000000, 0.6132812500000000000, 0.6171875000000000000, 0.6210937500000000000, 0.6250000000000000000, 0.6289062500000000000, 0.6328125000000000000, 0.6367187500000000000, 0.6406250000000000000, 0.6445312500000000000, 0.6484375000000000000, 0.6523437500000000000, 0.6562500000000000000, 0.6601562500000000000, 0.6640625000000000000, 0.6679687500000000000, 0.6718750000000000000, 0.6757812500000000000, 0.6796875000000000000, 0.6835937500000000000, 0.6875000000000000000, 0.6914062500000000000, 0.6953125000000000000, 0.6992187500000000000, 0.7031250000000000000, 0.7070312500000000000, 0.7109375000000000000, 0.7148437500000000000, 0.7187500000000000000, 0.7226562500000000000, 0.7265625000000000000, 0.7304687500000000000, 0.7343750000000000000, 0.7382812500000000000, 0.7421875000000000000, 0.7460937500000000000, 0.7500000000000000000, 0.7539062500000000000, 0.7578125000000000000, 0.7617187500000000000, 0.7656250000000000000, 0.7695312500000000000, 0.7734375000000000000, 0.7773437500000000000, 0.7812500000000000000, 0.7851562500000000000, 0.7890625000000000000, 0.7929687500000000000, 0.7968750000000000000, 0.8007812500000000000, 0.8046875000000000000, 0.8085937500000000000, 0.8125000000000000000, 0.8164062500000000000, 0.8203125000000000000, 0.8242187500000000000, 0.8281250000000000000, 0.8320312500000000000, 0.8359375000000000000, 0.8398437500000000000, 0.8437500000000000000, 0.8476562500000000000, 0.8515625000000000000, 0.8554687500000000000, 0.8593750000000000000, 0.8632812500000000000, 0.8671875000000000000, 0.8710937500000000000, 0.8750000000000000000, 0.8789062500000000000, 0.8828125000000000000, 0.8867187500000000000, 0.8906250000000000000, 0.8945312500000000000, 0.8984375000000000000, 0.9023437500000000000, 0.9062500000000000000, 0.9101562500000000000, 0.9140625000000000000, 0.9179687500000000000, 0.9218750000000000000, 0.9257812500000000000, 0.9296875000000000000, 0.9335937500000000000, 0.9375000000000000000, 0.9414062500000000000, 0.9453125000000000000, 0.9492187500000000000, 0.9531250000000000000, 0.9570312500000000000, 0.9609375000000000000, 0.9615384692064464778 ),
 .UNSPECIFIED. ) ;
#2398 = CARTESIAN_POINT ( 'NONE',  ( -0.5119816227137300446, -0.01676298987809219168, -0.6246255288137234629 ) ) ;
#2399 = EDGE_CURVE ( 'NONE', #2993, #3529, #981, .T. ) ;
#2400 = CARTESIAN_POINT ( 'NONE',  ( -0.3108796214782353906, 0.4339482278679492322, -0.2500000000000001110 ) ) ;
#2401 = CARTESIAN_POINT ( 'NONE',  ( 0.4514234494373401407, -0.06337973581177407112, -1.055152529761883118 ) ) ;
#2402 = CARTESIAN_POINT ( 'NONE',  ( -0.03331954918899254769, -0.5183882680092066764, -0.3935852484650272376 ) ) ;
#2403 = CARTESIAN_POINT ( 'NONE',  ( 0.3865361488722660055, 0.2820333654567303006, -0.3231956845237361486 ) ) ;
#2404 = CARTESIAN_POINT ( 'NONE',  ( 0.4983630781818260691, 0.09047113092209309315, -1.080543154761944402 ) ) ;
#2406 = CARTESIAN_POINT ( 'NONE',  ( 0.000000000000000000, 0.000000000000000000, -0.2499999999999998057 ) ) ;
#2405 = CARTESIAN_POINT ( 'NONE',  ( 0.3480615522920595950, -0.3708658796683034775, -0.7414329566956744388 ) ) ;
#2407 = CARTESIAN_POINT ( 'NONE',  ( -0.3472864842301099375, 0.3700708531902555110, -0.7771451813056535762 ) ) ;
#2408 = CARTESIAN_POINT ( 'NONE',  ( 0.4137177345020365271, 0.2967252125202570756, -0.7250608856765007326 ) ) ;
#2409 = B_SPLINE_CURVE_WITH_KNOTS ( 'NONE', 3,
 ( #4401, #1801, #479, #1139, #6913, #1842, #7247, #8065 ),
 .UNSPECIFIED., .F., .F.,
 ( 4, 2, 2, 4 ),
 ( 0.007883069676311168020, 0.009846408514183549107, 0.01180974735205592846, 0.01573642502780069410 ),
 .UNSPECIFIED. ) ;
#2410 = CARTESIAN_POINT ( 'NONE',  ( -0.3731472316777405540, -0.3789955805254971999, -0.3257998511904842132 ) ) ;
#2411 = CARTESIAN_POINT ( 'NONE',  ( 0.4684072524268989568, 0.09696369625403115922, -0.3280319940476474350 ) ) ;
#2412 = CARTESIAN_POINT ( 'NONE',  ( 0.3135224198507176041, -0.3577972322845977549, -0.4114583333333381443 ) ) ;
#2413 = CARTESIAN_POINT ( 'NONE',  ( 0.4714963402008199855, 0.007899405044683309104, -0.5533854166666895003 ) ) ;
#2414 = CARTESIAN_POINT ( 'NONE',  ( -0.4031740675862375278, -0.2597204330356199797, -0.2970610119047024100 ) ) ;
#2415 = ORIENTED_EDGE ( 'NONE', *, *, #830, .T. ) ;
#2416 = CARTESIAN_POINT ( 'NONE',  ( 0.4479132758071979192, -0.1320791926196645538, -0.6907552083332737514 ) ) ;
#2417 = CARTESIAN_POINT ( 'NONE',  ( -0.4716740469356916488, -0.03109984920584114854, -0.5171130952381062240 ) ) ;
#2418 = CARTESIAN_POINT ( 'NONE',  ( 0.1533969113308906451, 0.5248709129642303850, -0.008676175619407588968 ) ) ;
#2419 = DIRECTION ( 'NONE',  ( 0.000000000000000000, 1.000000000000000000, 1.047310526070460564E-16 ) ) ;
#2420 = CARTESIAN_POINT ( 'NONE',  ( 0.3718260203391945962, 0.3660772377994079285, -0.6474144345237496934 ) ) ;
#2421 = CARTESIAN_POINT ( 'NONE',  ( -0.07636626243861793784, 0.4614244283322224138, -0.6677827380951814051 ) ) ;
#2422 = CARTESIAN_POINT ( 'NONE',  ( -0.3325561456785999792, 0.3789490045153235953, -0.9103604974691533736 ) ) ;
#2423 = CARTESIAN_POINT ( 'NONE',  ( 0.06392986415244625298, -0.4553992716715522526, -0.9269903273808977051 ) ) ;
#2424 = ORIENTED_EDGE ( 'NONE', *, *, #7385, .F. ) ;
#2425 = CARTESIAN_POINT ( 'NONE',  ( 0.3472389070371371678, 0.3962623415650661229, -0.4300595238095298867 ) ) ;
#2426 = CARTESIAN_POINT ( 'NONE',  ( -0.5056103372776887817, 6.786934859259653779E-16, -0.8292591043805844775 ) ) ;
#2427 = CARTESIAN_POINT ( 'NONE',  ( -0.4787074838106400998, 0.1622489991333421755, -0.8430016877211305992 ) ) ;
#2428 = CARTESIAN_POINT ( 'NONE',  ( 0.02113893671834335755, -0.5115885671663097378, -0.9593563988095256123 ) ) ;
#2429 = CARTESIAN_POINT ( 'NONE',  ( 0.3551153859064328233, -0.2960959869947401013, -0.8382626488094322426 ) ) ;
#2430 = CARTESIAN_POINT ( 'NONE',  ( -0.5050372048639713007, -0.09644783856405153566, -0.2499999999999998335 ) ) ;
#2431 = CARTESIAN_POINT ( 'NONE',  ( 0.2354255415026151044, -0.4081523242398483742, -0.5654761904761886893 ) ) ;
#2432 = LINE ( 'NONE', #1852, #4437 ) ;
#2433 = CARTESIAN_POINT ( 'NONE',  ( -0.003985523824253264097, -0.4549792490077159135, -0.9911710109984785966 ) ) ;
#2434 = CARTESIAN_POINT ( 'NONE',  ( -0.1398358255805988437, 0.4346298732952248445, -1.023251488095239248 ) ) ;
#2435 = CARTESIAN_POINT ( 'NONE',  ( -0.4931899870189958013, -0.1538050469097905215, -0.7577194940475182605 ) ) ;
#2436 = LINE ( 'NONE', #3683, #986 ) ;
#2437 = CARTESIAN_POINT ( 'NONE',  ( 0.1308054614270821037, 0.4903127644384080441, -0.7786528295077279616 ) ) ;
#2438 = CARTESIAN_POINT ( 'NONE',  ( 0.3849665299944823316, -0.2480005894699829627, -0.9886532738095259454 ) ) ;
#2439 = CARTESIAN_POINT ( 'NONE',  ( 0.000000000000000000, 0.000000000000000000, -0.9999999999999998890 ) ) ;
#2440 = FACE_OUTER_BOUND ( 'NONE', #436, .T. ) ;
#2441 = CARTESIAN_POINT ( 'NONE',  ( 0.4556513776643146274, -0.01473877823778929966, -1.053943452381027823 ) ) ;
#2442 = CARTESIAN_POINT ( 'NONE',  ( 0.5064552264269948090, -0.1176857536942289700, -0.3775897438273499995 ) ) ;
#2443 = VECTOR ( 'NONE', #5035, 39.37007874015748854 ) ;
#2444 = CARTESIAN_POINT ( 'NONE',  ( 0.1351340081849919106, -0.4583013914650240217, -0.3449590773809931843 ) ) ;
#2445 = EDGE_CURVE ( 'NONE', #3296, #4064, #1302, .T. ) ;
#2446 = CARTESIAN_POINT ( 'NONE',  ( 0.2778832529163614007, -0.4229785614646732750, -1.093843005952518155 ) ) ;
#2448 = CARTESIAN_POINT ( 'NONE',  ( 0.06812646281155533556, 0.5194655974752278027, -0.2771648527749261959 ) ) ;
#2447 = CARTESIAN_POINT ( 'NONE',  ( 0.4915790222441681068, -0.1313245441477472186, -0.7351047064354919724 ) ) ;
#2449 = CARTESIAN_POINT ( 'NONE',  ( -0.1315446705073426703, 0.4899795355327423718, -0.7827247414233942102 ) ) ;
#2450 = LINE ( 'NONE', #4965, #1905 ) ;
#2451 = CARTESIAN_POINT ( 'NONE',  ( -0.4444525007585982679, -0.2919911792721944233, -0.3282180059523732707 ) ) ;
#2452 = CIRCLE ( 'NONE', #994, 0.5236456234481557948 ) ;
#2453 = CARTESIAN_POINT ( 'NONE',  ( 0.2285426602104451144, -0.4196917536939206994, -0.3425409226190070378 ) ) ;
#2454 = CARTESIAN_POINT ( 'NONE',  ( -0.3604991319862496657, -0.3061025549064901874, -0.5009300595237957676 ) ) ;
#2455 = CARTESIAN_POINT ( 'NONE',  ( -0.4223899268921990080, 0.2215673934494800656, -0.3804873511904069971 ) ) ;
#2456 = AXIS2_PLACEMENT_3D ( 'NONE', #7162, #434, #2289 ) ;
#2457 = EDGE_LOOP ( 'NONE', ( #6838, #4111, #730 ) ) ;
#2458 = CARTESIAN_POINT ( 'NONE',  ( 0.3330384970245813259, 0.3278888235186474542, -0.6786644345237495823 ) ) ;
#2459 = AXIS2_PLACEMENT_3D ( 'NONE', #4955, #7386, #4341 ) ;
#2460 = CARTESIAN_POINT ( 'NONE',  ( 0.3516578592308360340, -0.3137790527217455550, -0.5618489583333370341 ) ) ;
#2461 = CARTESIAN_POINT ( 'NONE',  ( 0.5089930481799118667, 0.08444746480581659387, -0.5059580767614607621 ) ) ;
#2462 = CARTESIAN_POINT ( 'NONE',  ( 0.4788192569810295618, 0.1626738932177635155, -0.8612432426350615788 ) ) ;
#2463 = AXIS2_PLACEMENT_3D ( 'NONE', #2920, #1720, #5361 ) ;
#2464 = CARTESIAN_POINT ( 'NONE',  ( -0.02967167740631530132, 0.5212504087818302656, -0.6377418154762805047 ) ) ;
#2465 = CARTESIAN_POINT ( 'NONE',  ( 0.4479132758071979192, -0.1320791926196645538, -0.6907552083332737514 ) ) ;
#2466 = CARTESIAN_POINT ( 'NONE',  ( 0.06494274821281062482, 0.4996657443151172884, -0.9200158962354498815 ) ) ;
#2467 = CARTESIAN_POINT ( 'NONE',  ( -0.3393233471536227230, 0.3123947890864379184, -0.8834635416667220298 ) ) ;
#2468 = CARTESIAN_POINT ( 'NONE',  ( -0.4672220872588995211, 0.2304899450491715018, -0.3444872951362871749 ) ) ;
#2469 = ORIENTED_EDGE ( 'NONE', *, *, #5069, .F. ) ;
#2470 = CARTESIAN_POINT ( 'NONE',  ( 0.4220935086920460377, -0.3181726144064966899, -0.3756510416666520302 ) ) ;
#2471 = CARTESIAN_POINT ( 'NONE',  ( -0.2234231169039392617, -0.4543104043900453304, -0.8165943232499817128 ) ) ;
#2472 = CARTESIAN_POINT ( 'NONE',  ( -0.3086424941719607129, 0.4010586087763119978, -0.8496876960553066960 ) ) ;
#2473 = CARTESIAN_POINT ( 'NONE',  ( 0.1282886681672029683, -0.4957705192247552906, -0.9569382440476172924 ) ) ;
#2474 = CARTESIAN_POINT ( 'NONE',  ( -0.08641113136607636580, 0.4528294133343103156, -0.8817894345237651255 ) ) ;
#2475 = CONICAL_SURFACE ( 'NONE', #3531, 0.4461677158522461828, 0.7853981633974500554 ) ;
#2476 = CARTESIAN_POINT ( 'NONE',  ( -0.4182947211891406836, -0.3137299886197845167, -0.2499999999999998335 ) ) ;
#2477 = CARTESIAN_POINT ( 'NONE',  ( 0.2181910150788342329, 0.4159531623017031499, -0.6126302083333159398 ) ) ;
#2478 = CARTESIAN_POINT ( 'NONE',  ( 0.5312500000000000000, -0.3067173305069885725, -0.04744933615967775187 ) ) ;
#2479 = ORIENTED_EDGE ( 'NONE', *, *, #5819, .T. ) ;
#2480 = CARTESIAN_POINT ( 'NONE',  ( -0.4592442421801474772, -0.003570348215791799892, -0.9374069940475181495 ) ) ;
#2481 = LINE ( 'NONE', #449, #2764 ) ;
#2482 = CARTESIAN_POINT ( 'NONE',  ( -0.5036664114012683324, -0.1042629037622573168, -0.8302641369047603082 ) ) ;
#2483 = DIRECTION ( 'NONE',  ( 0.000000000000000000, 1.047310526070460688E-16, -1.000000000000000000 ) ) ;
#2484 = CARTESIAN_POINT ( 'NONE',  ( -0.1155738202705391127, 0.4942970950989597489, -0.7730729796934351361 ) ) ;
#2485 = CARTESIAN_POINT ( 'NONE',  ( -0.4097384864883994449, -0.1977042626988666230, -1.084170386904710348 ) ) ;
#2486 = CARTESIAN_POINT ( 'NONE',  ( 0.1344928616616599959, -0.5007315744539311275, -0.4512707916468742253 ) ) ;
#2487 = CARTESIAN_POINT ( 'NONE',  ( 0.4542534307077708000, 0.07517939155609451585, -0.9088541666666544172 ) ) ;
#2488 = CARTESIAN_POINT ( 'NONE',  ( -0.4727483970025973536, -0.2143442564471967626, -0.4058661007344731009 ) ) ;
#2489 = CARTESIAN_POINT ( 'NONE',  ( 0.4750688053421974200, -0.05484801542638980537, -0.3316592261905392247 ) ) ;
#2490 = CARTESIAN_POINT ( 'NONE',  ( 1.545395803829463835E-09, -0.4794718509879937751, -0.2142857071654432621 ) ) ;
#2492 = CARTESIAN_POINT ( 'NONE',  ( 0.4959609750599545674, 0.1157890722233526487, -0.7195029201879943326 ) ) ;
#2491 = CARTESIAN_POINT ( 'NONE',  ( 0.5100683769748132201, 0.03331115654586668667, -0.6599645310483338578 ) ) ;
#2493 = CARTESIAN_POINT ( 'NONE',  ( -0.1790563341028871547, 0.4747228276939863267, -0.7816141852886746566 ) ) ;
#2494 = CARTESIAN_POINT ( 'NONE',  ( 0.03392228488496416144, -0.5083684238681557277, -0.7392190718428327534 ) ) ;
#2495 = CARTESIAN_POINT ( 'NONE',  ( -0.2945333383135550487, -0.4483074670966586961, -0.1807105654761736457 ) ) ;
#2496 = CARTESIAN_POINT ( 'NONE',  ( -0.1544841173992587413, 0.4557041822125266761, -0.2373511904761537172 ) ) ;
#2497 = CARTESIAN_POINT ( 'NONE',  ( -0.1578332925115784047, 0.4521909036648159574, -0.3086867559524005822 ) ) ;
#2498 = CARTESIAN_POINT ( 'NONE',  ( -0.06641132082849374174, -0.4730173447913838536, -0.3587239583333521886 ) ) ;
#2499 = ORIENTED_EDGE ( 'NONE', *, *, #7534, .F. ) ;
#2500 = CARTESIAN_POINT ( 'NONE',  ( -0.07636626243861793784, 0.4614244283322224138, -0.6677827380951814051 ) ) ;
#2501 = CARTESIAN_POINT ( 'NONE',  ( -0.01949157362315901212, 0.4717278446241663925, -0.5352492559523479576 ) ) ;
#2502 = CARTESIAN_POINT ( 'NONE',  ( -0.4203031356588603495, 0.3006850292710815387, -0.4791739192596543573 ) ) ;
#2503 = CARTESIAN_POINT ( 'NONE',  ( -0.1152033641930653302, 0.4921032728673602752, -0.8445045420244740031 ) ) ;
#2504 = CARTESIAN_POINT ( 'NONE',  ( 0.2958165525556445963, 0.4353403054315073684, -0.5023251488095256123 ) ) ;
#2505 = CARTESIAN_POINT ( 'NONE',  ( -0.3693743954347408209, 0.2836697905472804204, -0.7306547619048057163 ) ) ;
#2506 = ADVANCED_FACE ( 'NONE', ( #2183 ), #4304, .T. ) ;
#2507 = CARTESIAN_POINT ( 'NONE',  ( 0.000000000000000000, 0.000000000000000000, 0.7139999999999999680 ) ) ;
#2508 = CARTESIAN_POINT ( 'NONE',  ( 0.4094419999672838650, -0.2101100975207231825, -0.9161086309524539839 ) ) ;
#2509 = CARTESIAN_POINT ( 'NONE',  ( 0.4609249562398153865, 4.908789363615472940E-16, -0.9852427596124305742 ) ) ;
#2510 = ORIENTED_EDGE ( 'NONE', *, *, #2148, .T. ) ;
#2511 = CARTESIAN_POINT ( 'NONE',  ( 0.3435222119030290622, -0.4045677733236312523, -0.3067336309523902016 ) ) ;
#2512 = DIRECTION ( 'NONE',  ( -1.224646799147353207E-16, 1.000000000000000000, 0.000000000000000000 ) ) ;
#2513 = CARTESIAN_POINT ( 'NONE',  ( -0.5052748809475496872, 0.03323001452447913590, -0.8400333239586788014 ) ) ;
#2514 = CARTESIAN_POINT ( 'NONE',  ( 0.07872615096969837190, -0.5037135607918932223, -1.029482886904792283 ) ) ;
#2515 = CARTESIAN_POINT ( 'NONE',  ( 0.3845905645447861287, -0.2526726737754053098, -0.9083891369047396580 ) ) ;
#2516 = AXIS2_PLACEMENT_3D ( 'NONE', #7680, #1407, #793 ) ;
#2517 = CARTESIAN_POINT ( 'NONE',  ( -0.5057062465546020569, -0.08386223234594222808, -0.6131053333541649497 ) ) ;
#2518 = CARTESIAN_POINT ( 'NONE',  ( 0.3108115456401591703, -0.4339875314713877996, -0.001121523912337118751 ) ) ;
#2519 = VERTEX_POINT ( 'NONE', #3469 ) ;
#2520 = CARTESIAN_POINT ( 'NONE',  ( 0.1084982212405301294, 0.4478940975840469685, -0.8866257440475205920 ) ) ;
#2521 = CARTESIAN_POINT ( 'NONE',  ( -0.4097384864911720603, -0.1977042626870812447, -1.075241815476238205 ) ) ;
#2522 = CARTESIAN_POINT ( 'NONE',  ( 0.4544359740395833569, -0.2474720272680791255, -0.7311197916667470098 ) ) ;
#2523 = DIRECTION ( 'NONE',  ( -0.000000000000000000, -0.000000000000000000, -1.000000000000000000 ) ) ;
#2524 = CARTESIAN_POINT ( 'NONE',  ( 0.2537002448070951877, 0.4403227118571182430, -0.7816273379400031640 ) ) ;
#2525 = CARTESIAN_POINT ( 'NONE',  ( 0.4279239067799403551, -0.1568853104114249497, -1.057570684523812643 ) ) ;
#2526 = CARTESIAN_POINT ( 'NONE',  ( -0.3886396705216584868, -0.3413520410067154565, -0.4639251921940213408 ) ) ;
#2527 = CARTESIAN_POINT ( 'NONE',  ( -0.4588662950484348468, 0.04880718795243496611, -0.8762090773810077282 ) ) ;
#2528 = CARTESIAN_POINT ( 'NONE',  ( 0.4679135226325208952, -0.1089097256241428752, -0.2615327380952705005 ) ) ;
#2529 = CARTESIAN_POINT ( 'NONE',  ( -0.1544841174008309559, 0.4557041822155450395, -0.2462797619047146225 ) ) ;
#2531 = CARTESIAN_POINT ( 'NONE',  ( -0.2697251265818606525, 0.4328031404411807337, -0.6979179575265982427 ) ) ;
#2530 = CARTESIAN_POINT ( 'NONE',  ( -0.01594263889348287305, -0.5080893407950096696, -0.7503480737531683653 ) ) ;
#2532 = CARTESIAN_POINT ( 'NONE',  ( 0.2950124433629675580, 0.4123543225233823883, -0.7927720459157057142 ) ) ;
#2533 = CARTESIAN_POINT ( 'NONE',  ( -0.2321000399122418179, -0.4695273708406201285, -0.2552199454864887418 ) ) ;
#2534 = CARTESIAN_POINT ( 'NONE',  ( -0.2023508895380524419, 0.4366039510970874948, -0.2361421130953087477 ) ) ;
#2535 = CARTESIAN_POINT ( 'NONE',  ( -0.2519336454960511840, 0.4047901593248467988, -0.3776041666667146468 ) ) ;
#2536 = CARTESIAN_POINT ( 'NONE',  ( -0.3957321913652174228, 0.2741282910918294013, -0.2390252976190296585 ) ) ;
#2537 = EDGE_LOOP ( 'NONE', ( #6245, #3536, #2252 ) ) ;
#2538 = CARTESIAN_POINT ( 'NONE',  ( -0.1218148023535252505, 0.4539111326826593684, -0.5952380952380716961 ) ) ;
#2539 = CARTESIAN_POINT ( 'NONE',  ( 0.1294334710127085231, 0.4539238146870395174, -0.5388764880952949810 ) ) ;
#2540 = ORIENTED_EDGE ( 'NONE', *, *, #6833, .F. ) ;
#2541 = CARTESIAN_POINT ( 'NONE',  ( -0.2300187437818222436, 0.4331870447154719250, -0.2500000000000000000 ) ) ;
#2542 = CARTESIAN_POINT ( 'NONE',  ( -0.1359237447074940763, 0.5064826524991327128, -0.5639880952380716961 ) ) ;
#2543 = CARTESIAN_POINT ( 'NONE',  ( 0.3832303970538303295, -0.2743929485487708320, -0.5517113095238236342 ) ) ;
#2544 = CARTESIAN_POINT ( 'NONE',  ( -0.4275837801268672078, 0.2657822232334213775, -0.9070086417097878995 ) ) ;
#2545 = CARTESIAN_POINT ( 'NONE',  ( -0.3043475330298242021, -0.3473147868675340311, -0.8653273809523612803 ) ) ;
#2546 = CARTESIAN_POINT ( 'NONE',  ( 0.4228025104655970812, 0.3031484838651756220, -0.3679285670751760717 ) ) ;
#2547 = VERTEX_POINT ( 'NONE', #324 ) ;
#2548 = ADVANCED_FACE ( 'NONE', ( #6016 ), #1271, .T. ) ;
#2549 = CARTESIAN_POINT ( 'NONE',  ( -0.2757734669982427334, 0.4520910905850997752, -0.3442150297619318011 ) ) ;
#2550 = CARTESIAN_POINT ( 'NONE',  ( 0.06649134019534039264, -0.5006620943109861832, -0.8813335537654898300 ) ) ;
#2551 = CARTESIAN_POINT ( 'NONE',  ( -0.5010827331464444701, -0.1169772007012045839, -0.5509553015725412450 ) ) ;
#2552 = CARTESIAN_POINT ( 'NONE',  ( 0.5079547224783376169, 0.08406748544962212855, -0.8686755952380763590 ) ) ;
#2553 = CARTESIAN_POINT ( 'NONE',  ( -0.4415491055709426238, -0.1420620542613805770, -0.7911086309525919846 ) ) ;
#2554 = LINE ( 'NONE', #4944, #8110 ) ;
#2555 = CARTESIAN_POINT ( 'NONE',  ( 0.000000000000000000, 0.000000000000000000, 0.9519999999999999574 ) ) ;
#2556 = EDGE_LOOP ( 'NONE', ( #644, #5257, #3205, #2330 ) ) ;
#2557 = CARTESIAN_POINT ( 'NONE',  ( 0.2876446769099161305, 0.3627199255295456282, -0.8201264880952107150 ) ) ;
#2558 = CARTESIAN_POINT ( 'NONE',  ( 0.1583109178470035183, -0.4318356639503113659, -0.9156436011905308980 ) ) ;
#2559 = CARTESIAN_POINT ( 'NONE',  ( -0.4998097988439869632, -0.1473734860861448392, -0.6150483630952408021 ) ) ;
#2560 = DIRECTION ( 'NONE',  ( 0.09411816491319552336, 1.152615094025676142E-17, -0.9955610333040223470 ) ) ;
#2561 = CARTESIAN_POINT ( 'NONE',  ( -0.07081028096725403009, 0.4692533780056058479, -0.9726139150151533741 ) ) ;
#2562 = CARTESIAN_POINT ( 'NONE',  ( 0.4078446056535786068, 0.2139287135100865211, -0.9052269345236426679 ) ) ;
#2563 = CARTESIAN_POINT ( 'NONE',  ( 0.5136487418488469014, -0.06757343355074023339, -0.4378913660700996524 ) ) ;
#2564 = CARTESIAN_POINT ( 'NONE',  ( -0.3978350014220568553, -0.2342592864977988687, -0.8689546130951791847 ) ) ;
#2565 = CARTESIAN_POINT ( 'NONE',  ( -0.4701808895344298245, 0.01520863170400998249, -0.5896577380952305880 ) ) ;
#2566 = CARTESIAN_POINT ( 'NONE',  ( -0.02657778992624505385, 0.4669065516194103593, -0.6689918154761494984 ) ) ;
#2567 = DIRECTION ( 'NONE',  ( -1.000000000000000000, 0.000000000000000000, 0.000000000000000000 ) ) ;
#2568 = CARTESIAN_POINT ( 'NONE',  ( -0.4027412400525998137, -0.3092841537659332118, -1.039434523809529054 ) ) ;
#2569 = CARTESIAN_POINT ( 'NONE',  ( 0.1498168010054885535, -0.4419366975085687321, -0.7105654761903573702 ) ) ;
#2571 = CARTESIAN_POINT ( 'NONE',  ( 0.2543833625357760364, 0.4415577714485440786, -0.7102037422088592900 ) ) ;
#2570 = CARTESIAN_POINT ( 'NONE',  ( -0.06600937040852689064, -0.5040025746786833682, -0.7514768547526983200 ) ) ;
#2572 = CARTESIAN_POINT ( 'NONE',  ( -0.3883694100826888818, -0.3411900334312490402, -0.4739424996917330213 ) ) ;
#2573 = CARTESIAN_POINT ( 'NONE',  ( -0.4629089825273922099, -0.2098575332993462550, -0.7529916560179020779 ) ) ;
#2574 = CARTESIAN_POINT ( 'NONE',  ( 0.4785731755824594869, 0.04337332645215589977, -0.2579055059524211768 ) ) ;
#2575 = CARTESIAN_POINT ( 'NONE',  ( 0.3186182514939912003, 0.3570813290202418111, -0.3207775297619677168 ) ) ;
#2576 = AXIS2_PLACEMENT_3D ( 'NONE', #2036, #7026, #139 ) ;
#2577 = CARTESIAN_POINT ( 'NONE',  ( 0.4338984649030591112, -0.2697869992501361058, -0.6670293111715241974 ) ) ;
#2578 = ORIENTED_EDGE ( 'NONE', *, *, #374, .T. ) ;
#2579 = CARTESIAN_POINT ( 'NONE',  ( -0.4658193796739794057, 0.06540079247695876341, -0.5819382440476066343 ) ) ;
#2580 = CARTESIAN_POINT ( 'NONE',  ( -0.3675141779971530798, 0.2968596920358814728, -0.5255766369047032427 ) ) ;
#2581 = AXIS2_PLACEMENT_3D ( 'NONE', #3556, #6059, #5653 ) ;
#2582 = ORIENTED_EDGE ( 'NONE', *, *, #2942, .T. ) ;
#2583 = CARTESIAN_POINT ( 'NONE',  ( 0.1976608551548778014, 0.4878909885858147555, -0.4999069940476174034 ) ) ;
#2584 = CARTESIAN_POINT ( 'NONE',  ( 0.4099769621255355267, -0.2280572604096589018, -0.6218377976190486711 ) ) ;
#2585 = APPROVAL_STATUS ( 'not_yet_approved' ) ;
#2586 = CARTESIAN_POINT ( 'NONE',  ( -0.3747927913950155343, -0.2734647580708393644, -0.7964099702380774692 ) ) ;
#2587 = CIRCLE ( 'NONE', #7190, 0.5312500000000000000 ) ;
#2588 = CARTESIAN_POINT ( 'NONE',  ( 0.000000000000000000, 0.000000000000000000, -0.9999999999999998890 ) ) ;
#2589 = ORIENTED_EDGE ( 'NONE', *, *, #2068, .F. ) ;
#2590 = AXIS2_PLACEMENT_3D ( 'NONE', #4982, #609, #1969 ) ;
#2591 = CARTESIAN_POINT ( 'NONE',  ( 0.4319641095366075767, 0.3092758688954857504, -0.2898065476190276324 ) ) ;
#2592 = CARTESIAN_POINT ( 'NONE',  ( 0.1781884743179023844, -0.4718143232039407886, -0.8787197735956135958 ) ) ;
#2593 = CARTESIAN_POINT ( 'NONE',  ( 0.2991991096193940547, 0.4179533403958053950, -0.5684673010397307547 ) ) ;
#2594 = CARTESIAN_POINT ( 'NONE',  ( -0.3749806391240307901, -0.3514827280751213201, -0.8976934523809634303 ) ) ;
#2595 = CARTESIAN_POINT ( 'NONE',  ( 0.4117352130027216450, 0.2112779126273588715, -0.8249627976190493372 ) ) ;
#2596 = CARTESIAN_POINT ( 'NONE',  ( 0.2569804799289474029, -0.4443419449821246481, -0.5911561253271373495 ) ) ;
#2597 = CARTESIAN_POINT ( 'NONE',  ( -0.4678367929142764337, -0.2306858740887886838, -0.3240448616785876479 ) ) ;
#2598 = ORIENTED_EDGE ( 'NONE', *, *, #6068, .F. ) ;
#2599 = CARTESIAN_POINT ( 'NONE',  ( 0.4301776105478344880, -0.1697999686493948113, -0.8346354166667050434 ) ) ;
#2600 = CARTESIAN_POINT ( 'NONE',  ( -0.4562669222049430262, -0.05266942886852876010, -0.9361979166665167496 ) ) ;
#2601 = CARTESIAN_POINT ( 'NONE',  ( -0.5040815806873266691, 0.1221086077988995655, -0.6924293154762757307 ) ) ;
#2602 = CARTESIAN_POINT ( 'NONE',  ( 0.4131424744967830409, -0.1974375625104707321, -0.9885084286462034742 ) ) ;
#2603 = CARTESIAN_POINT ( 'NONE',  ( -0.4520335831604890831, 0.1662566737209303924, -0.9647766212604590441 ) ) ;
#2604 = CARTESIAN_POINT ( 'NONE',  ( 0.1039666368501927368, 0.4466755213744184605, -0.9668898809523228666 ) ) ;
#2605 = CARTESIAN_POINT ( 'NONE',  ( 0.5041630572631385920, -0.03283917650323286280, -0.8757429869811778067 ) ) ;
#2606 = CARTESIAN_POINT ( 'NONE',  ( 0.4445480726686248385, -0.1193102246679135642, -0.9136904761904031114 ) ) ;
#2607 = EDGE_CURVE ( 'NONE', #4888, #8144, #5352, .T. ) ;
#2608 = CARTESIAN_POINT ( 'NONE',  ( -0.3350285684408062514, 0.3298593306223371324, -0.5981212797618743471 ) ) ;
#2609 = CARTESIAN_POINT ( 'NONE',  ( 0.4351093453887515117, 0.1639571997906616452, -0.7548363095239465359 ) ) ;
#2610 = CARTESIAN_POINT ( 'NONE',  ( -0.5002943035887735812, 6.126838175216457331E-17, -0.9999999999999998890 ) ) ;
#2611 = CARTESIAN_POINT ( 'NONE',  ( -0.4116421155352108507, 0.3003619333483515952, -0.9826078869047289999 ) ) ;
#2612 = CARTESIAN_POINT ( 'NONE',  ( -0.1717381173734215394, 0.4351096008121427272, -0.6742931547620244492 ) ) ;
#2614 = CARTESIAN_POINT ( 'NONE',  ( 0.5048652768350136988, 0.06680508220457927193, -0.7206220814683836906 ) ) ;
#2613 = CARTESIAN_POINT ( 'NONE',  ( 0.4752802833343605093, -0.1232667392718896082, -0.9561512698432517166 ) ) ;
#2615 = CARTESIAN_POINT ( 'NONE',  ( -0.3393270768715353491, -0.3875192318335239361, -0.5338596559239344730 ) ) ;
#2616 = CARTESIAN_POINT ( 'NONE',  ( -0.4915818396837461912, -0.1320898902396865082, -0.7548397283640593258 ) ) ;
#2617 = CARTESIAN_POINT ( 'NONE',  ( -0.4228139106988647589, 0.2302519275991082026, -0.2288876488095321349 ) ) ;
#2618 = CARTESIAN_POINT ( 'NONE',  ( -0.4763559061697514863, 0.02712373309393817378, -0.3667224702381242096 ) ) ;
#2619 = CARTESIAN_POINT ( 'NONE',  ( 0.5108581229793223155, -3.353663550659640389E-13, -0.6607102043643909850 ) ) ;
#2620 = CARTESIAN_POINT ( 'NONE',  ( 0.1294334710159909529, 0.4539238146903489812, -0.5299479166666696273 ) ) ;
#2621 = CARTESIAN_POINT ( 'NONE',  ( 0.2315905879907037002, 0.4163289276144950812, -0.3986235119047563669 ) ) ;
#2622 = ORIENTED_EDGE ( 'NONE', *, *, #6380, .F. ) ;
#2623 = CARTESIAN_POINT ( 'NONE',  ( -0.4926784240848974261, 0.1806249468363516075, -0.5531063988095362705 ) ) ;
#2624 = CARTESIAN_POINT ( 'NONE',  ( 0.4653753459757852262, 0.06107524034217060721, -0.6145833333333151627 ) ) ;
#2625 =( LENGTH_UNIT ( ) NAMED_UNIT ( * ) SI_UNIT ( $, .METRE. ) );
#2626 = CARTESIAN_POINT ( 'NONE',  ( 0.1530425632045132045, -0.4384658757926093164, -0.7819010416667665497 ) ) ;
#2627 = CARTESIAN_POINT ( 'NONE',  ( -0.4513296087487382313, -0.1330782564594587825, -0.5860305059523781557 ) ) ;
#2628 = ORIENTED_EDGE ( 'NONE', *, *, #5069, .T. ) ;
#2629 = CARTESIAN_POINT ( 'NONE',  ( 0.4582308583331383689, 0.2643118064556420066, -0.3623511904762424796 ) ) ;
#2630 = DIRECTION ( 'NONE',  ( -1.000000000000000000, -1.224646799147354440E-16, 0.000000000000000000 ) ) ;
#2631 = CARTESIAN_POINT ( 'NONE',  ( 0.4075114614320949902, 0.3130964824481698994, -0.5718124671603933562 ) ) ;
#2632 = CARTESIAN_POINT ( 'NONE',  ( 0.5085755497901862654, -0.07949413670121262265, -0.8723028273810760069 ) ) ;
#2633 = CARTESIAN_POINT ( 'NONE',  ( 0.2876446769099161305, 0.3627199255295456282, -0.8201264880952107150 ) ) ;
#2634 = CARTESIAN_POINT ( 'NONE',  ( -0.3124350371044658514, -0.4077663481234519161, -0.6045508392193948977 ) ) ;
#2635 = CARTESIAN_POINT ( 'NONE',  ( 0.06882585516927960945, -0.5183377653552150299, -0.3098941472687005705 ) ) ;
#2636 = ORIENTED_EDGE ( 'NONE', *, *, #2856, .F. ) ;
#2637 = CARTESIAN_POINT ( 'NONE',  ( 0.4117352130027216450, 0.2112779126273588715, -0.8249627976190493372 ) ) ;
#2638 = CARTESIAN_POINT ( 'NONE',  ( -0.1300234408995291913, -0.4409414930941523703, -0.9228980654762867220 ) ) ;
#2639 = CARTESIAN_POINT ( 'NONE',  ( 0.5181127846284514504, -0.04227906779390847025, -0.6549479166666416496 ) ) ;
#2640 = CARTESIAN_POINT ( 'NONE',  ( -0.4834809714632758992, 0.1819017838868518533, -0.4862268814399839933 ) ) ;
#2641 = CARTESIAN_POINT ( 'NONE',  ( -0.4878890209059773553, 0.1654382261663785714, -0.5572799120726823485 ) ) ;
#2642 = CARTESIAN_POINT ( 'NONE',  ( -0.04140495534041142150, 0.4568565382024588062, -0.9632626488094878647 ) ) ;
#2643 = VECTOR ( 'NONE', #7289, 39.37007874015748854 ) ;
#2644 = CARTESIAN_POINT ( 'NONE',  ( -0.2449162996813773197, -0.4772703656896183366, -0.1795014880951423253 ) ) ;
#2645 = CARTESIAN_POINT ( 'NONE',  ( 0.5111178410536115768, -0.08453273546154957407, -0.4382680140753468789 ) ) ;
#2646 = CARTESIAN_POINT ( 'NONE',  ( -0.1800845295979685012, -0.4253580261380393024, -0.8617001488096437400 ) ) ;
#2647 = CARTESIAN_POINT ( 'NONE',  ( 0.4737809088110277456, 0.003683488086745465798, -0.4820498511905039751 ) ) ;
#2648 = CARTESIAN_POINT ( 'NONE',  ( 0.4386600622034519392, 0.1608128086850150185, -0.6835007440475713292 ) ) ;
#2649 = EDGE_CURVE ( 'NONE', #5379, #4374, #1797, .T. ) ;
#2650 = CARTESIAN_POINT ( 'NONE',  ( -0.1993862723233183476, 0.4616833412024038963, -0.9239299257260275011 ) ) ;
#2651 = CARTESIAN_POINT ( 'NONE',  ( -0.1443186705230183609, -0.4894216831819119817, -0.9608444940475859841 ) ) ;
#2652 = CARTESIAN_POINT ( 'NONE',  ( 0.07672015054125709554, 0.4635138336038384654, -0.6090029761904611760 ) ) ;
#2654 = CARTESIAN_POINT ( 'NONE',  ( 0.3827921322646789526, 0.3362105604843966256, -0.7139257801934195680 ) ) ;
#2653 = CARTESIAN_POINT ( 'NONE',  ( -0.1756442133952820783, 0.5120264271286111279, -0.2445383015977778685 ) ) ;
#2655 = CARTESIAN_POINT ( 'NONE',  ( 0.000000000000000000, 0.000000000000000000, 0.000000000000000000 ) ) ;
#2656 = EDGE_CURVE ( 'NONE', #8068, #6039, #285, .T. ) ;
#2657 = CARTESIAN_POINT ( 'NONE',  ( -0.06905286818483305500, -0.5201637372259788616, -0.2515019016557183962 ) ) ;
#2658 = CARTESIAN_POINT ( 'NONE',  ( 0.4804283687302251526, -0.008057090511119859369, -0.2591145833333013404 ) ) ;
#2659 = EDGE_CURVE ( 'NONE', #1334, #4811, #2851, .T. ) ;
#2660 = CARTESIAN_POINT ( 'NONE',  ( 0.2786243651239122543, 0.3891403025616718692, -0.3195684523809486088 ) ) ;
#2661 = CARTESIAN_POINT ( 'NONE',  ( 0.3587256020181619487, 0.3200747152873553159, -0.2595796130951605885 ) ) ;
#2662 = CARTESIAN_POINT ( 'NONE',  ( 0.3832303970538303295, -0.2743929485487708320, -0.5517113095238236342 ) ) ;
#2663 = CARTESIAN_POINT ( 'NONE',  ( -0.4418705442107722647, -0.1744067338052718297, -0.4421502976190681000 ) ) ;
#2664 = ORIENTED_EDGE ( 'NONE', *, *, #2039, .F. ) ;
#2665 = CARTESIAN_POINT ( 'NONE',  ( -0.02173921354004148057, 0.5261132752558365100, -0.4950706845237832221 ) ) ;
#2666 = CARTESIAN_POINT ( 'NONE',  ( 0.09915550348426858951, -0.4582315267068455822, -0.6315104166667195873 ) ) ;
#2667 = DIRECTION ( 'NONE',  ( 1.000000000000000000, 0.000000000000000000, 0.000000000000000000 ) ) ;
#2668 = CARTESIAN_POINT ( 'NONE',  ( 0.3247598438342774729, 0.3298490796758214993, -0.8302641369048437969 ) ) ;
#2669 = CARTESIAN_POINT ( 'NONE',  ( 0.3832303970593456954, -0.2743929485363589826, -0.5606398809523800431 ) ) ;
#2670 = ORIENTED_EDGE ( 'NONE', *, *, #6572, .F. ) ;
#2671 = CARTESIAN_POINT ( 'NONE',  ( -0.4381364390723137547, 0.2977165125183277028, -0.3393787202380612045 ) ) ;
#2672 = CARTESIAN_POINT ( 'NONE',  ( -0.4588832617660252855, -0.2079546520095015283, -0.8958511247007588940 ) ) ;
#2673 = FACE_OUTER_BOUND ( 'NONE', #3220, .T. ) ;
#2674 = CARTESIAN_POINT ( 'NONE',  ( -0.2009730936226841458, 0.4747182335546370480, -0.8481212797619491761 ) ) ;
#2675 = CARTESIAN_POINT ( 'NONE',  ( 0.06723765579230980838, -0.5087351313530081853, -0.5956166984101005646 ) ) ;
#2676 = CARTESIAN_POINT ( 'NONE',  ( -0.3439385676831969163, -0.3923550913428612286, -0.3195822243294598741 ) ) ;
#2677 = CARTESIAN_POINT ( 'NONE',  ( 0.4095163977162286639, -0.2148146366960544951, -0.8358444940477107732 ) ) ;
#2678 = CARTESIAN_POINT ( 'NONE',  ( -0.3626543539934857230, -0.2784990276772457696, -1.001488095238135090 ) ) ;
#2679 = CARTESIAN_POINT ( 'NONE',  ( 0.3331184987864850289, 0.3995181954957480186, -0.6440662202381020052 ) ) ;
#2680 = CARTESIAN_POINT ( 'NONE',  ( 0.3915431556891755815, -0.2360299941707045268, -0.9892207408910814737 ) ) ;
#2681 = CARTESIAN_POINT ( 'NONE',  ( 0.06804373048039900895, 0.4667097121577566399, -0.9747758274494768838 ) ) ;
#2682 = CARTESIAN_POINT ( 'NONE',  ( 0.4542534307212593436, 0.07517939154745052754, -0.9088541666667164787 ) ) ;
#2683 = CARTESIAN_POINT ( 'NONE',  ( -0.3663952477698116938, 0.3908898685303222043, -0.2012648809523927274 ) ) ;
#2684 = CARTESIAN_POINT ( 'NONE',  ( 0.1780377349458710234, -0.4715380373407724313, -0.8887456593472572441 ) ) ;
#2685 = CARTESIAN_POINT ( 'NONE',  ( 0.1165759650362913624, 0.4504765398923450404, -0.7528831845239015719 ) ) ;
#2686 = CARTESIAN_POINT ( 'NONE',  ( 0.08472363206074974562, 0.4666596383400640202, -0.4663318452380451618 ) ) ;
#2687 = CARTESIAN_POINT ( 'NONE',  ( 0.4644654905788350718, 0.01919143522442669572, -0.7584635416666187790 ) ) ;
#2688 = CARTESIAN_POINT ( 'NONE',  ( -0.4994877130434297596, 0.06157975120333020885, -0.9121092999060964601 ) ) ;
#2689 = CARTESIAN_POINT ( 'NONE',  ( 0.1792170621607488135, -0.4756048920849565431, -1.024925595237999199 ) ) ;
#2690 = CARTESIAN_POINT ( 'NONE',  ( 0.4228311039506644775, 0.2040217657997490663, -0.6198846726190608836 ) ) ;
#2692 = CARTESIAN_POINT ( 'NONE',  ( -0.5034183220726021757, 0.08334186863551296121, -0.6882695231631534849 ) ) ;
#2691 = DIRECTION ( 'NONE',  ( -1.000000000000000000, 0.000000000000000000, 0.000000000000000000 ) ) ;
#2693 = CARTESIAN_POINT ( 'NONE',  ( 0.3143271036951441610, -0.4086706313650046996, -0.5182370156327593680 ) ) ;
#2694 = CARTESIAN_POINT ( 'NONE',  ( 0.06638111452894256137, -0.5018018379610946766, -0.8199266547609338485 ) ) ;
#2695 = CARTESIAN_POINT ( 'NONE',  ( -0.3629252819570578104, 0.3623063510056375724, -0.6238938004578234997 ) ) ;
#2696 = CARTESIAN_POINT ( 'NONE',  ( 0.1802575699698116263, -0.4449543186915685955, -0.2724144345237748399 ) ) ;
#2697 = CARTESIAN_POINT ( 'NONE',  ( 0.3908679718707145367, 0.2798515610866031400, -0.2607886904761576030 ) ) ;
#2698 = EDGE_CURVE ( 'NONE', #4269, #6039, #5333, .T. ) ;
#2699 = CARTESIAN_POINT ( 'NONE',  ( 0.4593603078860756250, 0.1069108120410926371, -0.5420386904762315439 ) ) ;
#2700 = CARTESIAN_POINT ( 'NONE',  ( 0.4733971634805573814, 0.05034462554133668777, -0.4095052083334198012 ) ) ;
#2701 = EDGE_LOOP ( 'NONE', ( #2598, #5295, #2246, #4438 ) ) ;
#2702 = CARTESIAN_POINT ( 'NONE',  ( -0.4361582010274380194, -0.2963626819931434730, -0.4708891369047928377 ) ) ;
#2703 = CARTESIAN_POINT ( 'NONE',  ( 0.2379474349356683338, -0.4040983416256335725, -0.6278831845238800335 ) ) ;
#2704 = CARTESIAN_POINT ( 'NONE',  ( 0.5108581229793223155, -3.353663550659640389E-13, -0.6607102043643909850 ) ) ;
#2705 = CARTESIAN_POINT ( 'NONE',  ( 0.2418817215384517216, -0.3965313689783482864, -0.7794828869046616093 ) ) ;
#2706 = CARTESIAN_POINT ( 'NONE',  ( 0.4027365436487824746, 0.2456669132980490999, -0.5473400297619115396 ) ) ;
#2707 = EDGE_LOOP ( 'NONE', ( #6033, #4647, #314, #5460 ) ) ;
#2708 = VECTOR ( 'NONE', #2560, 39.37007874015748854 ) ;
#2709 = CARTESIAN_POINT ( 'NONE',  ( -0.5086748654063433239, 0.06661810015474740887, -0.6264703422712032399 ) ) ;
#2710 = CARTESIAN_POINT ( 'NONE',  ( 0.4874952050454262054, -0.1305591927848213929, -0.8679415212980770011 ) ) ;
#2711 = CARTESIAN_POINT ( 'NONE',  ( 0.3748926110046190696, 0.3515442313948751174, -0.5706894006477083447 ) ) ;
#2712 = CARTESIAN_POINT ( 'NONE',  ( 0.06706302155421731137, 0.5109362872489445762, -0.8541666666666958285 ) ) ;
#2713 = AXIS2_PLACEMENT_3D ( 'NONE', #2772, #6402, #7142 ) ;
#2714 = B_SPLINE_CURVE_WITH_KNOTS ( 'NONE', 3,
 ( #4796, #1509, #2276, #7303, #272, #4222 ),
 .UNSPECIFIED., .F., .F.,
 ( 4, 2, 4 ),
 ( 0.01420428813086583968, 0.01814645441274511523, 0.02208862069462438904 ),
 .UNSPECIFIED. ) ;
#2715 = CARTESIAN_POINT ( 'NONE',  ( 0.5067184809270940393, -0.08384222979668137787, -0.5811174481714171947 ) ) ;
#2716 = DIRECTION ( 'NONE',  ( 0.4999999999999998335, 0.8660254037844388186, 0.000000000000000000 ) ) ;
#2717 = CARTESIAN_POINT ( 'NONE',  ( 0.4307052034568280008, -0.1744934964489394391, -0.7632998511905240147 ) ) ;
#2718 = CARTESIAN_POINT ( 'NONE',  ( 0.4571684449399797678, 0.03014329900332665679, -0.9724702380952086056 ) ) ;
#2719 = VECTOR ( 'NONE', #3443, 39.37007874015748143 ) ;
#2720 = CARTESIAN_POINT ( 'NONE',  ( -0.4670543235738671695, 0.2253693749197096252, -0.6948474702380107448 ) ) ;
#2721 = CARTESIAN_POINT ( 'NONE',  ( 0.4609249562398153865, 4.908789363615472940E-16, -0.9852427596124305742 ) ) ;
#2722 = CARTESIAN_POINT ( 'NONE',  ( -0.4613347536412817917, 0.2273438624882025416, -0.5587697341589352718 ) ) ;
#2723 = CARTESIAN_POINT ( 'NONE',  ( 0.3537823343105991336, 0.2949741378378206158, -0.9028087797620715227 ) ) ;
#2724 = CARTESIAN_POINT ( 'NONE',  ( -0.3271236639772219235, -0.3163322001103578973, -1.071614583333268200 ) ) ;
#2725 = AXIS2_PLACEMENT_3D ( 'NONE', #5470, #7982, #2337 ) ;
#2726 = LINE ( 'NONE', #7755, #7065 ) ;
#2727 = CARTESIAN_POINT ( 'NONE',  ( -0.1847849058410943046, -0.4257722838144299415, -0.7903645833333342585 ) ) ;
#2728 = CARTESIAN_POINT ( 'NONE',  ( -0.3971873550522470597, 0.2558732581369089210, -0.5243675595238280751 ) ) ;
#2729 = CARTESIAN_POINT ( 'NONE',  ( -0.2330116826110060768, -0.4039516132487387945, -0.7113095238095477058 ) ) ;
#2730 = CARTESIAN_POINT ( 'NONE',  ( 0.5153060937665838726, -1.765029914656520124E-15, -0.5178498388460922586 ) ) ;
#2731 = CARTESIAN_POINT ( 'NONE',  ( 0.2650954247758430249, 0.4345709759523856963, -0.9995349702381559620 ) ) ;
#2732 = CARTESIAN_POINT ( 'NONE',  ( 0.4100470490604826712, -0.2232996099186381478, -0.7021019345238894704 ) ) ;
#2734 = CARTESIAN_POINT ( 'NONE',  ( -0.1163928186444774249, -0.5016156247137689705, -0.5383073133217688433 ) ) ;
#2733 = CARTESIAN_POINT ( 'NONE',  ( -0.4925542845252818269, -0.1672944544121758581, -0.3969584044298863357 ) ) ;
#2735 = CARTESIAN_POINT ( 'NONE',  ( -0.3877097262232090946, -0.3402895127923464269, -0.5353548003132267974 ) ) ;
#2736 = CARTESIAN_POINT ( 'NONE',  ( 0.5063987075788805026, -0.01653711633935812247, -0.8039381491003458891 ) ) ;
#2737 = CARTESIAN_POINT ( 'NONE',  ( -0.4991874946672243962, 0.1159394503718284564, -0.6175620907240264579 ) ) ;
#2738 = CARTESIAN_POINT ( 'NONE',  ( -0.2200654614812528609, -0.4288424523424913537, -0.2107514880952974790 ) ) ;
#2739 = CARTESIAN_POINT ( 'NONE',  ( 0.1326159997579158534, -0.4939860977602193448, -0.6755911910558682898 ) ) ;
#2740 = CARTESIAN_POINT ( 'NONE',  ( -0.4382176059380671895, -0.1775283630336503826, -0.5045572916666359875 ) ) ;
#2741 = CARTESIAN_POINT ( 'NONE',  ( -0.4436994973489811755, 0.1751372015126443915, -0.3792782738095724082 ) ) ;
#2742 = ORIENTED_EDGE ( 'NONE', *, *, #374, .F. ) ;
#2743 = CARTESIAN_POINT ( 'NONE',  ( -0.4689209919401757243, -0.2459660805524767069, -0.4007626488095636375 ) ) ;
#2744 = CARTESIAN_POINT ( 'NONE',  ( -0.007935269595413458124, -0.4731608362029717241, -0.4912574404762051206 ) ) ;
#2745 = CARTESIAN_POINT ( 'NONE',  ( 0.4324399895191156640, -0.1876786179946948185, -0.5492931547619056554 ) ) ;
#2746 = PERSON_AND_ORGANIZATION_ROLE ( 'classification_officer' ) ;
#2747 = CARTESIAN_POINT ( 'NONE',  ( -0.2330116826110060768, -0.4039516132487387945, -0.7202380952381192136 ) ) ;
#2748 = CARTESIAN_POINT ( 'NONE',  ( -0.1559192491272429759, -0.4466831719734546957, -0.5038132440476463803 ) ) ;
#2749 = VERTEX_POINT ( 'NONE', #5402 ) ;
#2750 = EDGE_CURVE ( 'NONE', #2993, #1142, #2385, .T. ) ;
#2751 = DIRECTION ( 'NONE',  ( 0.000000000000000000, 0.000000000000000000, -1.000000000000000000 ) ) ;
#2752 = CARTESIAN_POINT ( 'NONE',  ( 0.4010073426257412255, -0.3075336248717128740, -0.8724061847512804002 ) ) ;
#2753 = CARTESIAN_POINT ( 'NONE',  ( -0.2719526649863098777, 0.4366571567419418320, -0.5550698116161026929 ) ) ;
#2754 = CARTESIAN_POINT ( 'NONE',  ( -0.3778470755386418301, 0.3541804966290436063, -0.7719494047617820875 ) ) ;
#2755 = EDGE_CURVE ( 'NONE', #1171, #3500, #6226, .T. ) ;
#2756 = CARTESIAN_POINT ( 'NONE',  ( 0.3183014975081465137, -0.4136416963274092695, -0.3139704772194309434 ) ) ;
#2757 = CARTESIAN_POINT ( 'NONE',  ( 0.4687358220839997758, -0.2306440103440940692, -0.2987371787030925208 ) ) ;
#2758 = CARTESIAN_POINT ( 'NONE',  ( 0.4468909990651476760, 0.1199307658970781426, -0.8273809523809402267 ) ) ;
#2759 = CARTESIAN_POINT ( 'NONE',  ( 0.3381369969931088959, 0.3982133740712694436, -0.5727306547619324117 ) ) ;
#2760 = CARTESIAN_POINT ( 'NONE',  ( -0.4553243424992282073, -0.1736186707457129941, -0.9595213737784875629 ) ) ;
#2761 = DIRECTION ( 'NONE',  ( -0.000000000000000000, -0.000000000000000000, 1.000000000000000000 ) ) ;
#2762 = CARTESIAN_POINT ( 'NONE',  ( 0.2418817215484367900, -0.3965313689763586558, -0.7794828869048573416 ) ) ;
#2763 = CARTESIAN_POINT ( 'NONE',  ( 0.4351253508995467922, 0.3115392771794738835, -0.2206101190476174312 ) ) ;
#2764 = VECTOR ( 'NONE', #2351, 39.37007874015748854 ) ;
#2765 = CARTESIAN_POINT ( 'NONE',  ( -0.2929904652029897694, -0.4096953578970188303, -0.8999090405425402839 ) ) ;
#2766 = CARTESIAN_POINT ( 'NONE',  ( 0.2829261392339183501, -0.3684191222159465262, -0.7782738095238985743 ) ) ;
#2767 = CARTESIAN_POINT ( 'NONE',  ( -0.4741633541613583525, -0.02699093193786519795, -0.4457775297618962740 ) ) ;
#2768 = CARTESIAN_POINT ( 'NONE',  ( 0.2293631126535104203, 0.4656060379598259136, -0.4337759797310588583 ) ) ;
#2769 = CARTESIAN_POINT ( 'NONE',  ( 0.1018475860582768733, 0.4922570151223934487, -0.9308864043909016450 ) ) ;
#2770 = CARTESIAN_POINT ( 'NONE',  ( 0.06670671178686503333, -0.5082826790509724635, -0.8846726190475147078 ) ) ;
#2771 = CARTESIAN_POINT ( 'NONE',  ( -0.3426224461039170666, 0.3897456958387263137, -0.4103432469239491343 ) ) ;
#2773 = CARTESIAN_POINT ( 'NONE',  ( -0.2279165237124307353, -0.4625997378332895593, -0.5409123615793862694 ) ) ;
#2772 = CARTESIAN_POINT ( 'NONE',  ( 0.000000000000000000, 0.000000000000000000, -0.9999999999999998890 ) ) ;
#2774 = CARTESIAN_POINT ( 'NONE',  ( -0.4089945658976502640, -0.3143491365466802301, -0.5360985601292301839 ) ) ;
#2775 = CARTESIAN_POINT ( 'NONE',  ( -0.5044909417003515806, -0.03335541413622063883, -0.8385315888485478375 ) ) ;
#2776 = CARTESIAN_POINT ( 'NONE',  ( -0.4604476342464409733, 0.2266498291534405352, -0.6201775548190059384 ) ) ;
#2777 = CARTESIAN_POINT ( 'NONE',  ( -1.106287503442447866E-16, 0.4516761503041890613, -1.107142857142856984 ) ) ;
#2778 = CARTESIAN_POINT ( 'NONE',  ( -0.4042085209360181675, -0.3328966965278032375, -0.2499999999999998057 ) ) ;
#2779 = CARTESIAN_POINT ( 'NONE',  ( 0.3516578592277686544, -0.3137790527183410005, -0.5529203869047457642 ) ) ;
#2780 = CARTESIAN_POINT ( 'NONE',  ( 0.4337833555466307223, -0.2010523885546951217, -0.3442150297619199217 ) ) ;
#2781 = B_SPLINE_CURVE_WITH_KNOTS ( 'NONE', 3,
 ( #6214, #4403, #4278, #5594, #6791, #7410, #3132, #22, #2468, #6915, #6133, #5639, #8153, #7533, #3044, #565, #3669, #5022, #1262, #7572, #2379, #7494, #481, #3172, #3001, #6837, #5513, #8108, #4363, #1803, #8026, #1180, #6254, #3795, #1844, #6298, #1926, #4896, #5553, #2546, #1755, #1141, #650, #1221, #7452, #5680, #4324, #1882, #5057, #4450 ),
 .UNSPECIFIED., .F., .F.,
 ( 4, 2, 2, 2, 2, 1, 2, 2, 2, 2, 2, 2, 2, 2, 2, 2, 2, 2, 2, 2, 2, 2, 2, 1, 2, 4 ),
 ( 0.1044026753410697977, 0.1057030578800527559, 0.1070034404190357002, 0.1096042054970016166, 0.1109045880359845748, 0.1122049705749675191, 0.1135053531139504773, 0.1148057356529334355, 0.1174065007308993380, 0.1187068832698822962, 0.1200072658088652405, 0.1226080308868311430, 0.1239084134258141012, 0.1252087959647970594, 0.1278095610427629480, 0.1304103261207288644, 0.1317107086597118226, 0.1330110911986947531, 0.1356118562766606694, 0.1369122388156436276, 0.1382126213546265858, 0.1408133864325925022, 0.1421137689715754604, 0.1434141515105584186, 0.1447145340495413490, 0.1460149165885243072 ),
 .UNSPECIFIED. ) ;
#2782 = ORIENTED_EDGE ( 'NONE', *, *, #1677, .T. ) ;
#2783 = CARTESIAN_POINT ( 'NONE',  ( -0.2341327439330752047, 0.4743068772408274847, -0.4188988095238660447 ) ) ;
#2784 = CARTESIAN_POINT ( 'NONE',  ( -0.4585883398969469726, 0.1230782975898032650, -0.4404761904761897995 ) ) ;
#2785 = CARTESIAN_POINT ( 'NONE',  ( -0.2833734404392855843, -0.3759275756909554733, -0.5698474702380863510 ) ) ;
#2786 = PERSON_AND_ORGANIZATION ( #4768, #5354 ) ;
#2787 = CARTESIAN_POINT ( 'NONE',  ( -0.4549583534259546980, 0.1102094075755482294, -0.6634114583332929582 ) ) ;
#2788 = CARTESIAN_POINT ( 'NONE',  ( 0.08472363206074974562, 0.4666596383400640202, -0.4663318452380451618 ) ) ;
#2789 = EDGE_LOOP ( 'NONE', ( #4492, #1050, #1791, #7984 ) ) ;
#2790 = CARTESIAN_POINT ( 'NONE',  ( 0.4372193365221164751, -0.2518799723276882729, -0.8709131544390971147 ) ) ;
#2791 = CARTESIAN_POINT ( 'NONE',  ( 0.3926801843963840244, 0.3447052064481865297, -0.2953815389481257436 ) ) ;
#2792 = CARTESIAN_POINT ( 'NONE',  ( 0.4601631263535972405, 0.2361287508154149284, -0.7937127976190494483 ) ) ;
#2793 = CARTESIAN_POINT ( 'NONE',  ( -0.1756783184802971076, 0.5120067365485970745, -0.004522173949406634030 ) ) ;
#2794 = CARTESIAN_POINT ( 'NONE',  ( -0.03425601157148884524, 0.5198008260794426683, -0.3463648154463932483 ) ) ;
#2795 = EDGE_LOOP ( 'NONE', ( #5648, #6953, #3712, #1705 ) ) ;
#2796 = EDGE_CURVE ( 'NONE', #2237, #4803, #7720, .T. ) ;
#2797 = CARTESIAN_POINT ( 'NONE',  ( 0.4618423010966317133, -0.02629744907230619627, -0.8310081845237612397 ) ) ;
#2798 = CARTESIAN_POINT ( 'NONE',  ( -0.1843431776349274687, 0.4892082158576375184, -0.5606398809524133497 ) ) ;
#2799 = CARTESIAN_POINT ( 'NONE',  ( 0.4988246498867729417, 0.1339598529923277381, -0.5148641899161076063 ) ) ;
#2800 = CARTESIAN_POINT ( 'NONE',  ( 0.1650202660811997124, 0.4865774270734327667, -0.5751435731172407362 ) ) ;
#2801 = CARTESIAN_POINT ( 'NONE',  ( 0.1087937044187141378, -0.4491477572037090304, -0.8544456845238940224 ) ) ;
#2802 = CARTESIAN_POINT ( 'NONE',  ( 0.4086563819420233057, -0.2017338666953812920, -1.049851190476160712 ) ) ;
#2803 = CARTESIAN_POINT ( 'NONE',  ( -0.1298372009554907003, -0.4867926726946938398, -0.8958121498953576234 ) ) ;
#2804 = CARTESIAN_POINT ( 'NONE',  ( -0.4429146074576960079, -0.2555556221425921981, -0.6804518237935931468 ) ) ;
#2805 = CARTESIAN_POINT ( 'NONE',  ( 0.4301776105434111375, -0.1697999686361471028, -0.8435639880951102398 ) ) ;
#2806 = CARTESIAN_POINT ( 'NONE',  ( -0.2100387062287446815, 0.4254980225379110248, -0.4590773809524321125 ) ) ;
#2807 = CARTESIAN_POINT ( 'NONE',  ( 0.3112670824516334256, -0.4054115320744046680, -0.6610954243515428930 ) ) ;
#2808 = CARTESIAN_POINT ( 'NONE',  ( 0.4520469192137838710, -0.2204002529459163084, -0.9415591036555265303 ) ) ;
#2809 = CARTESIAN_POINT ( 'NONE',  ( -0.1997896746731656903, -0.4719025175348098289, -0.8907180059525672267 ) ) ;
#2810 = CARTESIAN_POINT ( 'NONE',  ( -0.4124998189187997211, 0.3163638872120423939, -0.4081207415719964038 ) ) ;
#2812 = CARTESIAN_POINT ( 'NONE',  ( 0.3108796214782353906, -0.4339482278679492322, -0.2500000000000000555 ) ) ;
#2811 = CARTESIAN_POINT ( 'NONE',  ( -0.3425839230086952791, -0.3917083929377163098, -0.3910030436594273406 ) ) ;
#2813 = CARTESIAN_POINT ( 'NONE',  ( 0.02408461284380888912, -0.5227585459156582903, -0.2499999999999998612 ) ) ;
#2814 = CARTESIAN_POINT ( 'NONE',  ( 0.4805465500777072463, -0.1628410336994034757, -0.8072803359102297405 ) ) ;
#2815 = DIRECTION ( 'NONE',  ( 0.03112001302225914090, 0.000000000000000000, 0.9995156550997559286 ) ) ;
#2816 = CARTESIAN_POINT ( 'NONE',  ( 0.4785731755811885590, 0.04337332646844024170, -0.2579055059523834292 ) ) ;
#2817 = DIRECTION ( 'NONE',  ( 0.000000000000000000, 0.000000000000000000, 1.000000000000000000 ) ) ;
#2818 = CARTESIAN_POINT ( 'NONE',  ( 0.4338152240905577828, 0.1963465172355128574, -0.3969494047619352983 ) ) ;
#2819 = CARTESIAN_POINT ( 'NONE',  ( 0.4535456859064284085, -0.1583146137658204555, -0.2716703869047285558 ) ) ;
#2820 = VERTEX_POINT ( 'NONE', #7996 ) ;
#2821 = CARTESIAN_POINT ( 'NONE',  ( 0.1571266130251688931, -0.5038406045656711463, -0.4563802083333134418 ) ) ;
#2822 = CARTESIAN_POINT ( 'NONE',  ( -0.3303389271623197732, -0.3415965132956999550, -0.4283854166666677954 ) ) ;
#2823 = CARTESIAN_POINT ( 'NONE',  ( -0.4216917548039459951, 0.2081686574273912405, -0.5855654761905096928 ) ) ;
#2824 = APPROVAL_ROLE ( '' ) ;
#2825 = CARTESIAN_POINT ( 'NONE',  ( 0.01922124113266664852, 0.4649938622840201763, -0.7504650297618125077 ) ) ;
#2826 = CARTESIAN_POINT ( 'NONE',  ( 0.1884553644895639035, -0.4342497733554885331, -0.4953497023809406152 ) ) ;
#2827 = ORIENTED_EDGE ( 'NONE', *, *, #2144, .F. ) ;
#2828 = CARTESIAN_POINT ( 'NONE',  ( 0.01647589717434463918, 0.5225403227323847100, -0.2860638504309772623 ) ) ;
#2829 = CARTESIAN_POINT ( 'NONE',  ( 0.3592236318782383586, -0.3714775320313956075, -0.8082217261904586225 ) ) ;
#2830 = CARTESIAN_POINT ( 'NONE',  ( -0.4935475553958634243, -0.1677084257645673759, -0.3355602644634279597 ) ) ;
#2831 = CARTESIAN_POINT ( 'NONE',  ( 0.2599220911620588881, 0.4512042532217729329, -0.3530512398862472589 ) ) ;
#2832 = ORIENTED_EDGE ( 'NONE', *, *, #7033, .F. ) ;
#2833 = CARTESIAN_POINT ( 'NONE',  ( -0.4541719762577920427, -0.09401676733744988856, -0.7923177083332354487 ) ) ;
#2834 = CARTESIAN_POINT ( 'NONE',  ( -0.1807122789405230801, 0.4929397726157009885, -0.4893043154761995694 ) ) ;
#2835 = CARTESIAN_POINT ( 'NONE',  ( -0.3310308165847961615, -0.3622523944650435368, -0.9560966540192747942 ) ) ;
#2836 = DIRECTION ( 'NONE',  ( 0.000000000000000000, 0.000000000000000000, -1.000000000000000000 ) ) ;
#2837 = CARTESIAN_POINT ( 'NONE',  ( -0.03062157409875737937, 0.4644212459469959642, -0.7492559523808578481 ) ) ;
#2838 = AXIS2_PLACEMENT_3D ( 'NONE', #3319, #5204, #133 ) ;
#2839 = CARTESIAN_POINT ( 'NONE',  ( 0.2479114300179371955, -0.3848428299818588139, -0.9845610119047036868 ) ) ;
#2840 = CARTESIAN_POINT ( 'NONE',  ( 0.4369306579579958494, -0.2517568183836269013, -0.8809340639671163764 ) ) ;
#2841 = CARTESIAN_POINT ( 'NONE',  ( -0.5100814606225091419, -0.03342150219884841567, -0.6856551227295062390 ) ) ;
#2842 = AXIS2_PLACEMENT_3D ( 'NONE', #1622, #6003, #352 ) ;
#2843 = CARTESIAN_POINT ( 'NONE',  ( 0.2049512620690889797, 0.4151740683738395776, -0.8266369047620133470 ) ) ;
#2844 = CARTESIAN_POINT ( 'NONE',  ( -0.01544355843505600991, -0.4774456454641287650, -0.3575148809523756577 ) ) ;
#2845 = CARTESIAN_POINT ( 'NONE',  ( -0.4494568122203231320, 0.2589876974352507411, -0.4166483575499022041 ) ) ;
#2846 = AXIS2_PLACEMENT_3D ( 'NONE', #6854, #4789, #1199 ) ;
#2847 = CARTESIAN_POINT ( 'NONE',  ( 0.3221405676862829637, 0.3865933378458401570, -0.9364648743216874571 ) ) ;
#2848 = ADVANCED_FACE ( 'NONE', ( #5438, #2303 ), #7420, .F. ) ;
#2849 = CARTESIAN_POINT ( 'NONE',  ( -0.2457627598790655954, 0.4513138170258347293, -0.8447730654759990632 ) ) ;
#2850 = CARTESIAN_POINT ( 'NONE',  ( -0.5156262108478000261, 0.06747990769686476598, -0.4021693219605976810 ) ) ;
#2851 = CIRCLE ( 'NONE', #2463, 0.3970717995527426325 ) ;
#2852 = CARTESIAN_POINT ( 'NONE',  ( 0.5312500000000000000, 0.2068759643630339318, -0.02121074866753874799 ) ) ;
#2853 = CARTESIAN_POINT ( 'NONE',  ( 0.4622161691600872313, -0.1935071873927831088, -0.2499999999999997502 ) ) ;
#2854 = PRODUCT ( '5346K28_Brass Barbed Hose Fitting for Air and Water', '5346K28_Brass Barbed Hose Fitting for Air and Water', '', ( #3331 ) ) ;
#2855 = CARTESIAN_POINT ( 'NONE',  ( -0.06548587787170750962, -0.5026630764092108183, -0.8228899872556647566 ) ) ;
#2856 = EDGE_CURVE ( 'NONE', #100, #3181, #8118, .T. ) ;
#2857 = CARTESIAN_POINT ( 'NONE',  ( 0.3110675435684066015, 0.4063814717950186561, -0.6402553329306598373 ) ) ;
#2858 = CARTESIAN_POINT ( 'NONE',  ( -0.3775553579269184667, -0.2993991226255568461, -0.2155877976189771450 ) ) ;
#2859 = CARTESIAN_POINT ( 'NONE',  ( 0.000000000000000000, 0.000000000000000000, -0.9749999999999997558 ) ) ;
#2860 = CARTESIAN_POINT ( 'NONE',  ( -0.1122160770697062937, 0.4632762688916555183, -0.3812313988095306083 ) ) ;
#2861 = CARTESIAN_POINT ( 'NONE',  ( 0.1351340081831048645, -0.4583013914663101596, -0.3538876488095380468 ) ) ;
#2862 = ORIENTED_EDGE ( 'NONE', *, *, #7136, .F. ) ;
#2863 = CARTESIAN_POINT ( 'NONE',  ( 0.04309215503047026524, -0.5281756912367878698, -0.3874627976190317402 ) ) ;
#2864 = AXIS2_PLACEMENT_3D ( 'NONE', #3079, #1257, #1750 ) ;
#2865 = CARTESIAN_POINT ( 'NONE',  ( -0.1072620293588915225, -0.4608341888806353759, -0.4936755952380806334 ) ) ;
#2866 = CARTESIAN_POINT ( 'NONE',  ( 0.3527814832053310923, -0.3091378462255106041, -0.6242559523809722011 ) ) ;
#2867 = DATE_AND_TIME ( #7230, #221 ) ;
#2868 = CARTESIAN_POINT ( 'NONE',  ( 0.2134285521727508073, 0.4159088174258738779, -0.6839657738095680228 ) ) ;
#2869 = CARTESIAN_POINT ( 'NONE',  ( -0.06202110642831716592, 0.4725820932751774728, -0.3913690476189975453 ) ) ;
#2870 = VERTEX_POINT ( 'NONE', #4375 ) ;
#2871 = CARTESIAN_POINT ( 'NONE',  ( 0.1052631157858510830, -0.4522809741358071456, -0.7741815476192085432 ) ) ;
#2872 = CARTESIAN_POINT ( 'NONE',  ( 0.5044984794012482565, 1.690330946079762854E-15, -0.8649698655860320606 ) ) ;
#2873 = CARTESIAN_POINT ( 'NONE',  ( -0.1544068999663948671, -0.4950930868414249453, -0.7489769345238225240 ) ) ;
#2874 = CARTESIAN_POINT ( 'NONE',  ( -0.4683304055861745030, -0.2308490888572003186, -0.3340744415813333701 ) ) ;
#2875 = CARTESIAN_POINT ( 'NONE',  ( 0.4514605395432469415, 0.2607759845356247830, -0.3590229147577642665 ) ) ;
#2876 = ORIENTED_EDGE ( 'NONE', *, *, #2399, .T. ) ;
#2877 = CARTESIAN_POINT ( 'NONE',  ( 0.3247598438342774729, 0.3298490796758214993, -0.8213355654762724001 ) ) ;
#2878 = CARTESIAN_POINT ( 'NONE',  ( -0.4068334858075613458, 0.3286193276544975839, -0.5545944940475606710 ) ) ;
#2879 = CARTESIAN_POINT ( 'NONE',  ( -0.2822762813466331289, -0.4019539219007061126, -0.9551601873460023873 ) ) ;
#2880 = CARTESIAN_POINT ( 'NONE',  ( -0.1075932779196458744, 0.4972237691196317311, -1.064546130952286118 ) ) ;
#2881 = CARTESIAN_POINT ( 'NONE',  ( 0.3541447327412675650, -0.3007173399870046726, -0.7758556547619278598 ) ) ;
#2882 = CARTESIAN_POINT ( 'NONE',  ( 0.4571684449473887302, 0.03014329899268978000, -0.9724702380951367742 ) ) ;
#2883 = CARTESIAN_POINT ( 'NONE',  ( 0.000000000000000000, 0.000000000000000000, -0.9999999999999998890 ) ) ;
#2884 = CARTESIAN_POINT ( 'NONE',  ( -0.4599691239042926205, -0.08777362989650416836, -0.6585751488095444861 ) ) ;
#2885 = CARTESIAN_POINT ( 'NONE',  ( -0.4641847468461730020, -0.1201150749191993578, -0.3006882440476164597 ) ) ;
#2886 = CARTESIAN_POINT ( 'NONE',  ( 0.5103372621177565405, -0.03325857888863034684, -0.6514273145958975331 ) ) ;
#2887 = CARTESIAN_POINT ( 'NONE',  ( 0.4637924924690811634, -0.1945609221293358726, -0.9409104169957086539 ) ) ;
#2888 = CARTESIAN_POINT ( 'NONE',  ( -0.4104849459222308927, 0.3094222574007657878, -0.8399367559522588067 ) ) ;
#2889 = CARTESIAN_POINT ( 'NONE',  ( 0.4648380651600816926, 0.2292226029458470926, -0.4311966615525165136 ) ) ;
#2890 = DIRECTION ( 'NONE',  ( -0.000000000000000000, -1.047310526070460688E-16, 1.000000000000000000 ) ) ;
#2891 = CARTESIAN_POINT ( 'NONE',  ( -0.4509618513760732528, -0.05918350814837673723, -1.087797619047622621 ) ) ;
#2892 = CARTESIAN_POINT ( 'NONE',  ( 0.4609807300294044841, -0.2274217349609699568, -0.5944866151462416815 ) ) ;
#2893 = FACE_OUTER_BOUND ( 'NONE', #2338, .T. ) ;
#2894 = CARTESIAN_POINT ( 'NONE',  ( 0.3570247645421522620, -0.2831283719196869830, -1.061197916666668073 ) ) ;
#2895 = EDGE_CURVE ( 'NONE', #3796, #3783, #3699, .T. ) ;
#2896 = CARTESIAN_POINT ( 'NONE',  ( -0.2257988983117368009, -0.4586564282093361644, -0.6837756328740647316 ) ) ;
#2897 = CARTESIAN_POINT ( 'NONE',  ( -0.06595092082044769211, 0.4697952019084157826, -0.4537760416666492547 ) ) ;
#2898 = EDGE_CURVE ( 'NONE', #100, #6200, #238, .T. ) ;
#2899 = CARTESIAN_POINT ( 'NONE',  ( 0.03157812431342289783, -0.4789268479269921941, -0.2849702380951773528 ) ) ;
#2900 = CARTESIAN_POINT ( 'NONE',  ( 0.1638242629828256802, 0.4846311559115225043, -0.6465614278284870231 ) ) ;
#2901 = CARTESIAN_POINT ( 'NONE',  ( -0.4837340434566954062, 0.1638785484593797692, -0.7001337713571658128 ) ) ;
#2902 = CARTESIAN_POINT ( 'NONE',  ( -0.07397884212268703019, -0.5269205874681920365, -0.3185453869048026077 ) ) ;
#2903 = CARTESIAN_POINT ( 'NONE',  ( 0.1341349443489557591, 0.4548850585119442180, -0.4586123511904627303 ) ) ;
#2904 = CARTESIAN_POINT ( 'NONE',  ( 0.2777490617750701940, -0.3806644701379984230, -0.5553385416666964947 ) ) ;
#2905 = CARTESIAN_POINT ( 'NONE',  ( 0.4625972367931841522, 0.06494039249087689425, -0.6948474702381428614 ) ) ;
#2906 = CARTESIAN_POINT ( 'NONE',  ( -0.3649475543953632495, -0.3042835598227673355, -0.4385230654761749225 ) ) ;
#2907 = ORIENTED_EDGE ( 'NONE', *, *, #7182, .T. ) ;
#2908 = CARTESIAN_POINT ( 'NONE',  ( -0.4606276116733421522, 0.05318086126431037508, -0.7959449404762166669 ) ) ;
#2909 = CARTESIAN_POINT ( 'NONE',  ( 0.08480920793036558769, 0.5158311372322359478, -0.2875665953068241576 ) ) ;
#2910 = CARTESIAN_POINT ( 'NONE',  ( 0.01673299561140491332, 0.5173195511964365778, -0.7816220238094655492 ) ) ;
#2911 = CARTESIAN_POINT ( 'NONE',  ( 0.000000000000000000, 0.000000000000000000, -0.9999999999999998890 ) ) ;
#2912 = CARTESIAN_POINT ( 'NONE',  ( 0.1345998132146246917, 0.5031146588728342417, -0.3500858701628942193 ) ) ;
#2913 = ORIENTED_EDGE ( 'NONE', *, *, #2895, .T. ) ;
#2914 = CARTESIAN_POINT ( 'NONE',  ( -0.1310225047293785139, 0.4443578260410339098, -0.8092447916665522767 ) ) ;
#2915 = CARTESIAN_POINT ( 'NONE',  ( 0.3468331674689646982, -0.3958113943114829891, -0.4494047619047633613 ) ) ;
#2916 = DIRECTION ( 'NONE',  ( -1.000000000000000000, 0.000000000000000000, 0.000000000000000000 ) ) ;
#2917 = CARTESIAN_POINT ( 'NONE',  ( -0.4441998644893788151, -0.3569757496770394334, -0.2289259236523480123 ) ) ;
#2918 = CARTESIAN_POINT ( 'NONE',  ( 0.2922924393471359461, 0.3618597927767415734, -0.7577194940476685847 ) ) ;
#2919 = CARTESIAN_POINT ( 'NONE',  ( 0.3791125565942805586, 0.2576004284599298089, -0.9664248511905110250 ) ) ;
#2920 = CARTESIAN_POINT ( 'NONE',  ( -3.506341393428205978E-18, -4.928547240401258206E-20, 0.004529409175434023077 ) ) ;
#2921 = CARTESIAN_POINT ( 'NONE',  ( 0.2566637072311275247, 0.3906653913976863568, -0.6851748511904222072 ) ) ;
#2922 = CARTESIAN_POINT ( 'NONE',  ( 0.4335368016015706538, -0.1962292394889828540, -0.4155505952380711965 ) ) ;
#2923 = CARTESIAN_POINT ( 'NONE',  ( 0.2479114300179371955, -0.3848428299818588139, -0.9845610119047036868 ) ) ;
#2924 = CARTESIAN_POINT ( 'NONE',  ( 0.000000000000000000, 0.3975000000000000755, 4.163059341130081597E-17 ) ) ;
#2925 = CARTESIAN_POINT ( 'NONE',  ( -0.04159375097558681844, 0.5098116238376807496, -0.9209449404760747804 ) ) ;
#2926 = DIRECTION ( 'NONE',  ( -0.000000000000000000, -0.000000000000000000, -1.000000000000000000 ) ) ;
#2927 = CARTESIAN_POINT ( 'NONE',  ( -0.01633876595296731779, -0.5195178747750299753, -0.3831888591361279905 ) ) ;
#2928 = CARTESIAN_POINT ( 'NONE',  ( 0.4934201685198169596, -0.0001498931307985215732, -0.2499999999999998335 ) ) ;
#2929 = CARTESIAN_POINT ( 'NONE',  ( 0.4958269071403622053, -0.1326462146374011442, -0.5922572299625730174 ) ) ;
#2930 = DIRECTION ( 'NONE',  ( 0.000000000000000000, 0.000000000000000000, 1.000000000000000000 ) ) ;
#2931 = CARTESIAN_POINT ( 'NONE',  ( 0.4247441803958113549, 0.1720699491841246043, -0.9777715773810110589 ) ) ;
#2932 = CARTESIAN_POINT ( 'NONE',  ( 0.5312500000000000000, 1.182924880895401264E-16, -0.2499999999999998057 ) ) ;
#2933 = CARTESIAN_POINT ( 'NONE',  ( -0.2519336454889691268, 0.4047901593297686951, -0.3776041666667221963 ) ) ;
#2934 = CARTESIAN_POINT ( 'NONE',  ( 0.3487401966388968266, -0.3268971572562723305, -0.3478422619047304432 ) ) ;
#2936 = CARTESIAN_POINT ( 'NONE',  ( 0.2758400497274375862, 0.4442571297252420615, -0.2820070114449267917 ) ) ;
#2935 = CARTESIAN_POINT ( 'NONE',  ( -0.4444969435976549033, 0.2558998769059763756, -0.6309279642350371642 ) ) ;
#2937 = CARTESIAN_POINT ( 'NONE',  ( 0.3801444490297426482, -0.3329165263292441224, -0.8731530627829404700 ) ) ;
#2938 = ORIENTED_EDGE ( 'NONE', *, *, #2039, .T. ) ;
#2939 = CARTESIAN_POINT ( 'NONE',  ( -0.2806957681847250807, 0.4510023573752875437, -0.3463541666667222518 ) ) ;
#2940 = CARTESIAN_POINT ( 'NONE',  ( -0.3349588173971754790, -0.3402080572106331302, -0.3570498511904842132 ) ) ;
#2941 = CARTESIAN_POINT ( 'NONE',  ( 0.4638838016874116121, -0.09603540130223243987, -0.4755394345237818343 ) ) ;
#2942 = EDGE_CURVE ( 'NONE', #8097, #811, #3392, .T. ) ;
#2943 = CARTESIAN_POINT ( 'NONE',  ( 0.07672015055115455340, 0.4635138335990482417, -0.6090029761904749428 ) ) ;
#2944 = CARTESIAN_POINT ( 'NONE',  ( -0.2598095924786879007, -0.4032977675908913096, -0.2922247023810387589 ) ) ;
#2945 = ORIENTED_EDGE ( 'NONE', *, *, #4620, .F. ) ;
#2946 = CARTESIAN_POINT ( 'NONE',  ( 0.1530425631953980237, -0.4384658758008352919, -0.7729724702381511880 ) ) ;
#2947 = CARTESIAN_POINT ( 'NONE',  ( 0.2430822995056199365, 0.4730910299591744028, 3.137356680223799316E-16 ) ) ;
#2948 = CARTESIAN_POINT ( 'NONE',  ( 0.5211566001069541931, 0.03430912708054885407, -0.3028242794397065785 ) ) ;
#2949 = CARTESIAN_POINT ( 'NONE',  ( -0.4435408758819768260, 0.2760611773744269248, -0.6268601190476551510 ) ) ;
#2950 = CARTESIAN_POINT ( 'NONE',  ( 0.1498168010082922830, -0.4419366975109789153, -0.7016369047619310795 ) ) ;
#2951 = EDGE_CURVE ( 'NONE', #513, #6369, #2360, .T. ) ;
#2952 = DIRECTION ( 'NONE',  ( 0.000000000000000000, 0.000000000000000000, 1.000000000000000000 ) ) ;
#2953 = CARTESIAN_POINT ( 'NONE',  ( -0.5211778134718686450, 2.748922043624664925E-15, -0.3292613648119637193 ) ) ;
#2954 = ORIENTED_EDGE ( 'NONE', *, *, #3157, .F. ) ;
#2955 = CARTESIAN_POINT ( 'NONE',  ( 0.4638154768770586522, -0.03058960744849071808, -0.7596726190474768492 ) ) ;
#2956 = CARTESIAN_POINT ( 'NONE',  ( -0.4907135588824865780, 0.1936941527558332654, -0.4082961309524298921 ) ) ;
#2957 = DIRECTION ( 'NONE',  ( -0.000000000000000000, 0.000000000000000000, -1.000000000000000000 ) ) ;
#2958 = CARTESIAN_POINT ( 'NONE',  ( 0.03446286747836816572, -0.5147381945872750997, -0.5349518241656017192 ) ) ;
#2959 = CARTESIAN_POINT ( 'NONE',  ( -0.3262989076247785891, -0.3913391446122319040, -1.039155505952324088 ) ) ;
#2960 = CARTESIAN_POINT ( 'NONE',  ( -0.4275820676607918758, -0.1855616523308836752, -0.7274925595237679010 ) ) ;
#2961 = CARTESIAN_POINT ( 'NONE',  ( -0.2281620032695702016, 0.3955599261491242191, -1.020833333333178494 ) ) ;
#2962 = CIRCLE ( 'NONE', #7574, 0.3750000000000000555 ) ;
#2963 = VECTOR ( 'NONE', #2265, 39.37007874015748854 ) ;
#2964 = CARTESIAN_POINT ( 'NONE',  ( -0.3107683108605098776, -0.4052083712496723500, -0.6759765209762477189 ) ) ;
#2965 = CARTESIAN_POINT ( 'NONE',  ( 0.4099769621175533563, -0.2280572604167540318, -0.6307663690475993068 ) ) ;
#2966 = CARTESIAN_POINT ( 'NONE',  ( 0.4733218740100215149, -0.05034462553143892460, -0.4119233630952631176 ) ) ;
#2967 = CARTESIAN_POINT ( 'NONE',  ( 0.2876719489614504854, -0.3561521698545859205, -0.9833519345238826981 ) ) ;
#2968 = CARTESIAN_POINT ( 'NONE',  ( 0.000000000000000000, 0.000000000000000000, 1.189999999999999947 ) ) ;
#2969 = AXIS2_PLACEMENT_3D ( 'NONE', #7104, #172, #6983 ) ;
#2970 = CARTESIAN_POINT ( 'NONE',  ( -0.2049071214938176511, -0.4721379916084635919, -0.8193824404763792035 ) ) ;
#2971 = DIRECTION ( 'NONE',  ( -0.000000000000000000, -0.000000000000000000, 1.000000000000000000 ) ) ;
#2972 = CARTESIAN_POINT ( 'NONE',  ( 0.4673005815232555982, -0.2304165711488607715, -0.3701833822881719360 ) ) ;
#2973 = CARTESIAN_POINT ( 'NONE',  ( 0.4484277538250655004, -0.2277936946729773038, -0.2499999999999997224 ) ) ;
#2974 = CARTESIAN_POINT ( 'NONE',  ( 0.2713270132992139372, -0.4353719763238704243, -0.6008028872846276069 ) ) ;
#2975 = CARTESIAN_POINT ( 'NONE',  ( -0.5002943035887735812, 6.126838175216457331E-17, -0.9999999999999998890 ) ) ;
#2976 = CARTESIAN_POINT ( 'NONE',  ( -0.1671313522061400048, -0.4234166671470710464, -1.075706845238167730 ) ) ;
#2977 = AXIS2_PLACEMENT_3D ( 'NONE', #4215, #1731, #1772 ) ;
#2978 = CARTESIAN_POINT ( 'NONE',  ( 0.1676756305470681052, -0.4917946018123242058, -0.3891214495024128417 ) ) ;
#2979 = CARTESIAN_POINT ( 'NONE',  ( 0.03866553436572843505, -0.4739241292347471934, -0.4187127976190316847 ) ) ;
#2980 = CONICAL_SURFACE ( 'NONE', #3126, 0.5312500000000000000, 1.047197551196600074 ) ;
#2981 = CARTESIAN_POINT ( 'NONE',  ( -0.4912067285959372809, -0.1189817183189498528, -1.115606398809575239 ) ) ;
#2983 = CARTESIAN_POINT ( 'NONE',  ( -0.5125131945479862727, 0.06765701285086984929, -0.4736073598765118686 ) ) ;
#2982 = CARTESIAN_POINT ( 'NONE',  ( 0.5111703305325472346, 8.341900602997107167E-13, -0.6506826913017951242 ) ) ;
#2984 = CARTESIAN_POINT ( 'NONE',  ( -0.1170614827237344696, -0.5037503457480451141, -0.4668748968037954583 ) ) ;
#2985 =( GEOMETRIC_REPRESENTATION_CONTEXT ( 3 ) GLOBAL_UNCERTAINTY_ASSIGNED_CONTEXT ( ( #4595 ) ) GLOBAL_UNIT_ASSIGNED_CONTEXT ( ( #6454, #4489, #808 ) ) REPRESENTATION_CONTEXT ( 'NONE', 'WORKASPACE' ) );
#2986 = CARTESIAN_POINT ( 'NONE',  ( 0.2542845391087418250, 0.4412558563829304115, -0.7202269139006893806 ) ) ;
#2987 = CARTESIAN_POINT ( 'NONE',  ( 0.1587349396678029712, 0.5089709667130991599, -0.2846912202381057244 ) ) ;
#2988 = CARTESIAN_POINT ( 'NONE',  ( -0.4763559061712748788, 0.02712373311005763024, -0.3667224702380847412 ) ) ;
#2989 = CIRCLE ( 'NONE', #1408, 0.3125000000000000000 ) ;
#2990 = CARTESIAN_POINT ( 'NONE',  ( -0.2065628871642121167, -0.4280790914353506116, -0.4247581845238126985 ) ) ;
#2991 = CARTESIAN_POINT ( 'NONE',  ( 0.4228311039483878542, 0.2040217657892808567, -0.6198846726189434220 ) ) ;
#2992 = CARTESIAN_POINT ( 'NONE',  ( 0.3487401966289135902, -0.3268971572635419598, -0.3478422619047243924 ) ) ;
#2993 = VERTEX_POINT ( 'NONE', #1323 ) ;
#2994 = CARTESIAN_POINT ( 'NONE',  ( -0.09456193685961040984, -0.4567661636010593718, -0.7076822916667553365 ) ) ;
#2995 = CARTESIAN_POINT ( 'NONE',  ( 0.5148045386198043527, 0.03392447047016072803, -0.5070854737885700514 ) ) ;
#2996 = CARTESIAN_POINT ( 'NONE',  ( 0.01582993107678463962, 0.5050640861238168133, -0.8474731681084581858 ) ) ;
#2997 = CARTESIAN_POINT ( 'NONE',  ( -0.1595293405060479175, -0.4958123241573469397, -0.6776413690476102980 ) ) ;
#2998 = CARTESIAN_POINT ( 'NONE',  ( -0.1717381173737283218, 0.4351096008083455424, -0.6653645833333899917 ) ) ;
#2999 = CARTESIAN_POINT ( 'NONE',  ( -0.4516230081728282442, 0.2225846953546287976, -0.9058956844954363374 ) ) ;
#3000 = CARTESIAN_POINT ( 'NONE',  ( 0.2858502076871419217, -0.3604698749548882475, -0.9209449404760493563 ) ) ;
#3001 = CARTESIAN_POINT ( 'NONE',  ( -0.03426655450694069543, 0.5194844080534218866, -0.3563925885276242322 ) ) ;
#3002 = ADVANCED_FACE ( 'NONE', ( #831, #710 ), #7642, .T. ) ;
#3003 = EDGE_LOOP ( 'NONE', ( #5846, #2664, #2283 ) ) ;
#3004 = EDGE_CURVE ( 'NONE', #923, #4269, #3192, .T. ) ;
#3005 = CARTESIAN_POINT ( 'NONE',  ( -0.3280826436929346612, -0.4137131007258747495, -0.3937872023809134148 ) ) ;
#3006 = FACE_OUTER_BOUND ( 'NONE', #3264, .T. ) ;
#3007 = CARTESIAN_POINT ( 'NONE',  ( -0.4730787566840678471, 0.1779510553285249819, -0.8433741763860364005 ) ) ;
#3008 = CARTESIAN_POINT ( 'NONE',  ( -0.5001212073058187713, 0.09544411318993052673, -1.051246279761886226 ) ) ;
#3009 = CARTESIAN_POINT ( 'NONE',  ( -0.4509768894905288872, 0.09759377418717585240, -0.8684895833333581283 ) ) ;
#3010 = FACE_OUTER_BOUND ( 'NONE', #5422, .T. ) ;
#3011 = CARTESIAN_POINT ( 'NONE',  ( -0.2173050918938033704, 0.4142813702483232885, -0.6730840773809654287 ) ) ;
#3012 = CARTESIAN_POINT ( 'NONE',  ( -0.2917803623462228990, 0.3799486586504118857, -0.3139880952381454704 ) ) ;
#3013 = CARTESIAN_POINT ( 'NONE',  ( 3.549150903161243875E-17, -0.6134346610139772560, -0.04744933615967770330 ) ) ;
#3014 = CARTESIAN_POINT ( 'NONE',  ( 0.000000000000000000, 0.000000000000000000, -0.9999999999999998890 ) ) ;
#3015 = CARTESIAN_POINT ( 'NONE',  ( 0.5142498041590198854, -0.03391542367239995526, -0.7976190476191097334 ) ) ;
#3016 = CARTESIAN_POINT ( 'NONE',  ( 0.000000000000000000, 0.000000000000000000, 0.000000000000000000 ) ) ;
#3017 = CARTESIAN_POINT ( 'NONE',  ( 0.4559354042770710769, 0.07717434775420169146, -0.9840075015919969026 ) ) ;
#3018 = CARTESIAN_POINT ( 'NONE',  ( -0.09254330289625840866, 0.4470543381758174117, -1.033389136904718564 ) ) ;
#3019 = CARTESIAN_POINT ( 'NONE',  ( -0.5053923675889203659, -0.08385006943844593164, -0.6231230192145171820 ) ) ;
#3020 = B_SPLINE_CURVE_WITH_KNOTS ( 'NONE', 3,
 ( #3586, #5907, #5205, #7838, #2812, #1532 ),
 .UNSPECIFIED., .F., .F.,
 ( 4, 2, 4 ),
 ( 2.380729206244668791E-07, 0.003941653874615895156, 0.007883069676311164550 ),
 .UNSPECIFIED. ) ;
#3021 = CARTESIAN_POINT ( 'NONE',  ( 0.000000000000000000, 0.000000000000000000, 0.7139999999999999680 ) ) ;
#3022 = CARTESIAN_POINT ( 'NONE',  ( -0.03011133234404936299, -0.4565626758891412340, -1.000744047619053001 ) ) ;
#3023 = CARTESIAN_POINT ( 'NONE',  ( 0.3749999999999999445, 0.000000000000000000, 1.189999999999999947 ) ) ;
#3024 = CARTESIAN_POINT ( 'NONE',  ( 0.4588160579804700934, 0.1430849851520377136, -0.2554873511904361960 ) ) ;
#3025 = CARTESIAN_POINT ( 'NONE',  ( 0.3966276177612688691, -0.3145337287603916510, -1.090215773809330102 ) ) ;
#3027 = FACE_OUTER_BOUND ( 'NONE', #2457, .T. ) ;
#3026 = CARTESIAN_POINT ( 'NONE',  ( -0.2679899448760788006, -0.4317394387094265484, -0.7563136467097362203 ) ) ;
#3028 = CARTESIAN_POINT ( 'NONE',  ( -0.4815263027175761823, 0.1633596770872196569, -0.7715653623173882592 ) ) ;
#3029 = CARTESIAN_POINT ( 'NONE',  ( 0.2687068364194756254, 0.4326062247014999529, -0.7205984804545466638 ) ) ;
#3030 = CARTESIAN_POINT ( 'NONE',  ( 0.3548574525922084111, 0.3976959477533624221, -0.2895275297619782640 ) ) ;
#3031 = CARTESIAN_POINT ( 'NONE',  ( 0.2312159862388558917, -0.4156718753222393148, -0.4138764880952510716 ) ) ;
#3032 = CARTESIAN_POINT ( 'NONE',  ( 0.1854196372617931687, -0.4379802286840244752, -0.4150855654761712588 ) ) ;
#3033 = CARTESIAN_POINT ( 'NONE',  ( -0.2581125816361085068, 0.3928852519176908586, -0.6005394345238399545 ) ) ;
#3034 = CARTESIAN_POINT ( 'NONE',  ( -0.3314905434884465874, 0.3427988497876598428, -0.3841145833332855752 ) ) ;
#3035 = EDGE_LOOP ( 'NONE', ( #7453, #3787, #2510, #2938, #358, #6134 ) ) ;
#3036 = CARTESIAN_POINT ( 'NONE',  ( -0.4312868126666686841, -0.1825859027206643004, -0.6472284226190395673 ) ) ;
#3037 = CARTESIAN_POINT ( 'NONE',  ( -0.4575133049836482835, 0.1183969005913876743, -0.5207403273809521060 ) ) ;
#3038 = CARTESIAN_POINT ( 'NONE',  ( -0.2732569296506566769, 0.4384701335240307474, -0.4836313979691302389 ) ) ;
#3039 = CARTESIAN_POINT ( 'NONE',  ( 0.4883573867070287733, 0.1311874504963455867, -0.8619918300151336865 ) ) ;
#3040 = CARTESIAN_POINT ( 'NONE',  ( 0.4677891908112507546, 0.2309153485723917931, -0.6510416666666447583 ) ) ;
#3041 = CARTESIAN_POINT ( 'NONE',  ( 0.4469338569297783836, -0.1274403930375195004, -0.7620907738094657713 ) ) ;
#3042 = CARTESIAN_POINT ( 'NONE',  ( 0.4854988315142353406, 0.1301322239468528930, -0.9334184493128744320 ) ) ;
#3043 = CARTESIAN_POINT ( 'NONE',  ( 0.2792426790048528340, 0.3636096272120100115, -0.9717261904762276581 ) ) ;
#3044 = CARTESIAN_POINT ( 'NONE',  ( -0.3439946377033908931, 0.3922064406223074728, -0.3489542799663052919 ) ) ;
#3045 = ORIENTED_EDGE ( 'NONE', *, *, #4471, .F. ) ;
#3046 = CARTESIAN_POINT ( 'NONE',  ( 0.5236575663787615964, 0.05569012101204184190, -0.4385230654762772851 ) ) ;
#3047 = CARTESIAN_POINT ( 'NONE',  ( 0.3700228635769000074, -0.3462066407902242848, -0.8020919250591687089 ) ) ;
#3048 = CARTESIAN_POINT ( 'NONE',  ( -0.3689739233021568920, 0.3452337293375304927, -0.8478290533718865207 ) ) ;
#3049 = CARTESIAN_POINT ( 'NONE',  ( -0.1922024412994052522, -0.4744175630576659697, -0.9641927083332295645 ) ) ;
#3050 = CARTESIAN_POINT ( 'NONE',  ( 0.2434583069701558578, 0.3911577357342405636, -0.8902529761904549588 ) ) ;
#3051 = CARTESIAN_POINT ( 'NONE',  ( 0.000000000000000000, 0.000000000000000000, 0.000000000000000000 ) ) ;
#3052 = CARTESIAN_POINT ( 'NONE',  ( -0.4215327827102156588, 0.2034041356154410451, -0.6658296130952785497 ) ) ;
#3053 = EDGE_CURVE ( 'NONE', #2380, #5379, #6439, .T. ) ;
#3054 = CARTESIAN_POINT ( 'NONE',  ( 0.2881677004943801190, -0.4470609615617915367, 3.222726930025815739E-16 ) ) ;
#3055 = CARTESIAN_POINT ( 'NONE',  ( -0.3708117980952829185, 0.2705698605900349607, -0.9446614583334056459 ) ) ;
#3056 = CARTESIAN_POINT ( 'NONE',  ( 0.003556514134099639148, 0.4564436902527846396, -1.026878720238164622 ) ) ;
#3057 = CARTESIAN_POINT ( 'NONE',  ( -0.4094612814859298067, 0.3144549166447662691, -0.7686011904762319880 ) ) ;
#3058 = FACE_OUTER_BOUND ( 'NONE', #6464, .T. ) ;
#3059 = CARTESIAN_POINT ( 'NONE',  ( 0.3344266029545953645, 0.3814574387459753746, -0.7838685183565328174 ) ) ;
#3060 = CARTESIAN_POINT ( 'NONE',  ( 0.2501305147352303471, -0.3807355982073066247, -1.064825148809660726 ) ) ;
#3061 = DIRECTION ( 'NONE',  ( -1.000000000000000000, 0.000000000000000000, 0.000000000000000000 ) ) ;
#3062 = FACE_OUTER_BOUND ( 'NONE', #2789, .T. ) ;
#3063 = CARTESIAN_POINT ( 'NONE',  ( -0.4569612751491903269, -0.007655763191506187101, -1.017671130952241487 ) ) ;
#3064 = CARTESIAN_POINT ( 'NONE',  ( 0.5197304622409997243, -0.03417723376076731850, -0.3757475347475576766 ) ) ;
#3065 = CARTESIAN_POINT ( 'NONE',  ( 0.08533776996781303192, -0.4700870620919144205, -0.3461681547619747668 ) ) ;
#3066 = CARTESIAN_POINT ( 'NONE',  ( 0.4449303862096640749, 0.2422866010397832226, -1.076915922619095189 ) ) ;
#3068 = CARTESIAN_POINT ( 'NONE',  ( -0.4993522841109396260, 0.1335917586841669502, -0.4750887040178320975 ) ) ;
#3067 = CARTESIAN_POINT ( 'NONE',  ( 0.1797567585246733490, -0.4756420695759263628, -0.7458880078968137539 ) ) ;
#3069 = CARTESIAN_POINT ( 'NONE',  ( -0.5066950878242367784, 0.03301830817933279483, -0.7685881036869073313 ) ) ;
#3070 = ORIENTED_EDGE ( 'NONE', *, *, #2094, .F. ) ;
#3071 = CARTESIAN_POINT ( 'NONE',  ( -0.5135027861120403658, -0.1378077811692993149, -0.3318452380951361080 ) ) ;
#3072 = CARTESIAN_POINT ( 'NONE',  ( -0.1578332924978198826, 0.4521909036702356777, -0.3086867559523623350 ) ) ;
#3073 = CARTESIAN_POINT ( 'NONE',  ( -0.01949157363649363026, 0.4717278446272791803, -0.5263206845238627141 ) ) ;
#3074 = CARTESIAN_POINT ( 'NONE',  ( -0.1578332925115784047, 0.4521909036648159574, -0.3176153273809720345 ) ) ;
#3075 = ORIENTED_EDGE ( 'NONE', *, *, #4209, .T. ) ;
#3076 = CARTESIAN_POINT ( 'NONE',  ( 0.2134285521853799550, 0.4159088174277678074, -0.6750372023809733113 ) ) ;
#3077 = CARTESIAN_POINT ( 'NONE',  ( 0.1772227033787058259, 0.4374419162187820342, -0.5400855654762282132 ) ) ;
#3078 = CARTESIAN_POINT ( 'NONE',  ( 1.234312164319409134E-17, 0.6134346610139772560, -0.04744933615967765472 ) ) ;
#3079 = CARTESIAN_POINT ( 'NONE',  ( 0.000000000000000000, 0.000000000000000000, -0.2064999999999996838 ) ) ;
#3080 = CARTESIAN_POINT ( 'NONE',  ( 0.5165004794661088861, 0.07250791378306289947, -0.6546688988094672146 ) ) ;
#3081 = CARTESIAN_POINT ( 'NONE',  ( 0.003626918155652164577, -0.4665125755006199748, -0.7052641369046730446 ) ) ;
#3082 = CARTESIAN_POINT ( 'NONE',  ( -0.2080464202345909119, 0.4582342380710138774, -0.9137017174643345951 ) ) ;
#3083 = CARTESIAN_POINT ( 'NONE',  ( 0.2002453840612340996, 0.4149864739724009599, -0.8979724702381671753 ) ) ;
#3084 = FACE_OUTER_BOUND ( 'NONE', #5428, .T. ) ;
#3085 = VERTEX_POINT ( 'NONE', #6516 ) ;
#3086 = CARTESIAN_POINT ( 'NONE',  ( -0.5097476775540776828, -0.1367999995761685628, -0.4010416666666353769 ) ) ;
#3087 = FACE_BOUND ( 'NONE', #5514, .T. ) ;
#3088 = CARTESIAN_POINT ( 'NONE',  ( -0.5109870582052092880, -0.06699916502531332030, -0.5520860121997368530 ) ) ;
#3089 = CARTESIAN_POINT ( 'NONE',  ( -0.03369298058469318707, -0.5108765668001229443, -0.9605654761904726113 ) ) ;
#3090 = CARTESIAN_POINT ( 'NONE',  ( -0.4592442421801474772, -0.003570348215791799892, -0.9374069940475181495 ) ) ;
#3091 = B_SPLINE_CURVE_WITH_KNOTS ( 'NONE', 3,
 ( #357, #5966, #4809, #1056, #1712, #7201, #3581, #3541, #2875, #3422, #5391, #7321, #2174, #313, #4110, #6044, #2831, #6619, #5306, #7820, #2912, #4236, #1553, #7861, #4853, #2794, #4074, #6745, #6585, #936, #3460, #5427, #5350, #2212, #7898, #7366, #6087, #2251, #4733, #1589, #435, #2290, #5929, #7938, #4193, #276, #7239, #6007, #2953 ),
 .UNSPECIFIED., .F., .F.,
 ( 4, 2, 2, 2, 2, 2, 2, 2, 2, 1, 2, 2, 2, 2, 2, 2, 2, 2, 2, 2, 2, 2, 2, 2, 4 ),
 ( 0.7260539577856014448, 0.7286587395378193444, 0.7299611304139284051, 0.7312635212900373549, 0.7338683030422552545, 0.7351706939183642042, 0.7364730847944731540, 0.7390778665466911646, 0.7403802574228001143, 0.7416826482989090641, 0.7429850391750180139, 0.7442874300511269636, 0.7468922118033449742, 0.7481946026794539240, 0.7494969935555628737, 0.7521017753077807733, 0.7534041661838897230, 0.7547065570599986728, 0.7573113388122166834, 0.7599161205644345829, 0.7612185114405435327, 0.7625209023166524824, 0.7651256840688704930, 0.7664280749449794428, 0.7677304658210883925 ),
 .UNSPECIFIED. ) ;
#3092 = CARTESIAN_POINT ( 'NONE',  ( -0.4042085209360181675, -0.3328966965278032375, -0.2499999999999998057 ) ) ;
#3093 = CARTESIAN_POINT ( 'NONE',  ( 0.2652245106511908479, 0.3903186004158041289, -0.5425037202380768031 ) ) ;
#3094 = CARTESIAN_POINT ( 'NONE',  ( 0.3778530886691093271, -0.3952810785567354990, -0.008676175619407646214 ) ) ;
#3095 = ORIENTED_EDGE ( 'NONE', *, *, #18, .F. ) ;
#3096 = CARTESIAN_POINT ( 'NONE',  ( 0.3494179395204497496, 0.2966932695455823943, -0.9652157738093396500 ) ) ;
#3097 = CARTESIAN_POINT ( 'NONE',  ( -0.4191045781151702676, 0.1818911936919144767, -1.013578869047554454 ) ) ;
#3098 = CARTESIAN_POINT ( 'NONE',  ( -0.1414995263122395541, 0.4962699217673247065, -0.7758556547619995802 ) ) ;
#3099 = DIRECTION ( 'NONE',  ( -0.000000000000000000, 0.000000000000000000, -1.000000000000000000 ) ) ;
#3100 = CARTESIAN_POINT ( 'NONE',  ( -0.4557564874029001456, 0.2242647545866145731, -0.7630230448743294813 ) ) ;
#3101 = CARTESIAN_POINT ( 'NONE',  ( -0.4316033618654399051, -0.1506471985436491634, -1.014043898809490418 ) ) ;
#3102 = CARTESIAN_POINT ( 'NONE',  ( -0.1337034153937614045, -0.4999008606268030008, -0.4572288445221658337 ) ) ;
#3103 = CARTESIAN_POINT ( 'NONE',  ( -0.08212694187766599041, -0.4523563283169620419, -0.9306175595236687581 ) ) ;
#3104 = CARTESIAN_POINT ( 'NONE',  ( 0.4125840646903616293, -0.3161785586808317228, -0.3824334949064905897 ) ) ;
#3105 = AXIS2_PLACEMENT_3D ( 'NONE', #7010, #3929, #3847 ) ;
#3106 = CARTESIAN_POINT ( 'NONE',  ( 0.1425292919411646486, 0.4570074801871754078, -0.3159412202381056689 ) ) ;
#3107 = CARTESIAN_POINT ( 'NONE',  ( -0.2023508895377748307, 0.4366039511019758068, -0.2450706845237445586 ) ) ;
#3109 = CARTESIAN_POINT ( 'NONE',  ( 4.862727083539457675E-17, -0.3970717995527426325, 0.004529409175433981444 ) ) ;
#3108 = CARTESIAN_POINT ( 'NONE',  ( -0.5075222741918343772, -1.165303909797412344E-15, -0.7678513255379223468 ) ) ;
#3110 = CARTESIAN_POINT ( 'NONE',  ( 0.2243888720825138183, 0.4556289672700402638, -0.7909085890400739949 ) ) ;
#3111 = EDGE_CURVE ( 'NONE', #1016, #4404, #6978, .T. ) ;
#3112 = CARTESIAN_POINT ( 'NONE',  ( 0.2257457571941064167, -0.4569052399020449573, -0.7347564765825812527 ) ) ;
#3113 = CARTESIAN_POINT ( 'NONE',  ( -0.4466542141126657595, 0.08524080053945336244, -1.082496279761886004 ) ) ;
#3114 = AXIS2_PLACEMENT_3D ( 'NONE', #5431, #2957, #2294 ) ;
#3115 = B_SPLINE_CURVE_WITH_KNOTS ( 'NONE', 3,
 ( #4661, #6507, #4701, #1593, #1518, #4114, #1556, #5971, #280, #6589, #940, #4077 ),
 .UNSPECIFIED., .F., .F.,
 ( 4, 2, 2, 2, 2, 4 ),
 ( 0.8513628706818574532, 0.8525115208125335631, 0.8536601709432097840, 0.8559574712045621148, 0.8582547714659143345, 0.8605520717272666653 ),
 .UNSPECIFIED. ) ;
#3116 = CARTESIAN_POINT ( 'NONE',  ( 0.03875974274948522369, 0.4749808121078840095, -0.3848586309523279736 ) ) ;
#3117 = CARTESIAN_POINT ( 'NONE',  ( 0.2756201444988556903, -0.3849580663736899000, -0.4840029761904880989 ) ) ;
#3118 = CARTESIAN_POINT ( 'NONE',  ( -0.1085585082846715899, 0.4664396416325152783, -0.3188244047618459254 ) ) ;
#3119 = CIRCLE ( 'NONE', #2842, 0.3125000000000000000 ) ;
#3120 = ORIENTED_EDGE ( 'NONE', *, *, #5923, .T. ) ;
#3121 = CARTESIAN_POINT ( 'NONE',  ( 0.4562120130434049181, 0.1105048907409500319, -0.6133742559523477356 ) ) ;
#3122 = CIRCLE ( 'NONE', #1527, 0.005000000000000014849 ) ;
#3123 = CARTESIAN_POINT ( 'NONE',  ( 0.4324399895235520597, -0.1876786179863307868, -0.5582217261904789396 ) ) ;
#3124 = CARTESIAN_POINT ( 'NONE',  ( 0.2723827488611675895, 0.4385473591951641881, -0.4962944753686476251 ) ) ;
#3125 = CARTESIAN_POINT ( 'NONE',  ( 0.2523061866804081066, 0.4376176278002700815, -0.8530577693517752413 ) ) ;
#3126 = AXIS2_PLACEMENT_3D ( 'NONE', #4732, #7320, #970 ) ;
#3127 = CARTESIAN_POINT ( 'NONE',  ( -0.1106434649245309487, -0.5112815004494121185, -0.6050967261904928174 ) ) ;
#3128 = CARTESIAN_POINT ( 'NONE',  ( 0.4625972367855721301, 0.06494039247896139788, -0.6859188988094672146 ) ) ;
#3129 = B_SPLINE_CURVE_WITH_KNOTS ( 'NONE', 3,
 ( #1624, #6701, #3496, #1668, #4038, #4146 ),
 .UNSPECIFIED., .F., .F.,
 ( 4, 2, 4 ),
 ( 0.04720831883176521832, 0.05115153178061283834, 0.05509474472946046530 ),
 .UNSPECIFIED. ) ;
#3130 = CARTESIAN_POINT ( 'NONE',  ( -0.1310099375910078745, 0.4866693601757929311, -0.9155499993645239698 ) ) ;
#3131 = CARTESIAN_POINT ( 'NONE',  ( -0.4496485255275587956, 0.09308847239562734188, -0.9487537202381443047 ) ) ;
#3132 = CARTESIAN_POINT ( 'NONE',  ( -0.4942663482579975898, 0.1674933241859655475, -0.3429945636214360438 ) ) ;
#3133 = ORIENTED_EDGE ( 'NONE', *, *, #4579, .T. ) ;
#3134 = CARTESIAN_POINT ( 'NONE',  ( 0.1077550021740985298, 0.5204958749103999471, -0.2813430059524893445 ) ) ;
#3135 = CARTESIAN_POINT ( 'NONE',  ( -0.2520577610055542150, -0.4374057542603753679, -0.8887706313810775915 ) ) ;
#3136 = DIRECTION ( 'NONE',  ( -1.000000000000000000, 0.000000000000000000, 0.000000000000000000 ) ) ;
#3137 = CARTESIAN_POINT ( 'NONE',  ( -0.4690368788150001134, 0.2035612720860197900, -0.9823288690476188467 ) ) ;
#3138 = CARTESIAN_POINT ( 'NONE',  ( 0.4078446056603860503, 0.2139287135133796647, -0.8962983630952242597 ) ) ;
#3139 = LINE ( 'NONE', #6883, #7473 ) ;
#3140 = CARTESIAN_POINT ( 'NONE',  ( -0.1691972618164578612, -0.4489924714701476471, -0.2898065476189614076 ) ) ;
#3141 = ORIENTED_EDGE ( 'NONE', *, *, #579, .F. ) ;
#3142 = CARTESIAN_POINT ( 'NONE',  ( 0.2002453840737347668, 0.4149864739730162455, -0.8890438988096223127 ) ) ;
#3143 = CARTESIAN_POINT ( 'NONE',  ( 0.07032053193048809492, -0.4499346381665196293, -1.060732886904726335 ) ) ;
#3144 = CARTESIAN_POINT ( 'NONE',  ( -0.4896638718320671102, -0.1575427418650230393, -0.8290550595239777332 ) ) ;
#3145 = DIRECTION ( 'NONE',  ( 0.03112001302225914090, 0.000000000000000000, 0.9995156550997559286 ) ) ;
#3146 = CARTESIAN_POINT ( 'NONE',  ( 0.3467054764641713804, 0.3703106989523724524, -0.7842363953168216550 ) ) ;
#3147 = CARTESIAN_POINT ( 'NONE',  ( -0.2691804543672930428, 0.3689211126722918843, -1.028552827380946555 ) ) ;
#3148 = CARTESIAN_POINT ( 'NONE',  ( 0.3017613846218471507, -0.4207574469556694674, -0.4471795096867494657 ) ) ;
#3149 = CARTESIAN_POINT ( 'NONE',  ( -0.4496485255275587956, 0.09308847239562734188, -0.9487537202381443047 ) ) ;
#3150 = CARTESIAN_POINT ( 'NONE',  ( -0.5186418385119854202, 1.502516396515344672E-15, -0.4107120593065798908 ) ) ;
#3151 = CARTESIAN_POINT ( 'NONE',  ( 0.03157812431381320367, -0.4789268479333513850, -0.2760416666667409591 ) ) ;
#3152 = CARTESIAN_POINT ( 'NONE',  ( -0.4738112933482200861, 0.08602197715674185508, -0.2341889880953078318 ) ) ;
#3154 = CARTESIAN_POINT ( 'NONE',  ( 0.3361294277350929671, 0.3840059610167559923, -0.7124276400149912591 ) ) ;
#3153 = CARTESIAN_POINT ( 'NONE',  ( -0.3470898134309409744, -0.3710525951347309892, -0.7585446205363064465 ) ) ;
#3155 = CARTESIAN_POINT ( 'NONE',  ( -0.2544839578369938460, 0.4399253554106317132, -0.7797432782184482436 ) ) ;
#3156 = CARTESIAN_POINT ( 'NONE',  ( -0.3199307940665638839, -0.4156870936868383160, -0.2574476753237510129 ) ) ;
#3157 = EDGE_CURVE ( 'NONE', #6121, #1434, #5858, .T. ) ;
#3158 = CARTESIAN_POINT ( 'NONE',  ( 0.3587256020249279809, 0.3200747152791840744, -0.2506510416666337115 ) ) ;
#3159 = CARTESIAN_POINT ( 'NONE',  ( -0.4609137724556989224, 0.1314265489818675914, -0.2978050595238289633 ) ) ;
#3160 = CARTESIAN_POINT ( 'NONE',  ( 0.09750886575441279625, 0.4710014397690005516, -0.2523251488095560324 ) ) ;
#3161 = EDGE_CURVE ( 'NONE', #6503, #6375, #3854, .T. ) ;
#3162 = ORIENTED_EDGE ( 'NONE', *, *, #2656, .T. ) ;
#3163 = CARTESIAN_POINT ( 'NONE',  ( 0.2181910150688489147, 0.4159531623117246335, -0.6037016369047792930 ) ) ;
#3164 = CARTESIAN_POINT ( 'NONE',  ( -0.1072620293615475923, -0.4608341888795367547, -0.5026041666666065666 ) ) ;
#3165 = VERTEX_POINT ( 'NONE', #3231 ) ;
#3166 = CARTESIAN_POINT ( 'NONE',  ( -0.3691760410579175145, 0.3454748013168266185, -0.8378113633462324072 ) ) ;
#3167 = CARTESIAN_POINT ( 'NONE',  ( 0.4492050983983988388, 0.2740129953833540521, -0.5071614583333290405 ) ) ;
#3168 = AXIS2_PLACEMENT_3D ( 'NONE', #2968, #7421, #6848 ) ;
#3169 = CARTESIAN_POINT ( 'NONE',  ( 0.2181910150688489147, 0.4159531623117246335, -0.6037016369047792930 ) ) ;
#3170 = CARTESIAN_POINT ( 'NONE',  ( 0.03233551782950491033, 0.5028385898964715661, -0.9192678374473883807 ) ) ;
#3171 = CARTESIAN_POINT ( 'NONE',  ( 0.01497370497081718620, 0.4629161335922372111, -0.8218005952380016410 ) ) ;
#3172 = CARTESIAN_POINT ( 'NONE',  ( -0.06826302755351602858, 0.5161421861679137413, -0.3556410815261374925 ) ) ;
#3173 = ORIENTED_EDGE ( 'NONE', *, *, #6528, .T. ) ;
#3174 = CARTESIAN_POINT ( 'NONE',  ( -0.4997641708741454858, -0.1832141697763267352, -0.2571614583332881843 ) ) ;
#3175 = CARTESIAN_POINT ( 'NONE',  ( 0.03374433602026832846, -0.5039370139239663926, -0.8820612955910108743 ) ) ;
#3176 = CARTESIAN_POINT ( 'NONE',  ( 0.4595722973044423232, 0.2083796470582708060, -0.8701518672822168288 ) ) ;
#3177 = CARTESIAN_POINT ( 'NONE',  ( 0.3955887030476143429, 0.3298317694611760942, -0.8626302083333471371 ) ) ;
#3178 = CARTESIAN_POINT ( 'NONE',  ( -0.3669229639573712842, -0.2765759305664946544, -0.9301525297620063526 ) ) ;
#3179 = CARTESIAN_POINT ( 'NONE',  ( -0.4823950871056417733, -0.1882601178766008521, -0.2499999999999998335 ) ) ;
#3180 = CARTESIAN_POINT ( 'NONE',  ( -0.4877972296656561957, -0.3318047991565570287, -0.03296507938155261719 ) ) ;
#3181 = VERTEX_POINT ( 'NONE', #207 ) ;
#3182 = CARTESIAN_POINT ( 'NONE',  ( 0.06012937424611207449, -0.4581685986747356387, -0.8467261904763524472 ) ) ;
#3183 = CARTESIAN_POINT ( 'NONE',  ( -0.4350529551617312030, -0.1474831427977806031, -0.9337797619049117426 ) ) ;
#3184 = CARTESIAN_POINT ( 'NONE',  ( -0.02945068544148625803, 0.5173687046986665816, -0.7069382440476160712 ) ) ;
#3185 = CARTESIAN_POINT ( 'NONE',  ( 0.3991948035323833466, -0.2233368780429572931, -0.9889811236343909462 ) ) ;
#3186 = CARTESIAN_POINT ( 'NONE',  ( 0.3666692993536246892, 0.2889544518520534844, -0.9803463320367914458 ) ) ;
#3187 = CARTESIAN_POINT ( 'NONE',  ( 0.2036039155031980630, -0.4124626496835097633, -0.9233630952380992296 ) ) ;
#3188 = CARTESIAN_POINT ( 'NONE',  ( 0.4719209565126887274, -0.2134978220973540175, -0.4412326833965081185 ) ) ;
#3189 = CARTESIAN_POINT ( 'NONE',  ( -0.3055571189942727917, 0.3424551926093972742, -0.9560081845237293763 ) ) ;
#3190 = CARTESIAN_POINT ( 'NONE',  ( -0.3219263173646582099, -0.3434371201613702351, -0.5799851190475943108 ) ) ;
#3191 = CARTESIAN_POINT ( 'NONE',  ( 0.4501112166509229628, 0.1164732038220681609, -0.7560453869048099351 ) ) ;
#3192 = LINE ( 'NONE', #4635, #5486 ) ;
#3193 = CARTESIAN_POINT ( 'NONE',  ( -0.2534164990903601811, 0.4393422611958180402, -1.058779761904680594 ) ) ;
#3194 = CARTESIAN_POINT ( 'NONE',  ( -0.4093199098346230191, -0.2276826586535518060, -0.6549479166665992391 ) ) ;
#3196 = CARTESIAN_POINT ( 'NONE',  ( 0.1756442133952822171, -0.5120264271286111279, -0.2445383015977777852 ) ) ;
#3195 = CARTESIAN_POINT ( 'NONE',  ( 0.1321175967834841980, -0.4909813055329573239, -0.7470033522598699127 ) ) ;
#3197 = CARTESIAN_POINT ( 'NONE',  ( 0.5032313477920588030, 0.06603020439024992472, -0.8020823866427454485 ) ) ;
#3198 = CARTESIAN_POINT ( 'NONE',  ( -0.5078457340323423441, -0.01656652277147957139, -0.7574624103998538471 ) ) ;
#3199 = CARTESIAN_POINT ( 'NONE',  ( -0.2494521050712951715, 0.4089417183132280642, -0.3062686011904949268 ) ) ;
#3200 = CARTESIAN_POINT ( 'NONE',  ( -0.4223899268921990080, 0.2215673934494800656, -0.3715587797618355448 ) ) ;
#3201 = CARTESIAN_POINT ( 'NONE',  ( 1.542801555604430476E-09, -0.4794718509879657420, -0.2142857071654326595 ) ) ;
#3202 = ORIENTED_EDGE ( 'NONE', *, *, #3157, .T. ) ;
#3203 = CARTESIAN_POINT ( 'NONE',  ( -0.2581125816252083371, 0.3928852519205586202, -0.5916108630952159331 ) ) ;
#3204 = CARTESIAN_POINT ( 'NONE',  ( -0.2833734404485284131, -0.3759275756847182959, -0.5787760416666178909 ) ) ;
#3205 = ORIENTED_EDGE ( 'NONE', *, *, #1290, .T. ) ;
#3206 = CARTESIAN_POINT ( 'NONE',  ( -0.3738160917663195248, 0.3680477449002301227, -0.5579427083333555748 ) ) ;
#3207 = EDGE_CURVE ( 'NONE', #4566, #4104, #1129, .T. ) ;
#3208 = CARTESIAN_POINT ( 'NONE',  ( -0.3173178189814890304, -0.3446708368464764805, -0.6423921130951462111 ) ) ;
#3209 = APPLICATION_PROTOCOL_DEFINITION ( 'international standard', 'config_control_design', 1994, #1664 ) ;
#3210 = CARTESIAN_POINT ( 'NONE',  ( -0.4390667170839209210, 0.1488522563365696494, -0.8072916666667040442 ) ) ;
#3211 = FACE_OUTER_BOUND ( 'NONE', #6457, .T. ) ;
#3212 = EDGE_LOOP ( 'NONE', ( #301, #4365 ) ) ;
#3213 = CARTESIAN_POINT ( 'NONE',  ( -0.1200162130090966089, 0.5156677172052394065, -0.3478422619047302211 ) ) ;
#3214 = CARTESIAN_POINT ( 'NONE',  ( -0.4001406368162989668, -0.3076005366797865959, -0.8932279171705317378 ) ) ;
#3215 = CARTESIAN_POINT ( 'NONE',  ( 0.5001719800021811047, 0.06598803845584921834, -0.8735002611653500670 ) ) ;
#3216 = CARTESIAN_POINT ( 'NONE',  ( -0.5041773775975003646, 0.1091061594889289610, -0.8372395833333581283 ) ) ;
#3217 = CARTESIAN_POINT ( 'NONE',  ( -0.3701232942947025317, 0.2789982619458968305, -0.8019903273809613209 ) ) ;
#3218 = CARTESIAN_POINT ( 'NONE',  ( 0.1189746130328610263, -0.5080368285525895811, -0.3188043969474352313 ) ) ;
#3219 = CARTESIAN_POINT ( 'NONE',  ( 0.4409174790610010941, 0.1913490766391099107, -0.2632068452381282064 ) ) ;
#3220 = EDGE_LOOP ( 'NONE', ( #6916, #3202, #224, #7400, #2636 ) ) ;
#3221 = CARTESIAN_POINT ( 'NONE',  ( 0.2036039155011795665, -0.4124626496803668885, -0.9144345238094425676 ) ) ;
#3222 = CARTESIAN_POINT ( 'NONE',  ( 0.2876719489721132339, -0.3561521698490487386, -0.9833519345238339593 ) ) ;
#3223 = CARTESIAN_POINT ( 'NONE',  ( -0.1674136424667836132, -0.4938184369079431923, -0.6041666666666464236 ) ) ;
#3224 = CARTESIAN_POINT ( 'NONE',  ( -0.3883917173754616869, 0.3403907525018439184, -0.4903201007215204910 ) ) ;
#3225 = CARTESIAN_POINT ( 'NONE',  ( -0.4685944206626751485, 0.2119964563291428239, -0.5583928247925260546 ) ) ;
#3226 = CARTESIAN_POINT ( 'NONE',  ( 0.2858502076986562668, -0.3604698749518743806, -0.9209449404761863578 ) ) ;
#3227 = CARTESIAN_POINT ( 'NONE',  ( 0.2139156962754344693, -0.4714552829517862920, -0.4494188805795835129 ) ) ;
#3228 = CARTESIAN_POINT ( 'NONE',  ( -0.2198234510622752436, -0.4036636182341089008, -0.9342447916665702623 ) ) ;
#3229 = CARTESIAN_POINT ( 'NONE',  ( -0.01949157363649363026, 0.4717278446272791803, -0.5352492559524341109 ) ) ;
#3230 = CARTESIAN_POINT ( 'NONE',  ( 0.1640711463439130380, 0.4353891477054537273, -0.7451636904762186653 ) ) ;
#3231 = CARTESIAN_POINT ( 'NONE',  ( 4.567189174054057802E-17, -0.3704503952807374212, 1.189999999999999947 ) ) ;
#3232 = CARTESIAN_POINT ( 'NONE',  ( 0.003949888630243388217, 0.5069860257556708660, -1.064825148809567246 ) ) ;
#3233 = CARTESIAN_POINT ( 'NONE',  ( 0.3330384970269594236, 0.3278888235202028767, -0.6875930059524353322 ) ) ;
#3235 = CARTESIAN_POINT ( 'NONE',  ( 0.4040738098445251780, 0.3102709306113679566, -0.7146720845272857003 ) ) ;
#3234 = CARTESIAN_POINT ( 'NONE',  ( 0.4967203907905372584, 3.606893054134847731E-16, -0.9494473250617087023 ) ) ;
#3236 = DIRECTION ( 'NONE',  ( -0.09411816491319552336, 0.000000000000000000, -0.9955610333040223470 ) ) ;
#3237 = CARTESIAN_POINT ( 'NONE',  ( 0.4039903143196126312, -0.3096144187862240882, -0.7295464590067435307 ) ) ;
#3238 = CARTESIAN_POINT ( 'NONE',  ( 0.3108071975707136225, -0.3660397282311457778, -0.2687872023809779187 ) ) ;
#3239 = CARTESIAN_POINT ( 'NONE',  ( -0.2071805173389155708, 0.4293774126785998013, -0.3788132440475776574 ) ) ;
#3240 = AXIS2_PLACEMENT_3D ( 'NONE', #3731, #6066, #6152 ) ;
#3241 = CARTESIAN_POINT ( 'NONE',  ( -0.1249623340618295081, -0.4656084735130056607, -0.2172619047618456201 ) ) ;
#3242 = ORIENTED_EDGE ( 'NONE', *, *, #6774, .F. ) ;
#3243 = CARTESIAN_POINT ( 'NONE',  ( -0.1979959142445988918, -0.4271886732814427767, -0.5674293154762097835 ) ) ;
#3244 = CARTESIAN_POINT ( 'NONE',  ( 0.3458737602206236605, 0.3241993887031923705, -0.4735863095237669573 ) ) ;
#3245 = AXIS2_PLACEMENT_3D ( 'NONE', #5895, #7168, #2178 ) ;
#3246 = VERTEX_POINT ( 'NONE', #2730 ) ;
#3247 = CARTESIAN_POINT ( 'NONE',  ( -0.2880001458200899256, 0.4383776738901801195, -0.5603608630952159331 ) ) ;
#3248 = CARTESIAN_POINT ( 'NONE',  ( 0.3375737878477861886, 0.3264377623684363572, -0.6073288690476007501 ) ) ;
#3249 = CONICAL_SURFACE ( 'NONE', #4589, 0.3975000000000000755, 0.09425767512363275591 ) ;
#3250 = CALENDAR_DATE ( 2026, 12, 1 ) ;
#3251 = CARTESIAN_POINT ( 'NONE',  ( -0.1847849058410943046, -0.4257722838144299415, -0.7903645833333342585 ) ) ;
#3252 = CARTESIAN_POINT ( 'NONE',  ( -0.2880969021132972485, -0.3751391636491719916, -0.5074404761904899308 ) ) ;
#3253 = AXIS2_PLACEMENT_3D ( 'NONE', #6393, #4998, #7676 ) ;
#3254 = EDGE_LOOP ( 'NONE', ( #5386, #929, #691, #1392, #5915 ) ) ;
#3255 = CIRCLE ( 'NONE', #6279, 0.5312500000000000000 ) ;
#3256 = CARTESIAN_POINT ( 'NONE',  ( 0.5070678668941961398, 0.1581330866078296260, -0.2934337797618908339 ) ) ;
#3257 = CARTESIAN_POINT ( 'NONE',  ( 0.2239699035123002835, -0.4528256578349689199, -0.8776088881090967631 ) ) ;
#3258 = CARTESIAN_POINT ( 'NONE',  ( 0.3128370043991998695, 0.4078261606845116072, -0.5688433918612075813 ) ) ;
#3259 = CARTESIAN_POINT ( 'NONE',  ( 0.4578699133187652537, -0.2349609357213297278, -0.8759300595240214760 ) ) ;
#3260 = CARTESIAN_POINT ( 'NONE',  ( -0.4606276116733421522, 0.05318086126431037508, -0.7959449404762166669 ) ) ;
#3261 = EDGE_CURVE ( 'NONE', #8017, #2380, #2989, .T. ) ;
#3262 = CARTESIAN_POINT ( 'NONE',  ( -0.2111286025646108289, -0.4674969578431633077, -0.6019404089072142305 ) ) ;
#3263 = CARTESIAN_POINT ( 'NONE',  ( 0.1353706497623628213, -0.5042528805908280676, -0.3084206257032584553 ) ) ;
#3264 = EDGE_LOOP ( 'NONE', ( #619, #3366, #1263, #699, #6780, #6959 ) ) ;
#3265 = CARTESIAN_POINT ( 'NONE',  ( -0.3043475330392224620, -0.3473147868598327470, -0.8563988095236126918 ) ) ;
#3266 = ADVANCED_FACE ( 'NONE', ( #7759 ), #3445, .T. ) ;
#3267 = CARTESIAN_POINT ( 'NONE',  ( -0.4168199043048707586, -0.1931814666206328746, -0.9325706845237881071 ) ) ;
#3268 = CARTESIAN_POINT ( 'NONE',  ( -0.05981094363451965046, -0.5180585953600244098, -0.6017485119047827347 ) ) ;
#3269 = CARTESIAN_POINT ( 'NONE',  ( 0.3762707613446991117, 0.3528807350421588884, -0.5092942115124315938 ) ) ;
#3270 = CARTESIAN_POINT ( 'NONE',  ( -0.4705898238910863340, 0.1069109697832788947, -0.9638328193374688935 ) ) ;
#3271 = CARTESIAN_POINT ( 'NONE',  ( -0.4350529551564333852, -0.1474831428086133267, -0.9427083333332312298 ) ) ;
#3272 = CONICAL_SURFACE ( 'NONE', #3912, 0.5312500000000000000, 1.047197551196600074 ) ;
#3273 = CARTESIAN_POINT ( 'NONE',  ( 0.3460387514623157745, -0.4075314691027511205, -0.2375372023809779742 ) ) ;
#3274 = CARTESIAN_POINT ( 'NONE',  ( -0.3415360775325156362, -0.3896291793678175464, -0.4624385028865467540 ) ) ;
#3275 = CARTESIAN_POINT ( 'NONE',  ( 0.2434583069798567923, 0.3911577357283674283, -0.8991815476190405665 ) ) ;
#3276 = CARTESIAN_POINT ( 'NONE',  ( -0.4546533042702668448, -0.1296331936943899976, -0.5146949404761514968 ) ) ;
#3277 = CARTESIAN_POINT ( 'NONE',  ( 0.2134285521727508073, 0.4159088174258738779, -0.6750372023809966260 ) ) ;
#3278 = CARTESIAN_POINT ( 'NONE',  ( -0.3292759423951441833, 0.3802554448772249573, -0.9204509787250183539 ) ) ;
#3279 = CARTESIAN_POINT ( 'NONE',  ( -0.1516410270605646482, 0.4862510470847997146, -0.9898623511905123573 ) ) ;
#3280 = CARTESIAN_POINT ( 'NONE',  ( -0.2996288488303927577, 0.3593649443432458956, -0.6706659226189888301 ) ) ;
#3282 = CARTESIAN_POINT ( 'NONE',  ( 0.04334425467148778771, -0.5884098439115702517, -0.2169987487308232543 ) ) ;
#3281 = CARTESIAN_POINT ( 'NONE',  ( 0.2931513827916432668, -0.3723339180479296462, -0.9733090642870119158 ) ) ;
#3283 = DIRECTION ( 'NONE',  ( -0.000000000000000000, -0.000000000000000000, -1.000000000000000000 ) ) ;
#3284 = CARTESIAN_POINT ( 'NONE',  ( -0.5078342309980700131, -6.701564609457645246E-16, -0.7578318659919320854 ) ) ;
#3285 = CARTESIAN_POINT ( 'NONE',  ( 0.5103800224515118167, 0.03334573305241608082, -0.6499419511455529763 ) ) ;
#3286 = CARTESIAN_POINT ( 'NONE',  ( 0.03875974273957671912, 0.4749808121104327485, -0.3848586309524312243 ) ) ;
#3287 = CARTESIAN_POINT ( 'NONE',  ( -0.3433974745462504696, -0.3380877970961513879, -0.2233072916667107055 ) ) ;
#3288 = CARTESIAN_POINT ( 'NONE',  ( -0.2880969021084622828, -0.3751391636588271017, -0.4985119047618722377 ) ) ;
#3289 = CARTESIAN_POINT ( 'NONE',  ( 0.2312159862359508822, -0.4156718753222330420, -0.4228050595238085907 ) ) ;
#3290 = ORIENTED_EDGE ( 'NONE', *, *, #5064, .F. ) ;
#3291 = CARTESIAN_POINT ( 'NONE',  ( 0.1924529941122325449, 0.4875690817564398150, -0.5712425595238134202 ) ) ;
#3292 = CARTESIAN_POINT ( 'NONE',  ( -0.2833734404500162785, -0.3759275756833022619, -0.5698474702380759149 ) ) ;
#3293 = PERSON_AND_ORGANIZATION ( #4768, #5354 ) ;
#3294 = CARTESIAN_POINT ( 'NONE',  ( 0.4469338569326924415, -0.1274403930270871510, -0.7710193452382374524 ) ) ;
#3295 = CARTESIAN_POINT ( 'NONE',  ( -0.3684150865194474878, 0.2921609818747689657, -0.5969122023809189104 ) ) ;
#3296 = VERTEX_POINT ( 'NONE', #7139 ) ;
#3297 = CARTESIAN_POINT ( 'NONE',  ( 0.5287910257014662996, -0.004119598453545473236, -0.3683965773808952071 ) ) ;
#3298 = CARTESIAN_POINT ( 'NONE',  ( 0.5058898314446124145, -0.03314561389331331653, -0.7942891539776201215 ) ) ;
#3299 = CARTESIAN_POINT ( 'NONE',  ( 0.1651246070153211676, 0.4868735472210957149, -0.5651220971529535841 ) ) ;
#3300 = CARTESIAN_POINT ( 'NONE',  ( 0.4789791852101040748, 0.1890539099730865202, -0.8662574404762093394 ) ) ;
#3301 = CARTESIAN_POINT ( 'NONE',  ( 0.1656421274789422193, -0.4866246539469097909, -0.5933855119112453336 ) ) ;
#3302 = CARTESIAN_POINT ( 'NONE',  ( -0.3565898932064440752, -0.3808699662130593522, -0.3199506516193178496 ) ) ;
#3303 = EDGE_LOOP ( 'NONE', ( #2086, #6653 ) ) ;
#3304 = CARTESIAN_POINT ( 'NONE',  ( -0.2245239328258478717, -0.4036249966395653588, -0.8539806547621016097 ) ) ;
#3305 = CARTESIAN_POINT ( 'NONE',  ( 0.1613941420520303982, -0.4283076835003438165, -0.9869791666666586361 ) ) ;
#3306 = CARTESIAN_POINT ( 'NONE',  ( 0.3519039875089663982, -0.3822507542360028543, -0.6634114583333613480 ) ) ;
#3307 = CARTESIAN_POINT ( 'NONE',  ( 0.3670011870986852887, -0.2726245841546829918, -0.9899316111203281254 ) ) ;
#3308 = CARTESIAN_POINT ( 'NONE',  ( 0.2275358718062533980, 0.4100972864297012244, -0.9774318325616445646 ) ) ;
#3309 = CARTESIAN_POINT ( 'NONE',  ( 0.4445480726724646003, -0.1193102246564901048, -0.9136904761903807959 ) ) ;
#3310 = CARTESIAN_POINT ( 'NONE',  ( -0.06141255041072887777, 0.5320014370037666751, -0.2085193452381320922 ) ) ;
#3311 = EDGE_CURVE ( 'NONE', #6121, #100, #5349, .T. ) ;
#3312 = DIRECTION ( 'NONE',  ( -1.000000000000000000, 0.000000000000000000, 0.000000000000000000 ) ) ;
#3313 = CARTESIAN_POINT ( 'NONE',  ( -0.1382012522290479439, -0.4431296003181054433, -0.7891555059524046900 ) ) ;
#3314 = CARTESIAN_POINT ( 'NONE',  ( 0.1341349443613534531, 0.4548850585095686738, -0.4675409226191025724 ) ) ;
#3315 = CARTESIAN_POINT ( 'NONE',  ( 0.2519369237964647068, 0.3910769425247225262, -0.7475818452380670331 ) ) ;
#3316 = CARTESIAN_POINT ( 'NONE',  ( -0.4123523642483479246, 0.2894355893730579665, -0.9176630778677447031 ) ) ;
#3317 = CARTESIAN_POINT ( 'NONE',  ( -0.5064773090613939877, -0.05846593414701838076, -0.9741443452381973733 ) ) ;
#3318 = CARTESIAN_POINT ( 'NONE',  ( -0.02657778993560395639, 0.4669065516259906512, -0.6779203869047585318 ) ) ;
#3320 = CARTESIAN_POINT ( 'NONE',  ( -0.4936514873950978433, 0.1321979486051990671, -0.6893786084707621553 ) ) ;
#3319 = CARTESIAN_POINT ( 'NONE',  ( -2.164902785881992223E-17, 0.6134346610139772560, -0.2499999999999998057 ) ) ;
#3321 = CARTESIAN_POINT ( 'NONE',  ( -0.5079653796300547253, -0.08387931609471944994, -0.5416779889125659109 ) ) ;
#3322 = CARTESIAN_POINT ( 'NONE',  ( 0.3809968945108125893, -0.3336302306458451272, -0.8117397885347297226 ) ) ;
#3323 = CARTESIAN_POINT ( 'NONE',  ( -0.4618568412262200051, 0.1361906960830654434, -0.2264694940476108809 ) ) ;
#3324 = CARTESIAN_POINT ( 'NONE',  ( -0.05517016010735808357, 0.4779287126996143997, -0.2397693452380846857 ) ) ;
#3325 = CARTESIAN_POINT ( 'NONE',  ( 0.4588160579817410212, 0.1430849851357533786, -0.2644159226190453960 ) ) ;
#3326 = CARTESIAN_POINT ( 'NONE',  ( 0.4102478122913773562, -0.2366434517457886022, -0.4791666666665929664 ) ) ;
#3327 = CARTESIAN_POINT ( 'NONE',  ( 0.4300092688337739388, 0.1992944152268255886, -0.4772135416666800078 ) ) ;
#3328 = EDGE_LOOP ( 'NONE', ( #7225, #1590, #4757, #7270, #23 ) ) ;
#3329 = CARTESIAN_POINT ( 'NONE',  ( -0.01708718853199631127, 0.5285187941960336477, -0.4237351190476348339 ) ) ;
#3330 = CARTESIAN_POINT ( 'NONE',  ( 0.09549023180226905161, -0.4612896143390177173, -0.5601748511905064731 ) ) ;
#3331 = MECHANICAL_CONTEXT ( 'NONE', #1664, 'mechanical' ) ;
#3332 = CARTESIAN_POINT ( 'NONE',  ( -0.1310225047293785139, 0.4443578260410339098, -0.8181733630951237846 ) ) ;
#3333 = CARTESIAN_POINT ( 'NONE',  ( -0.2557840986916026238, 0.3970636550525187269, -0.5292038690476115192 ) ) ;
#3334 = EDGE_LOOP ( 'NONE', ( #5183, #5672, #193 ) ) ;
#3335 = CARTESIAN_POINT ( 'NONE',  ( 0.000000000000000000, 0.000000000000000000, -0.2499999999999998057 ) ) ;
#3336 = CARTESIAN_POINT ( 'NONE',  ( 0.08479584310123836066, -0.5103111164120820442, -0.4624140233385979903 ) ) ;
#3337 = CARTESIAN_POINT ( 'NONE',  ( 0.3512226165731581196, 0.3752253896505626796, -0.5699514945010368816 ) ) ;
#3338 = CARTESIAN_POINT ( 'NONE',  ( 0.5114823358589322133, 0.03372494724570180430, -0.9412202380951367742 ) ) ;
#3339 = CARTESIAN_POINT ( 'NONE',  ( 0.2714956039291077650, -0.4356332986470254909, -0.5907833016710732910 ) ) ;
#3340 = CARTESIAN_POINT ( 'NONE',  ( -0.3035216047392379490, -0.4244319750873148944, -0.3184624761358578748 ) ) ;
#3341 = CARTESIAN_POINT ( 'NONE',  ( -0.4390667170831143995, 0.1488522563479869609, -0.7983630952380691426 ) ) ;
#3342 = CARTESIAN_POINT ( 'NONE',  ( -0.3708117980918850809, 0.2705698606041875842, -0.9446614583334133064 ) ) ;
#3343 = CARTESIAN_POINT ( 'NONE',  ( -0.3727053427541989761, 0.3604220359058991630, -0.6984747023808481892 ) ) ;
#3344 = CARTESIAN_POINT ( 'NONE',  ( 0.4606933319786482572, -0.01456947038479416111, -0.9854743838735976480 ) ) ;
#3345 = CARTESIAN_POINT ( 'NONE',  ( -0.5075154990383253795, 0.08394514735481944934, -0.5554301725430390579 ) ) ;
#3346 = CARTESIAN_POINT ( 'NONE',  ( 0.3202333649021503748, 0.3311463894241589712, -0.9015997023808588473 ) ) ;
#3347 = CARTESIAN_POINT ( 'NONE',  ( 0.1639817978895205253, 0.5096507886980079505, -0.2133556547619190613 ) ) ;
#3348 = CARTESIAN_POINT ( 'NONE',  ( 0.1623054490336225397, -0.4771689295515463280, -0.8891251677002559584 ) ) ;
#3349 = CARTESIAN_POINT ( 'NONE',  ( 0.2519369237964647068, 0.3910769425247225262, -0.7565104166666385410 ) ) ;
#3350 = CARTESIAN_POINT ( 'NONE',  ( 0.2267757687473665185, 0.4164304798832468291, -0.4699590773808974831 ) ) ;
#3351 = CARTESIAN_POINT ( 'NONE',  ( -0.4275820676534115017, -0.1855616523396945716, -0.7185639880952303660 ) ) ;
#3352 = CARTESIAN_POINT ( 'NONE',  ( -0.3749999999999998890, 0.000000000000000000, -0.2064999999999996838 ) ) ;
#3353 = CARTESIAN_POINT ( 'NONE',  ( 0.5076027722148066523, 0.03346911522711287779, -1.010416666666655860 ) ) ;
#3354 = CARTESIAN_POINT ( 'NONE',  ( 0.2809511090712314973, -0.3727272453408053687, -0.7069382440474529794 ) ) ;
#3356 = CARTESIAN_POINT ( 'NONE',  ( 0.1660141007499214005, -0.4876611451152169652, -0.5319782098219585365 ) ) ;
#3355 = DIRECTION ( 'NONE',  ( 0.000000000000000000, 0.000000000000000000, 1.000000000000000000 ) ) ;
#3357 = CARTESIAN_POINT ( 'NONE',  ( 0.2584339441059915199, -0.4470295024517077498, -0.5197232627924298631 ) ) ;
#3358 = CARTESIAN_POINT ( 'NONE',  ( -0.4385376192894814285, -0.2535509878266009598, -0.8333205145569398953 ) ) ;
#3359 = CARTESIAN_POINT ( 'NONE',  ( -0.4066127626887217072, 0.3116771975238276093, -0.6224079179955251950 ) ) ;
#3360 = CARTESIAN_POINT ( 'NONE',  ( -0.3957321913652174228, 0.2741282910918294013, -0.2300967261904582339 ) ) ;
#3361 = EDGE_CURVE ( 'NONE', #3085, #5967, #931, .T. ) ;
#3362 = CARTESIAN_POINT ( 'NONE',  ( -0.4582683392165650127, -0.2260656983000299269, -0.6912134256519292252 ) ) ;
#3363 = CARTESIAN_POINT ( 'NONE',  ( -0.3868993233510564234, -0.2680000824418510841, -0.5734747023810068400 ) ) ;
#3364 = ADVANCED_FACE ( 'NONE', ( #2263 ), #2239, .T. ) ;
#3365 = CARTESIAN_POINT ( 'NONE',  ( 0.1854196372750180344, -0.4379802286814342693, -0.4240141369047991105 ) ) ;
#3366 = ORIENTED_EDGE ( 'NONE', *, *, #1739, .T. ) ;
#3367 = CARTESIAN_POINT ( 'NONE',  ( -0.5285072113175698361, -0.03008481941963795162, -0.4055989583333167725 ) ) ;
#3368 = AXIS2_PLACEMENT_3D ( 'NONE', #629, #2926, #5405 ) ;
#3369 = CARTESIAN_POINT ( 'NONE',  ( -0.4716740469287512560, -0.03109984920232773328, -0.5081845238095955564 ) ) ;
#3370 = CARTESIAN_POINT ( 'NONE',  ( 0.09915550349080963499, -0.4582315266945787835, -0.6315104166667663277 ) ) ;
#3371 = FACE_OUTER_BOUND ( 'NONE', #741, .T. ) ;
#3372 = CARTESIAN_POINT ( 'NONE',  ( -0.4640954173275393391, -0.04206107905665728425, -0.7311197916667167007 ) ) ;
#3373 = CARTESIAN_POINT ( 'NONE',  ( 0.02671059108596684356, 0.4690991036346953691, -0.6077938988095293871 ) ) ;
#3374 = ORIENTED_EDGE ( 'NONE', *, *, #884, .T. ) ;
#3375 = AXIS2_PLACEMENT_3D ( 'NONE', #3920, #2512, #2630 ) ;
#3376 = CARTESIAN_POINT ( 'NONE',  ( 0.2558621537614645391, 0.4438487976441948812, -0.6487906195167630896 ) ) ;
#3377 = CARTESIAN_POINT ( 'NONE',  ( -0.1819001596537846710, -0.4840726733768973555, -0.4683671366165870764 ) ) ;
#3378 = CARTESIAN_POINT ( 'NONE',  ( -0.1335714473564398597, 0.4975151615843598774, -0.5584202938244909875 ) ) ;
#3379 = CARTESIAN_POINT ( 'NONE',  ( -0.2013054550620613226, -0.4754828630241844101, -0.8215215773809501076 ) ) ;
#3380 = CIRCLE ( 'NONE', #4565, 0.3754282004472574985 ) ;
#3381 = CARTESIAN_POINT ( 'NONE',  ( -0.3382646526790961672, -0.3865858676887212741, -0.6052903019295357012 ) ) ;
#3382 = CARTESIAN_POINT ( 'NONE',  ( 0.5312499999999998890, 0.3067173305069887390, -0.04744933615967771717 ) ) ;
#3383 = ORIENTED_EDGE ( 'NONE', *, *, #3053, .F. ) ;
#3384 = CARTESIAN_POINT ( 'NONE',  ( 0.2002453840612340996, 0.4149864739724009599, -0.8890438988095957784 ) ) ;
#3385 = TOROIDAL_SURFACE ( 'NONE', #873, 0.3704503952807373657, 0.005000000000000000104 ) ;
#3386 = CARTESIAN_POINT ( 'NONE',  ( -0.2831564717324893676, 0.4395540729755870180, -0.5582217261904445227 ) ) ;
#3387 = CARTESIAN_POINT ( 'NONE',  ( 0.4377362164711395831, 0.2727875540809160393, -0.5115142843122686411 ) ) ;
#3388 = LINE ( 'NONE', #2296, #2180 ) ;
#3389 = CARTESIAN_POINT ( 'NONE',  ( -0.08274107978826458765, 0.4557837520760797956, -0.8193824404762950486 ) ) ;
#3390 = B_SPLINE_CURVE_WITH_KNOTS ( 'NONE', 3,
 ( #4990, #3180, #8036, #31, #7419, #1892 ),
 .UNSPECIFIED., .F., .F.,
 ( 4, 2, 4 ),
 ( 2.380729206244668791E-07, 0.003941653874615896891, 0.007883069676311168020 ),
 .UNSPECIFIED. ) ;
#3391 = CARTESIAN_POINT ( 'NONE',  ( -0.07434640875310812025, -0.4491718383682991589, -1.064360119047517594 ) ) ;
#3392 = CIRCLE ( 'NONE', #4444, 0.3754282004472574985 ) ;
#3393 = CARTESIAN_POINT ( 'NONE',  ( -0.06555664389585380558, -0.5003773012755545757, -0.8943328688234518653 ) ) ;
#3394 = CARTESIAN_POINT ( 'NONE',  ( 0.01922124113266664852, 0.4649938622840201763, -0.7504650297618125077 ) ) ;
#3395 = CARTESIAN_POINT ( 'NONE',  ( -0.1633146995225410181, 0.4454844604580815992, -0.4602864583333342585 ) ) ;
#3396 = CARTESIAN_POINT ( 'NONE',  ( -0.1344305444580839726, 0.5007256010242578936, -0.4255900038061413149 ) ) ;
#3397 = CYLINDRICAL_SURFACE ( 'NONE', #3168, 0.3749999999999999445 ) ;
#3398 = CARTESIAN_POINT ( 'NONE',  ( -0.4666183951906656135, -0.2111936950059263296, -0.8991815476189330969 ) ) ;
#3399 = CARTESIAN_POINT ( 'NONE',  ( -0.4729604089151579482, 0.2138942967077588353, -0.4055190097230733648 ) ) ;
#3401 = CARTESIAN_POINT ( 'NONE',  ( -0.5100468430317083302, 0.01666926310966285879, -0.6867669739334973933 ) ) ;
#3400 = CARTESIAN_POINT ( 'NONE',  ( 0.4967203907905372584, 3.606893054134847731E-16, -0.9494473250617087023 ) ) ;
#3402 = CARTESIAN_POINT ( 'NONE',  ( -0.2656249999999998890, 0.4600759957604831363, -0.2499999999999998057 ) ) ;
#3403 = CARTESIAN_POINT ( 'NONE',  ( -0.5231131555092926044, -0.03442570707972846672, -0.2671018579057796161 ) ) ;
#3404 = CARTESIAN_POINT ( 'NONE',  ( -0.1652819503602050988, 0.4847152109417641186, -0.6290902896603923766 ) ) ;
#3405 = CARTESIAN_POINT ( 'NONE',  ( -0.4789901986750544904, -0.01979171204611262710, -0.2941778273809553257 ) ) ;
#3406 = CARTESIAN_POINT ( 'NONE',  ( -0.003985523824253264097, -0.4549792490077159135, -0.9911710109984785966 ) ) ;
#3407 = CARTESIAN_POINT ( 'NONE',  ( 0.2652245106642381889, 0.3903186004095313133, -0.5335751488095256123 ) ) ;
#3408 = CARTESIAN_POINT ( 'NONE',  ( -0.4691593552569671699, 0.07333340498118909312, -0.4481956845238376230 ) ) ;
#3409 = CC_DESIGN_DATE_AND_TIME_ASSIGNMENT ( #4184, #7775, ( #87 ) ) ;
#3410 = ORIENTED_EDGE ( 'NONE', *, *, #4105, .T. ) ;
#3411 = CARTESIAN_POINT ( 'NONE',  ( -0.3287039711680712073, 0.4145094234877373385, -0.4164806547618483124 ) ) ;
#3412 = CARTESIAN_POINT ( 'NONE',  ( 0.08472363206901215027, 0.4666596383348569077, -0.4574032738095082373 ) ) ;
#3413 = CARTESIAN_POINT ( 'NONE',  ( 0.03106788255608324348, 0.4710682778758480405, -0.5275297619047181197 ) ) ;
#3414 = EDGE_CURVE ( 'NONE', #6426, #2870, #7834, .T. ) ;
#3415 = CARTESIAN_POINT ( 'NONE',  ( -0.4666796513241239230, -0.03807442592038080137, -0.6597842261905687566 ) ) ;
#3416 = CARTESIAN_POINT ( 'NONE',  ( -0.4691593552581351245, 0.07333340496764186034, -0.4481956845238180831 ) ) ;
#3417 = VERTEX_POINT ( 'NONE', #251 ) ;
#3418 = CARTESIAN_POINT ( 'NONE',  ( -0.2727792228362133087, -0.4392487444430826504, -0.4705956610088097292 ) ) ;
#3419 = FACE_OUTER_BOUND ( 'NONE', #7442, .T. ) ;
#3420 = CARTESIAN_POINT ( 'NONE',  ( 0.06721266082797276720, -0.5121376083132979096, -0.8154761904763525582 ) ) ;
#3421 = CARTESIAN_POINT ( 'NONE',  ( -0.3174481670719102588, -0.4137129019745992009, -0.3288629228559428186 ) ) ;
#3422 = CARTESIAN_POINT ( 'NONE',  ( 0.4231084091253707324, 0.3032600096379103882, -0.3579053929317733140 ) ) ;
#3423 = ORIENTED_EDGE ( 'NONE', *, *, #7986, .T. ) ;
#3424 = CARTESIAN_POINT ( 'NONE',  ( -0.4606276116725356307, 0.05318086127572766580, -0.7959449404761530511 ) ) ;
#3425 = CARTESIAN_POINT ( 'NONE',  ( 0.4758671882402266684, 0.2205484418812407865, -0.5062313988095374917 ) ) ;
#3426 = CARTESIAN_POINT ( 'NONE',  ( 0.2551063324926196030, -0.4295542448903127974, -0.9467332782789094070 ) ) ;
#3427 = LINE ( 'NONE', #5432, #1925 ) ;
#3428 = CARTESIAN_POINT ( 'NONE',  ( 0.4351093453876123118, 0.1639571997772135414, -0.7637648809523396309 ) ) ;
#3429 = CARTESIAN_POINT ( 'NONE',  ( 0.2876719489614504854, -0.3561521698545859205, -0.9833519345238826981 ) ) ;
#3430 = EDGE_CURVE ( 'NONE', #2749, #2093, #3486, .T. ) ;
#3431 = CARTESIAN_POINT ( 'NONE',  ( 0.06632171080634396976, -0.4995627606673975207, -0.8913492334325976429 ) ) ;
#3432 = CARTESIAN_POINT ( 'NONE',  ( 0.000000000000000000, 0.000000000000000000, 0.4759999999999999787 ) ) ;
#3433 = CARTESIAN_POINT ( 'NONE',  ( 0.2876446768950755573, 0.3627199255269711320, -0.8290550595237008435 ) ) ;
#3434 = CARTESIAN_POINT ( 'NONE',  ( 0.08913612841960169564, -0.4671088344843339901, -0.4264322916666860586 ) ) ;
#3435 = CARTESIAN_POINT ( 'NONE',  ( 0.5111703305325472346, 8.341900602997107167E-13, -0.6506826913017951242 ) ) ;
#3436 = CARTESIAN_POINT ( 'NONE',  ( 0.4312502042062901775, -0.2575121623417309102, -0.9425240837506525526 ) ) ;
#3437 = CARTESIAN_POINT ( 'NONE',  ( 0.3190500337410955289, 0.4023227787568823821, -0.8580729166668541463 ) ) ;
#3438 = CARTESIAN_POINT ( 'NONE',  ( 0.3749999999999998890, 0.000000000000000000, -0.2064999999999996838 ) ) ;
#3440 = CARTESIAN_POINT ( 'NONE',  ( -0.1649793281896692887, -0.4877655050677520143, -0.5394156499652038583 ) ) ;
#3439 = CARTESIAN_POINT ( 'NONE',  ( -0.08433531557196700945, -0.5128422148731528463, -0.3846821959339997155 ) ) ;
#3441 = CARTESIAN_POINT ( 'NONE',  ( 0.2554135441002629014, -0.4457408684422692891, -0.2499999999999997502 ) ) ;
#3442 = CARTESIAN_POINT ( 'NONE',  ( -0.1310226358308567707, -0.4896366659084657180, -0.8244004612754355366 ) ) ;
#3443 = DIRECTION ( 'NONE',  ( -0.000000000000000000, -0.000000000000000000, 1.000000000000000000 ) ) ;
#3444 = CARTESIAN_POINT ( 'NONE',  ( -0.3078242984522201464, 0.3343705486311037145, -1.098679315476155161 ) ) ;
#3445 = CONICAL_SURFACE ( 'NONE', #2516, 0.3975000000000000755, 0.09425767512363275591 ) ;
#3446 = CARTESIAN_POINT ( 'NONE',  ( 0.3750000000000000555, 4.730198261706652690E-17, 0.9519999999999999574 ) ) ;
#3447 = CARTESIAN_POINT ( 'NONE',  ( -0.4691593552571267645, 0.07333340498097160043, -0.4392671130952547909 ) ) ;
#3448 = CARTESIAN_POINT ( 'NONE',  ( -0.01982151794741340498, -0.4795185703798688359, -0.2861793154761512192 ) ) ;
#3449 = ADVANCED_FACE ( 'NONE', ( #369 ), #5149, .T. ) ;
#3450 = ORIENTED_EDGE ( 'NONE', *, *, #6284, .F. ) ;
#3451 = CARTESIAN_POINT ( 'NONE',  ( 0.2066405627291125757, -0.4881050655687365625, -0.3838355654762164448 ) ) ;
#3452 = CARTESIAN_POINT ( 'NONE',  ( -0.4207181348426987655, -0.2206814702567374553, -0.4320126488095635819 ) ) ;
#3453 = CARTESIAN_POINT ( 'NONE',  ( 0.1933493714905009098, -0.4271933673474166970, -0.6290922619046623865 ) ) ;
#3454 = CARTESIAN_POINT ( 'NONE',  ( -0.3478786624123917370, -0.3103963177599551315, -0.7238653273810146116 ) ) ;
#3455 = CARTESIAN_POINT ( 'NONE',  ( -0.2511398023964176440, -0.4034996199283802376, -0.4348958333333269866 ) ) ;
#3456 = ORIENTED_EDGE ( 'NONE', *, *, #7641, .T. ) ;
#3457 = CARTESIAN_POINT ( 'NONE',  ( -0.2160736365188171415, 0.4762362100249270536, -0.2808722555773244256 ) ) ;
#3458 = CARTESIAN_POINT ( 'NONE',  ( 0.4860448007867265718, 0.1831511137524793609, -0.7235863095238861398 ) ) ;
#3459 = DIRECTION ( 'NONE',  ( -0.000000000000000000, -0.000000000000000000, 1.000000000000000000 ) ) ;
#3460 = CARTESIAN_POINT ( 'NONE',  ( -0.2152176305756856034, 0.4745282269040582146, -0.3422697551355036727 ) ) ;
#3461 = CARTESIAN_POINT ( 'NONE',  ( 0.4301776105434111375, -0.1697999686361471028, -0.8346354166665387320 ) ) ;
#3462 = EDGE_CURVE ( 'NONE', #6225, #1334, #406, .T. ) ;
#3463 = CARTESIAN_POINT ( 'NONE',  ( 0.09375202829475910715, 0.5163906194530942795, -0.4953497023809469435 ) ) ;
#3464 = CARTESIAN_POINT ( 'NONE',  ( 0.4696712803861017305, 0.2130514413614821023, -0.5130159824981422867 ) ) ;
#3465 = CARTESIAN_POINT ( 'NONE',  ( 0.1808116963489353191, 0.4809163519657075336, -0.5755109342526729677 ) ) ;
#3466 = CARTESIAN_POINT ( 'NONE',  ( 0.2008630142474406022, -0.4162847952119504980, -0.8520275297618198351 ) ) ;
#3467 = CARTESIAN_POINT ( 'NONE',  ( -0.2960126973091461444, -0.3486041365039957984, -0.9990699404761056446 ) ) ;
#3468 = CARTESIAN_POINT ( 'NONE',  ( -0.3442062922572290962, -0.3676507156502623053, -0.9014098257137569403 ) ) ;
#3469 = CARTESIAN_POINT ( 'NONE',  ( 4.727576290171015947E-17, -0.3750000000000001110, 0.2379999999999999893 ) ) ;
#3470 = CARTESIAN_POINT ( 'NONE',  ( -0.4415491055640872187, -0.1420620542731535485, -0.8000372023811169742 ) ) ;
#3471 = CARTESIAN_POINT ( 'NONE',  ( 0.4528342017811459175, -0.1535195727308096003, -0.3430059523809876332 ) ) ;
#3472 = CARTESIAN_POINT ( 'NONE',  ( 0.4341920903698520684, -0.2699077571557974009, -0.6570067897065385853 ) ) ;
#3473 = CARTESIAN_POINT ( 'NONE',  ( 0.5022745448783797473, -1.063926738157527506E-15, -0.9363984144730111980 ) ) ;
#3474 = CARTESIAN_POINT ( 'NONE',  ( -0.2926422410921948880, 0.4224734251526679474, -0.8435639880951093517 ) ) ;
#3475 = CARTESIAN_POINT ( 'NONE',  ( 0.06737536444423780635, 0.5142339316067107147, -0.4200288846649258279 ) ) ;
#3476 = CARTESIAN_POINT ( 'NONE',  ( 0.5312500000000000000, 0.02595035142964493419, -1.350584030070832739E-18 ) ) ;
#3477 = CARTESIAN_POINT ( 'NONE',  ( -0.4186646101279326571, 0.1772507950568555923, -1.093843005952475300 ) ) ;
#3478 = CARTESIAN_POINT ( 'NONE',  ( 0.3697495711202345436, -0.3460402024791438547, -0.8121148049641746525 ) ) ;
#3479 = CARTESIAN_POINT ( 'NONE',  ( -0.1166262089788811518, 0.4986233279377804140, -0.6302209602994860438 ) ) ;
#3480 = CARTESIAN_POINT ( 'NONE',  ( -0.2598095924786879007, -0.4032977675908913096, -0.2832961309524673621 ) ) ;
#3481 = CARTESIAN_POINT ( 'NONE',  ( 0.2313434331019971757, -0.3923302000861344507, -0.9909717441024054052 ) ) ;
#3482 = CARTESIAN_POINT ( 'NONE',  ( -0.4685954259446267200, -0.07755313333064602077, -0.4356398809523454596 ) ) ;
#3483 = CARTESIAN_POINT ( 'NONE',  ( 0.4528342017857241442, -0.1535195727443299796, -0.3430059523810206623 ) ) ;
#3484 = VERTEX_POINT ( 'NONE', #7950 ) ;
#3485 = CARTESIAN_POINT ( 'NONE',  ( -0.4422326402350700847, 0.2905423048628042459, -0.4128534226190336276 ) ) ;
#3486 = B_SPLINE_CURVE_WITH_KNOTS ( 'NONE', 3,
 ( #7175, #4052, #4207, #911, #3436, #2808, #2887, #2188, #4086, #7873, #4824, #6056, #7252, #3473 ),
 .UNSPECIFIED., .F., .F.,
 ( 4, 2, 2, 2, 2, 2, 4 ),
 ( 0.06271589485116810248, 0.06380418886096013431, 0.06489248287075216615, 0.06706907089033622982, 0.06815736490012826165, 0.06924565890992029349, 0.07142224692950435716 ),
 .UNSPECIFIED. ) ;
#3487 = CARTESIAN_POINT ( 'NONE',  ( -0.2948828176572745319, 0.3718601969371153060, -0.4477306547618483124 ) ) ;
#3488 = CARTESIAN_POINT ( 'NONE',  ( -0.003669654017050326487, -0.4709803568830904785, -0.5625930059523819304 ) ) ;
#3489 = CALENDAR_DATE ( 2026, 12, 1 ) ;
#3490 = CARTESIAN_POINT ( 'NONE',  ( -0.3973286778282566489, 0.2472990546878062745, -0.6670386904761790303 ) ) ;
#3491 = CARTESIAN_POINT ( 'NONE',  ( 0.4737809088110277456, 0.003683488086745465798, -0.4820498511905039751 ) ) ;
#3492 = ORIENTED_EDGE ( 'NONE', *, *, #4258, .F. ) ;
#3493 = CARTESIAN_POINT ( 'NONE',  ( 0.3909532425147758117, 0.2518477643606646388, -0.7524181547618281618 ) ) ;
#3494 = CARTESIAN_POINT ( 'NONE',  ( -0.2766152049930764578, 0.4438753045588503254, -0.2793712800487131998 ) ) ;
#3495 = CARTESIAN_POINT ( 'NONE',  ( 0.5161861582542550675, -0.02939133655232144260, -0.7997581845240276932 ) ) ;
#3496 = CARTESIAN_POINT ( 'NONE',  ( 0.5312500000000000000, -0.1033597898284603217, -0.2455395452195337225 ) ) ;
#3497 = B_SPLINE_CURVE_WITH_KNOTS ( 'NONE', 3,
 ( #3406, #4680, #957, #261, #2198, #2160, #7187, #3481, #5376, #6234, #4174, #5447 ),
 .UNSPECIFIED., .F., .F.,
 ( 4, 2, 2, 2, 2, 4 ),
 ( 0.000000000000000000, 0.002360520210221490889, 0.004721040420442981778, 0.005901300525553727222, 0.007081560630664472666, 0.009442080840885963555 ),
 .UNSPECIFIED. ) ;
#3498 = CIRCLE ( 'NONE', #4420, 0.3894337567297408986 ) ;
#3499 = CARTESIAN_POINT ( 'NONE',  ( 0.2881677004943799525, 0.4470609615617915367, -0.2500000000000002220 ) ) ;
#3500 = VERTEX_POINT ( 'NONE', #7339 ) ;
#3501 = CARTESIAN_POINT ( 'NONE',  ( -0.4205715105972241408, -0.1903522257529693118, -0.8612351190475751039 ) ) ;
#3502 = CARTESIAN_POINT ( 'NONE',  ( -0.4396777729803109103, 0.2832456311787294179, -0.5533854166666667407 ) ) ;
#3503 = CARTESIAN_POINT ( 'NONE',  ( 0.03894746800726786584, -0.4951945344085207923, -0.9500948040017055396 ) ) ;
#3504 = CARTESIAN_POINT ( 'NONE',  ( 0.3858941959375138397, 0.3389471134222375448, -0.5810899513833137631 ) ) ;
#3505 = CARTESIAN_POINT ( 'NONE',  ( 0.4563428359834040826, -0.07553327964791217708, -0.8411458333333092785 ) ) ;
#3506 = AXIS2_PLACEMENT_3D ( 'NONE', #7538, #3876, #6377 ) ;
#3507 = ADVANCED_FACE ( 'NONE', ( #874 ), #3397, .F. ) ;
#3508 = CARTESIAN_POINT ( 'NONE',  ( -0.4191045781250938851, 0.1818911936834592402, -1.013578869047618847 ) ) ;
#3509 = CARTESIAN_POINT ( 'NONE',  ( 0.5312499999999996669, 0.2068759643630339040, -0.2287892513324609745 ) ) ;
#3510 = CONICAL_SURFACE ( 'NONE', #997, 0.5002943035887735812, 0.03112503826905463691 ) ;
#3511 = CARTESIAN_POINT ( 'NONE',  ( 0.4100470490599687490, -0.2232996099047335758, -0.7021019345237824449 ) ) ;
#3512 = ADVANCED_FACE ( 'NONE', ( #7997 ), #7636, .T. ) ;
#3513 = CARTESIAN_POINT ( 'NONE',  ( 0.1351340081915392843, -0.4583013914640246544, -0.3538876488095952788 ) ) ;
#3514 = CARTESIAN_POINT ( 'NONE',  ( 0.3014149446590321801, 0.4214519361268175834, -0.4356234632091953718 ) ) ;
#3515 = CONICAL_SURFACE ( 'NONE', #1268, 0.5312500000000000000, 1.047197551196600074 ) ;
#3516 = DIRECTION ( 'NONE',  ( -0.000000000000000000, -0.000000000000000000, 1.000000000000000000 ) ) ;
#3517 = CARTESIAN_POINT ( 'NONE',  ( -0.5092019874183266737, -0.05415268343579640598, -0.9028087797618720156 ) ) ;
#3518 = CARTESIAN_POINT ( 'NONE',  ( 0.4116345085738536413, 0.3164096010770500178, -0.4289426097192769460 ) ) ;
#3519 = AXIS2_PLACEMENT_3D ( 'NONE', #2390, #4822, #6714 ) ;
#3520 = CARTESIAN_POINT ( 'NONE',  ( 0.5312500000000000000, 0.05200621430857368249, -0.001104841593713009164 ) ) ;
#3521 = CARTESIAN_POINT ( 'NONE',  ( -0.04804219677572049013, 0.4517137979616196453, -1.105933685945889033 ) ) ;
#3522 = CARTESIAN_POINT ( 'NONE',  ( -0.06635191185330711894, -0.5084447861058899454, -0.6086101784108979285 ) ) ;
#3523 = CARTESIAN_POINT ( 'NONE',  ( 0.08303624936166618953, 0.5051611338764279147, -0.6346833011733810093 ) ) ;
#3524 = CARTESIAN_POINT ( 'NONE',  ( 0.2479114300085366041, -0.3848428299889138926, -0.9934895833333412529 ) ) ;
#3525 = DIRECTION ( 'NONE',  ( 0.4999999999999998335, -0.8660254037844388186, 0.000000000000000000 ) ) ;
#3526 = CARTESIAN_POINT ( 'NONE',  ( -0.4585883398969469726, 0.1230782975898032650, -0.4404761904761897995 ) ) ;
#3527 = CARTESIAN_POINT ( 'NONE',  ( -0.1691972618066309164, -0.4489924714815823892, -0.2898065476190627154 ) ) ;
#3528 = CARTESIAN_POINT ( 'NONE',  ( -0.1655074234359659169, 0.4851663072595377435, -0.6391162788712227982 ) ) ;
#3529 = VERTEX_POINT ( 'NONE', #1193 ) ;
#3530 = CARTESIAN_POINT ( 'NONE',  ( 0.5043843313709429621, -0.1709955874266646803, -0.3028273809523179816 ) ) ;
#3531 = AXIS2_PLACEMENT_3D ( 'NONE', #2911, #2952, #897 ) ;
#3532 = CARTESIAN_POINT ( 'NONE',  ( 0.3054219826639678059, 0.3596853289790721275, -0.5347842261905542127 ) ) ;
#3533 = CARTESIAN_POINT ( 'NONE',  ( 0.3176703582292231265, -0.3450655280340148567, -0.6254650297618524757 ) ) ;
#3534 = CARTESIAN_POINT ( 'NONE',  ( 0.05350300594737792542, -0.4634875190328421324, -0.7129836309521792037 ) ) ;
#3535 = CARTESIAN_POINT ( 'NONE',  ( -0.2463444463562484699, -0.4038319530174248606, -0.5062313988094966355 ) ) ;
#3536 = ORIENTED_EDGE ( 'NONE', *, *, #535, .T. ) ;
#3537 = CARTESIAN_POINT ( 'NONE',  ( -0.3747927914050219189, -0.2734647580621890062, -0.7874813988093662953 ) ) ;
#3538 = CARTESIAN_POINT ( 'NONE',  ( 0.1351918389418827193, 0.5058070688459248565, -0.2886845092724074635 ) ) ;
#3539 = CARTESIAN_POINT ( 'NONE',  ( 0.5100441277469360823, -0.08442137355280800171, -0.8009672619047235598 ) ) ;
#3540 = CARTESIAN_POINT ( 'NONE',  ( 1.234312164319409134E-17, 0.6134346610139772560, -0.04744933615967765472 ) ) ;
#3541 = CARTESIAN_POINT ( 'NONE',  ( 0.4674421348235460183, 0.2308647321946507291, -0.3597490759853340658 ) ) ;
#3542 = EDGE_LOOP ( 'NONE', ( #5689, #2415, #7939 ) ) ;
#3543 = CARTESIAN_POINT ( 'NONE',  ( 0.2049512620690889797, 0.4151740683738395776, -0.8177083333334419502 ) ) ;
#3544 = CARTESIAN_POINT ( 'NONE',  ( 0.04727973765981122872, -0.5216718142393610425, -0.5279947916666826169 ) ) ;
#3545 = CARTESIAN_POINT ( 'NONE',  ( 0.5153291333141936104, 0.03367607676872073214, -0.5171098523780285339 ) ) ;
#3546 = CARTESIAN_POINT ( 'NONE',  ( 0.4612168817858874337, 0.2276543106381411219, -0.5840651116439259383 ) ) ;
#3547 = CARTESIAN_POINT ( 'NONE',  ( -0.4541719762602596799, -0.09401676734968122950, -0.8012462797619028798 ) ) ;
#3548 = CARTESIAN_POINT ( 'NONE',  ( 0.1180467294192316247, -0.4398708654532232365, -1.059523809523630788 ) ) ;
#3549 = CARTESIAN_POINT ( 'NONE',  ( 0.5312500000000000000, 1.182924880895401264E-16, -0.2499999999999998057 ) ) ;
#3550 = CARTESIAN_POINT ( 'NONE',  ( -0.2377617755578796954, -0.4037673559319769900, -0.6489025297619460675 ) ) ;
#3551 = CARTESIAN_POINT ( 'NONE',  ( -0.1643909829135401512, -0.4483971015564781615, -0.3611421130952192082 ) ) ;
#3552 = CARTESIAN_POINT ( 'NONE',  ( -0.4122515005455059112, 0.3161577403569885147, -0.4181512049023791144 ) ) ;
#3553 = CARTESIAN_POINT ( 'NONE',  ( 0.2848687115138552328, 0.4140025929483270306, -0.9354142390218938008 ) ) ;
#3554 = CARTESIAN_POINT ( 'NONE',  ( 0.3939355854557642367, -0.3284637877917203630, -0.8762090773809961819 ) ) ;
#3555 = CARTESIAN_POINT ( 'NONE',  ( -0.03470649056975551316, 0.5183852421945118749, -0.4177756588957766692 ) ) ;
#3556 = CARTESIAN_POINT ( 'NONE',  ( -3.506341393428205978E-18, -4.928547240401258206E-20, 0.004529409175434023077 ) ) ;
#3557 = CARTESIAN_POINT ( 'NONE',  ( -0.3418480905236523926, 0.2995572198437126410, -1.097470238095318962 ) ) ;
#3558 = EDGE_CURVE ( 'NONE', #811, #4723, #2481, .T. ) ;
#3559 = CARTESIAN_POINT ( 'NONE',  ( -0.08316883352700171761, -0.5059539991918481361, -0.6089861160642545679 ) ) ;
#3560 = CARTESIAN_POINT ( 'NONE',  ( 4.536708908234267898E-17, -0.3704503952807374212, 1.184999999999999831 ) ) ;
#3561 = CARTESIAN_POINT ( 'NONE',  ( 0.4486320970659586904, 0.08144273468641288760, -1.051525297618971955 ) ) ;
#3562 = CARTESIAN_POINT ( 'NONE',  ( -0.08427468866350380783, -0.5125345594683096140, -0.3947010521514102144 ) ) ;
#3563 = CARTESIAN_POINT ( 'NONE',  ( 0.08932829610324091729, 0.4680733458456331486, -0.3860677083332644255 ) ) ;
#3564 = CARTESIAN_POINT ( 'NONE',  ( -0.2113860527788083976, -0.4282094412455657029, -0.3623511904762298785 ) ) ;
#3566 = CARTESIAN_POINT ( 'NONE',  ( -0.5075371852317537291, 0.1009464605809248378, -0.4743526790479633548 ) ) ;
#3565 = CARTESIAN_POINT ( 'NONE',  ( 0.08722293445399438572, 0.5630764763274545004, -0.2289677940030260817 ) ) ;
#3567 = CARTESIAN_POINT ( 'NONE',  ( 0.5166839645702568928, -0.03379067892708115944, -0.4471708478291596123 ) ) ;
#3568 = CARTESIAN_POINT ( 'NONE',  ( 0.03273102899797731419, 0.5083872189595781688, -0.7150117936864716084 ) ) ;
#3569 = CARTESIAN_POINT ( 'NONE',  ( 0.3103120812233794434, 0.4333976815830836160, -0.2883184523808988153 ) ) ;
#3570 = CARTESIAN_POINT ( 'NONE',  ( -0.2966772868631351590, -0.3741102475053513787, -0.3558407738095531458 ) ) ;
#3571 = CARTESIAN_POINT ( 'NONE',  ( 0.3152355165268183046, -0.3533021322149232368, -0.4827938988095237804 ) ) ;
#3572 = CARTESIAN_POINT ( 'NONE',  ( 0.4695984194784090238, -0.04256786008334771665, -0.5545944940475796558 ) ) ;
#3573 = CARTESIAN_POINT ( 'NONE',  ( 0.4750688053408412270, -0.05484801543638423427, -0.3405877976190124223 ) ) ;
#3574 = ORIENTED_EDGE ( 'NONE', *, *, #4108, .F. ) ;
#3575 = CARTESIAN_POINT ( 'NONE',  ( -0.08274107978817535347, 0.4557837520777036633, -0.8104538690476772445 ) ) ;
#3576 = CARTESIAN_POINT ( 'NONE',  ( 0.3764039434715860666, 0.3531922758090068060, -0.4992644136838764179 ) ) ;
#3577 = CARTESIAN_POINT ( 'NONE',  ( -0.1688949536930532958, 0.4957787521253793073, -0.2819757094643717266 ) ) ;
#3578 = CARTESIAN_POINT ( 'NONE',  ( 0.2865512714179908049, 0.4361578133737821772, -0.6449962797619648303 ) ) ;
#3579 = CARTESIAN_POINT ( 'NONE',  ( 0.3661650359441163682, 0.2903665126799087060, -0.6798735119047839559 ) ) ;
#3580 = DIRECTION ( 'NONE',  ( -0.8660254037844385966, -0.5000000000000001110, 0.000000000000000000 ) ) ;
#3581 = CARTESIAN_POINT ( 'NONE',  ( 0.4870128238115468688, 0.1836045903179337746, -0.3608715375465439412 ) ) ;
#3582 = ORIENTED_EDGE ( 'NONE', *, *, #72, .F. ) ;
#3583 = CARTESIAN_POINT ( 'NONE',  ( -0.04191173637787808798, -0.4623595403503060197, -0.7778087797618810084 ) ) ;
#3584 = CARTESIAN_POINT ( 'NONE',  ( 0.2054571437754947605, 0.4852893495408949209, -0.4264322916667396268 ) ) ;
#3585 = CARTESIAN_POINT ( 'NONE',  ( -0.5048039271467940070, -0.03334869513578130745, -0.8285036524707067862 ) ) ;
#3586 = CARTESIAN_POINT ( 'NONE',  ( 0.5312500000000000000, -0.3067173305069885725, -0.2025506638403220538 ) ) ;
#3587 = CARTESIAN_POINT ( 'NONE',  ( -0.3814255383458619586, 0.3403398562947799189, -0.9859561011904462990 ) ) ;
#3588 = CARTESIAN_POINT ( 'NONE',  ( -0.2748541642900548809, -0.3766834768324827665, -0.7214471726191283851 ) ) ;
#3589 = CARTESIAN_POINT ( 'NONE',  ( -0.1254473150616492449, -0.4399438991635307161, -0.9942336309523841509 ) ) ;
#3590 = CARTESIAN_POINT ( 'NONE',  ( 0.000000000000000000, 0.000000000000000000, -0.2064999999999996838 ) ) ;
#3591 = CARTESIAN_POINT ( 'NONE',  ( 0.3661650359496440577, 0.2903665126681245212, -0.6888020833333068360 ) ) ;
#3592 = CARTESIAN_POINT ( 'NONE',  ( 0.4144485232829677179, 0.2390573106265057590, -0.3333333333332992865 ) ) ;
#3593 = CARTESIAN_POINT ( 'NONE',  ( 0.5043747965840202907, 0.1175455355654512341, -0.4438264613295047067 ) ) ;
#3594 = CARTESIAN_POINT ( 'NONE',  ( 0.4005414612303145883, 0.2181141836778106580, -1.038969494047527586 ) ) ;
#3595 = B_SPLINE_CURVE_WITH_KNOTS ( 'NONE', 3,
 ( #2357, #8044, #7345, #4872, #2400, #5572 ),
 .UNSPECIFIED., .F., .F.,
 ( 4, 2, 4 ),
 ( 2.380729206244668791E-07, 0.003941653874615896891, 0.007883069676311168020 ),
 .UNSPECIFIED. ) ;
#3596 = CARTESIAN_POINT ( 'NONE',  ( 0.5149662475927643257, 0.02127852942123929780, -0.7964099702380424972 ) ) ;
#3597 = CARTESIAN_POINT ( 'NONE',  ( -0.2656249999999998335, -0.4600759957604831363, 0.000000000000000000 ) ) ;
#3598 = CARTESIAN_POINT ( 'NONE',  ( -0.06733107376257214949, -0.5153652911223577382, -0.3843093033580780027 ) ) ;
#3599 = CARTESIAN_POINT ( 'NONE',  ( 0.4128958094569370463, -0.2920723574230656427, -0.2499999999999998057 ) ) ;
#3600 = CARTESIAN_POINT ( 'NONE',  ( -0.4064358864167983976, -0.3121574667711102813, -0.6175529966853449126 ) ) ;
#3601 = DIRECTION ( 'NONE',  ( 0.03112001302225914090, 0.000000000000000000, 0.9995156550997559286 ) ) ;
#3602 = CARTESIAN_POINT ( 'NONE',  ( 0.2501305147451457489, -0.3807355982015051543, -1.064825148809580346 ) ) ;
#3603 = CARTESIAN_POINT ( 'NONE',  ( 0.1183854224685132739, -0.5058913009584236065, -0.3902400503961819256 ) ) ;
#3604 = CARTESIAN_POINT ( 'NONE',  ( 0.08913612840641023383, -0.4671088344875575227, -0.4175037202380694756 ) ) ;
#3605 = B_SPLINE_CURVE_WITH_KNOTS ( 'NONE', 3,
 ( #4286, #7417, #5065, #6800, #2517, #1891, #531, #4410, #6924, #1270, #3802, #6305, #658, #3381, #2634, #5844, #5232, #7745, #3262, #1432, #6462, #73, #4538, #2099, #7042, #3880, #2675, #1390, #779, #3301, #3960, #1934, #2596, #3339, #6965, #6424, #1310, #5767, #3841, #7666, #3923, #7124, #5188, #4621, #2715, #7704, #816, #5150, #6343 ),
 .UNSPECIFIED., .F., .F.,
 ( 4, 2, 2, 2, 2, 2, 2, 2, 2, 2, 2, 2, 1, 2, 2, 2, 2, 2, 2, 2, 2, 2, 2, 2, 4 ),
 ( 0.4368228002119008413, 0.4381053751106559480, 0.4393879500094110546, 0.4419530998069212679, 0.4445182496044314258, 0.4458008245031865324, 0.4470833994019416391, 0.4496485491994518524, 0.4509311240982069591, 0.4522136989969620657, 0.4547788487944722235, 0.4560614236932273302, 0.4573439985919824369, 0.4586265734907375435, 0.4599091483894926502, 0.4624742981870028080, 0.4637568730857579147, 0.4650394479845130213, 0.4676045977820232347, 0.4688871726807782858, 0.4701697475795333925, 0.4727348973770436058, 0.4753000471745537636, 0.4765826220733088703, 0.4778651969720639769 ),
 .UNSPECIFIED. ) ;
#3606 = CARTESIAN_POINT ( 'NONE',  ( -0.1085585082973880983, 0.4664396416379578136, -0.3188244047618727373 ) ) ;
#3608 = CARTESIAN_POINT ( 'NONE',  ( 0.5155877480679075253, 0.08549517358614888707, -0.2916711861096437097 ) ) ;
#3607 = CARTESIAN_POINT ( 'NONE',  ( 0.000000000000000000, 0.000000000000000000, 0.7139999999999999680 ) ) ;
#3609 = CARTESIAN_POINT ( 'NONE',  ( 0.4910758750839616105, -0.1664683509904566205, -0.4501389924766673323 ) ) ;
#3610 = CARTESIAN_POINT ( 'NONE',  ( 0.5021077180451098965, 0.08325061189682389506, -0.7302752594306980427 ) ) ;
#3611 = CARTESIAN_POINT ( 'NONE',  ( -0.4946277013449359994, 0.2003900620868554194, -0.2677641369046751540 ) ) ;
#3612 = ADVANCED_FACE ( 'NONE', ( #6100 ), #7148, .T. ) ;
#3613 = CARTESIAN_POINT ( 'NONE',  ( 0.4335368015989923829, -0.1962292394992795341, -0.4066220238094717665 ) ) ;
#3614 = CARTESIAN_POINT ( 'NONE',  ( -0.3303389271550551398, -0.3415965133019387978, -0.4283854166666731245 ) ) ;
#3615 = CARTESIAN_POINT ( 'NONE',  ( 0.3527814832053310923, -0.3091378462255106041, -0.6331845238095437089 ) ) ;
#3616 = CARTESIAN_POINT ( 'NONE',  ( 0.4782486901962715309, -0.003726223959735012244, -0.3393787202381621793 ) ) ;
#3617 = ADVANCED_FACE ( 'NONE', ( #1233 ), #2397, .T. ) ;
#3618 = VERTEX_POINT ( 'NONE', #5750 ) ;
#3619 = CARTESIAN_POINT ( 'NONE',  ( -0.4275820676576736479, -0.1855616523298995180, -0.7185639880951903979 ) ) ;
#3620 = CARTESIAN_POINT ( 'NONE',  ( 0.4699071598318040333, 0.2132921957830772597, -0.5029881142857584031 ) ) ;
#3621 = CARTESIAN_POINT ( 'NONE',  ( 0.08197157908366038692, 0.4985725107662403732, -0.8489674076521008805 ) ) ;
#3622 = CARTESIAN_POINT ( 'NONE',  ( 0.5212540382598422894, 0.01685226180158691522, -0.6558779761903780203 ) ) ;
#3623 = CARTESIAN_POINT ( 'NONE',  ( 0.1165759650448214557, 0.4504765398903017304, -0.7439546130952003899 ) ) ;
#3624 = CARTESIAN_POINT ( 'NONE',  ( -0.4360398616811804740, 0.2517005763256872641, -0.9066407590486722512 ) ) ;
#3625 = CARTESIAN_POINT ( 'NONE',  ( 0.4434397747873270457, -0.1147550294862402370, -0.9850260416666691832 ) ) ;
#3626 = DIRECTION ( 'NONE',  ( -1.000000000000000000, 0.000000000000000000, 0.000000000000000000 ) ) ;
#3627 = ORIENTED_EDGE ( 'NONE', *, *, #6380, .T. ) ;
#3628 = CARTESIAN_POINT ( 'NONE',  ( 0.5235822769077359551, -0.05569012101204593584, -0.4409412202380091905 ) ) ;
#3629 = CARTESIAN_POINT ( 'NONE',  ( -0.4021429021164329987, -0.3086255289519136968, -0.8218176868553515035 ) ) ;
#3630 = CARTESIAN_POINT ( 'NONE',  ( -0.4386101854755051765, 0.2526927514287104493, -0.8452195036633223246 ) ) ;
#3631 = CARTESIAN_POINT ( 'NONE',  ( -0.5113854857577594393, -0.008568040869784002492, -0.9774925595238495024 ) ) ;
#3632 = CARTESIAN_POINT ( 'NONE',  ( 0.06392986414277258833, -0.4553992716814694863, -0.9180617559524009152 ) ) ;
#3633 = CARTESIAN_POINT ( 'NONE',  ( 0.000000000000000000, 0.000000000000000000, -0.9999999999999998890 ) ) ;
#3634 = CARTESIAN_POINT ( 'NONE',  ( -0.09456193684829829194, -0.4567661636041132067, -0.7166108630952022773 ) ) ;
#3635 = CARTESIAN_POINT ( 'NONE',  ( 0.3504130177318519612, 0.3225933881151988869, -0.4022507440476386087 ) ) ;
#3636 = CARTESIAN_POINT ( 'NONE',  ( 0.2387740628477304228, 0.3914216036806533738, -0.9615885416665654883 ) ) ;
#3637 = CARTESIAN_POINT ( 'NONE',  ( 0.1180467294307646492, -0.4398708654493309611, -1.059523809523719606 ) ) ;
#3638 = CIRCLE ( 'NONE', #608, 0.3750000000000000555 ) ;
#3639 = CARTESIAN_POINT ( 'NONE',  ( -0.1532493536990298943, -0.4913814092252017374, -0.8181733630951198988 ) ) ;
#3640 = LINE ( 'NONE', #6890, #6783 ) ;
#3641 = CARTESIAN_POINT ( 'NONE',  ( 0.5067454213133574248, 0.03314213250276505651, -0.7928023630966795077 ) ) ;
#3642 = CARTESIAN_POINT ( 'NONE',  ( 0.1465185981500868040, 0.4321829747304548053, -1.039434523809501743 ) ) ;
#3643 = CARTESIAN_POINT ( 'NONE',  ( 0.2119211709169401270, -0.4671251173888693597, -0.6022942851188177737 ) ) ;
#3644 = CARTESIAN_POINT ( 'NONE',  ( 0.000000000000000000, 0.000000000000000000, -0.2499999999999998057 ) ) ;
#3645 = CARTESIAN_POINT ( 'NONE',  ( -0.3626543539934857230, -0.2784990276772457696, -1.010416666666706487 ) ) ;
#3646 = CARTESIAN_POINT ( 'NONE',  ( -0.4405576081433900115, -0.2745713920665040497, -0.4043786393369195320 ) ) ;
#3647 = CARTESIAN_POINT ( 'NONE',  ( -0.2598095924899148645, -0.4032977675803601225, -0.2832961309524112958 ) ) ;
#3648 = CONICAL_SURFACE ( 'NONE', #4167, 0.3975000000000000755, 0.09425767512363275591 ) ;
#3649 = CARTESIAN_POINT ( 'NONE',  ( 0.07812574960977829164, -0.4998722091769373099, -1.098679315476206675 ) ) ;
#3651 = CARTESIAN_POINT ( 'NONE',  ( -0.4703625229871041258, 0.2317542196517372588, -0.2630302992151186681 ) ) ;
#3650 = CARTESIAN_POINT ( 'NONE',  ( 0.4585529602537040672, 0.2261731197235698487, -0.6554986907562178056 ) ) ;
#3652 = CARTESIAN_POINT ( 'NONE',  ( -0.4835955001871271031, -0.1823234313464397460, -0.4780362134444516853 ) ) ;
#3653 = CARTESIAN_POINT ( 'NONE',  ( -0.2104882213253654322, 0.4641106530811940356, -0.7094415262863876803 ) ) ;
#3654 = CARTESIAN_POINT ( 'NONE',  ( -0.3249335750501374798, 0.4231191513225197043, -0.2738095238095100692 ) ) ;
#3655 = CARTESIAN_POINT ( 'NONE',  ( 0.2721389975808090611, -0.3928743757263185032, -0.3413318452380916246 ) ) ;
#3656 = CARTESIAN_POINT ( 'NONE',  ( -0.4418705442151777962, -0.1744067337953993380, -0.4332217261904888761 ) ) ;
#3657 = CARTESIAN_POINT ( 'NONE',  ( 0.4027365436487824746, 0.2456669132980490999, -0.5473400297619115396 ) ) ;
#3658 = CARTESIAN_POINT ( 'NONE',  ( -0.1643909829135401512, -0.4483971015564781615, -0.3611421130952192082 ) ) ;
#3659 = ORIENTED_EDGE ( 'NONE', *, *, #3414, .F. ) ;
#3660 = CARTESIAN_POINT ( 'NONE',  ( -0.4216917548107647629, 0.2081686574174320126, -0.5855654761904383054 ) ) ;
#3661 = CARTESIAN_POINT ( 'NONE',  ( -0.4546533042652130541, -0.1296331937034130299, -0.5146949404761793634 ) ) ;
#3662 = CARTESIAN_POINT ( 'NONE',  ( 0.4093305996938385594, 0.3143806309196962578, -0.5003868066766432587 ) ) ;
#3663 = CARTESIAN_POINT ( 'NONE',  ( -0.5141940259235018296, 3.337976767258521441E-15, -0.5535673437808855679 ) ) ;
#3664 = CARTESIAN_POINT ( 'NONE',  ( 0.004050552216215860986, -0.5209427829625378203, -0.6740141369046731556 ) ) ;
#3665 = ADVANCED_FACE ( 'NONE', ( #4521 ), #5210, .T. ) ;
#3666 = CARTESIAN_POINT ( 'NONE',  ( -0.1747991561031678742, 0.4314808931662941771, -0.7367001488095220596 ) ) ;
#3667 = LINE ( 'NONE', #606, #2322 ) ;
#3668 = CARTESIAN_POINT ( 'NONE',  ( 0.3861657633894296504, -0.2456227255667004505, -0.9885867935617577151 ) ) ;
#3669 = CARTESIAN_POINT ( 'NONE',  ( -0.2754284649307352506, 0.4419897185946137785, -0.3508011442371082866 ) ) ;
#3670 = ORIENTED_EDGE ( 'NONE', *, *, #6129, .T. ) ;
#3671 = PRODUCT_RELATED_PRODUCT_CATEGORY ( 'detail', '', ( #2854 ) ) ;
#3672 = CARTESIAN_POINT ( 'NONE',  ( 0.4795836861863040923, -0.2170707087412087621, -0.4445684523809504407 ) ) ;
#3673 = CARTESIAN_POINT ( 'NONE',  ( 0.3812402329632558207, -0.3338251572635247411, -0.8017207757913760169 ) ) ;
#3674 = CARTESIAN_POINT ( 'NONE',  ( 0.2662660323771126047, 0.4288811969643053779, -0.8634523162749188074 ) ) ;
#3675 = CARTESIAN_POINT ( 'NONE',  ( -0.4982164909813339704, -0.1159544861413799588, -0.9750744047618647992 ) ) ;
#3676 = CARTESIAN_POINT ( 'NONE',  ( -0.3393233471445036842, 0.3123947890931993432, -0.8745349702381415291 ) ) ;
#3677 = CARTESIAN_POINT ( 'NONE',  ( -0.4169278931702460889, 0.2729986325170620787, -0.2499999999999996669 ) ) ;
#3678 = CARTESIAN_POINT ( 'NONE',  ( -0.4666796513241239230, -0.03807442592038080137, -0.6597842261905687566 ) ) ;
#3679 = CARTESIAN_POINT ( 'NONE',  ( -0.4487126691493087960, -0.1690833152571100673, -0.2994791666667263597 ) ) ;
#3680 = CARTESIAN_POINT ( 'NONE',  ( 0.1756783184802973852, -0.5120067365485968525, -0.004522173949406664388 ) ) ;
#3681 = CARTESIAN_POINT ( 'NONE',  ( 0.1465185981385398462, 0.4321829747317679216, -1.030505952381010504 ) ) ;
#3682 = CARTESIAN_POINT ( 'NONE',  ( -0.4875410179394658039, 0.1701807050503839902, -0.7649739583333982074 ) ) ;
#3683 = CARTESIAN_POINT ( 'NONE',  ( 0.5002943035887735812, 0.000000000000000000, -0.9999999999999998890 ) ) ;
#3684 = CARTESIAN_POINT ( 'NONE',  ( -0.3826842439542043617, 0.3350960203246536318, -0.7659974237836666422 ) ) ;
#3685 = CARTESIAN_POINT ( 'NONE',  ( 0.4434397747838296211, -0.1147550294976525664, -0.9850260416666166696 ) ) ;
#3686 = CARTESIAN_POINT ( 'NONE',  ( -0.3737401547727234319, -0.3506972335938067786, -0.6164244704730889035 ) ) ;
#3687 = FACE_OUTER_BOUND ( 'NONE', #4397, .T. ) ;
#3688 = CARTESIAN_POINT ( 'NONE',  ( 0.1918829656354436863, 0.4139993087490395629, -1.040643601190420098 ) ) ;
#3689 = CARTESIAN_POINT ( 'NONE',  ( 0.5163692489289557486, -0.06786621100674807006, -0.3764742210235119124 ) ) ;
#3690 = CARTESIAN_POINT ( 'NONE',  ( 0.04322398377445620110, 0.4768372986096980903, -0.3135230654761801961 ) ) ;
#3691 = CARTESIAN_POINT ( 'NONE',  ( -0.3775553579208401622, -0.2993991226315089182, -0.2245163690476476293 ) ) ;
#3693 = CARTESIAN_POINT ( 'NONE',  ( -0.4895400939392449691, 0.1659102395532373320, -0.4758269750919763563 ) ) ;
#3692 = CARTESIAN_POINT ( 'NONE',  ( -0.4912798942588453288, -0.1320236395169010479, -0.7648613209931861556 ) ) ;
#3694 = CARTESIAN_POINT ( 'NONE',  ( -0.3824636552583345339, 0.3348771387233516750, -0.7760224291201760494 ) ) ;
#3695 = CARTESIAN_POINT ( 'NONE',  ( 0.4924083521708812472, 0.1320510282912558397, -0.7291562060370276876 ) ) ;
#3696 = CARTESIAN_POINT ( 'NONE',  ( 0.1505288708708782119, -0.5105108269440827851, -0.3137090773809932398 ) ) ;
#3697 = CARTESIAN_POINT ( 'NONE',  ( 0.4750688053421974200, -0.05484801542638980537, -0.3316592261905392247 ) ) ;
#3698 = CARTESIAN_POINT ( 'NONE',  ( -0.4207181348367189933, -0.2206814702682499407, -0.4320126488095394901 ) ) ;
#3699 = B_SPLINE_CURVE_WITH_KNOTS ( 'NONE', 3,
 ( #2433, #4334, #1068, #4865, #7377, #2923, #2967, #1683, #6886, #6099, #6847, #576, #5482, #6143, #6756, #1108, #3096, #1192, #3636, #1232, #4906, #1765, #1814, #4289, #534, #3722, #6804, #3055, #5563, #8122, #1854, #2480, #8077, #4947, #7463, #4992, #7505, #620, #1274, #2016, #5649, #6427, #7669, #7088, #3221, #4414, #8163, #5808, #1353, #781, #1393, #3883, #4541, #3844, #5032, #6927, #7007, #6385, #3142, #2520, #1435, #742, #6968, #7545, #76, #5153, #1894, #3963, #4583, #1979, #4501, #6346, #700, #3805, #7045, #118, #3265, #3304, #5729, #6308, #661, #3182, #7706, #3926, #156, #5770, #1313, #2677, #2599, #5190, #2059, #5690, #1938, #2637, #33, #5114, #2557, #5068, #7630, #7586, #4460, #3575, #5423, #7934, #429, #6465, #7126, #7974, #3341, #2908, #5847, #7894, #194, #4143, #3537, #6654, #7312, #1663, #6001, #7748, #6040, #2871, #2946, #2284, #4804, #4188, #819, #2717, #4889, #4230, #1009, #5506, #6697, #3493, #1475, #1051, #390, #351, #1706, #6081, #5461, #5234, #2331, #4846, #7360, #1092, #6739, #2102, #4000, #5387, #2247, #1747, #3619, #6122, #4623, #472, #6504, #4765, #2994, #8018, #2372, #7401, #861, #7271, #1621, #557, #8059, #2416, #1172, #4270, #599, #4355, #6165, #4928, #2458, #54, #3076, #4439, #7564, #1253, #2500, #3743, #6781, #1916, #7611, #5630, #514, #4973, #4395, #3702, #7485, #3036, #5545, #3784, #5668, #7443, #6206, #5586, #5095, #1792, #1133, #4315, #6827, #8098, #6290, #1835, #6868, #6246, #5711, #6951, #3121, #1213, #8145, #1296, #5013, #3163, #3827, #7525, #641, #13, #2538, #5050, #3203, #1874, #6330, #3660, #682, #2579, #6907, #3906, #7070, #4523, #3363, #5255, #262, #3243, #2123, #7732, #1418, #1960, #7769, #5871, #6410, #2779, #2662, #1335, #7691, #7109, #4645, #2699, #7150, #5293, #5752, #767, #3407, #3865, #2620, #4484, #101, #6367, #721, #5136, #5175, #7653, #6989, #1498, #220, #5792, #5913, #2037, #2740, #4022, #6530, #3288, #1458, #6487, #4563, #885, #1999, #3947, #7027, #1374, #3984, #803, #3326, #842, #140, #6449, #5831, #177, #5212, #2084, #4606, #1540, #5377, #4754, #7883, #379, #2897, #7223, #921, #6685, #4792, #1079, #4095, #3526, #3447, #4720, #3482, #4062, #996, #5412, #5990, #6570, #7261, #4175, #5952, #2979, #3604, #6030, #7921, #2272, #1038, #7188, #299, #2161, #7807, #7299, #6725, #2818, #1649, #5331, #6109, #415, #5448, #3563, #340, #1694, #2860, #6067, #2933, #7960, #460, #2316, #7846, #4834, #6643, #7348, #4218, #4681, #2199, #1575, #6606, #4132, #958, #2235, #1611, #3065, #2444, #5575, #6235, #5658, #6278, #588, #4384, #2489, #6940, #1776, #1202, #1119, #2403, #1161, #7389, #6857, #3106, #3690, #1734, #4959, #1863, #4257, #671, #4916, #630, #5001, #3732, #6896, #4876, #6766, #8006, #5494, #5616, #4427, #3647, #8132, #6153, #1285, #3151, #3, #7514, #6195, #7554, #4303, #1243, #7474, #2528, #502, #1824, #3024, #5533, #3773, #3816, #5040 ),
 .UNSPECIFIED., .F., .F.,
 ( 4, 2, 2, 2, 2, 2, 2, 2, 2, 2, 2, 2, 2, 2, 2, 2, 2, 2, 2, 2, 2, 2, 2, 2, 2, 2, 2, 2, 2, 2, 2, 2, 2, 2, 2, 2, 2, 2, 2, 2, 2, 2, 2, 2, 2, 2, 2, 2, 2, 2, 2, 2, 2, 2, 2, 2, 2, 2, 2, 2, 2, 2, 2, 2, 2, 2, 2, 2, 2, 2, 2, 2, 2, 2, 2, 2, 2, 2, 2, 2, 2, 2, 2, 2, 2, 2, 2, 2, 2, 2, 2, 2, 2, 2, 2, 2, 2, 2, 2, 2, 2, 2, 2, 2, 2, 2, 2, 2, 2, 2, 2, 2, 2, 2, 2, 2, 2, 2, 2, 2, 2, 2, 2, 2, 2, 2, 2, 2, 2, 2, 2, 2, 2, 2, 2, 2, 2, 2, 2, 2, 2, 2, 2, 2, 2, 2, 2, 2, 2, 2, 2, 2, 2, 2, 2, 2, 2, 2, 2, 2, 2, 2, 2, 2, 2, 2, 2, 2, 2, 2, 2, 2, 2, 2, 2, 2, 2, 2, 2, 2, 2, 2, 2, 2, 2, 2, 2, 2, 2, 2, 2, 2, 2, 2, 2, 2, 2, 2, 2, 2, 2, 2, 2, 2, 2, 4 ),
 ( 0.1152773727714202223, 0.1171875000000000000, 0.1210937500000000000, 0.1250000000000000000, 0.1289062500000000000, 0.1328125000000000000, 0.1367187500000000000, 0.1406250000000000000, 0.1445312500000000000, 0.1484375000000000000, 0.1523437500000000000, 0.1562500000000000000, 0.1601562500000000000, 0.1640625000000000000, 0.1679687500000000000, 0.1718750000000000000, 0.1757812500000000000, 0.1796875000000000000, 0.1835937500000000000, 0.1875000000000000000, 0.1914062500000000000, 0.1953125000000000000, 0.1992187500000000000, 0.2031250000000000000, 0.2070312500000000000, 0.2109375000000000000, 0.2148437500000000000, 0.2187500000000000000, 0.2226562500000000000, 0.2265625000000000000, 0.2304687500000000000, 0.2343750000000000000, 0.2382812500000000000, 0.2421875000000000000, 0.2460937500000000000, 0.2500000000000000000, 0.2539062500000000000, 0.2578125000000000000, 0.2617187500000000000, 0.2656250000000000000, 0.2695312500000000000, 0.2734375000000000000, 0.2773437500000000000, 0.2812500000000000000, 0.2851562500000000000, 0.2890625000000000000, 0.2929687500000000000, 0.2968750000000000000, 0.3007812500000000000, 0.3046875000000000000, 0.3085937500000000000, 0.3125000000000000000, 0.3164062500000000000, 0.3203125000000000000, 0.3242187500000000000, 0.3281250000000000000, 0.3320312500000000000, 0.3359375000000000000, 0.3398437500000000000, 0.3437500000000000000, 0.3476562500000000000, 0.3515625000000000000, 0.3554687500000000000, 0.3593750000000000000, 0.3632812500000000000, 0.3671875000000000000, 0.3710937500000000000, 0.3750000000000000000, 0.3789062500000000000, 0.3828125000000000000, 0.3867187500000000000, 0.3906250000000000000, 0.3945312500000000000, 0.3984375000000000000, 0.4023437500000000000, 0.4062500000000000000, 0.4101562500000000000, 0.4140625000000000000, 0.4179687500000000000, 0.4218750000000000000, 0.4257812500000000000, 0.4296874999999998890, 0.4335937500000000000, 0.4375000000000000000, 0.4414062500000000000, 0.4453125000000000000, 0.4492187500000000000, 0.4531250000000000000, 0.4570312500000000000, 0.4609375000000000000, 0.4648437500000000000, 0.4687500000000000000, 0.4726562500000000000, 0.4765625000000000000, 0.4804687499999998890, 0.4843750000000000000, 0.4882812500000000000, 0.4921875000000000000, 0.4960937500000000000, 0.4999999999999998890, 0.5039062500000000000, 0.5078125000000000000, 0.5117187500000000000, 0.5156250000000000000, 0.5195312500000000000, 0.5234375000000000000, 0.5273437500000000000, 0.5312500000000000000, 0.5351562500000000000, 0.5390625000000000000, 0.5429687500000000000, 0.5468750000000000000, 0.5507812500000000000, 0.5546875000000000000, 0.5585937500000000000, 0.5625000000000000000, 0.5664062500000000000, 0.5703124999999998890, 0.5742187500000000000, 0.5781250000000000000, 0.5820312500000000000, 0.5859375000000000000, 0.5898437499999998890, 0.5937500000000000000, 0.5976562500000000000, 0.6015625000000000000, 0.6054687500000000000, 0.6093750000000000000, 0.6132812500000000000, 0.6171875000000000000, 0.6210937500000000000, 0.6250000000000000000, 0.6289062500000000000, 0.6328125000000000000, 0.6367187500000000000, 0.6406250000000000000, 0.6445312500000000000, 0.6484375000000000000, 0.6523437500000000000, 0.6562500000000000000, 0.6601562500000000000, 0.6640625000000000000, 0.6679687500000000000, 0.6718750000000000000, 0.6757812500000000000, 0.6796875000000000000, 0.6835937500000000000, 0.6875000000000000000, 0.6914062500000000000, 0.6953125000000000000, 0.6992187500000000000, 0.7031250000000000000, 0.7070312500000000000, 0.7109375000000000000, 0.7148437500000000000, 0.7187500000000000000, 0.7226562500000000000, 0.7265625000000000000, 0.7304687500000000000, 0.7343750000000000000, 0.7382812500000000000, 0.7421875000000000000, 0.7460937499999998890, 0.7500000000000000000, 0.7539062500000000000, 0.7578125000000000000, 0.7617187500000000000, 0.7656250000000000000, 0.7695312500000000000, 0.7734375000000001110, 0.7773437500000000000, 0.7812500000000000000, 0.7851562499999998890, 0.7890625000000000000, 0.7929687500000000000, 0.7968750000000000000, 0.8007812500000000000, 0.8046875000000000000, 0.8085937500000000000, 0.8125000000000000000, 0.8164062500000000000, 0.8203125000000000000, 0.8242187500000001110, 0.8281250000000000000, 0.8320312500000000000, 0.8359374999999998890, 0.8398437500000000000, 0.8437500000000000000, 0.8476562500000000000, 0.8515625000000000000, 0.8554687500000000000, 0.8593750000000000000, 0.8632812500000001110, 0.8671875000000000000, 0.8710937500000000000, 0.8749999999999998890, 0.8789062500000000000, 0.8828125000000000000, 0.8867187500000000000, 0.8906250000000000000, 0.8945312500000000000, 0.8984375000000000000, 0.9023437500000000000, 0.9062500000000000000, 0.9101562500000000000, 0.9134615384615455413 ),
 .UNSPECIFIED. ) ;
#3700 = CARTESIAN_POINT ( 'NONE',  ( 0.2285426602038977406, -0.4196917536949200667, -0.3514694940475477924 ) ) ;
#3701 = ORIENTED_EDGE ( 'NONE', *, *, #631, .F. ) ;
#3702 = CARTESIAN_POINT ( 'NONE',  ( -0.4666796513226110221, -0.03807442593480738630, -0.6508556547619376298 ) ) ;
#3703 = CARTESIAN_POINT ( 'NONE',  ( -0.4216917548079316957, 0.2081686574162107395, -0.5944940476190898604 ) ) ;
#3704 = B_SPLINE_CURVE_WITH_KNOTS ( 'NONE', 3,
 ( #85, #2605, #1985, #247, #869, #2182, #4048, #5197, #284, #2840, #7171, #4705, #5360, #7714, #4007, #7208, #1483, #2684, #3348, #1560, #6555, #4631, #3431, #2109, #788, #4081, #3393, #6592, #2803, #7868, #6512, #2220, #5854, #2765, #6473, #944, #3468, #2146, #5315, #906, #4740, #5898, #7792, #3933, #5278, #5241, #5937, #5976, #323 ),
 .UNSPECIFIED., .F., .F.,
 ( 4, 2, 2, 2, 2, 2, 2, 2, 2, 2, 2, 2, 2, 2, 2, 2, 2, 2, 2, 2, 2, 1, 2, 2, 4 ),
 ( 0.7192527338860496000, 0.7217701226925589131, 0.7230288170958135696, 0.7242875114990682262, 0.7255462059023228827, 0.7268049003055775392, 0.7293222891120868523, 0.7318396779185961654, 0.7343570667251054784, 0.7356157611283601350, 0.7368744555316147915, 0.7381331499348694480, 0.7393918443381241046, 0.7419092331446334176, 0.7431679275478880742, 0.7444266219511427307, 0.7469440107576520438, 0.7482027051609067003, 0.7494613995641613569, 0.7519787883706706699, 0.7532374827739253265, 0.7544961771771799830, 0.7557548715804346395, 0.7570135659836892961, 0.7595309547901986091 ),
 .UNSPECIFIED. ) ;
#3705 = CARTESIAN_POINT ( 'NONE',  ( 0.4991438467094913012, 0.1339634927922966068, -0.5048405780074947113 ) ) ;
#3706 = CARTESIAN_POINT ( 'NONE',  ( -0.4388468613834030640, 0.2529036323573162770, -0.8351932422910219866 ) ) ;
#3707 = CARTESIAN_POINT ( 'NONE',  ( 0.2382793903734291840, 0.4643367307785826181, -0.6437872023809733113 ) ) ;
#3708 = CARTESIAN_POINT ( 'NONE',  ( -0.4275820676576736479, -0.1855616523298995180, -0.7185639880951903979 ) ) ;
#3709 = CARTESIAN_POINT ( 'NONE',  ( -0.01687825320273304494, 0.5028267293545743977, -0.9181598125496605034 ) ) ;
#3710 = CARTESIAN_POINT ( 'NONE',  ( 0.3494179395127754995, 0.2966932695545207999, -0.9741443452380578183 ) ) ;
#3711 = FACE_OUTER_BOUND ( 'NONE', #7359, .T. ) ;
#3712 = ORIENTED_EDGE ( 'NONE', *, *, #6720, .T. ) ;
#3713 = CARTESIAN_POINT ( 'NONE',  ( 0.3009200713669988314, -0.4344235298986346416, -0.3792782738095559769 ) ) ;
#3714 = CARTESIAN_POINT ( 'NONE',  ( -0.4734728189462100723, -0.1785229394765625033, -0.8251567031877508063 ) ) ;
#3715 = CARTESIAN_POINT ( 'NONE',  ( -0.2240913361530599279, 0.4536446125331617951, -0.8519156991105227839 ) ) ;
#3716 = CARTESIAN_POINT ( 'NONE',  ( 0.003980148206618081344, 0.5108738977145471649, -0.9956287202380058599 ) ) ;
#3717 = CARTESIAN_POINT ( 'NONE',  ( 0.4301776105478344880, -0.1697999686493948113, -0.8346354166667050434 ) ) ;
#3718 = CARTESIAN_POINT ( 'NONE',  ( -0.4485453627270113430, 0.2234763407458404960, -0.2499999999999995837 ) ) ;
#3719 = CARTESIAN_POINT ( 'NONE',  ( 0.03106788255608324348, 0.4710682778758480405, -0.5364583333332895165 ) ) ;
#3720 = CARTESIAN_POINT ( 'NONE',  ( -0.3731153255128226709, -0.3013737070277780483, -0.2958519345238233567 ) ) ;
#3721 = ORIENTED_EDGE ( 'NONE', *, *, #5975, .F. ) ;
#3722 = CARTESIAN_POINT ( 'NONE',  ( -0.2671573113354467344, 0.3731382553651437228, -0.9482886904761500535 ) ) ;
#3723 = CARTESIAN_POINT ( 'NONE',  ( -0.3714105860582224139, 0.2659301153645415861, -1.015997023809588340 ) ) ;
#3724 = CARTESIAN_POINT ( 'NONE',  ( 0.3113751045253270733, -0.4130888969661162258, -0.7359561011903104077 ) ) ;
#3725 = DIRECTION ( 'NONE',  ( 1.000000000000000000, 0.000000000000000000, 0.000000000000000000 ) ) ;
#3726 = CARTESIAN_POINT ( 'NONE',  ( -0.5078112733705604231, 0.03306328138339717504, -0.7585692213421191266 ) ) ;
#3727 = CARTESIAN_POINT ( 'NONE',  ( -0.3862773330359308144, -0.2404114023642453246, -1.082961309523868820 ) ) ;
#3728 = CARTESIAN_POINT ( 'NONE',  ( 0.000000000000000000, 0.000000000000000000, 0.9519999999999999574 ) ) ;
#3729 = CARTESIAN_POINT ( 'NONE',  ( 0.3153128733589988242, -0.4107175784133410557, -0.4468118901725314229 ) ) ;
#3730 = CARTESIAN_POINT ( 'NONE',  ( 0.1039666368391492096, 0.4466755213795399748, -0.9668898809524010263 ) ) ;
#3731 = CARTESIAN_POINT ( 'NONE',  ( 0.000000000000000000, 0.000000000000000000, 0.2380000000000000171 ) ) ;
#3732 = CARTESIAN_POINT ( 'NONE',  ( -0.4609137724489789645, 0.1314265489877560200, -0.2978050595238974640 ) ) ;
#3733 = CARTESIAN_POINT ( 'NONE',  ( 0.05814378947410874660, 0.5036174016943611997, -1.066034226190498480 ) ) ;
#3735 = CARTESIAN_POINT ( 'NONE',  ( 0.2309677001723211831, 0.4691976353255409293, -0.2808836223916349462 ) ) ;
#3734 = CARTESIAN_POINT ( 'NONE',  ( 0.000000000000000000, 0.000000000000000000, -0.2499999999999998057 ) ) ;
#3736 = CARTESIAN_POINT ( 'NONE',  ( -0.3348648756572548124, 0.3813362447554743961, -0.7775231123679614553 ) ) ;
#3737 = CARTESIAN_POINT ( 'NONE',  ( -0.4579560146472482218, 0.2260158486127339661, -0.7016441159925060900 ) ) ;
#3738 = CARTESIAN_POINT ( 'NONE',  ( 0.4565056824368404764, -0.2784757202072623561, -0.2339099702381233215 ) ) ;
#3739 = CARTESIAN_POINT ( 'NONE',  ( 0.2786243651315621350, 0.3891403025480121292, -0.3195684523808987598 ) ) ;
#3740 = CARTESIAN_POINT ( 'NONE',  ( 0.04271720276036376079, -0.4713342964497275744, -0.4900483630951672498 ) ) ;
#3741 = CARTESIAN_POINT ( 'NONE',  ( -0.2113860527861988747, -0.4282094412371825753, -0.3623511904762028446 ) ) ;
#3742 = ORIENTED_EDGE ( 'NONE', *, *, #6328, .T. ) ;
#3743 = CARTESIAN_POINT ( 'NONE',  ( -0.1717381173737283218, 0.4351096008083455424, -0.6653645833333899917 ) ) ;
#3744 = CARTESIAN_POINT ( 'NONE',  ( 0.2354255415121437600, -0.4081523242364846760, -0.5654761904761889113 ) ) ;
#3745 = CARTESIAN_POINT ( 'NONE',  ( 0.1657408000815379090, 0.4898813182383006115, -0.4936756404388003006 ) ) ;
#3746 = CARTESIAN_POINT ( 'NONE',  ( 0.3802248924599982427, 0.3336415270523116483, -0.8567825120686135554 ) ) ;
#3747 = CARTESIAN_POINT ( 'NONE',  ( -0.5067697057417240858, 0.1179533997179969679, -0.6945684523809443345 ) ) ;
#3748 = CARTESIAN_POINT ( 'NONE',  ( 0.3192285488055773834, -0.3405706837576251700, -0.6968005952380416090 ) ) ;
#3749 = CARTESIAN_POINT ( 'NONE',  ( 0.4759681093892373371, 0.1616201246615259490, -0.9326770059491041875 ) ) ;
#3750 = CARTESIAN_POINT ( 'NONE',  ( -0.3669229639589345893, -0.2765759305544023272, -0.9390811011904974803 ) ) ;
#3751 = DIRECTION ( 'NONE',  ( 0.000000000000000000, 0.000000000000000000, 1.000000000000000000 ) ) ;
#3752 = ORIENTED_EDGE ( 'NONE', *, *, #6328, .F. ) ;
#3753 = CARTESIAN_POINT ( 'NONE',  ( -0.06859844398266130849, 0.5226961736580373330, -0.4203869047618826738 ) ) ;
#3754 = CARTESIAN_POINT ( 'NONE',  ( -0.3807571519124546278, -0.3346882386969010637, -0.8210545194389862189 ) ) ;
#3755 = CARTESIAN_POINT ( 'NONE',  ( 0.06575655664885417251, 0.5014781440247315647, -0.8586151368574790332 ) ) ;
#3756 = CARTESIAN_POINT ( 'NONE',  ( -0.3827864188662340461, 0.3354303326524082918, -1.057291666666668961 ) ) ;
#3757 = CARTESIAN_POINT ( 'NONE',  ( -0.4168199043064340636, -0.1931814666085405474, -0.9325706845237080600 ) ) ;
#3758 = DIRECTION ( 'NONE',  ( 0.000000000000000000, 0.000000000000000000, 1.000000000000000000 ) ) ;
#3759 = CARTESIAN_POINT ( 'NONE',  ( 0.3809039318706875510, -0.2925240136698237792, -0.2752976190475415752 ) ) ;
#3760 = EDGE_LOOP ( 'NONE', ( #769, #5807 ) ) ;
#3761 = CARTESIAN_POINT ( 'NONE',  ( 0.000000000000000000, 0.000000000000000000, -0.9441340197651776345 ) ) ;
#3762 = CARTESIAN_POINT ( 'NONE',  ( -0.3418480905288615035, 0.2995572198333085190, -1.088541666666671182 ) ) ;
#3763 = CARTESIAN_POINT ( 'NONE',  ( 0.4861153743587091070, 0.1782103881009789448, -0.7214471726190301304 ) ) ;
#3764 = EDGE_CURVE ( 'NONE', #1927, #7495, #1118, .T. ) ;
#3765 = FACE_OUTER_BOUND ( 'NONE', #2707, .T. ) ;
#3766 = CARTESIAN_POINT ( 'NONE',  ( 0.4609249562398153865, 4.908789363615472940E-16, -0.9852427596124305742 ) ) ;
#3767 = CARTESIAN_POINT ( 'NONE',  ( 0.2792426789967408229, 0.3636096272203979685, -0.9717261904761409497 ) ) ;
#3768 = EDGE_CURVE ( 'NONE', #8068, #923, #1499, .T. ) ;
#3769 = CARTESIAN_POINT ( 'NONE',  ( 0.1667701250784760503, -0.4909680625410519084, -0.4505335150174987757 ) ) ;
#3770 = CARTESIAN_POINT ( 'NONE',  ( -0.1797521681600088572, 0.4245933966729392162, -0.8882998511904661720 ) ) ;
#3771 = CARTESIAN_POINT ( 'NONE',  ( -0.5122821948178707396, 6.035676661001981246E-15, -0.6149717242552179552 ) ) ;
#3772 = AXIS2_PLACEMENT_3D ( 'NONE', #6349, #4586, #121 ) ;
#3773 = CARTESIAN_POINT ( 'NONE',  ( 0.3947179339567751799, 0.2730436776688590084, -0.2520461309523773785 ) ) ;
#3774 = CARTESIAN_POINT ( 'NONE',  ( -0.2081965492710665389, 0.4599965384454107742, -1.131324404761866909 ) ) ;
#3776 = CARTESIAN_POINT ( 'NONE',  ( -0.5312500000000001110, 0.02595035142969507810, -4.555303173029031848E-17 ) ) ;
#3775 = CARTESIAN_POINT ( 'NONE',  ( 0.4415671754428645568, -0.2542706403891739630, -0.7380798672961815798 ) ) ;
#3777 = CARTESIAN_POINT ( 'NONE',  ( 0.4553051249577519388, 0.2245102743319964678, -0.7983586047274637831 ) ) ;
#3778 = CARTESIAN_POINT ( 'NONE',  ( -0.2622070343865277042, -0.4533759738708064146, -0.2559586076768579077 ) ) ;
#3779 = AXIS2_PLACEMENT_3D ( 'NONE', #4127, #6638, #2192 ) ;
#3780 = CARTESIAN_POINT ( 'NONE',  ( -0.1202178361418311664, -0.4645500700886031620, -0.2796688988095512585 ) ) ;
#3781 = CARTESIAN_POINT ( 'NONE',  ( -0.3963305701267182402, 0.2693096164712072693, -0.3014322916666000718 ) ) ;
#3782 = CARTESIAN_POINT ( 'NONE',  ( 0.3494927257494806483, -0.3725798325327677185, -0.6699998014536661106 ) ) ;
#3783 = VERTEX_POINT ( 'NONE', #841 ) ;
#3784 = CARTESIAN_POINT ( 'NONE',  ( -0.3523305359390461189, -0.3087321066653856416, -0.6436011904760421398 ) ) ;
#3785 = CONICAL_SURFACE ( 'NONE', #4694, 0.5002943035887735812, 0.03112503826905463691 ) ;
#3786 = CARTESIAN_POINT ( 'NONE',  ( -0.003669654027122078079, -0.4709803568864816548, -0.5715215773809643185 ) ) ;
#3787 = ORIENTED_EDGE ( 'NONE', *, *, #5220, .T. ) ;
#3788 = CARTESIAN_POINT ( 'NONE',  ( 0.1620110339846077552, 0.4793885535894570893, -0.8508210127481941054 ) ) ;
#3789 = AXIS2_PLACEMENT_3D ( 'NONE', #1098, #3751, #3626 ) ;
#3790 = CARTESIAN_POINT ( 'NONE',  ( 0.5238080540132170615, -0.04748135920643219154, -0.5144159226190697654 ) ) ;
#3791 = CARTESIAN_POINT ( 'NONE',  ( 0.2354255415120388162, -0.4081523242345386215, -0.5565476190477293139 ) ) ;
#3792 = AXIS2_PLACEMENT_3D ( 'NONE', #3952, #6493, #2667 ) ;
#3793 = CARTESIAN_POINT ( 'NONE',  ( 0.2217403545537482701, 0.4514169640241010861, -0.9237367132325582375 ) ) ;
#3794 = CARTESIAN_POINT ( 'NONE',  ( 0.4078446056523910568, 0.2139287135233670090, -0.9052269345237813347 ) ) ;
#3795 = CARTESIAN_POINT ( 'NONE',  ( 0.2745721534169826561, 0.4420617797529512449, -0.3634588566476236182 ) ) ;
#3796 = VERTEX_POINT ( 'NONE', #7920 ) ;
#3797 = CARTESIAN_POINT ( 'NONE',  ( -0.5318975917257202646, -0.01719645164537608739, -0.2607886904761212987 ) ) ;
#3798 = CARTESIAN_POINT ( 'NONE',  ( -0.1615771850816043187, -0.4775021477215795618, -0.8865342476802201555 ) ) ;
#3799 = CARTESIAN_POINT ( 'NONE',  ( 0.4367756013039514329, 0.2527724679394602325, -0.8690322326209700687 ) ) ;
#3800 = CARTESIAN_POINT ( 'NONE',  ( -0.5103396465120486614, -0.05891181916894208670, -0.9049479166667012686 ) ) ;
#3801 = CARTESIAN_POINT ( 'NONE',  ( 0.4283486574048030460, 0.1690695009420932482, -0.8975074404762093394 ) ) ;
#3802 = CARTESIAN_POINT ( 'NONE',  ( -0.4067057087745007959, -0.3123211985791103928, -0.6075252512361342117 ) ) ;
#3803 = CARTESIAN_POINT ( 'NONE',  ( -0.5164180857347874243, 3.173639036389655606E-15, -0.4821347708681377742 ) ) ;
#3804 = ORIENTED_EDGE ( 'NONE', *, *, #1944, .T. ) ;
#3805 = CARTESIAN_POINT ( 'NONE',  ( -0.4205715105971384316, -0.1903522257645865190, -0.8612351190476860152 ) ) ;
#3806 = CARTESIAN_POINT ( 'NONE',  ( -0.3976554142006126780, 0.2293799134878461710, -0.9434523809524076876 ) ) ;
#3807 = CARTESIAN_POINT ( 'NONE',  ( -0.5126663882044873999, -0.09306782110134426134, -0.6162574404761098634 ) ) ;
#3808 = CARTESIAN_POINT ( 'NONE',  ( 0.000000000000000000, 0.3704503952807372547, 1.189999999999999947 ) ) ;
#3809 = B_SPLINE_CURVE_WITH_KNOTS ( 'NONE', 3,
 ( #4756, #462, #3565, #6032, #6070, #4616 ),
 .UNSPECIFIED., .F., .F.,
 ( 4, 2, 4 ),
 ( 2.380729206241788614E-07, 0.003941653874615891687, 0.007883069676311159346 ),
 .UNSPECIFIED. ) ;
#3810 = DIRECTION ( 'NONE',  ( -0.000000000000000000, -0.000000000000000000, -1.000000000000000000 ) ) ;
#3811 = CARTESIAN_POINT ( 'NONE',  ( 0.07032053194199719415, -0.4499346381660263017, -1.069661458333349247 ) ) ;
#3812 = CARTESIAN_POINT ( 'NONE',  ( 0.3541709295212500663, -0.3777742896938889872, -0.4456998437884820419 ) ) ;
#3813 = CARTESIAN_POINT ( 'NONE',  ( -0.4562669222049430262, -0.05266942886852876010, -0.9451264880950882574 ) ) ;
#3814 = CARTESIAN_POINT ( 'NONE',  ( 0.2652245106511908479, 0.3903186004158041289, -0.5425037202380768031 ) ) ;
#3815 = CARTESIAN_POINT ( 'NONE',  ( 0.4189803361083245803, 0.2068213108717227577, -0.6822916666666931640 ) ) ;
#3816 = CARTESIAN_POINT ( 'NONE',  ( 0.3684470976857291968, 0.3076030207818443718, -0.2510230654761619884 ) ) ;
#3817 = ADVANCED_FACE ( 'NONE', ( #1573 ), #6605, .F. ) ;
#3818 = CARTESIAN_POINT ( 'NONE',  ( -0.4320157089823176699, -0.2132561015843249808, -0.2269345238094954698 ) ) ;
#3820 = CARTESIAN_POINT ( 'NONE',  ( 0.2430822995056200198, -0.4730910299591743473, -0.2500000000000001110 ) ) ;
#3819 = CARTESIAN_POINT ( 'NONE',  ( 0.5086111432403401800, -0.03333513982375944235, -0.7328789217821183311 ) ) ;
#3821 = CARTESIAN_POINT ( 'NONE',  ( 0.4894924807215804696, 0.1312244921134632092, -0.8005874159839125870 ) ) ;
#3822 = CARTESIAN_POINT ( 'NONE',  ( -0.4819676911029730504, -0.1637842689754154535, -0.7541116873745237204 ) ) ;
#3823 = CARTESIAN_POINT ( 'NONE',  ( -0.4789901986734521611, -0.01979171203707626864, -0.2941778273809415034 ) ) ;
#3824 = CARTESIAN_POINT ( 'NONE',  ( 0.4144485232829677179, 0.2390573106265057590, -0.3244047619047278896 ) ) ;
#3825 = CARTESIAN_POINT ( 'NONE',  ( 0.4847052810665620215, -0.1644028760709291548, -0.6644305642373838916 ) ) ;
#3826 = ORIENTED_EDGE ( 'NONE', *, *, #271, .T. ) ;
#3827 = CARTESIAN_POINT ( 'NONE',  ( 0.1724685850813006960, 0.4369385539510873273, -0.6024925595238134202 ) ) ;
#3828 = EDGE_CURVE ( 'NONE', #7311, #8097, #7712, .T. ) ;
#3829 = CARTESIAN_POINT ( 'NONE',  ( 0.1884553644817379414, -0.4342497733598337795, -0.4953497023809617095 ) ) ;
#3830 = EDGE_LOOP ( 'NONE', ( #2424, #5713, #2742, #8121, #1834, #6496 ) ) ;
#3831 = CARTESIAN_POINT ( 'NONE',  ( 0.3098328324246334420, -0.4246355812354773440, -0.5240885416666828389 ) ) ;
#3832 = CARTESIAN_POINT ( 'NONE',  ( 0.4677363341993761026, -0.03816863432012664037, -0.6170014880952564562 ) ) ;
#3833 = CARTESIAN_POINT ( 'NONE',  ( -0.2245239328352461317, -0.4036249966318640747, -0.8629092261904959260 ) ) ;
#3834 = DIRECTION ( 'NONE',  ( -0.000000000000000000, -0.000000000000000000, -1.000000000000000000 ) ) ;
#3835 = ORIENTED_EDGE ( 'NONE', *, *, #3414, .T. ) ;
#3836 = CARTESIAN_POINT ( 'NONE',  ( 0.5035023363594307577, 0.1619951992484377212, -0.3647693452380442181 ) ) ;
#3837 = FACE_OUTER_BOUND ( 'NONE', #1620, .T. ) ;
#3838 = CARTESIAN_POINT ( 'NONE',  ( -0.2279704807286082602, 0.4611111393795881419, -0.5561758244063044199 ) ) ;
#3839 = CARTESIAN_POINT ( 'NONE',  ( 0.2671201449246635717, 0.4378901584359521371, -0.9303385416665655994 ) ) ;
#3840 = CARTESIAN_POINT ( 'NONE',  ( 0.007777584104154131213, -0.4642288076700952781, -0.7765997023807912347 ) ) ;
#3841 = CARTESIAN_POINT ( 'NONE',  ( 0.4075757849744561234, -0.3122523651726580862, -0.5866934237732163160 ) ) ;
#3842 = CARTESIAN_POINT ( 'NONE',  ( 0.3108071975795533848, -0.3660397282206937497, -0.2777157738096013850 ) ) ;
#3843 = EDGE_LOOP ( 'NONE', ( #2589, #6366, #556, #5874 ) ) ;
#3844 = CARTESIAN_POINT ( 'NONE',  ( 0.4283486574048030460, 0.1690695009420932482, -0.8975074404762093394 ) ) ;
#3845 = CARTESIAN_POINT ( 'NONE',  ( 0.4445480726686248385, -0.1193102246679135642, -0.9047619047618317145 ) ) ;
#3846 = CARTESIAN_POINT ( 'NONE',  ( -0.5170561017541640547, -0.04218485940617381497, -0.6888020833333343695 ) ) ;
#3847 = DIRECTION ( 'NONE',  ( 1.000000000000000000, 0.000000000000000000, 0.000000000000000000 ) ) ;
#3848 = CARTESIAN_POINT ( 'NONE',  ( -0.1163593121945775272, 0.4600360508481355915, -0.9718969587724169967 ) ) ;
#3849 = CARTESIAN_POINT ( 'NONE',  ( -0.2617115456774776194, -0.3778070342618209954, -0.9354538690475078244 ) ) ;
#3850 = CARTESIAN_POINT ( 'NONE',  ( 0.03412394326712253623, -0.5164644109324800780, -0.4535092829831630645 ) ) ;
#3851 = CARTESIAN_POINT ( 'NONE',  ( 0.06012937423547861510, -0.4581685986766578234, -0.8556547619046973585 ) ) ;
#3852 = CARTESIAN_POINT ( 'NONE',  ( 0.09549023179070854905, -0.4612896143415709527, -0.5691034226190466727 ) ) ;
#3853 = CARTESIAN_POINT ( 'NONE',  ( 0.2566637072311275247, 0.3906653913976863568, -0.6762462797618508104 ) ) ;
#3854 = LINE ( 'NONE', #6356, #5098 ) ;
#3855 = CARTESIAN_POINT ( 'NONE',  ( -0.1553165131756729933, 0.4827446395664694023, -1.061197916666748453 ) ) ;
#3856 = CARTESIAN_POINT ( 'NONE',  ( -0.4312868126725464268, -0.1825859027189167261, -0.6561569940476620344 ) ) ;
#3858 = CARTESIAN_POINT ( 'NONE',  ( 0.5024258273988436718, 0.08324091631283657422, -0.7202486122073366026 ) ) ;
#3857 = CARTESIAN_POINT ( 'NONE',  ( 0.2396612390149363281, -0.4047534806398995211, -0.9768193226784703809 ) ) ;
#3859 = CARTESIAN_POINT ( 'NONE',  ( -0.5137103093941322030, -0.03354799855569112754, -0.5428044310502910808 ) ) ;
#3860 = CARTESIAN_POINT ( 'NONE',  ( 0.1798396027700946698, -0.4759440594271857061, -0.7358690442044062419 ) ) ;
#3861 = CARTESIAN_POINT ( 'NONE',  ( -0.05517016009937822374, 0.4779287127024648973, -0.2397693452381320645 ) ) ;
#3862 = CARTESIAN_POINT ( 'NONE',  ( 0.3504130177318519612, 0.3225933881151988869, -0.3933221726190671563 ) ) ;
#3863 = CARTESIAN_POINT ( 'NONE',  ( 0.3369462967229692185, -0.3839480233255027630, -0.6703743768004699621 ) ) ;
#3864 = ORIENTED_EDGE ( 'NONE', *, *, #2755, .F. ) ;
#3865 = CARTESIAN_POINT ( 'NONE',  ( 0.1772227033772336424, 0.4374419162248700532, -0.5311569940476174034 ) ) ;
#3866 = CARTESIAN_POINT ( 'NONE',  ( 0.4100306961294942765, -0.2414499239929758512, -0.4167596726191341583 ) ) ;
#3867 = EDGE_CURVE ( 'NONE', #2870, #6375, #3498, .T. ) ;
#3868 = ORIENTED_EDGE ( 'NONE', *, *, #1482, .T. ) ;
#3869 = CARTESIAN_POINT ( 'NONE',  ( 0.4718543018190169969, 0.2276766388937232766, -0.5797061011905094707 ) ) ;
#3870 = CARTESIAN_POINT ( 'NONE',  ( -0.4093199098378833556, -0.2276826586540119657, -0.6460193452382435586 ) ) ;
#3871 = EDGE_CURVE ( 'NONE', #1508, #4309, #3983, .T. ) ;
#3872 = CARTESIAN_POINT ( 'NONE',  ( 0.4618423010966317133, -0.02629744907230619627, -0.8399367559523326365 ) ) ;
#3873 = CARTESIAN_POINT ( 'NONE',  ( 0.1294334710017159829, 0.4539238146915384742, -0.5388764880952818803 ) ) ;
#3874 = VERTEX_POINT ( 'NONE', #7149 ) ;
#3875 = CARTESIAN_POINT ( 'NONE',  ( -0.02190861215726105579, -0.5300193273947444439, -0.3151971726190087031 ) ) ;
#3876 = DIRECTION ( 'NONE',  ( 0.000000000000000000, 0.000000000000000000, 1.000000000000000000 ) ) ;
#3877 = CARTESIAN_POINT ( 'NONE',  ( 0.2274038374064139278, 0.4619409967040132292, -0.5665992766072572850 ) ) ;
#3878 = CARTESIAN_POINT ( 'NONE',  ( -0.1454183035721757777, -0.4931509285747305849, -0.8916480654760530200 ) ) ;
#3879 = CARTESIAN_POINT ( 'NONE',  ( -0.3089398539613511518, -0.3462343894315961235, -0.7850632440477762763 ) ) ;
#3880 = CARTESIAN_POINT ( 'NONE',  ( 0.03384263152737070068, -0.5120188090629109734, -0.5963604094806767009 ) ) ;
#3881 = CARTESIAN_POINT ( 'NONE',  ( -0.06793899299300312777, -0.5183618065563238009, -0.3128742239797715485 ) ) ;
#3882 = ORIENTED_EDGE ( 'NONE', *, *, #790, .F. ) ;
#3883 = CARTESIAN_POINT ( 'NONE',  ( 0.4596497490911705119, 0.02616464792573496359, -0.9011346726189239931 ) ) ;
#3884 = CARTESIAN_POINT ( 'NONE',  ( -0.2570542990113141579, -0.3782946610016015287, -0.9978608630953813563 ) ) ;
#3885 = CARTESIAN_POINT ( 'NONE',  ( 0.4785959335309852847, -0.2026234092262481079, -0.6585751488095800132 ) ) ;
#3886 = CARTESIAN_POINT ( 'NONE',  ( 0.2721816669084813345, 0.4383040569731368463, -0.5063136321734883483 ) ) ;
#3887 = CARTESIAN_POINT ( 'NONE',  ( 0.2539851919115312384, 0.3942830407464766873, -0.9779175741253915977 ) ) ;
#3888 = CARTESIAN_POINT ( 'NONE',  ( -0.03748331750174340588, 0.4594351734072494864, -0.8919270833332173520 ) ) ;
#3889 = CARTESIAN_POINT ( 'NONE',  ( -0.5308964097080839384, -0.07452897046363489431, -0.1903831845238315723 ) ) ;
#3890 = CARTESIAN_POINT ( 'NONE',  ( 0.000000000000000000, 0.000000000000000000, 0.000000000000000000 ) ) ;
#3891 = CARTESIAN_POINT ( 'NONE',  ( -0.2617115456862394440, -0.3778070342545886140, -0.9354538690477844920 ) ) ;
#3892 = CARTESIAN_POINT ( 'NONE',  ( 0.4102478122945250050, -0.2366434517353042388, -0.4880952380952466862 ) ) ;
#3893 = B_SPLINE_CURVE_WITH_KNOTS ( 'NONE', 3,
 ( #6932, #3641, #8081, #625, #5568, #6760, #7424, #8167, #8126, #5487, #6189, #3146, #3059, #8000, #1769, #2524, #2354, #6809, #7382, #2437, #4379, #4338, #2395, #5036, #6270, #6230, #6891, #2484, #1278, #4295, #1196, #4952, #4418, #4869, #1727, #6851, #581, #3684, #4251, #7467, #1858, #3100, #1818, #4910, #7549, #4996, #3726, #1112 ),
 .UNSPECIFIED., .F., .F.,
 ( 4, 2, 2, 2, 2, 2, 2, 2, 2, 2, 2, 2, 2, 2, 2, 2, 2, 2, 2, 2, 2, 2, 2, 4 ),
 ( 0.2329127730159123444, 0.2354506657624111099, 0.2367196121356604788, 0.2379885585089098754, 0.2405264512554086132, 0.2430643440019073787, 0.2443332903751567753, 0.2456022367484061442, 0.2481401294949049097, 0.2494090758681542785, 0.2506780222414036752, 0.2532159149879024129, 0.2544848613611517818, 0.2557538077344011507, 0.2570227541076505196, 0.2582917004808998884, 0.2608295932273986262, 0.2620985396006479951, 0.2633674859738974194, 0.2659053787203961572, 0.2671743250936455261, 0.2684432714668948949, 0.2709811642133936327, 0.2735190569598923704 ),
 .UNSPECIFIED. ) ;
#3894 = CARTESIAN_POINT ( 'NONE',  ( 0.1211942611340344478, 0.4515682062832309107, -0.6726190476190033740 ) ) ;
#3895 = DIRECTION ( 'NONE',  ( -0.000000000000000000, 0.000000000000000000, -1.000000000000000000 ) ) ;
#3896 = CARTESIAN_POINT ( 'NONE',  ( 0.5082322652616351188, -0.02100819692214392700, -1.011625744047669029 ) ) ;
#3897 = CARTESIAN_POINT ( 'NONE',  ( -0.09456193686107136620, -0.4567661636084657806, -0.7166108630952250369 ) ) ;
#3899 = CARTESIAN_POINT ( 'NONE',  ( 0.1533969113308908394, -0.5248709129642303850, -0.2413238243805921335 ) ) ;
#3898 = CARTESIAN_POINT ( 'NONE',  ( 0.4648954231643313006, -0.1528038860089505901, -0.9578234446730048424 ) ) ;
#3900 = CARTESIAN_POINT ( 'NONE',  ( 0.4884449881391617621, -0.1656828671608505943, -0.5115483895146988313 ) ) ;
#3901 = CARTESIAN_POINT ( 'NONE',  ( -0.3347701502434853316, -0.3826329320166410031, -0.7481390092098225697 ) ) ;
#3902 = CARTESIAN_POINT ( 'NONE',  ( 0.1802575699660081410, -0.4449543186951818718, -0.2724144345238345699 ) ) ;
#3903 = CARTESIAN_POINT ( 'NONE',  ( 0.4553875700993446074, 0.1465145116517972690, -0.3268229166667010466 ) ) ;
#3904 = CIRCLE ( 'NONE', #3240, 0.3975000000000000755 ) ;
#3905 = CARTESIAN_POINT ( 'NONE',  ( 0.1645021620592356515, -0.4843556205630651368, -0.6748413710791358877 ) ) ;
#3906 = CARTESIAN_POINT ( 'NONE',  ( -0.4629354070837939372, -0.08403942487705641506, -0.5783110119047643050 ) ) ;
#3907 = CARTESIAN_POINT ( 'NONE',  ( 0.1341349443532051933, 0.4548850585145153835, -0.4675409226190326839 ) ) ;
#3908 = VECTOR ( 'NONE', #4057, 39.37007874015748854 ) ;
#3909 = VERTEX_POINT ( 'NONE', #3446 ) ;
#3910 = CARTESIAN_POINT ( 'NONE',  ( 0.5123751584970247519, 0.1192498786534170740, -0.5107886904762315439 ) ) ;
#3911 = CARTESIAN_POINT ( 'NONE',  ( -0.2581125816252083371, 0.3928852519205586202, -0.5916108630952159331 ) ) ;
#3912 = AXIS2_PLACEMENT_3D ( 'NONE', #2333, #4848, #6249 ) ;
#3913 = FACE_OUTER_BOUND ( 'NONE', #1970, .T. ) ;
#3914 = CARTESIAN_POINT ( 'NONE',  ( -0.4588662950484348468, 0.04880718795243496611, -0.8762090773810077282 ) ) ;
#3915 = CARTESIAN_POINT ( 'NONE',  ( -0.4629354070821305456, -0.08403942486826455893, -0.5872395833333406978 ) ) ;
#3916 = ORIENTED_EDGE ( 'NONE', *, *, #6065, .T. ) ;
#3917 = VECTOR ( 'NONE', #1679, 39.37007874015748854 ) ;
#3918 = EDGE_CURVE ( 'NONE', #6375, #2870, #4147, .T. ) ;
#3919 = CARTESIAN_POINT ( 'NONE',  ( -0.4372813455507426061, 0.3029093648805114558, -0.2680431547618909449 ) ) ;
#3920 = CARTESIAN_POINT ( 'NONE',  ( 0.4020496047192627653, 4.918759067938636368E-17, 0.005000000000000000104 ) ) ;
#3921 = CARTESIAN_POINT ( 'NONE',  ( 0.06678524762021564865, 0.5106544898988176762, -0.5628712267060866914 ) ) ;
#3922 = CARTESIAN_POINT ( 'NONE',  ( -0.5029502249074286890, 0.1041227731601887252, -0.9085751488096245332 ) ) ;
#3923 = CARTESIAN_POINT ( 'NONE',  ( 0.4454094880850871796, -0.2571198487577954772, -0.5852030876336692389 ) ) ;
#3924 = CARTESIAN_POINT ( 'NONE',  ( 0.3555716815197024760, 0.4081452549723690315, -0.004522173949406627959 ) ) ;
#3925 = ORIENTED_EDGE ( 'NONE', *, *, #1840, .F. ) ;
#3926 = CARTESIAN_POINT ( 'NONE',  ( 0.2008630142493360304, -0.4162847952135513840, -0.8430989583332997306 ) ) ;
#3927 = CARTESIAN_POINT ( 'NONE',  ( -0.4452016403775730380, -0.1036154195175419263, -1.006324404762044100 ) ) ;
#3928 = CARTESIAN_POINT ( 'NONE',  ( 0.1910255363244635352, 0.4839526154820091852, -0.6404389880952058300 ) ) ;
#3929 = DIRECTION ( 'NONE',  ( 0.000000000000000000, 0.000000000000000000, 1.000000000000000000 ) ) ;
#3930 = CARTESIAN_POINT ( 'NONE',  ( -0.4340129616881340247, 0.2089187675790879772, -0.9654793774014875929 ) ) ;
#3931 = CARTESIAN_POINT ( 'NONE',  ( -0.3669229639538371668, -0.2765759305642515598, -0.9390811011903886785 ) ) ;
#3932 = CARTESIAN_POINT ( 'NONE',  ( -0.08286146766370024175, -0.5301196419336883237, -0.1758742559524266724 ) ) ;
#3933 = CARTESIAN_POINT ( 'NONE',  ( -0.4766712643442644892, -0.1620407489482007801, -0.9069823738104878519 ) ) ;
#3934 = CARTESIAN_POINT ( 'NONE',  ( -0.4018561251980376503, -0.2317937723797844352, -0.7976190476188828038 ) ) ;
#3935 = CARTESIAN_POINT ( 'NONE',  ( 0.2756201444988556903, -0.3849580663736899000, -0.4929315476190594958 ) ) ;
#3936 = CARTESIAN_POINT ( 'NONE',  ( -0.3693743954326367263, 0.2836697905620636506, -0.7306547619048541220 ) ) ;
#3937 = DIRECTION ( 'NONE',  ( -0.03112001302225914090, 3.811102433713360910E-18, 0.9995156550997559286 ) ) ;
#3938 = CARTESIAN_POINT ( 'NONE',  ( 0.1757084972665644285, -0.4792909761057507212, -0.9535900297618730148 ) ) ;
#3939 = CARTESIAN_POINT ( 'NONE',  ( -0.07256541924847528802, 0.4642973662621985298, -0.6053757440476426055 ) ) ;
#3941 = CARTESIAN_POINT ( 'NONE',  ( -0.1327236430995449856, 0.4931422880868714387, -0.7012625200609872156 ) ) ;
#3940 = CARTESIAN_POINT ( 'NONE',  ( 0.3527744445363541481, -0.3217050488875726755, -0.9689905590245521116 ) ) ;
#3942 = CARTESIAN_POINT ( 'NONE',  ( -0.3750000000000000555, 0.000000000000000000, 0.4759999999999999787 ) ) ;
#3943 = CARTESIAN_POINT ( 'NONE',  ( -0.5230898944589480459, 3.254740773701563713E-15, -0.2678489586205710649 ) ) ;
#3944 = CARTESIAN_POINT ( 'NONE',  ( -0.3652259252120940713, 0.3101266253400900563, -0.3026413690476331131 ) ) ;
#3945 = CARTESIAN_POINT ( 'NONE',  ( -0.008021225967251488856, 0.4787638727316823606, -0.3123139880952972014 ) ) ;
#3946 = CARTESIAN_POINT ( 'NONE',  ( -0.1544841173912788745, 0.4557041822153771182, -0.2462797619047727704 ) ) ;
#3947 = CARTESIAN_POINT ( 'NONE',  ( 0.1409209652989223405, -0.4518771180396401466, -0.4876302083333134418 ) ) ;
#3948 = CARTESIAN_POINT ( 'NONE',  ( -0.4223899269013698943, 0.2215673934422855706, -0.3804873511905377814 ) ) ;
#3949 = ORIENTED_EDGE ( 'NONE', *, *, #3768, .F. ) ;
#3950 = CARTESIAN_POINT ( 'NONE',  ( -0.3161377432465334314, -0.4193939697415410839, -0.5385974702380760260 ) ) ;
#3951 = CARTESIAN_POINT ( 'NONE',  ( -0.09913107962278638885, -0.4580810123423583180, -0.6363467261904447447 ) ) ;
#3952 = CARTESIAN_POINT ( 'NONE',  ( 0.000000000000000000, 0.000000000000000000, -0.9999999999999998890 ) ) ;
#3953 = CARTESIAN_POINT ( 'NONE',  ( 0.1593872012380121994, 0.4347483050443504138, -0.8254278273808390853 ) ) ;
#3954 = CARTESIAN_POINT ( 'NONE',  ( 0.09549023179070854905, -0.4612896143415709527, -0.5691034226190466727 ) ) ;
#3955 = ORIENTED_EDGE ( 'NONE', *, *, #7136, .T. ) ;
#3956 = CARTESIAN_POINT ( 'NONE',  ( 0.4209908179211916956, -0.3233091397531506206, -0.3043154761904677263 ) ) ;
#3957 = CARTESIAN_POINT ( 'NONE',  ( -0.4769664536830069412, -0.1621414116518893334, -0.8969558038936817912 ) ) ;
#3958 = CARTESIAN_POINT ( 'NONE',  ( -0.5230782720221277549, 0.01720088300381200294, -0.2682222491954729393 ) ) ;
#3959 = CARTESIAN_POINT ( 'NONE',  ( -0.4866030847471199405, -0.1649591574944328509, -0.9025297619047274456 ) ) ;
#3960 = CARTESIAN_POINT ( 'NONE',  ( 0.2119987107029457918, -0.4674334156267473395, -0.5922690937173731296 ) ) ;
#3961 = CARTESIAN_POINT ( 'NONE',  ( -0.5079204583089684810, -0.1184159186589702623, -0.3266539754459322209 ) ) ;
#3962 = VERTEX_POINT ( 'NONE', #2778 ) ;
#3963 = CARTESIAN_POINT ( 'NONE',  ( -0.3975040157433959442, 0.2340736271007968772, -0.8721168154761439473 ) ) ;
#3964 = CARTESIAN_POINT ( 'NONE',  ( 0.2387740628354438621, 0.3914216036836831725, -0.9615885416667074859 ) ) ;
#3965 = CARTESIAN_POINT ( 'NONE',  ( -0.2376721455939342087, 0.4631708071433415785, -0.6307663690475383556 ) ) ;
#3966 = CARTESIAN_POINT ( 'NONE',  ( -0.3413197823049856638, 0.3886008456672275235, -0.4918078733550954595 ) ) ;
#3967 = CARTESIAN_POINT ( 'NONE',  ( -0.06759817642161151940, 0.5094992934360875747, -0.5699241967032034895 ) ) ;
#3968 = CARTESIAN_POINT ( 'NONE',  ( -0.4509768894913894210, 0.09759377418738510168, -0.8774181547618353783 ) ) ;
#3969 = CARTESIAN_POINT ( 'NONE',  ( 1.474298105608764091E-09, -0.5335980448958601574, -0.1741071357174279188 ) ) ;
#3970 = DIRECTION ( 'NONE',  ( -0.03112001302225914090, 3.811102433713360910E-18, 0.9995156550997559286 ) ) ;
#3971 = CARTESIAN_POINT ( 'NONE',  ( -0.3013979122284592416, 0.3549585357465245838, -0.7420014880951458780 ) ) ;
#3972 = CARTESIAN_POINT ( 'NONE',  ( -0.4722562163371576971, 0.01952137954715696747, -0.5183221726190586631 ) ) ;
#3973 = CARTESIAN_POINT ( 'NONE',  ( 0.4479132758005624493, -0.1320791926305230068, -0.6907552083333601267 ) ) ;
#3974 = CARTESIAN_POINT ( 'NONE',  ( -0.1707790950460855717, 0.4729896078125427339, -0.9246240014916315975 ) ) ;
#3975 = CARTESIAN_POINT ( 'NONE',  ( -0.4793237217687676410, -0.1673040191290763035, -1.043061755952347847 ) ) ;
#3976 = CARTESIAN_POINT ( 'NONE',  ( 0.3192285488029527607, -0.3405706837513111651, -0.7057291666666769547 ) ) ;
#3978 = CARTESIAN_POINT ( 'NONE',  ( 0.4979544588178010378, -0.1333071726834579862, -0.5208269669783471834 ) ) ;
#3977 = DIRECTION ( 'NONE',  ( 1.000000000000000000, 0.000000000000000000, 0.000000000000000000 ) ) ;
#3979 = CARTESIAN_POINT ( 'NONE',  ( -0.5104409795896963642, -0.06706529873658824414, -0.5420554503500987220 ) ) ;
#3980 = CARTESIAN_POINT ( 'NONE',  ( -0.4110453563438518088, -0.2947250340041097094, -0.8322141585455479218 ) ) ;
#3981 = CARTESIAN_POINT ( 'NONE',  ( -0.1330277536945558836, 0.4945164849575053867, -0.6298439867312496387 ) ) ;
#3982 = CARTESIAN_POINT ( 'NONE',  ( -0.003740058027415490548, 0.4810492421262183571, -0.2409784226190156142 ) ) ;
#3983 = LINE ( 'NONE', #298, #7051 ) ;
#3984 = CARTESIAN_POINT ( 'NONE',  ( 0.3152355165150924621, -0.3533021322199954017, -0.4827938988094406803 ) ) ;
#3985 = CARTESIAN_POINT ( 'NONE',  ( -0.2071805173507990094, 0.4293774126777711309, -0.3877418154761435587 ) ) ;
#3986 = EDGE_LOOP ( 'NONE', ( #4149, #1626, #270, #5097 ) ) ;
#3987 = CARTESIAN_POINT ( 'NONE',  ( 0.5247808401726733463, 0.06057897332909284449, -0.4406622023809718125 ) ) ;
#3988 = CARTESIAN_POINT ( 'NONE',  ( 0.3152355165150924621, -0.3533021322199954017, -0.4827938988094406803 ) ) ;
#3989 = CARTESIAN_POINT ( 'NONE',  ( 0.3516578592171779039, -0.3137790527268685681, -0.5529203869047322195 ) ) ;
#3990 = LENGTH_MEASURE_WITH_UNIT ( LENGTH_MEASURE( 0.02539999999999999897 ), #2625 );
#3991 = CARTESIAN_POINT ( 'NONE',  ( -0.1800845295979685012, -0.4253580261380393024, -0.8617001488096437400 ) ) ;
#3992 = CARTESIAN_POINT ( 'NONE',  ( -0.4658193796722230884, 0.06540079249248953452, -0.5908668154761357316 ) ) ;
#3993 = ORIENTED_EDGE ( 'NONE', *, *, #7132, .T. ) ;
#3994 = CARTESIAN_POINT ( 'NONE',  ( -0.03422674870702866606, 0.5113952949469050546, -0.6420891732119083928 ) ) ;
#3995 = CARTESIAN_POINT ( 'NONE',  ( 0.06792014889552679124, -0.5128228486568335853, -0.4627849842949944836 ) ) ;
#3996 = CARTESIAN_POINT ( 'NONE',  ( 0.1327413709307702916, 0.4967049065675432362, -0.5643705040140538642 ) ) ;
#3997 = CARTESIAN_POINT ( 'NONE',  ( 0.4323028470389823075, 0.2840091123778250570, -0.7925037202380664780 ) ) ;
#3998 = CARTESIAN_POINT ( 'NONE',  ( 0.4692295818759084636, -0.2308030259485656932, -0.3087619536738546722 ) ) ;
#3999 = CARTESIAN_POINT ( 'NONE',  ( 0.4151475771050302521, -0.3183916806440608704, -0.3009868302300033327 ) ) ;
#4000 = CARTESIAN_POINT ( 'NONE',  ( -0.4537548551307331035, 0.1056143331058633089, -0.7258184523809442235 ) ) ;
#4001 = CARTESIAN_POINT ( 'NONE',  ( -0.3381340436910639791, 0.3169554774675998332, -0.8031994047619726018 ) ) ;
#4002 = CARTESIAN_POINT ( 'NONE',  ( 0.4983203491737429602, -0.1554133735516604609, -0.5860305059523863713 ) ) ;
#4003 = CARTESIAN_POINT ( 'NONE',  ( 0.07683108947316362458, -0.4908244496669537105, -0.9495289063282544850 ) ) ;
#4004 = CARTESIAN_POINT ( 'NONE',  ( -0.2455487130467194079, 0.4094543808861509926, -0.9697510790266314906 ) ) ;
#4005 = CARTESIAN_POINT ( 'NONE',  ( -0.3975040157394015838, 0.2340736270964610954, -0.8810453869046975806 ) ) ;
#4006 = CARTESIAN_POINT ( 'NONE',  ( -0.01746168546425606871, -0.5333760159024253378, -0.1744791642867617454 ) ) ;
#4007 = CARTESIAN_POINT ( 'NONE',  ( 0.3074941053044684125, -0.4005081079796898869, -0.8854086282618864878 ) ) ;
#4008 = CARTESIAN_POINT ( 'NONE',  ( 0.3868104250598221050, 0.2541215481898111972, -0.8326822916665845842 ) ) ;
#4009 = CARTESIAN_POINT ( 'NONE',  ( -0.007935269606038861459, -0.4731608362047540761, -0.5001860119047655262 ) ) ;
#4010 = CARTESIAN_POINT ( 'NONE',  ( 0.4947034385534083145, -0.1326667619626769046, -0.6536631082982760077 ) ) ;
#4011 = DIRECTION ( 'NONE',  ( 0.000000000000000000, 0.000000000000000000, -1.000000000000000000 ) ) ;
#4012 = CARTESIAN_POINT ( 'NONE',  ( -0.09607780366414901685, -0.5034418469359409620, -0.8882998511902904237 ) ) ;
#4013 = CARTESIAN_POINT ( 'NONE',  ( 0.1823224982090891344, 0.4854414206998284298, -0.4226269921409727681 ) ) ;
#4015 = CARTESIAN_POINT ( 'NONE',  ( -0.4087348827785319272, -0.3141838417304606002, -0.5461159617366801999 ) ) ;
#4014 = CARTESIAN_POINT ( 'NONE',  ( -0.1533969113308907006, 0.5248709129642304960, -0.2413238243805922445 ) ) ;
#4016 = CARTESIAN_POINT ( 'NONE',  ( -0.1810095768277530104, -0.4823710883011693151, -0.5297675074309241561 ) ) ;
#4017 = EDGE_CURVE ( 'NONE', #6426, #6503, #7575, .T. ) ;
#4018 = CARTESIAN_POINT ( 'NONE',  ( -0.3938100791471449424, -0.3451062782899773640, -0.2596728555452348930 ) ) ;
#4019 = CARTESIAN_POINT ( 'NONE',  ( -0.5312500000000000000, 0.2068759643630368739, -0.2287892513324578381 ) ) ;
#4020 = CARTESIAN_POINT ( 'NONE',  ( 0.4535456859076913982, -0.1583146137802273756, -0.2627418154761867464 ) ) ;
#4021 = DIRECTION ( 'NONE',  ( 1.000000000000000000, 0.000000000000000000, 0.000000000000000000 ) ) ;
#4022 = CARTESIAN_POINT ( 'NONE',  ( -0.3911364960055599416, -0.2657706401016808329, -0.5021391369047928377 ) ) ;
#4023 = CARTESIAN_POINT ( 'NONE',  ( 0.2699893759548497862, 0.3897571390061083108, -0.4711681547619475108 ) ) ;
#4024 = EDGE_CURVE ( 'NONE', #3796, #5113, #3497, .T. ) ;
#4025 = ORIENTED_EDGE ( 'NONE', *, *, #2898, .F. ) ;
#4026 = CARTESIAN_POINT ( 'NONE',  ( -0.1196010959709643690, -0.5138490394916007675, -0.4624255952380806334 ) ) ;
#4027 = AXIS2_PLACEMENT_3D ( 'NONE', #5791, #5174, #7689 ) ;
#4028 = CARTESIAN_POINT ( 'NONE',  ( -0.3911364960055599416, -0.2657706401016808329, -0.5021391369047928377 ) ) ;
#4029 = CARTESIAN_POINT ( 'NONE',  ( 0.3054219826716220165, 0.3596853289687261812, -0.5347842261904831584 ) ) ;
#4030 = CARTESIAN_POINT ( 'NONE',  ( -0.2173050918938033704, 0.4142813702483232885, -0.6730840773809654287 ) ) ;
#4031 = CARTESIAN_POINT ( 'NONE',  ( -0.4418705442151777962, -0.1744067337953993380, -0.4421502976190603285 ) ) ;
#4032 = VERTEX_POINT ( 'NONE', #1160 ) ;
#4033 = AXIS2_PLACEMENT_3D ( 'NONE', #3335, #4836, #4220 ) ;
#4034 = CARTESIAN_POINT ( 'NONE',  ( 0.5107950058334653765, -0.08456225774134482065, -0.4482897689522788442 ) ) ;
#4035 = CARTESIAN_POINT ( 'NONE',  ( -0.5163086708444971640, 0.08530549836145555342, -0.2697194135584076724 ) ) ;
#4036 = CARTESIAN_POINT ( 'NONE',  ( -0.09680661171125094777, -0.5072609178809420749, -0.8191034226190497813 ) ) ;
#4037 = TOROIDAL_SURFACE ( 'NONE', #4162, 0.4020496047192627653, 0.005000000000000000104 ) ;
#4038 = CARTESIAN_POINT ( 'NONE',  ( 0.5312500000000001110, -0.2567973722317400398, -0.2169613145143983457 ) ) ;
#4039 = CARTESIAN_POINT ( 'NONE',  ( 0.5222668325742612083, -0.03402821793493448349, -0.2942841416094694740 ) ) ;
#4040 = CIRCLE ( 'NONE', #1657, 0.3704503952807373657 ) ;
#4041 = CARTESIAN_POINT ( 'NONE',  ( -0.3397180383341575904, -0.3127473283419986982, -0.8576078869048207043 ) ) ;
#4042 = LOCAL_TIME ( 0, 50, 45.00000000000000000, #1659 ) ;
#4043 = CARTESIAN_POINT ( 'NONE',  ( 0.5209185027236197252, 0.06013308830559763174, -0.5098586309523711613 ) ) ;
#4044 = CARTESIAN_POINT ( 'NONE',  ( -0.4838554975999306840, -0.02546434345158580387, -0.9618085199100323557 ) ) ;
#4045 = CARTESIAN_POINT ( 'NONE',  ( 0.2914155885319048567, 0.3803485084374766956, -0.2499999999999998335 ) ) ;
#4046 = CARTESIAN_POINT ( 'NONE',  ( 0.4307052034604010315, -0.1744934964520715726, -0.7722284226191147294 ) ) ;
#4047 = CARTESIAN_POINT ( 'NONE',  ( -0.03011133233170421031, -0.4565626758885681924, -0.9918154761904726113 ) ) ;
#4048 = CARTESIAN_POINT ( 'NONE',  ( 0.4720705755159011474, -0.1774652515206225911, -0.8790886172599606807 ) ) ;
#4049 = CARTESIAN_POINT ( 'NONE',  ( 0.4468909990651476760, 0.1199307658970781426, -0.8363095238095116235 ) ) ;
#4050 = CARTESIAN_POINT ( 'NONE',  ( -0.1119205939035078506, -0.4620226092799246120, -0.4312686011904732220 ) ) ;
#4051 = CARTESIAN_POINT ( 'NONE',  ( 0.4398158405108222868, 0.2736681372401528756, -0.4401012624346835045 ) ) ;
#4052 = CARTESIAN_POINT ( 'NONE',  ( 0.3991742556905850114, -0.3048153410294708876, -0.9438105899340852867 ) ) ;
#4053 = CARTESIAN_POINT ( 'NONE',  ( 0.4526044015295469514, 0.2374072802136399096, -0.9342447916665002072 ) ) ;
#4054 = CARTESIAN_POINT ( 'NONE',  ( -0.5056673806321995146, 0.1175566736132427487, -0.4032804686010232897 ) ) ;
#4056 = CARTESIAN_POINT ( 'NONE',  ( 0.06788046408614814564, -0.5114044606460208531, -0.5342134957797666228 ) ) ;
#4055 = CARTESIAN_POINT ( 'NONE',  ( -0.4119550054376044379, -0.3164417626763130764, -0.3932358112938351691 ) ) ;
#4057 = DIRECTION ( 'NONE',  ( -0.09411816491319552336, 0.000000000000000000, -0.9955610333040223470 ) ) ;
#4058 = CARTESIAN_POINT ( 'NONE',  ( 0.5055710260877085416, -0.03321892307067559474, -0.8043097450083706024 ) ) ;
#4059 = CARTESIAN_POINT ( 'NONE',  ( 0.5312499999999998890, 0.3067173305069887390, -0.2499999999999998057 ) ) ;
#4060 = CARTESIAN_POINT ( 'NONE',  ( 0.4409174790610010941, 0.1913490766391099107, -0.2542782738095568096 ) ) ;
#4061 = CARTESIAN_POINT ( 'NONE',  ( -0.5312500000000001110, 0.3067173305069886280, -0.2499999999999998057 ) ) ;
#4062 = CARTESIAN_POINT ( 'NONE',  ( -0.4418705442153521568, -0.1744067338071701723, -0.4332217261905116357 ) ) ;
#4063 = CARTESIAN_POINT ( 'NONE',  ( 0.2285426602123321882, -0.4196917536926346171, -0.3514694940476050244 ) ) ;
#4064 = VERTEX_POINT ( 'NONE', #2932 ) ;
#4065 = CARTESIAN_POINT ( 'NONE',  ( 0.3073078605959832510, -0.4292154454005799868, -0.4527529761904959260 ) ) ;
#4066 = CARTESIAN_POINT ( 'NONE',  ( -0.4418705442153521568, -0.1744067338071701723, -0.4332217261905116357 ) ) ;
#4067 = CARTESIAN_POINT ( 'NONE',  ( 0.2652245106511908479, 0.3903186004158041289, -0.5335751488095054063 ) ) ;
#4068 = CARTESIAN_POINT ( 'NONE',  ( 0.4386600622034519392, 0.1608128086850150185, -0.6924293154761427260 ) ) ;
#4069 = CARTESIAN_POINT ( 'NONE',  ( 0.4653356495386053449, 0.1006928089208661281, -0.4082961309523777671 ) ) ;
#4070 = ORIENTED_EDGE ( 'NONE', *, *, #2755, .T. ) ;
#4071 = CARTESIAN_POINT ( 'NONE',  ( -0.4152985319704754485, 0.3181275243879927994, -0.2752791982977464413 ) ) ;
#4072 = CARTESIAN_POINT ( 'NONE',  ( -0.4490063321645224037, -0.2589909217373491113, -0.7574404761902652217 ) ) ;
#4073 = DIRECTION ( 'NONE',  ( 0.000000000000000000, 1.000000000000000000, 0.000000000000000000 ) ) ;
#4074 = CARTESIAN_POINT ( 'NONE',  ( -0.06843325849792526727, 0.5164374828929175765, -0.3456118721240911684 ) ) ;
#4075 = CARTESIAN_POINT ( 'NONE',  ( 0.2442521500827953551, -0.3924482751310047757, -0.8418898809523864823 ) ) ;
#4076 = CARTESIAN_POINT ( 'NONE',  ( 0.2509481861048812323, 0.4608194048574207335, -0.4989769345238249110 ) ) ;
#4077 = CARTESIAN_POINT ( 'NONE',  ( -0.4042085209360181675, -0.3328966965278032375, -0.2499999999999998057 ) ) ;
#4078 = CARTESIAN_POINT ( 'NONE',  ( 0.5098224131929531833, 0.06711885109495473178, -0.5877895990131852821 ) ) ;
#4079 = CARTESIAN_POINT ( 'NONE',  ( -0.04191173636780181483, -0.4623595403602316911, -0.7867373511905946248 ) ) ;
#4080 = CARTESIAN_POINT ( 'NONE',  ( -0.04140495533960483060, 0.4568565382013018428, -0.9543340773809394495 ) ) ;
#4081 = CARTESIAN_POINT ( 'NONE',  ( -0.03284733269839060221, -0.5036323676633732704, -0.8935995535071552531 ) ) ;
#4082 = CARTESIAN_POINT ( 'NONE',  ( -0.4148781681437696545, -0.2975631128462798425, -0.6793220231414600629 ) ) ;
#4083 = CARTESIAN_POINT ( 'NONE',  ( -0.08274107977725615737, 0.4557837520811839904, -0.8193824404762840574 ) ) ;
#4084 = CARTESIAN_POINT ( 'NONE',  ( -0.4223899268921990080, 0.2215673934494800656, -0.3804873511904069971 ) ) ;
#4085 = CARTESIAN_POINT ( 'NONE',  ( 0.1171434690549282981, 0.5048684735370684296, -0.4311546191386517735 ) ) ;
#4086 = CARTESIAN_POINT ( 'NONE',  ( 0.4823804219474182031, -0.1403269134524425255, -0.9396196590738302712 ) ) ;
#4087 = CARTESIAN_POINT ( 'NONE',  ( 0.2222106233696041211, 0.4605080148415538477, -0.9269903273808595134 ) ) ;
#4088 = FACE_OUTER_BOUND ( 'NONE', #4279, .T. ) ;
#4089 = CARTESIAN_POINT ( 'NONE',  ( 0.4128892187336902775, -0.3162980557913696589, -0.3724063652293313487 ) ) ;
#4090 = FACE_OUTER_BOUND ( 'NONE', #5710, .T. ) ;
#4091 = CARTESIAN_POINT ( 'NONE',  ( -0.4957677211912545623, -0.1680916656412607957, -0.2641321268574058356 ) ) ;
#4092 = CARTESIAN_POINT ( 'NONE',  ( -0.06738517608800510816, 0.5084199599579999340, -0.6313347455991979995 ) ) ;
#4093 = CARTESIAN_POINT ( 'NONE',  ( -0.07445584862062301634, -0.4763407193095400838, -0.2071242559524109905 ) ) ;
#4094 = DIRECTION ( 'NONE',  ( -0.000000000000000000, -0.000000000000000000, -1.000000000000000000 ) ) ;
#4095 = CARTESIAN_POINT ( 'NONE',  ( -0.4223756348853534015, 0.2167470068351320389, -0.4428943452380960100 ) ) ;
#4096 = CARTESIAN_POINT ( 'NONE',  ( 0.3186182514879703498, 0.3570813290272194518, -0.3297061011905842443 ) ) ;
#4097 = ORIENTED_EDGE ( 'NONE', *, *, #7884, .T. ) ;
#4098 = CARTESIAN_POINT ( 'NONE',  ( 0.4834041767337979301, 0.2187911764201628251, -0.3656994047619353538 ) ) ;
#4099 = CARTESIAN_POINT ( 'NONE',  ( -0.3329883103035775616, 0.3382179857907132714, -0.4465215773809664279 ) ) ;
#4100 = CARTESIAN_POINT ( 'NONE',  ( 0.2354255415026151044, -0.4081523242398483742, -0.5565476190476172924 ) ) ;
#4101 = PERSON_AND_ORGANIZATION ( #4768, #5354 ) ;
#4102 = CARTESIAN_POINT ( 'NONE',  ( -0.03062157411032810292, 0.4644212459428480599, -0.7492559523808601796 ) ) ;
#4103 = CARTESIAN_POINT ( 'NONE',  ( 0.2315905880018681862, 0.4163289276071662770, -0.3986235119047860098 ) ) ;
#4104 = VERTEX_POINT ( 'NONE', #5574 ) ;
#4105 = EDGE_CURVE ( 'NONE', #6426, #4374, #7429, .T. ) ;
#4106 = CARTESIAN_POINT ( 'NONE',  ( -0.3818663241802660591, 0.3575106135753597369, -0.2764089077499798375 ) ) ;
#4107 = CARTESIAN_POINT ( 'NONE',  ( -0.5181422310387887586, 0.004036718148191357526, -0.7634858630953738068 ) ) ;
#4108 = EDGE_CURVE ( 'NONE', #1312, #3500, #3904, .T. ) ;
#4109 = CARTESIAN_POINT ( 'NONE',  ( -0.5034752075543365013, -0.1349219751927533129, -0.3363025833308612156 ) ) ;
#4110 = CARTESIAN_POINT ( 'NONE',  ( 0.3174317508714640246, 0.4137847555869618166, -0.3545598443426694057 ) ) ;
#4111 = ORIENTED_EDGE ( 'NONE', *, *, #6118, .F. ) ;
#4112 = CARTESIAN_POINT ( 'NONE',  ( -0.1847849058410943046, -0.4257722838144299415, -0.7814360119047627506 ) ) ;
#4113 = CARTESIAN_POINT ( 'NONE',  ( -0.008782384590357149301, -0.5236976031910761664, -0.5292038690476794649 ) ) ;
#4114 = CARTESIAN_POINT ( 'NONE',  ( -0.5105900414411878030, -0.1192774033979184523, -0.2552148744144704939 ) ) ;
#4115 = CARTESIAN_POINT ( 'NONE',  ( 0.3132288332210710902, 0.4081969943083976204, -0.5788703369284213807 ) ) ;
#4116 = CARTESIAN_POINT ( 'NONE',  ( 0.3551153859079339004, -0.2960959869955642199, -0.8471912202381387536 ) ) ;
#4117 = CARTESIAN_POINT ( 'NONE',  ( 0.003556514146247185138, 0.4564436902526585738, -1.026878720238005860 ) ) ;
#4118 = CARTESIAN_POINT ( 'NONE',  ( 0.1612238705035367869, 0.4764456131210295098, -0.9222485576835734999 ) ) ;
#4119 = PLANE ( 'NONE',  #7323 ) ;
#4120 = CARTESIAN_POINT ( 'NONE',  ( -0.02657778992624505385, 0.4669065516194103593, -0.6779203869047208952 ) ) ;
#4121 = CARTESIAN_POINT ( 'NONE',  ( -0.4789901986750544904, -0.01979171204611262710, -0.3031063988095267225 ) ) ;
#4122 = CARTESIAN_POINT ( 'NONE',  ( -0.1831302771785534855, 0.4850752846803498830, -0.4244601168307240990 ) ) ;
#4123 = CARTESIAN_POINT ( 'NONE',  ( 0.1617340766030319621, 0.4766587668515522291, -0.9322819627379604901 ) ) ;
#4124 = CARTESIAN_POINT ( 'NONE',  ( -0.5108379985219161368, 0.05897736655318946974, -0.8338913690474306639 ) ) ;
#4125 = CARTESIAN_POINT ( 'NONE',  ( 0.5178652542302060180, 0.03379386592781690596, -0.4356544700500272205 ) ) ;
#4126 = CARTESIAN_POINT ( 'NONE',  ( -0.3749999999999999445, 4.592425496802573602E-17, -0.9749999999999997558 ) ) ;
#4127 = CARTESIAN_POINT ( 'NONE',  ( 0.000000000000000000, -4.575905072978519662E-17, 1.189999999999999947 ) ) ;
#4128 = DIRECTION ( 'NONE',  ( 1.000000000000000000, 0.000000000000000000, 0.000000000000000000 ) ) ;
#4129 = CARTESIAN_POINT ( 'NONE',  ( 0.01607821489281038504, 0.5117370377906474976, -0.6331864199164195517 ) ) ;
#4130 = CARTESIAN_POINT ( 'NONE',  ( 0.3587256020181619487, 0.3200747152873553159, -0.2506510416665891916 ) ) ;
#4131 = CARTESIAN_POINT ( 'NONE',  ( -0.4426217515926590407, -0.2554251767413608376, -0.6904806206027640503 ) ) ;
#4132 = CARTESIAN_POINT ( 'NONE',  ( -0.2113860527770178022, -0.4282094412406266537, -0.3534226190475898144 ) ) ;
#4133 = CARTESIAN_POINT ( 'NONE',  ( -0.4641847468510939545, -0.1201150749272624912, -0.3006882440477039453 ) ) ;
#4134 = CARTESIAN_POINT ( 'NONE',  ( -0.3121106529674752550, 0.4057707358141463549, -0.6353997350703277647 ) ) ;
#4135 = ORIENTED_EDGE ( 'NONE', *, *, #2068, .T. ) ;
#4136 = CARTESIAN_POINT ( 'NONE',  ( 0.4265262666568308547, -0.3112222386508135541, -0.4491257440477023355 ) ) ;
#4137 = CARTESIAN_POINT ( 'NONE',  ( 0.3785315267209802825, 0.2853262875700446899, -0.4658668154761833047 ) ) ;
#4138 = CARTESIAN_POINT ( 'NONE',  ( 0.4677363341956118914, -0.03816863431049589972, -0.6170014880952400249 ) ) ;
#4139 = APPROVAL_STATUS ( 'not_yet_approved' ) ;
#4140 = CARTESIAN_POINT ( 'NONE',  ( -0.4641740249119160056, 0.06092560105700533385, -0.6622023809522883386 ) ) ;
#4141 = CARTESIAN_POINT ( 'NONE',  ( 0.04271720276036376079, -0.4713342964497275744, -0.4989769345237387022 ) ) ;
#4142 = VERTEX_POINT ( 'NONE', #7388 ) ;
#4143 = CARTESIAN_POINT ( 'NONE',  ( -0.4018561251911823007, -0.2317937723915574066, -0.7886904761902652217 ) ) ;
#4144 = CARTESIAN_POINT ( 'NONE',  ( 0.2306841948898666061, 0.4689923976829112884, -0.2909084365713141551 ) ) ;
#4145 = CARTESIAN_POINT ( 'NONE',  ( 0.4577192548134636496, -0.2400992469920711636, -0.8045944940477107732 ) ) ;
#4146 = CARTESIAN_POINT ( 'NONE',  ( 0.5312500000000000000, -0.3067173305069885725, -0.2025506638403220538 ) ) ;
#4147 = CIRCLE ( 'NONE', #4808, 0.3894337567297408986 ) ;
#4148 = CARTESIAN_POINT ( 'NONE',  ( 0.4441998644893788151, 0.3569757496770392668, -0.2289259236523480401 ) ) ;
#4149 = ORIENTED_EDGE ( 'NONE', *, *, #4366, .F. ) ;
#4150 = ADVANCED_FACE ( 'NONE', ( #8130 ), #731, .T. ) ;
#4151 = CARTESIAN_POINT ( 'NONE',  ( 0.3551153859163926341, -0.2960959869874267292, -0.8382626488096334150 ) ) ;
#4152 = CARTESIAN_POINT ( 'NONE',  ( 0.5243232443097780582, 0.004076862583604745800, -0.5110677083333020621 ) ) ;
#4153 = CARTESIAN_POINT ( 'NONE',  ( 0.5153060937665838726, -1.765029914656520124E-15, -0.5178498388460922586 ) ) ;
#4154 = CARTESIAN_POINT ( 'NONE',  ( 0.4454633493054947491, 0.2571756918098245803, -0.5833254244604167971 ) ) ;
#4155 = CARTESIAN_POINT ( 'NONE',  ( 0.4468909990709728497, 0.1199307658870528009, -0.8363095238095822337 ) ) ;
#4156 = CIRCLE ( 'NONE', #5343, 0.3975000000000000755 ) ;
#4157 = CARTESIAN_POINT ( 'NONE',  ( -0.3903261942987347188, -0.2380965297864741648, -1.002697172618948640 ) ) ;
#4158 = DIRECTION ( 'NONE',  ( 1.000000000000000000, 0.000000000000000000, 0.000000000000000000 ) ) ;
#4159 = CARTESIAN_POINT ( 'NONE',  ( 0.05350300594737792542, -0.4634875190328421324, -0.7129836309521792037 ) ) ;
#4160 = CARTESIAN_POINT ( 'NONE',  ( 0.3139281594175779011, 0.3582481795391922463, -0.4010416666666428154 ) ) ;
#4161 = CARTESIAN_POINT ( 'NONE',  ( 0.5045786513276714347, -0.08318100299805246400, -0.6525470667932170565 ) ) ;
#4162 = AXIS2_PLACEMENT_3D ( 'NONE', #941, #2836, #7865 ) ;
#4163 = DIRECTION ( 'NONE',  ( 1.000000000000000000, 0.000000000000000000, 0.000000000000000000 ) ) ;
#4164 = B_SPLINE_CURVE_WITH_KNOTS ( 'NONE', 3,
 ( #3382, #4581, #7667, #3924, #5891, #4499 ),
 .UNSPECIFIED., .F., .F.,
 ( 4, 2, 4 ),
 ( 2.380729206240376187E-07, 0.003941653874615894289, 0.007883069676311164550 ),
 .UNSPECIFIED. ) ;
#4165 = CARTESIAN_POINT ( 'NONE',  ( -0.5003773427335937996, 0.1082838462533051160, -0.9064360119046929176 ) ) ;
#4166 = CARTESIAN_POINT ( 'NONE',  ( 0.4488222870270164311, 0.2592298084318421236, -0.4304492132875437638 ) ) ;
#4167 = AXIS2_PLACEMENT_3D ( 'NONE', #2555, #5066, #1272 ) ;
#4168 = CARTESIAN_POINT ( 'NONE',  ( 0.3749999999999999445, 0.000000000000000000, -0.9749999999999997558 ) ) ;
#4169 = CARTESIAN_POINT ( 'NONE',  ( 0.3471899785141041583, 0.3296260856372087433, -0.2499999999999648614 ) ) ;
#4170 = CARTESIAN_POINT ( 'NONE',  ( 0.5039544203231768327, -0.1002310249230437544, -0.5915101577124772803 ) ) ;
#4171 = PRODUCT_DEFINITION_FORMATION_WITH_SPECIFIED_SOURCE ( 'ANY', '', #2854, .NOT_KNOWN. ) ;
#4172 = FACE_OUTER_BOUND ( 'NONE', #5667, .T. ) ;
#4173 = CARTESIAN_POINT ( 'NONE',  ( 0.3849665299917209849, -0.2480005894555521173, -0.9886532738095200612 ) ) ;
#4174 = CARTESIAN_POINT ( 'NONE',  ( 0.3060019955506965705, -0.3385244906058072489, -0.9908922269615448863 ) ) ;
#4175 = CARTESIAN_POINT ( 'NONE',  ( -0.1119205938903099495, -0.4620226092796959616, -0.4223400297618636889 ) ) ;
#4176 = CARTESIAN_POINT ( 'NONE',  ( 0.1425292919372589118, 0.4570074801889469907, -0.3248697916666968832 ) ) ;
#4178 = CARTESIAN_POINT ( 'NONE',  ( 0.3041650185839734344, 0.4253371482848421481, -0.2827469806462956092 ) ) ;
#4177 = CARTESIAN_POINT ( 'NONE',  ( -0.1329058417745598297, 0.4950663498642667304, -0.6398755110584603001 ) ) ;
#4179 = CARTESIAN_POINT ( 'NONE',  ( 0.2736217672124823252, -0.4391819629567975114, -0.4579500864578686659 ) ) ;
#4180 = ORIENTED_EDGE ( 'NONE', *, *, #7272, .F. ) ;
#4181 = CARTESIAN_POINT ( 'NONE',  ( -0.1250306003924468168, 0.5161782059277080226, -0.3499813988095306083 ) ) ;
#4182 = CARTESIAN_POINT ( 'NONE',  ( 0.3139281594260296404, 0.3582481795267158931, -0.3921130952380307844 ) ) ;
#4183 = CARTESIAN_POINT ( 'NONE',  ( 0.1409209652894989895, -0.4518771180489856154, -0.4876302083334043136 ) ) ;
#4184 = DATE_AND_TIME ( #5339, #7071 ) ;
#4185 = CARTESIAN_POINT ( 'NONE',  ( 0.4100470490599687490, -0.2232996099047335758, -0.7021019345237824449 ) ) ;
#4186 = CARTESIAN_POINT ( 'NONE',  ( 0.4102478122945250050, -0.2366434517353042388, -0.4880952380952466862 ) ) ;
#4187 = EDGE_LOOP ( 'NONE', ( #4854, #3752, #2782, #860, #7197 ) ) ;
#4188 = CARTESIAN_POINT ( 'NONE',  ( 0.3541447327384997235, -0.3007173399823451221, -0.7669270833331682802 ) ) ;
#4189 = CARTESIAN_POINT ( 'NONE',  ( 0.4193546693474032305, 0.3008545119725968275, -0.5007545725540455406 ) ) ;
#4190 = CARTESIAN_POINT ( 'NONE',  ( 0.5152698259340451337, 0.08549249439108867754, -0.3016985390773505027 ) ) ;
#4191 = CARTESIAN_POINT ( 'NONE',  ( -0.2156767529439163888, -0.4765038974807572769, -0.6075148809523644999 ) ) ;
#4192 = DIRECTION ( 'NONE',  ( 0.000000000000000000, 0.000000000000000000, -1.000000000000000000 ) ) ;
#4193 = CARTESIAN_POINT ( 'NONE',  ( -0.5143984955942464410, 0.08514591479244983108, -0.3311172444326456743 ) ) ;
#4194 = ORIENTED_EDGE ( 'NONE', *, *, #3764, .T. ) ;
#4195 = CARTESIAN_POINT ( 'NONE',  ( 0.3843066307081253741, -0.2611394048301938775, -0.7657180059524056892 ) ) ;
#4196 = B_SPLINE_CURVE_WITH_KNOTS ( 'NONE', 3,
 ( #5588, #4357, #2995, #6830, #2461, #3705, #2373, #3620, #5463, #2332, #1093, #4189, #3662, #7403, #3576, #4847, #5507, #3124, #6125, #6870, #1215, #3745, #1795, #1135, #6698, #6167, #6248, #7361, #473, #8019, #4317, #4890, #4272, #516, #3038, #1174, #602, #5547, #8147, #8061, #2502, #4795, #1205, #7302, #3693, #3068, #3566, #2983, #1652, #7924, #5578 ),
 .UNSPECIFIED., .F., .F.,
 ( 4, 2, 2, 2, 2, 2, 2, 2, 2, 2, 2, 2, 2, 2, 2, 2, 2, 2, 2, 2, 2, 2, 2, 1, 2, 4 ),
 ( 0.5602423065930218771, 0.5615333276457354916, 0.5628243486984489952, 0.5654063908038762243, 0.5666974118565898388, 0.5679884329093033424, 0.5692794539620169569, 0.5705704750147305715, 0.5731525171201576896, 0.5744435381728713041, 0.5757345592255849187, 0.5783166013310120368, 0.5796076223837256514, 0.5808986434364392659, 0.5834806855418663840, 0.5860627276472936131, 0.5873537487000072277, 0.5886447697527208422, 0.5912268118581479603, 0.5925178329108615749, 0.5938088539635751895, 0.5963908960690023076, 0.5976819171217159221, 0.5989729381744295367, 0.6002639592271430402, 0.6015549802798566548 ),
 .UNSPECIFIED. ) ;
#4197 = CARTESIAN_POINT ( 'NONE',  ( 0.5145855884229730837, -0.1113584571164838860, -0.4421502976190505030 ) ) ;
#4198 = DIRECTION ( 'NONE',  ( 1.000000000000000000, 0.000000000000000000, 0.000000000000000000 ) ) ;
#4199 = CARTESIAN_POINT ( 'NONE',  ( 0.2287396694969892341, -0.4625454128769736495, -0.5304947394668275695 ) ) ;
#4200 = CARTESIAN_POINT ( 'NONE',  ( 0.5000616569526692423, 0.1164280232366040613, -0.5866775502700568579 ) ) ;
#4201 = CARTESIAN_POINT ( 'NONE',  ( -0.3701232942966839468, 0.2789982619469237313, -0.8109188988094013784 ) ) ;
#4202 = CARTESIAN_POINT ( 'NONE',  ( -0.4569612751563805197, -0.007655763179686795282, -1.008742559523849502 ) ) ;
#4203 = CARTESIAN_POINT ( 'NONE',  ( 0.5312500000000000000, 0.1300819257477139057, -0.2412576490067101509 ) ) ;
#4204 = CARTESIAN_POINT ( 'NONE',  ( 0.4668506206615588572, 0.01509297115895780715, -0.6960565476190178069 ) ) ;
#4205 = CARTESIAN_POINT ( 'NONE',  ( 0.4782486901962715309, -0.003726223959735012244, -0.3393787202381621793 ) ) ;
#4206 = CARTESIAN_POINT ( 'NONE',  ( 0.3975000000000000755, 4.867971026610729929E-17, 0.2380000000000000171 ) ) ;
#4207 = CARTESIAN_POINT ( 'NONE',  ( 0.4077696300385643124, -0.2932331190881230509, -0.9434870864521108791 ) ) ;
#4208 = CARTESIAN_POINT ( 'NONE',  ( 0.3926727778357841925, -0.3334323543154173453, -0.8048735119047852882 ) ) ;
#4209 = EDGE_CURVE ( 'NONE', #7158, #5833, #1255, .T. ) ;
#4210 = DIRECTION ( 'NONE',  ( -0.000000000000000000, -1.047310526070460688E-16, 1.000000000000000000 ) ) ;
#4211 = CARTESIAN_POINT ( 'NONE',  ( 0.5200659112514528504, -7.384526607873711543E-16, -0.3649735502615872318 ) ) ;
#4212 = CARTESIAN_POINT ( 'NONE',  ( 0.4772671348073713737, 0.1089651176767597179, -0.2499999999999998890 ) ) ;
#4213 = CARTESIAN_POINT ( 'NONE',  ( 0.5312500000000002220, -0.1033597898284602107, -0.004460454780466068490 ) ) ;
#4214 = EDGE_CURVE ( 'NONE', #2519, #482, #4791, .T. ) ;
#4215 = CARTESIAN_POINT ( 'NONE',  ( 0.000000000000000000, 0.000000000000000000, 0.000000000000000000 ) ) ;
#4216 = CARTESIAN_POINT ( 'NONE',  ( -0.3271236639851672900, -0.3163322001008276319, -1.080543154761801405 ) ) ;
#4217 = CARTESIAN_POINT ( 'NONE',  ( -0.3020280828333958278, -0.4223781160295995707, -0.3999126145508694052 ) ) ;
#4218 = CARTESIAN_POINT ( 'NONE',  ( -0.4609312662953934936, -0.1236988388158229007, -0.3630952380951360525 ) ) ;
#4219 = CARTESIAN_POINT ( 'NONE',  ( -0.3349588174006659091, -0.3402080572140103731, -0.3659784226189770062 ) ) ;
#4221 = CARTESIAN_POINT ( 'NONE',  ( 0.4524536882856575737, 0.2618434242853990290, -0.2875740830546328342 ) ) ;
#4220 = DIRECTION ( 'NONE',  ( -1.000000000000000000, 0.000000000000000000, 0.000000000000000000 ) ) ;
#4222 = CARTESIAN_POINT ( 'NONE',  ( -0.5312500000000000000, -1.707404996040164512E-16, -0.2499999999999998057 ) ) ;
#4223 = CARTESIAN_POINT ( 'NONE',  ( 0.5086459136703810335, 0.01670010900086941683, -0.7317621616706191379 ) ) ;
#4224 = CARTESIAN_POINT ( 'NONE',  ( 0.2580505403687258226, 0.4638967515183890500, -0.3584449404762551916 ) ) ;
#4225 = CARTESIAN_POINT ( 'NONE',  ( 0.4528342017797897245, -0.1535195727408040223, -0.3340773809523179816 ) ) ;
#4226 = CARTESIAN_POINT ( 'NONE',  ( -0.4575133049849416933, 0.1183969005812144093, -0.5118117559523699400 ) ) ;
#4227 = CARTESIAN_POINT ( 'NONE',  ( -0.2145963672684184642, 0.4182020304633344288, -0.6017485119047756292 ) ) ;
#4228 = CARTESIAN_POINT ( 'NONE',  ( 0.1351340081915392843, -0.4583013914640246544, -0.3538876488095952788 ) ) ;
#4229 = ORIENTED_EDGE ( 'NONE', *, *, #4665, .F. ) ;
#4230 = CARTESIAN_POINT ( 'NONE',  ( 0.4638154768799727101, -0.03058960743805837906, -0.7596726190476771334 ) ) ;
#4231 = FACE_OUTER_BOUND ( 'NONE', #3843, .T. ) ;
#4232 = CARTESIAN_POINT ( 'NONE',  ( 0.4370404720193307169, 0.2529364197378690671, -0.8590116503644905643 ) ) ;
#4233 = CARTESIAN_POINT ( 'NONE',  ( 0.02146888104285287271, 0.5193792929174271267, -0.7102864583333711179 ) ) ;
#4234 = CARTESIAN_POINT ( 'NONE',  ( 0.1211942611214052862, 0.4515682062813369813, -0.6726190476190267997 ) ) ;
#4235 = CARTESIAN_POINT ( 'NONE',  ( 0.4285874858230105389, -0.1615080886074293232, -0.9862351190476227325 ) ) ;
#4236 = CARTESIAN_POINT ( 'NONE',  ( 0.1178681951924377552, 0.5073097134732151847, -0.3497059289201029930 ) ) ;
#4237 = ORIENTED_EDGE ( 'NONE', *, *, #4971, .T. ) ;
#4238 = PRODUCT_DEFINITION_SHAPE ( 'NONE', 'NONE',  #6828 ) ;
#4239 = CARTESIAN_POINT ( 'NONE',  ( -0.4412030420430121391, -0.2898563532548590338, -0.3974144345238806997 ) ) ;
#4240 = CARTESIAN_POINT ( 'NONE',  ( 0.3735170498321455645, -0.3351277360217931323, -0.9445065018521043854 ) ) ;
#4241 = CARTESIAN_POINT ( 'NONE',  ( 0.4624664827195830163, -0.2275552705267958609, -0.5230529327930070194 ) ) ;
#4242 = CARTESIAN_POINT ( 'NONE',  ( 0.4574652366392585323, -0.2258279044081509535, -1.018601190476160712 ) ) ;
#4243 = CARTESIAN_POINT ( 'NONE',  ( 0.4542534307163542673, 0.07517939154478309183, -0.8999255952380763590 ) ) ;
#4244 = DIRECTION ( 'NONE',  ( 0.000000000000000000, 0.000000000000000000, 1.000000000000000000 ) ) ;
#4245 = CARTESIAN_POINT ( 'NONE',  ( 0.4320514421474179190, -0.1829182641502977991, -0.6295572916667123708 ) ) ;
#4246 = CARTESIAN_POINT ( 'NONE',  ( -0.1085585082846715899, 0.4664396416325152783, -0.3188244047618459254 ) ) ;
#4247 = CARTESIAN_POINT ( 'NONE',  ( 0.5175532545410508334, 0.03382000604349997414, -0.4456753069138859602 ) ) ;
#4248 = CARTESIAN_POINT ( 'NONE',  ( -0.2114382583329232623, -0.4030796331163507551, -1.067987351190398559 ) ) ;
#4249 = CARTESIAN_POINT ( 'NONE',  ( 0.4057678891703470625, 0.3217718695085543534, -0.7178199404762802827 ) ) ;
#4250 = LINE ( 'NONE', #1111, #6124 ) ;
#4251 = CARTESIAN_POINT ( 'NONE',  ( -0.4036636103040193713, 0.3095531304878917367, -0.7652717307308678496 ) ) ;
#4252 = CARTESIAN_POINT ( 'NONE',  ( 0.1918829656292407870, 0.4139993087602766852, -1.040643601190509582 ) ) ;
#4253 = CARTESIAN_POINT ( 'NONE',  ( -0.4665818067706884453, -0.2117880973987143478, -0.6201477002832047614 ) ) ;
#4254 = DIRECTION ( 'NONE',  ( 0.03112001302225914090, 0.000000000000000000, 0.9995156550997559286 ) ) ;
#4255 = CARTESIAN_POINT ( 'NONE',  ( -0.3714105860582224139, 0.2659301153645415861, -1.024925595238159737 ) ) ;
#4256 = CARTESIAN_POINT ( 'NONE',  ( -0.06743795519381043380, -0.5150384557472396097, -0.3943307250019017496 ) ) ;
#4257 = CARTESIAN_POINT ( 'NONE',  ( -0.2494521050712951715, 0.4089417183132280642, -0.3062686011904949268 ) ) ;
#4258 = EDGE_CURVE ( 'NONE', #937, #2993, #4294, .T. ) ;
#4259 = CARTESIAN_POINT ( 'NONE',  ( -0.3957321913739174080, 0.2741282910906097103, -0.2390252976190334888 ) ) ;
#4261 = CARTESIAN_POINT ( 'NONE',  ( 0.3442770203290183573, 0.3935316863877499904, -0.2838528262194796037 ) ) ;
#4260 = CARTESIAN_POINT ( 'NONE',  ( 0.2256612174637887824, -0.4565995222772390449, -0.7447833495129126957 ) ) ;
#4262 = CARTESIAN_POINT ( 'NONE',  ( -0.5075108231305434092, 0.01651572109979180733, -0.7682191118566379373 ) ) ;
#4263 = CARTESIAN_POINT ( 'NONE',  ( -0.08344855585839949796, 0.5026433342829932371, -0.7124164998293381901 ) ) ;
#4264 = CARTESIAN_POINT ( 'NONE',  ( 0.2545744942790071352, -0.4674952113637706463, -0.3112909226190070933 ) ) ;
#4265 = CARTESIAN_POINT ( 'NONE',  ( 0.3487401966354494731, -0.3268971572515780299, -0.3389136904761941849 ) ) ;
#4266 = CARTESIAN_POINT ( 'NONE',  ( -0.1119205939035078506, -0.4620226092799246120, -0.4223400297619018251 ) ) ;
#4267 = CARTESIAN_POINT ( 'NONE',  ( -0.4658193796722230884, 0.06540079249248953452, -0.5908668154761357316 ) ) ;
#4268 = CARTESIAN_POINT ( 'NONE',  ( 0.2698557459164705463, -0.3971484657258647633, -0.2789248511905109140 ) ) ;
#4269 = VERTEX_POINT ( 'NONE', #1242 ) ;
#4270 = CARTESIAN_POINT ( 'NONE',  ( 0.4668506206590308238, 0.01509297117174035474, -0.6871279761902820971 ) ) ;
#4271 = CARTESIAN_POINT ( 'NONE',  ( -0.4658193796735096148, 0.06540079247853790301, -0.5908668154762203306 ) ) ;
#4272 = CARTESIAN_POINT ( 'NONE',  ( -0.2286769827398765220, 0.4632465800547077017, -0.4847614797411365362 ) ) ;
#4273 = CARTESIAN_POINT ( 'NONE',  ( -0.1630924686853757466, 0.4784055995224356650, -0.8433788549825170788 ) ) ;
#4274 = CARTESIAN_POINT ( 'NONE',  ( -0.3069379349461485718, -0.4206545879148606004, -0.6812686011903854588 ) ) ;
#4275 = CARTESIAN_POINT ( 'NONE',  ( -0.3973286778362767890, 0.2472990546789019251, -0.6581101190476551510 ) ) ;
#4276 = CARTESIAN_POINT ( 'NONE',  ( 0.3781568479920207615, 0.3325843645604860677, -0.9282063946271679189 ) ) ;
#4277 = CARTESIAN_POINT ( 'NONE',  ( -0.2241493310784463955, 0.4029679443363302083, -0.8870907738094607753 ) ) ;
#4278 = CARTESIAN_POINT ( 'NONE',  ( -0.5200028255768368579, 0.03417369464149228736, -0.3400239600134599138 ) ) ;
#4279 = EDGE_LOOP ( 'NONE', ( #6746, #5015, #8058, #5505, #2832, #2827 ) ) ;
#4280 = CARTESIAN_POINT ( 'NONE',  ( -0.4888846057442783888, -0.1929636850484945931, -0.4711681547619255839 ) ) ;
#4281 = PLANE ( 'NONE',  #3114 ) ;
#4282 = CARTESIAN_POINT ( 'NONE',  ( -0.3340771402747029772, 0.3801282256127503367, -0.8489383279212429079 ) ) ;
#4283 = CARTESIAN_POINT ( 'NONE',  ( -0.3012642250289997436, 0.4128922237630984760, -0.9883742559524107962 ) ) ;
#4284 = CARTESIAN_POINT ( 'NONE',  ( -0.3055571189908749541, 0.3424551926235498422, -0.9470796130951656400 ) ) ;
#4285 = AXIS2_PLACEMENT_3D ( 'NONE', #2271, #4094, #7806 ) ;
#4286 = CARTESIAN_POINT ( 'NONE',  ( -0.5122821948178707396, 6.035676661001981246E-15, -0.6149717242552179552 ) ) ;
#4287 = CARTESIAN_POINT ( 'NONE',  ( 0.4386600622034519392, 0.1608128086850150185, -0.6924293154761427260 ) ) ;
#4288 = CARTESIAN_POINT ( 'NONE',  ( -0.01982151795837990699, -0.4795185703762050999, -0.2861793154762208857 ) ) ;
#4289 = CARTESIAN_POINT ( 'NONE',  ( -0.1365929256015594173, 0.4379992381689321035, -0.9519159226190604395 ) ) ;
#4290 = CARTESIAN_POINT ( 'NONE',  ( 0.3119846375643576808, 0.3328309672187281798, -1.035342261904657946 ) ) ;
#4291 = AXIS2_PLACEMENT_3D ( 'NONE', #111, #7038, #7000 ) ;
#4292 = CARTESIAN_POINT ( 'NONE',  ( -0.4156231088470427881, -0.3032568308211185948, -0.8254278273811199718 ) ) ;
#4293 = CARTESIAN_POINT ( 'NONE',  ( 0.000000000000000000, 0.000000000000000000, -0.9999999999999998890 ) ) ;
#4294 = B_SPLINE_CURVE_WITH_KNOTS ( 'NONE', 3,
 ( #8005, #3064, #3689, #2442, #458, #4302, #1823, #6194, #1733, #1037, #3104, #1774, #1693, #7298, #1117, #4875, #6684, #414, #2978, #5615, #3603, #1648, #2315, #4343, #2402, #4256, #3562, #6856, #4833, #501, #7347, #5493, #4915, #4217, #6765, #6724, #6108, #6814, #1201, #3646, #8046, #5657, #2488, #7513, #5000, #4383, #1862, #6276, #6895, #3150 ),
 .UNSPECIFIED., .F., .F.,
 ( 4, 2, 2, 2, 2, 2, 2, 2, 2, 2, 2, 2, 2, 2, 2, 2, 2, 2, 2, 2, 2, 2, 2, 2, 4 ),
 ( 0.1460149165885243072, 0.1486104696205026998, 0.1499082461364918961, 0.1512060226524810647, 0.1538015756844594573, 0.1550993522004486536, 0.1563971287164378499, 0.1589926817484162425, 0.1615882347803946351, 0.1628860112963838314, 0.1641837878123730277, 0.1667793408443514203, 0.1680771173603406166, 0.1693748938763298129, 0.1719704469083082055, 0.1732682234242973740, 0.1745659999402865703, 0.1758637764562757666, 0.1771615529722649629, 0.1797571060042433555, 0.1810548825202325518, 0.1823526590362217203, 0.1849482120682001129, 0.1862459885841893092, 0.1875437651001785055 ),
 .UNSPECIFIED. ) ;
#4295 = CARTESIAN_POINT ( 'NONE',  ( -0.1634271184411075217, 0.4806417473437697985, -0.7719642774185407896 ) ) ;
#4296 = CARTESIAN_POINT ( 'NONE',  ( 0.4486320970641258787, 0.08144273469787946529, -1.051525297619086752 ) ) ;
#4297 = CARTESIAN_POINT ( 'NONE',  ( -0.5119699838534170766, -6.157329266969842815E-16, -0.6249993468799939222 ) ) ;
#4298 = CONICAL_SURFACE ( 'NONE', #1789, 0.5002943035887735812, 0.03112503826905463691 ) ;
#4299 = CARTESIAN_POINT ( 'NONE',  ( -0.3975000000000000755, 0.000000000000000000, 0.4759999999999999787 ) ) ;
#4300 = CARTESIAN_POINT ( 'NONE',  ( -0.4361906603833660689, 0.1360372323804132921, -1.021298363095220596 ) ) ;
#4301 = AXIS2_PLACEMENT_3D ( 'NONE', #7258, #4678, #7184 ) ;
#4302 = CARTESIAN_POINT ( 'NONE',  ( 0.4924030475131536688, -0.1668991716206937870, -0.3787161730439035923 ) ) ;
#4303 = CARTESIAN_POINT ( 'NONE',  ( 0.3809039318795272577, -0.2925240136593718066, -0.2663690476190221923 ) ) ;
#4304 = CONICAL_SURFACE ( 'NONE', #2317, 0.5002943035887735812, 0.03112503826905463691 ) ;
#4305 = CARTESIAN_POINT ( 'NONE',  ( 0.4164983727843949435, 0.2885033259580459530, -1.075706845238145082 ) ) ;
#4307 = CARTESIAN_POINT ( 'NONE',  ( 0.4760650190037025720, 0.2158686221476513178, -0.2887051660410275833 ) ) ;
#4306 = CARTESIAN_POINT ( 'NONE',  ( -0.4403429427549758191, -0.2548850600438511971, -0.7618841167269170267 ) ) ;
#4308 = CARTESIAN_POINT ( 'NONE',  ( 0.06594919008510792546, 0.5037003273939443249, -0.7871861913342000916 ) ) ;
#4309 = VERTEX_POINT ( 'NONE', #3771 ) ;
#4310 = CARTESIAN_POINT ( 'NONE',  ( -0.4943300251576344118, 0.1951216105458325190, -0.3390997023809744770 ) ) ;
#4311 = CARTESIAN_POINT ( 'NONE',  ( -0.2519336454889691268, 0.4047901593297686951, -0.3776041666667221963 ) ) ;
#4312 = CARTESIAN_POINT ( 'NONE',  ( -0.4741633541613583525, -0.02699093193786519795, -0.4368489583333248771 ) ) ;
#4313 = CARTESIAN_POINT ( 'NONE',  ( -0.01544355843505600991, -0.4774456454641287650, -0.3575148809523756577 ) ) ;
#4314 = EDGE_LOOP ( 'NONE', ( #4540, #3582, #4653, #2469 ) ) ;
#4315 = CARTESIAN_POINT ( 'NONE',  ( 0.1933493714970419275, -0.4271933673351498983, -0.6290922619047089048 ) ) ;
#4316 = CARTESIAN_POINT ( 'NONE',  ( 0.4027365436501103568, 0.2456669133121248128, -0.5473400297619128718 ) ) ;
#4317 = CARTESIAN_POINT ( 'NONE',  ( -0.1668151926570850263, 0.4897545843510386909, -0.4862436277565858611 ) ) ;
#4318 = CARTESIAN_POINT ( 'NONE',  ( -0.03361484433904397828, 0.5050351667436150382, -0.8463529496748459779 ) ) ;
#4319 = CARTESIAN_POINT ( 'NONE',  ( -0.4775143683476447687, -0.2072317307324313407, -0.6873139880950949188 ) ) ;
#4320 = CARTESIAN_POINT ( 'NONE',  ( -0.03062157409868415670, 0.4644212459451954600, -0.7403273809523182036 ) ) ;
#4321 = EDGE_CURVE ( 'NONE', #5755, #1171, #200, .T. ) ;
#4322 = CARTESIAN_POINT ( 'NONE',  ( 0.4513857400756914884, 0.2231323988121046709, -0.9311857428727335906 ) ) ;
#4323 = CARTESIAN_POINT ( 'NONE',  ( -0.03748331748932193924, 0.4594351734112638308, -0.8919270833332921811 ) ) ;
#4324 = CARTESIAN_POINT ( 'NONE',  ( 0.5155900269652258228, 0.06818485500299056867, -0.3734969030784598965 ) ) ;
#4325 = ORIENTED_EDGE ( 'NONE', *, *, #6277, .T. ) ;
#4326 = CARTESIAN_POINT ( 'NONE',  ( 0.2561605437678035613, 0.4604990498061954374, -0.4276413690476138507 ) ) ;
#4327 = CARTESIAN_POINT ( 'NONE',  ( -0.5312500000000000000, -0.3067173305069887945, -0.2499999999999998057 ) ) ;
#4328 = DIRECTION ( 'NONE',  ( 0.03112001302225914090, 0.000000000000000000, 0.9995156550997559286 ) ) ;
#4329 = CARTESIAN_POINT ( 'NONE',  ( 0.5100547952683034403, -0.01649806887963674654, -1.013764880952553460 ) ) ;
#4330 = CARTESIAN_POINT ( 'NONE',  ( -0.2245239328258478717, -0.4036249966395653588, -0.8539806547621016097 ) ) ;
#4331 = CARTESIAN_POINT ( 'NONE',  ( -0.4689000460250834501, 0.1809573566216872431, -0.2499999999999997224 ) ) ;
#4332 = CARTESIAN_POINT ( 'NONE',  ( -0.3219263173646582099, -0.3434371201613702351, -0.5799851190475943108 ) ) ;
#4333 = CARTESIAN_POINT ( 'NONE',  ( 0.3975000000000000755, 4.867971026610729929E-17, 0.4759999999999999787 ) ) ;
#4334 = CARTESIAN_POINT ( 'NONE',  ( 0.01967705904510298059, -0.4552052917827451028, -0.9905797811415018028 ) ) ;
#4335 = CARTESIAN_POINT ( 'NONE',  ( -0.3862773330288170603, -0.2404114023736464156, -1.074032738095340944 ) ) ;
#4336 = CARTESIAN_POINT ( 'NONE',  ( 0.008624699104614849329, -0.5147655746684294265, -0.8145461309524038018 ) ) ;
#4337 = DIRECTION ( 'NONE',  ( -1.000000000000000000, 0.000000000000000000, 0.000000000000000000 ) ) ;
#4338 = CARTESIAN_POINT ( 'NONE',  ( 0.06601495808897739348, 0.5040056151485209357, -0.7771590600406536042 ) ) ;
#4339 = CARTESIAN_POINT ( 'NONE',  ( -0.3408109196280130204, 0.3041006551955784398, -1.026134672619053223 ) ) ;
#4340 = DIRECTION ( 'NONE',  ( -0.000000000000000000, -0.000000000000000000, -1.000000000000000000 ) ) ;
#4341 = DIRECTION ( 'NONE',  ( -1.000000000000000000, 0.000000000000000000, 0.000000000000000000 ) ) ;
#4342 = CARTESIAN_POINT ( 'NONE',  ( 0.3749492186025933371, 0.2597222521788821736, -1.046688988095341832 ) ) ;
#4343 = CARTESIAN_POINT ( 'NONE',  ( -0.01627580917456940626, -0.5192084411305698533, -0.3932144641963101206 ) ) ;
#4344 = CARTESIAN_POINT ( 'NONE',  ( 0.4967203907905372584, 3.606893054134847731E-16, -0.9494473250617087023 ) ) ;
#4345 = CARTESIAN_POINT ( 'NONE',  ( 0.1627463260723009952, 0.4800509522080663172, -1.068452380952359171 ) ) ;
#4347 = CARTESIAN_POINT ( 'NONE',  ( -0.5234018688828785404, -1.139692834856809784E-15, -0.2578289332277043933 ) ) ;
#4346 = CARTESIAN_POINT ( 'NONE',  ( 0.2549016334190603028, -0.4409966749786893847, -0.7440359849365203448 ) ) ;
#4348 = CARTESIAN_POINT ( 'NONE',  ( -0.4625479568955362386, 0.2091622775467682493, -0.7726776185930563923 ) ) ;
#4349 = CARTESIAN_POINT ( 'NONE',  ( 0.1636047333415732996, 0.4832114758727972248, -0.7179867439634355364 ) ) ;
#4350 = CARTESIAN_POINT ( 'NONE',  ( 0.3498012722350989923, 0.3991865078701726244, -0.3608630952380308399 ) ) ;
#4351 = CARTESIAN_POINT ( 'NONE',  ( -0.4223899269034311343, 0.2215673934442976278, -0.3715587797620069077 ) ) ;
#4352 = CARTESIAN_POINT ( 'NONE',  ( -0.4585883398949089362, 0.1230782976000422274, -0.4404761904762009572 ) ) ;
#4353 = CARTESIAN_POINT ( 'NONE',  ( -0.008021225967251488856, 0.4787638727316823606, -0.3212425595238686538 ) ) ;
#4354 = ORIENTED_EDGE ( 'NONE', *, *, #5882, .F. ) ;
#4355 = CARTESIAN_POINT ( 'NONE',  ( 0.4386600622110639058, 0.1608128086969305426, -0.6835007440476755791 ) ) ;
#4356 = CARTESIAN_POINT ( 'NONE',  ( 0.2652245106627659776, 0.3903186004156193323, -0.5425037202380575962 ) ) ;
#4357 = CARTESIAN_POINT ( 'NONE',  ( 0.5156295648859398062, 0.01688106287032693428, -0.5074605614519841490 ) ) ;
#4358 = CARTESIAN_POINT ( 'NONE',  ( 0.06553412027560591435, 0.5010153273114906769, -0.8485965445524580320 ) ) ;
#4359 = CARTESIAN_POINT ( 'NONE',  ( -0.2653811315145442884, -0.4506714935559356650, -0.6087239583333774462 ) ) ;
#4360 = CARTESIAN_POINT ( 'NONE',  ( 0.05350300593546766098, -0.4634875190384777910, -0.7040550595237833331 ) ) ;
#4361 = CARTESIAN_POINT ( 'NONE',  ( 0.2069225109308568955, 0.4584088558177668582, -0.9233638170671691903 ) ) ;
#4362 = CARTESIAN_POINT ( 'NONE',  ( -0.3352676072767856175, -0.3142577089140725644, -0.9378720238093583017 ) ) ;
#4363 = CARTESIAN_POINT ( 'NONE',  ( 0.1347873972404975140, 0.5036263729402291611, -0.3601151556183443403 ) ) ;
#4364 = ADVANCED_FACE ( 'NONE', ( #4088 ), #7913, .F. ) ;
#4365 = ORIENTED_EDGE ( 'NONE', *, *, #321, .F. ) ;
#4366 = EDGE_CURVE ( 'NONE', #56, #1927, #371, .T. ) ;
#4367 = CARTESIAN_POINT ( 'NONE',  ( -0.3684489807106565706, 0.3742349717253892205, -0.4844680059523753801 ) ) ;
#4368 = DIRECTION ( 'NONE',  ( -2.226682128744284443E-16, 1.000000000000000000, 0.000000000000000000 ) ) ;
#4369 = CARTESIAN_POINT ( 'NONE',  ( -0.5142169676128628408, -0.03355842100662997929, -0.5528305003337461443 ) ) ;
#4370 = CARTESIAN_POINT ( 'NONE',  ( 0.1321556717733355091, -0.4924423852696747650, -1.028273809523630788 ) ) ;
#4371 = CARTESIAN_POINT ( 'NONE',  ( 0.05997973497236254448, 0.4569672776104368728, -0.8854166666666958285 ) ) ;
#4372 = DIRECTION ( 'NONE',  ( 1.000000000000000000, 0.000000000000000000, 0.000000000000000000 ) ) ;
#4373 = CARTESIAN_POINT ( 'NONE',  ( -0.5312500000000000000, -0.3067173305069887945, -0.2025506638403220261 ) ) ;
#4374 = VERTEX_POINT ( 'NONE', #3438 ) ;
#4375 = CARTESIAN_POINT ( 'NONE',  ( 0.3894337567297408986, 4.769188036590061868E-17, -0.9999999999999998890 ) ) ;
#4376 = DIRECTION ( 'NONE',  ( 0.000000000000000000, 0.000000000000000000, 1.000000000000000000 ) ) ;
#4377 = CARTESIAN_POINT ( 'NONE',  ( 0.4775507706524079743, -0.1934717802460846625, -0.8012462797619722688 ) ) ;
#4378 = CARTESIAN_POINT ( 'NONE',  ( 0.000000000000000000, 0.000000000000000000, -0.2499999999999998057 ) ) ;
#4379 = CARTESIAN_POINT ( 'NONE',  ( 0.1146966306052575602, 0.4943357467088049795, -0.7782782986515074386 ) ) ;
#4380 = CARTESIAN_POINT ( 'NONE',  ( -0.4569612751525023442, -0.007655763179853677415, -1.017671130952402025 ) ) ;
#4381 = DIRECTION ( 'NONE',  ( 1.000000000000000000, 0.000000000000000000, 0.000000000000000000 ) ) ;
#4382 = CARTESIAN_POINT ( 'NONE',  ( -0.3352676072767856175, -0.3142577089140725644, -0.9378720238093583017 ) ) ;
#4383 = CARTESIAN_POINT ( 'NONE',  ( -0.5119904595439082051, -0.08487873163440785851, -0.4088401050928015534 ) ) ;
#4384 = CARTESIAN_POINT ( 'NONE',  ( 0.4528342017797897245, -0.1535195727408040223, -0.3340773809523179816 ) ) ;
#4385 = CARTESIAN_POINT ( 'NONE',  ( -0.07445584863008562759, -0.4763407193094312819, -0.2160528273809435018 ) ) ;
#4387 = CARTESIAN_POINT ( 'NONE',  ( 0.4822779786702113269, 0.1637983967971976818, -0.7183928151803609108 ) ) ;
#4386 = CARTESIAN_POINT ( 'NONE',  ( 0.4956316350608508392, -0.1151141033133590980, -0.7347351940083369781 ) ) ;
#4388 = CARTESIAN_POINT ( 'NONE',  ( 0.4397538213889429226, 0.2537247851945829691, -0.7976131732865210378 ) ) ;
#4389 = CARTESIAN_POINT ( 'NONE',  ( 0.2550344678177499103, -0.4412875952205539409, -0.7340089912837709507 ) ) ;
#4390 = CARTESIAN_POINT ( 'NONE',  ( -0.3418480905225274591, 0.2995572198437578271, -1.088541666666668961 ) ) ;
#4391 = CARTESIAN_POINT ( 'NONE',  ( -0.4641847468477753313, -0.1201150749282357127, -0.2917596726190588297 ) ) ;
#4392 = CARTESIAN_POINT ( 'NONE',  ( -0.2917803623462228990, 0.3799486586504118857, -0.3050595238095740735 ) ) ;
#4393 = CARTESIAN_POINT ( 'NONE',  ( -0.3014269447293219106, -0.3731685632143712517, -0.2934337797618910004 ) ) ;
#4394 = ORIENTED_EDGE ( 'NONE', *, *, #3261, .F. ) ;
#4395 = CARTESIAN_POINT ( 'NONE',  ( -0.4641740249134289065, 0.06092560107143191878, -0.6532738095237765608 ) ) ;
#4396 = CARTESIAN_POINT ( 'NONE',  ( 0.03106788254509068939, 0.4710682778803469972, -0.5364583333332766379 ) ) ;
#4397 = EDGE_LOOP ( 'NONE', ( #117, #6307, #3450 ) ) ;
#4398 = CARTESIAN_POINT ( 'NONE',  ( -0.5023048930764041353, 0.06609663729140825839, -0.8307434635253022615 ) ) ;
#4399 = CARTESIAN_POINT ( 'NONE',  ( -0.4931262649942006471, 0.1858281180416775091, -0.4817708333333802773 ) ) ;
#4400 = CARTESIAN_POINT ( 'NONE',  ( -0.2330116826232355165, -0.4039516132475904353, -0.7113095238095322737 ) ) ;
#4401 = CARTESIAN_POINT ( 'NONE',  ( -0.2656249999999998335, -0.4600759957604831363, 0.000000000000000000 ) ) ;
#4402 = CARTESIAN_POINT ( 'NONE',  ( 0.4577315082433036642, -0.01892110272330848816, -0.9826078869047590869 ) ) ;
#4403 = CARTESIAN_POINT ( 'NONE',  ( -0.5208542893672056806, 0.01701094691194501157, -0.3396523439913057829 ) ) ;
#4404 = VERTEX_POINT ( 'NONE', #7952 ) ;
#4405 = CARTESIAN_POINT ( 'NONE',  ( -0.3637363178358604676, 0.3880532233992114999, -0.2704613095238243003 ) ) ;
#4406 = CARTESIAN_POINT ( 'NONE',  ( -0.3444147171734812662, -0.3678836357065942697, -0.8913870123354147301 ) ) ;
#4407 = LINE ( 'NONE', #8157, #1810 ) ;
#4408 = CARTESIAN_POINT ( 'NONE',  ( -0.04631845447591184661, 0.5110661727361534012, -0.9230840773809394495 ) ) ;
#4409 = CARTESIAN_POINT ( 'NONE',  ( 0.4596497490911705119, 0.02616464792573496359, -0.9011346726189239931 ) ) ;
#4410 = CARTESIAN_POINT ( 'NONE',  ( -0.4603360372583939486, -0.2276796705228871232, -0.6097451714838908465 ) ) ;
#4411 = EDGE_CURVE ( 'NONE', #3484, #3529, #4874, .T. ) ;
#4412 = CARTESIAN_POINT ( 'NONE',  ( 0.4785731755811885590, 0.04337332646844024170, -0.2668340773809548261 ) ) ;
#4413 = ORIENTED_EDGE ( 'NONE', *, *, #7534, .T. ) ;
#4414 = CARTESIAN_POINT ( 'NONE',  ( 0.2858502077006747633, -0.3604698749550172554, -0.9120163690477001150 ) ) ;
#4415 = CARTESIAN_POINT ( 'NONE',  ( -0.1717642895282700810, -0.4239684906852195234, -0.9954427083331900405 ) ) ;
#4416 = CARTESIAN_POINT ( 'NONE',  ( 0.1098455755485728408, -0.5076319799437730707, -0.6694568452380923462 ) ) ;
#4417 = CARTESIAN_POINT ( 'NONE',  ( 0.3484129380651088681, -0.2953116612537011187, -0.9903970341777940112 ) ) ;
#4418 = CARTESIAN_POINT ( 'NONE',  ( -0.2546225060915977556, 0.4402083314215761156, -0.7697231323754292198 ) ) ;
#4419 = CARTESIAN_POINT ( 'NONE',  ( 0.4577315082468010887, -0.01892110271189615875, -0.9826078869048116005 ) ) ;
#4420 = AXIS2_PLACEMENT_3D ( 'NONE', #7108, #7845, #1457 ) ;
#4421 = CARTESIAN_POINT ( 'NONE',  ( 0.01709529243377060082, -0.5172915419061671072, -0.4538800041027067356 ) ) ;
#4422 = CARTESIAN_POINT ( 'NONE',  ( 0.1511285198218978165, 0.4329581440946901338, -0.9680989583332925141 ) ) ;
#4423 = EDGE_CURVE ( 'NONE', #7087, #3618, #2305, .T. ) ;
#4424 = CARTESIAN_POINT ( 'NONE',  ( 0.4500685402542330404, -0.1403652720779273444, -0.5570126488095632489 ) ) ;
#4425 = CARTESIAN_POINT ( 'NONE',  ( 0.4100470490599687490, -0.2232996099047335758, -0.6931733630952110481 ) ) ;
#4426 = VECTOR ( 'NONE', #3236, 39.37007874015748854 ) ;
#4427 = CARTESIAN_POINT ( 'NONE',  ( -0.3014269447181890937, -0.3731685632213292969, -0.2845052083333001747 ) ) ;
#4428 = CARTESIAN_POINT ( 'NONE',  ( -0.4769931670303275695, -0.06696144916095682353, -0.2305617559524265614 ) ) ;
#4430 = CARTESIAN_POINT ( 'NONE',  ( -0.01696837083295536439, 0.5095017534058374764, -0.7038793299104406653 ) ) ;
#4429 = CARTESIAN_POINT ( 'NONE',  ( -0.03274995484403377122, -0.5072741539804804800, -0.7507247183342246055 ) ) ;
#4431 = CARTESIAN_POINT ( 'NONE',  ( -0.4201355533111245655, -0.3011422933573232874, -0.4750647249968153463 ) ) ;
#4432 = CARTESIAN_POINT ( 'NONE',  ( -0.1196312269112825843, -0.5100035002851140975, -0.2526146090802248723 ) ) ;
#4433 = CIRCLE ( 'NONE', #4957, 0.3750000000000000555 ) ;
#4434 = CARTESIAN_POINT ( 'NONE',  ( -0.1691972618052309252, -0.4489924714806788897, -0.2808779761904460770 ) ) ;
#4435 = CARTESIAN_POINT ( 'NONE',  ( -0.4714787303068083690, -0.07368786288641741844, -0.3643043154761615443 ) ) ;
#4436 = CARTESIAN_POINT ( 'NONE',  ( -0.2646457741240064165, -0.4028150451185116276, -0.2208891369047182307 ) ) ;
#4437 = VECTOR ( 'NONE', #7462, 39.37007874015748143 ) ;
#4438 = ORIENTED_EDGE ( 'NONE', *, *, #2656, .F. ) ;
#4439 = CARTESIAN_POINT ( 'NONE',  ( 0.1211942611214052862, 0.4515682062813369813, -0.6726190476190267997 ) ) ;
#4440 = VECTOR ( 'NONE', #4913, 39.37007874015748854 ) ;
#4441 = CARTESIAN_POINT ( 'NONE',  ( -0.3911364960075131014, -0.2657706400999611529, -0.5110677083333464710 ) ) ;
#4442 = EDGE_LOOP ( 'NONE', ( #1252, #6088, #2582, #7234, #723 ) ) ;
#4443 = CARTESIAN_POINT ( 'NONE',  ( -0.09444213922310512599, 0.4731251463804949653, -0.2500000000000000000 ) ) ;
#4444 = AXIS2_PLACEMENT_3D ( 'NONE', #8047, #546, #8087 ) ;
#4445 = CARTESIAN_POINT ( 'NONE',  ( 0.03464953079428229055, 0.5253821687886549574, -0.4962797619047591424 ) ) ;
#4446 = CARTESIAN_POINT ( 'NONE',  ( 0.4714963401989659131, 0.007899405029868786232, -0.5444568452380541546 ) ) ;
#4447 = LOCAL_TIME ( 0, 50, 45.00000000000000000, #5797 ) ;
#4448 = CARTESIAN_POINT ( 'NONE',  ( 0.3125000000000000000, 0.000000000000000000, -0.1689462113107774999 ) ) ;
#4449 = CARTESIAN_POINT ( 'NONE',  ( -0.4205715105972241408, -0.1903522257529693118, -0.8701636904761465008 ) ) ;
#4450 = CARTESIAN_POINT ( 'NONE',  ( 0.5197537368049262030, 1.049043684718248397E-12, -0.3749999999999770184 ) ) ;
#4451 = VERTEX_POINT ( 'NONE', #7999 ) ;
#4452 = CARTESIAN_POINT ( 'NONE',  ( -0.4773382169156945021, -0.2356291366029704959, -0.2559523809523529536 ) ) ;
#4453 = CARTESIAN_POINT ( 'NONE',  ( 0.1148100819063142403, -0.4910480173120701508, -0.8802208230634298580 ) ) ;
#4454 = CARTESIAN_POINT ( 'NONE',  ( -0.4110721733469007155, 0.2939338956760083610, -0.8463428008227492638 ) ) ;
#4455 = CARTESIAN_POINT ( 'NONE',  ( -0.1527985733275590285, 0.4899627246949610493, -0.9206659226190604395 ) ) ;
#4456 = CARTESIAN_POINT ( 'NONE',  ( -0.4205939910214304134, 0.1949394399361805419, -0.7995721726190386791 ) ) ;
#4457 = CARTESIAN_POINT ( 'NONE',  ( 0.1355670428824198581, -0.5038804634676509187, -0.3184327111761057205 ) ) ;
#4458 = CARTESIAN_POINT ( 'NONE',  ( 3.849200453776103040E-17, -0.6134346610139772560, -0.2499999999999998057 ) ) ;
#4459 = ORIENTED_EDGE ( 'NONE', *, *, #6622, .F. ) ;
#4460 = CARTESIAN_POINT ( 'NONE',  ( 0.01497370498173638230, 0.4629161335957175383, -0.8128720238094655492 ) ) ;
#4461 = CARTESIAN_POINT ( 'NONE',  ( 0.3845905645366509695, -0.2526726737841660797, -0.9083891369046944719 ) ) ;
#4462 = CARTESIAN_POINT ( 'NONE',  ( 0.5053352402918768194, 0.1224040909714008696, -0.6513206845237965448 ) ) ;
#4463 = CARTESIAN_POINT ( 'NONE',  ( -0.03425663428601372767, 0.5158449826276083616, -0.4992381664859914525 ) ) ;
#4464 = CARTESIAN_POINT ( 'NONE',  ( 0.02171043706433922402, 0.4718721690432192140, -0.9740532477588040861 ) ) ;
#4465 = CARTESIAN_POINT ( 'NONE',  ( 0.007691627742190970500, 0.4586257711509112989, -0.9644717261905343397 ) ) ;
#4466 = DIRECTION ( 'NONE',  ( 1.000000000000000000, 0.000000000000000000, 0.000000000000000000 ) ) ;
#4467 = CARTESIAN_POINT ( 'NONE',  ( 0.4078446056523910568, 0.2139287135233670090, -0.9052269345237813347 ) ) ;
#4468 = CARTESIAN_POINT ( 'NONE',  ( -0.3684150865194474878, 0.2921609818747689657, -0.5969122023809189104 ) ) ;
#4469 = ADVANCED_FACE ( 'NONE', ( #7508 ), #858, .F. ) ;
#4470 = CARTESIAN_POINT ( 'NONE',  ( -0.4215327827102156588, 0.2034041356154410451, -0.6569010416667071528 ) ) ;
#4471 = EDGE_CURVE ( 'NONE', #3618, #2169, #6229, .T. ) ;
#4472 = DIRECTION ( 'NONE',  ( -0.8571673007021139989, 0.000000000000000000, -0.5150380749100514910 ) ) ;
#4473 = CARTESIAN_POINT ( 'NONE',  ( 0.4923718376255342699, -0.1274174008145471104, -1.014043898809473987 ) ) ;
#4474 = CARTESIAN_POINT ( 'NONE',  ( 0.1933493714985644041, -0.4271933673404840204, -0.6380208333333367010 ) ) ;
#4476 = CARTESIAN_POINT ( 'NONE',  ( -0.3837326443148777466, 0.3360470917481447328, -0.6945750933657094395 ) ) ;
#4475 = CARTESIAN_POINT ( 'NONE',  ( -0.04334425467148763506, 0.5884098439115700296, -0.2169987487308233098 ) ) ;
#4477 = CARTESIAN_POINT ( 'NONE',  ( 0.5024330869840092362, -0.1167222488580240136, -0.5104278198618584783 ) ) ;
#4478 = ADVANCED_FACE ( 'NONE', ( #1726, #5567 ), #1071, .T. ) ;
#4479 = CARTESIAN_POINT ( 'NONE',  ( 0.1322615497219309100, -0.4912647028048041653, -0.7369797231418392380 ) ) ;
#4480 = CARTESIAN_POINT ( 'NONE',  ( 2.366684716247607518E-09, -0.4794718509894194680, -0.2053571357174279466 ) ) ;
#4481 = CARTESIAN_POINT ( 'NONE',  ( 0.1351340081915392843, -0.4583013914640246544, -0.3449590773810238264 ) ) ;
#4482 = CARTESIAN_POINT ( 'NONE',  ( 0.5100255955592399859, -0.03325307403099137665, -0.6614552268819154923 ) ) ;
#4483 = ORIENTED_EDGE ( 'NONE', *, *, #3828, .F. ) ;
#4484 = CARTESIAN_POINT ( 'NONE',  ( 0.03106788254180826991, 0.4710682778770375334, -0.5275297619047590869 ) ) ;
#4485 = CARTESIAN_POINT ( 'NONE',  ( -0.3329883103071697437, 0.3382179857903145348, -0.4554501488095178963 ) ) ;
#4486 = VERTEX_POINT ( 'NONE', #3597 ) ;
#4487 = CARTESIAN_POINT ( 'NONE',  ( -0.4611117805411439341, -0.2510983354394885070, -0.5434337797619086530 ) ) ;
#4488 = CARTESIAN_POINT ( 'NONE',  ( 0.4453283897341043240, 0.1554379278496512140, -0.5408296130952424674 ) ) ;
#4489 =( NAMED_UNIT ( * ) PLANE_ANGLE_UNIT ( ) SI_UNIT ( $, .RADIAN. ) );
#4490 = CARTESIAN_POINT ( 'NONE',  ( 0.3868104250598221050, 0.2541215481898111972, -0.8326822916665845842 ) ) ;
#4491 = CARTESIAN_POINT ( 'NONE',  ( -0.4701808895344298245, 0.01520863170400998249, -0.5896577380952305880 ) ) ;
#4492 = ORIENTED_EDGE ( 'NONE', *, *, #3871, .F. ) ;
#4493 = CARTESIAN_POINT ( 'NONE',  ( -0.4456644855039385567, -0.2870928060779077695, -0.3260788690475742713 ) ) ;
#4494 = CARTESIAN_POINT ( 'NONE',  ( 0.3073634109462686226, -0.3999947432875864406, -0.8753758627617169719 ) ) ;
#4495 = CARTESIAN_POINT ( 'NONE',  ( -0.5144945093112676116, 0.01674175106593155798, -0.5439163886236889622 ) ) ;
#4496 = CARTESIAN_POINT ( 'NONE',  ( 0.5121169388727851990, -0.02116874262895209954, -0.9424293154762678482 ) ) ;
#4497 = CARTESIAN_POINT ( 'NONE',  ( -0.1847849058332407812, -0.4257722838236286944, -0.7814360119045180575 ) ) ;
#4498 = CARTESIAN_POINT ( 'NONE',  ( -0.03401155321640878665, -0.5214275010981147540, -0.3221607898997603248 ) ) ;
#4499 = CARTESIAN_POINT ( 'NONE',  ( 0.2656249999999998335, 0.4600759957604829697, 0.000000000000000000 ) ) ;
#4500 = VERTEX_POINT ( 'NONE', #2394 ) ;
#4501 = CARTESIAN_POINT ( 'NONE',  ( -0.4588662950442152222, 0.04880718796529313203, -0.8672805059524718585 ) ) ;
#4502 = B_SPLINE_CURVE_WITH_KNOTS ( 'NONE', 3,
 ( #234, #2097, #7122, #7083, #5146, #854, #2010, #5229, #5842, #1470, #2631, #6460, #2711, #3337, #4535, #3258, #2593, #5108, #3877, #1307, #3299, #3996, #735, #3921, #1347, #189, #6499, #5267, #67, #3378, #4577, #6421, #3838, #777, #2753, #5723, #6378, #7663, #1429, #5764, #7039, #694, #814, #7781, #6340, #2135, #7623, #1973, #4495, #7001 ),
 .UNSPECIFIED., .F., .F.,
 ( 4, 2, 2, 2, 2, 2, 2, 2, 2, 2, 2, 2, 2, 2, 2, 2, 2, 2, 2, 2, 2, 2, 2, 2, 4 ),
 ( 0.4778651969720639769, 0.4804366149893792293, 0.4817223239980368277, 0.4830080330066944261, 0.4855794510240096784, 0.4868651600326672768, 0.4881508690413248752, 0.4894365780499825291, 0.4907222870586401275, 0.4932937050759553799, 0.4945794140846129783, 0.4958651230932705767, 0.4984365411105858290, 0.4997222501192434274, 0.5010079591279010813, 0.5035793771452162781, 0.5048650861538739321, 0.5061507951625314750, 0.5074365041711891289, 0.5087222131798467828, 0.5112936311971619796, 0.5138650492144771764, 0.5164364672317924843, 0.5177221762404500272, 0.5190078852491076811 ),
 .UNSPECIFIED. ) ;
#4503 = CARTESIAN_POINT ( 'NONE',  ( 0.06392986415244625298, -0.4553992716715522526, -0.9180617559523263083 ) ) ;
#4504 = CARTESIAN_POINT ( 'NONE',  ( -0.2140735630040661308, -0.4729618294425719793, -0.6767113095239154497 ) ) ;
#4505 = CARTESIAN_POINT ( 'NONE',  ( 0.2278165411471072266, 0.4629617283938326500, -0.5051984294099682860 ) ) ;
#4506 = CARTESIAN_POINT ( 'NONE',  ( -0.3390791148777027031, 0.3865144768612743809, -0.5632419773499793836 ) ) ;
#4507 = CARTESIAN_POINT ( 'NONE',  ( -0.03757752589117490521, -0.4604918562924030789, -0.8580729166667709906 ) ) ;
#4508 = DIRECTION ( 'NONE',  ( 0.000000000000000000, 0.000000000000000000, 1.000000000000000000 ) ) ;
#4509 = CARTESIAN_POINT ( 'NONE',  ( -0.1300234408995291913, -0.4409414930941523703, -0.9318266369048581188 ) ) ;
#4510 = CARTESIAN_POINT ( 'NONE',  ( -0.4685954259448010806, -0.07755313334241681344, -0.4445684523809396160 ) ) ;
#4511 = CARTESIAN_POINT ( 'NONE',  ( 0.3192285488116181624, -0.3405706837457476155, -0.6968005952381005619 ) ) ;
#4512 = CARTESIAN_POINT ( 'NONE',  ( -0.4364775571730133974, 0.2502423185966867192, -0.9166255665658294971 ) ) ;
#4513 = CARTESIAN_POINT ( 'NONE',  ( -0.4626778237163051144, -0.2144354932654507495, -0.9705171130953257341 ) ) ;
#4514 = CARTESIAN_POINT ( 'NONE',  ( 0.4653753459771556300, 0.06107524034204136337, -0.6235119047619301913 ) ) ;
#4516 = CARTESIAN_POINT ( 'NONE',  ( -0.2203703785217646094, -0.4862037636530169293, -0.2500000000000000555 ) ) ;
#4515 = CARTESIAN_POINT ( 'NONE',  ( -0.5189773387218949985, -0.03392186996651556236, -0.3999364303936334131 ) ) ;
#4517 = CARTESIAN_POINT ( 'NONE',  ( -0.03334371511513768704, -0.5142359358379468004, -0.5264202517349774180 ) ) ;
#4518 = CARTESIAN_POINT ( 'NONE',  ( 0.4764984565817256268, -0.1792262454415042561, -0.7262003742323134281 ) ) ;
#4519 = CARTESIAN_POINT ( 'NONE',  ( -0.01569040842514169906, -0.4792711689531397590, -0.2057291642867617176 ) ) ;
#4520 = CARTESIAN_POINT ( 'NONE',  ( 0.4338152240932365844, 0.1963465172272696735, -0.3969494047619079313 ) ) ;
#4521 = FACE_OUTER_BOUND ( 'NONE', #5301, .T. ) ;
#4522 = ADVANCED_FACE ( 'NONE', ( #1817 ), #1639, .T. ) ;
#4523 = CARTESIAN_POINT ( 'NONE',  ( -0.4133083228713240187, -0.2250665013708945950, -0.5746837797619086530 ) ) ;
#4524 = CARTESIAN_POINT ( 'NONE',  ( -0.06202110644199299028, 0.4725820932793962648, -0.3913690476190251899 ) ) ;
#4525 = ORIENTED_EDGE ( 'NONE', *, *, #7380, .T. ) ;
#4526 = CARTESIAN_POINT ( 'NONE',  ( 0.5193443556142773865, 0.06815852692401720703, -0.5833333333333150517 ) ) ;
#4527 = CARTESIAN_POINT ( 'NONE',  ( 0.4562120130434049181, 0.1105048907409500319, -0.6133742559523477356 ) ) ;
#4528 = CARTESIAN_POINT ( 'NONE',  ( 4.597669439873847705E-17, -0.3754282004472574985, 1.185470590824565962 ) ) ;
#4529 = CARTESIAN_POINT ( 'NONE',  ( 0.2829261392339183501, -0.3684191222159465262, -0.7782738095238985743 ) ) ;
#4530 = CARTESIAN_POINT ( 'NONE',  ( -0.01949157363649363026, 0.4717278446272791803, -0.5352492559524341109 ) ) ;
#4531 = ADVANCED_FACE ( 'NONE', ( #4868 ), #459, .T. ) ;
#4532 = ORIENTED_EDGE ( 'NONE', *, *, #5018, .T. ) ;
#4533 = CARTESIAN_POINT ( 'NONE',  ( 0.5289106933681229084, 0.04793586136850480628, -0.2958519345238243003 ) ) ;
#4534 = FACE_OUTER_BOUND ( 'NONE', #6205, .T. ) ;
#4535 = CARTESIAN_POINT ( 'NONE',  ( 0.3388142405479827035, 0.3864846310812845021, -0.5695845616366495001 ) ) ;
#4536 = CARTESIAN_POINT ( 'NONE',  ( -0.4103893580156587340, -0.3093402333628876288, -0.8989025297620063526 ) ) ;
#4537 = CARTESIAN_POINT ( 'NONE',  ( -0.08274107978817535347, 0.4557837520777036633, -0.8104538690476772445 ) ) ;
#4538 = CARTESIAN_POINT ( 'NONE',  ( -0.06636271516500021062, -0.5087568146998570073, -0.5985910025132115120 ) ) ;
#4539 = CARTESIAN_POINT ( 'NONE',  ( 0.4760090604589147234, -0.2152536005490037485, -0.2983670869839091244 ) ) ;
#4540 = ORIENTED_EDGE ( 'NONE', *, *, #4579, .F. ) ;
#4541 = CARTESIAN_POINT ( 'NONE',  ( 0.4542534307163542673, 0.07517939154478309183, -0.8999255952380763590 ) ) ;
#4542 = CARTESIAN_POINT ( 'NONE',  ( -0.4592442421773599848, -0.003570348203192806862, -0.9374069940475698859 ) ) ;
#4543 = CARTESIAN_POINT ( 'NONE',  ( 0.08001617899256018018, 0.5119155622217322898, -0.7093563988095276107 ) ) ;
#4544 = CARTESIAN_POINT ( 'NONE',  ( -0.4099837091640605169, 0.3140884909419121018, -0.4895662219163368634 ) ) ;
#4545 = CARTESIAN_POINT ( 'NONE',  ( 0.3026962523473901712, 0.3563290181388863997, -0.9788818763348569041 ) ) ;
#4546 = CARTESIAN_POINT ( 'NONE',  ( -0.4370771897639142978, 0.1406316020879900819, -0.9499627976191652445 ) ) ;
#4547 = CARTESIAN_POINT ( 'NONE',  ( 0.2006957217439711560, -0.4954033910559825782, -0.2411644345238345699 ) ) ;
#4548 = CARTESIAN_POINT ( 'NONE',  ( -0.4995226938412350992, -0.1336922557391512778, -0.4691369242611650447 ) ) ;
#4549 = CARTESIAN_POINT ( 'NONE',  ( 0.1087937044281982041, -0.4491477571967528726, -0.8544456845237509146 ) ) ;
#4550 = CARTESIAN_POINT ( 'NONE',  ( -0.06595092082979303605, 0.4697952019133269097, -0.4627046130952371938 ) ) ;
#4551 = CARTESIAN_POINT ( 'NONE',  ( 0.3661650359496440577, 0.2903665126681245212, -0.6798735119047354392 ) ) ;
#4552 = CARTESIAN_POINT ( 'NONE',  ( -0.5312500000000000000, -0.2567973722317757335, -0.03303868548561167406 ) ) ;
#4553 = CARTESIAN_POINT ( 'NONE',  ( 0.07095684820931776049, -0.5054522827349282599, -0.9560081845238419529 ) ) ;
#4554 = CARTESIAN_POINT ( 'NONE',  ( 0.02671059109664744580, 0.4690991036317489482, -0.6077938988095001882 ) ) ;
#4556 = CARTESIAN_POINT ( 'NONE',  ( -0.06683527426430951879, 0.5054226576013226557, -0.7027669080442651151 ) ) ;
#4555 = DIRECTION ( 'NONE',  ( -1.000000000000000000, 0.000000000000000000, 0.000000000000000000 ) ) ;
#4557 = CARTESIAN_POINT ( 'NONE',  ( -0.4882733084290481473, -0.1659905267317184074, -0.5398248240197012215 ) ) ;
#4558 = CARTESIAN_POINT ( 'NONE',  ( -0.3472441281389255230, -0.3713375605353331221, -0.7485149411776409467 ) ) ;
#4559 = EDGE_CURVE ( 'NONE', #7655, #1937, #2436, .T. ) ;
#4560 = CARTESIAN_POINT ( 'NONE',  ( 0.5111819204379135506, 0.01666905787826119395, -0.6503104455744750378 ) ) ;
#4561 = CARTESIAN_POINT ( 'NONE',  ( -0.1122160770806882174, 0.4632762688952740127, -0.3812313988095653028 ) ) ;
#4562 = CARTESIAN_POINT ( 'NONE',  ( 0.4535456859076913982, -0.1583146137802273756, -0.2716703869047581432 ) ) ;
#4563 = CARTESIAN_POINT ( 'NONE',  ( -0.1072620293588915225, -0.4608341888806353759, -0.4936755952380806334 ) ) ;
#4564 = CARTESIAN_POINT ( 'NONE',  ( -0.2519336454912654011, 0.4047901593321434066, -0.3865327380952895409 ) ) ;
#4565 = AXIS2_PLACEMENT_3D ( 'NONE', #7964, #1698, #7393 ) ;
#4566 = VERTEX_POINT ( 'NONE', #1768 ) ;
#4567 = CARTESIAN_POINT ( 'NONE',  ( 0.02980447856474881946, 0.5234429607865636047, -0.5676153273809853017 ) ) ;
#4568 = CARTESIAN_POINT ( 'NONE',  ( -0.1511859145447178032, -0.4459504594328541072, -0.5662202380952546799 ) ) ;
#4569 = DIRECTION ( 'NONE',  ( 0.000000000000000000, 1.047310526070460688E-16, -1.000000000000000000 ) ) ;
#4570 = CARTESIAN_POINT ( 'NONE',  ( -0.4606276116725356307, 0.05318086127572766580, -0.8048735119047244480 ) ) ;
#4571 = CARTESIAN_POINT ( 'NONE',  ( 0.07672015055115455340, 0.4635138335990482417, -0.6090029761904749428 ) ) ;
#4572 = CONICAL_SURFACE ( 'NONE', #3253, 0.3975000000000000755, 0.09425767512363275591 ) ;
#4573 = VERTEX_POINT ( 'NONE', #1686 ) ;
#4574 = AXIS2_PLACEMENT_3D ( 'NONE', #3761, #448, #7337 ) ;
#4575 = CARTESIAN_POINT ( 'NONE',  ( 0.4531864999632353452, -0.2764510000599120776, -0.3031063988095577533 ) ) ;
#4576 = CARTESIAN_POINT ( 'NONE',  ( -0.4865319860855345513, -0.1305757217132097470, -0.8977035192102374994 ) ) ;
#4577 = CARTESIAN_POINT ( 'NONE',  ( -0.1656792209122841530, 0.4878153780898904501, -0.5576842161266859499 ) ) ;
#4578 = CARTESIAN_POINT ( 'NONE',  ( -0.4662053559747657006, -0.2160704183904754994, -0.9013206845237080600 ) ) ;
#4579 = EDGE_CURVE ( 'NONE', #6175, #4500, #1857, .T. ) ;
#4580 = CARTESIAN_POINT ( 'NONE',  ( 0.3573283686511690704, -0.3804785241063951551, -0.3128550207883702416 ) ) ;
#4581 = CARTESIAN_POINT ( 'NONE',  ( 0.4877972296656561957, 0.3318047991565571952, -0.03296507938155257555 ) ) ;
#4582 = EDGE_LOOP ( 'NONE', ( #2040, #4615, #7006, #6608, #7893, #3916 ) ) ;
#4583 = CARTESIAN_POINT ( 'NONE',  ( -0.4202930880994462104, 0.1902349480283500593, -0.8709077380952131575 ) ) ;
#4584 = CARTESIAN_POINT ( 'NONE',  ( 0.4434397747873270457, -0.1147550294862402370, -0.9760974702380977863 ) ) ;
#4585 = CARTESIAN_POINT ( 'NONE',  ( -0.5096170461628942716, -0.09724813449333875870, -0.6875930059523384097 ) ) ;
#4586 = DIRECTION ( 'NONE',  ( -0.000000000000000000, -1.047310526070460688E-16, 1.000000000000000000 ) ) ;
#4587 = CARTESIAN_POINT ( 'NONE',  ( -0.3212376531633388543, 0.3550931328715163926, -0.9683217066207958634 ) ) ;
#4588 = CARTESIAN_POINT ( 'NONE',  ( -0.1797521681694363160, 0.4245933966653112068, -0.8882998511904230954 ) ) ;
#4589 = AXIS2_PLACEMENT_3D ( 'NONE', #26, #1848, #4900 ) ;
#4590 = CARTESIAN_POINT ( 'NONE',  ( -0.4808245636752195296, -0.2373501392957805545, -0.1867559523809432798 ) ) ;
#4591 = FACE_OUTER_BOUND ( 'NONE', #5471, .T. ) ;
#4592 = CARTESIAN_POINT ( 'NONE',  ( 0.4638154768770586522, -0.03058960744849071808, -0.7686011904760483571 ) ) ;
#4593 = CARTESIAN_POINT ( 'NONE',  ( -0.2511398023964176440, -0.4034996199283802376, -0.4348958333333269866 ) ) ;
#4594 = CARTESIAN_POINT ( 'NONE',  ( 0.003626918144340060112, -0.4665125754975661398, -0.7052641369047973896 ) ) ;
#4595 = UNCERTAINTY_MEASURE_WITH_UNIT (LENGTH_MEASURE( 1.000000000000000082E-05 ), #6454, 'distance_accuracy_value', 'NONE');
#4596 = DIRECTION ( 'NONE',  ( -0.03112001302225914090, 3.811102433713360910E-18, 0.9995156550997559286 ) ) ;
#4597 = CARTESIAN_POINT ( 'NONE',  ( -0.4334755665720149143, -0.2644178917147775310, -1.040643601190509804 ) ) ;
#4598 = CARTESIAN_POINT ( 'NONE',  ( 0.2379474349350300943, -0.4040983416224473990, -0.6368117559523531757 ) ) ;
#4600 = CARTESIAN_POINT ( 'NONE',  ( 0.5153060937665838726, -1.765029914656520124E-15, -0.5178498388460922586 ) ) ;
#4599 = CARTESIAN_POINT ( 'NONE',  ( -0.2430822995056200753, 0.4730910299591744028, -0.2500000000000001665 ) ) ;
#4601 = CARTESIAN_POINT ( 'NONE',  ( -0.06694310261773765702, -0.5109258485643685122, -0.5271623371493955323 ) ) ;
#4602 = CARTESIAN_POINT ( 'NONE',  ( -0.1626407373148596180, -0.4800059129021319593, -0.8251399826440806162 ) ) ;
#4603 = CARTESIAN_POINT ( 'NONE',  ( -0.03420944773385910243, 0.5117047843280230213, -0.6320623841206749471 ) ) ;
#4604 = CARTESIAN_POINT ( 'NONE',  ( 0.2834227716908260808, 0.3884268342942707175, -0.2482328869048396336 ) ) ;
#4605 = CARTESIAN_POINT ( 'NONE',  ( -0.4769931670214697106, -0.06696144917080582015, -0.2305617559523886473 ) ) ;
#4606 = CARTESIAN_POINT ( 'NONE',  ( 0.3458737602288813884, 0.3241993887075514946, -0.4646577380952110481 ) ) ;
#4607 = CARTESIAN_POINT ( 'NONE',  ( -0.06595092082035111658, 0.4697952019140276825, -0.4627046130952294778 ) ) ;
#4608 = ORIENTED_EDGE ( 'NONE', *, *, #1235, .T. ) ;
#4609 = CARTESIAN_POINT ( 'NONE',  ( 0.4573980192645878962, -0.2638406010916944933, -0.4479166666665929664 ) ) ;
#4610 = CARTESIAN_POINT ( 'NONE',  ( 0.1724685850813006960, 0.4369385539510873273, -0.6024925595238134202 ) ) ;
#4611 = CARTESIAN_POINT ( 'NONE',  ( -0.1218148023602255853, 0.4539111326771862465, -0.5952380952380814660 ) ) ;
#4612 = PERSON_AND_ORGANIZATION_ROLE ( 'design_owner' ) ;
#4613 = CARTESIAN_POINT ( 'NONE',  ( -0.3397180383341575904, -0.3127473283419986982, -0.8665364583333922122 ) ) ;
#4614 = CARTESIAN_POINT ( 'NONE',  ( -0.4382176059254586087, -0.1775283630440879501, -0.5134858630952322534 ) ) ;
#4615 = ORIENTED_EDGE ( 'NONE', *, *, #6284, .T. ) ;
#4616 = CARTESIAN_POINT ( 'NONE',  ( 0.2656249999999998335, 0.4600759957604829697, -0.2499999999999998057 ) ) ;
#4617 = CARTESIAN_POINT ( 'NONE',  ( 0.5133141923225371661, -0.06773861349724999426, -0.4479202595952718746 ) ) ;
#4618 = CARTESIAN_POINT ( 'NONE',  ( 0.5041862576258975270, -3.579147722949194563E-15, -0.8749978354362610844 ) ) ;
#4619 = CARTESIAN_POINT ( 'NONE',  ( 0.1709806776717694987, -0.4898570326198766200, -0.7417224702381511880 ) ) ;
#4620 = EDGE_CURVE ( 'NONE', #7495, #1927, #7176, .T. ) ;
#4621 = CARTESIAN_POINT ( 'NONE',  ( 0.4969004567389229687, -0.1329838139360618732, -0.5822272940409830566 ) ) ;
#4622 = CARTESIAN_POINT ( 'NONE',  ( 0.1681370162375654675, -0.4943179843634692427, -0.3076775723490277614 ) ) ;
#4623 = CARTESIAN_POINT ( 'NONE',  ( -0.3478786624263216498, -0.3103963177584321276, -0.7149367559524716365 ) ) ;
#4624 = EDGE_CURVE ( 'NONE', #482, #893, #5076, .T. ) ;
#4625 = CARTESIAN_POINT ( 'NONE',  ( -0.2215903425191540488, 0.4069248920533709013, -0.8068266369048762154 ) ) ;
#4626 = CARTESIAN_POINT ( 'NONE',  ( 0.1432928815966679759, 0.5025303899581458067, -0.5678943452381524093 ) ) ;
#4627 = CARTESIAN_POINT ( 'NONE',  ( -0.4809474100056804757, -0.06333112073685535914, -0.9612318724012216542 ) ) ;
#4628 = CARTESIAN_POINT ( 'NONE',  ( -0.04018256386099276767, 0.4723733065408015075, -0.9730954050629889718 ) ) ;
#4629 = CARTESIAN_POINT ( 'NONE',  ( 0.2387740628472451720, 0.3914216036795699627, -0.9705171130952985337 ) ) ;
#4630 = CARTESIAN_POINT ( 'NONE',  ( 0.1465517907680210785, -0.5139888046247871323, -0.2423735119046878383 ) ) ;
#4631 = CARTESIAN_POINT ( 'NONE',  ( 0.08255617556346182828, -0.4971477646963158303, -0.8909821202952569186 ) ) ;
#4632 = CARTESIAN_POINT ( 'NONE',  ( 0.3909532425159353841, 0.2518477643472939453, -0.7613467261903391625 ) ) ;
#4633 = CARTESIAN_POINT ( 'NONE',  ( -0.3604991319862496657, -0.3061025549064901874, -0.5098586309523671645 ) ) ;
#4634 = CARTESIAN_POINT ( 'NONE',  ( -0.5186186341837027980, 0.03378038529240989102, -0.4114573382165828686 ) ) ;
#4635 = CARTESIAN_POINT ( 'NONE',  ( -0.5002943035887735812, 6.126838175216457331E-17, -0.9999999999999998890 ) ) ;
#4636 = CARTESIAN_POINT ( 'NONE',  ( 0.4758846944028743975, -0.1793310087130447206, -1.015252976190474277 ) ) ;
#4637 = CARTESIAN_POINT ( 'NONE',  ( 0.003626918157113139581, -0.4665125754932135105, -0.7141927083333465820 ) ) ;
#4639 = CARTESIAN_POINT ( 'NONE',  ( -0.3517938277032323091, -0.3757889653400133256, -0.5442612480745606662 ) ) ;
#4638 = FACE_BOUND ( 'NONE', #5544, .T. ) ;
#4640 = CARTESIAN_POINT ( 'NONE',  ( -0.2995854205520485092, -0.4190383612409389613, -0.5327464910977899315 ) ) ;
#4641 = CARTESIAN_POINT ( 'NONE',  ( -0.4964139828904728935, -0.09890819566202795066, -0.8370406999868167386 ) ) ;
#4642 = CARTESIAN_POINT ( 'NONE',  ( 0.4428898472407885034, 0.2561611670105413685, -0.6447289240536483446 ) ) ;
#4643 = CARTESIAN_POINT ( 'NONE',  ( 0.2402752208567119907, 0.4165440113351952522, -0.2470238095237900777 ) ) ;
#4644 = DIRECTION ( 'NONE',  ( 0.8660254037844388186, 0.4999999999999998335, 0.000000000000000000 ) ) ;
#4645 = CARTESIAN_POINT ( 'NONE',  ( 0.4714963401989659131, 0.007899405029868786232, -0.5444568452380541546 ) ) ;
#4646 = CARTESIAN_POINT ( 'NONE',  ( -0.2511398023926533773, -0.4034996199366329139, -0.4348958333333401982 ) ) ;
#4647 = ORIENTED_EDGE ( 'NONE', *, *, #6223, .T. ) ;
#4648 = CARTESIAN_POINT ( 'NONE',  ( -0.1247351172126894142, -0.5149245463159292102, -0.3910900297618637445 ) ) ;
#4649 = CARTESIAN_POINT ( 'NONE',  ( 0.2756201445045913800, -0.3849580663652751866, -0.4840029761904958705 ) ) ;
#4650 = CARTESIAN_POINT ( 'NONE',  ( -0.2145963672684184642, 0.4182020304633344288, -0.5928199404762042324 ) ) ;
#4651 = CARTESIAN_POINT ( 'NONE',  ( -0.4398206580310710101, 0.1535238844733594621, -0.7359561011904467431 ) ) ;
#4652 = CARTESIAN_POINT ( 'NONE',  ( -0.1633146995225410181, 0.4454844604580815992, -0.4602864583333342585 ) ) ;
#4653 = ORIENTED_EDGE ( 'NONE', *, *, #6277, .F. ) ;
#4654 = CARTESIAN_POINT ( 'NONE',  ( 0.5044752730414376884, -0.03287525121016483115, -0.8657152097448468364 ) ) ;
#4655 = CARTESIAN_POINT ( 'NONE',  ( -0.4897322048198655686, 0.1842474327650601706, -0.2719394845682520101 ) ) ;
#4656 = CARTESIAN_POINT ( 'NONE',  ( -0.4933650077009555934, -0.1587335639895023076, -0.7598586309525920957 ) ) ;
#4657 = CARTESIAN_POINT ( 'NONE',  ( -0.3438712123799336218, -0.3919951249231637957, -0.3296059884520569083 ) ) ;
#4658 = CARTESIAN_POINT ( 'NONE',  ( 0.3181619464934992147, -0.4141467840700949754, -0.3039580956049781069 ) ) ;
#4659 = CARTESIAN_POINT ( 'NONE',  ( -0.2245239328352461317, -0.4036249966318640747, -0.8539806547619244181 ) ) ;
#4660 = CARTESIAN_POINT ( 'NONE',  ( 0.4458859159228070745, 0.2719882752409677473, -0.5763578869047703002 ) ) ;
#4661 = CARTESIAN_POINT ( 'NONE',  ( -0.5234018688828785404, -1.139692834856809784E-15, -0.2578289332277043933 ) ) ;
#4662 = CARTESIAN_POINT ( 'NONE',  ( 0.4804824966116901797, 0.1811145341165625033, -0.5851880808374261278 ) ) ;
#4663 = CARTESIAN_POINT ( 'NONE',  ( -0.2215903425296681661, 0.4069248920466738140, -0.8157552083331416348 ) ) ;
#4664 = CARTESIAN_POINT ( 'NONE',  ( 0.3119846375583203435, 0.3328309672291441812, -1.035342261904821815 ) ) ;
#4665 = EDGE_CURVE ( 'NONE', #4032, #1001, #4250, .T. ) ;
#4666 = CARTESIAN_POINT ( 'NONE',  ( 0.000000000000000000, 0.000000000000000000, -0.9999999999999998890 ) ) ;
#4667 = CARTESIAN_POINT ( 'NONE',  ( 0.3541447327323402061, -0.3007173399928819713, -0.7758556547618157273 ) ) ;
#4668 = CARTESIAN_POINT ( 'NONE',  ( -0.2557840986916026238, 0.3970636550525187269, -0.5292038690476115192 ) ) ;
#4669 = CARTESIAN_POINT ( 'NONE',  ( 0.3151798306733252231, 0.4112491111440289004, -0.4360027743234815012 ) ) ;
#4670 = CARTESIAN_POINT ( 'NONE',  ( 0.01045395030667160483, 0.5033354144364443616, -0.9288009638890037944 ) ) ;
#4671 = CARTESIAN_POINT ( 'NONE',  ( 0.5070535732216413516, 0.07924819326334195391, -0.8665364583333365900 ) ) ;
#4672 = CARTESIAN_POINT ( 'NONE',  ( -0.4657399352972836359, 0.2291692742884586798, -0.4058881868051858466 ) ) ;
#4674 = CARTESIAN_POINT ( 'NONE',  ( 0.4768072879193653302, -0.1972166989026547801, -0.5223061802544556320 ) ) ;
#4673 = CARTESIAN_POINT ( 'NONE',  ( 0.4513257467243962928, -0.2602552311365221027, -0.3709105028935190673 ) ) ;
#4675 = CARTESIAN_POINT ( 'NONE',  ( 0.4910536628729921249, 0.03679925690654570897, -0.2499999999999998612 ) ) ;
#4676 = CARTESIAN_POINT ( 'NONE',  ( 0.3089394681466090531, -0.4022043394815915662, -0.8139824321374375948 ) ) ;
#4677 = ADVANCED_FACE ( 'NONE', ( #5652 ), #5735, .T. ) ;
#4678 = DIRECTION ( 'NONE',  ( 0.000000000000000000, 0.000000000000000000, 1.000000000000000000 ) ) ;
#4679 = CARTESIAN_POINT ( 'NONE',  ( -0.09608089262914430717, 0.4440232810067082925, -1.104724702380865509 ) ) ;
#4680 = CARTESIAN_POINT ( 'NONE',  ( 0.02699692826122050693, -0.4552752166748924023, -0.9911464441260093849 ) ) ;
#4681 = CARTESIAN_POINT ( 'NONE',  ( -0.4246688479183232667, -0.2179148219309697820, -0.3606770833334355664 ) ) ;
#4682 = CARTESIAN_POINT ( 'NONE',  ( 0.2786243651328930704, 0.3891403025553439310, -0.3284970238094913619 ) ) ;
#4683 = VERTEX_POINT ( 'NONE', #451 ) ;
#4684 = CARTESIAN_POINT ( 'NONE',  ( -0.5111598597134868749, 0.1371872399436634971, -0.4092261904761898550 ) ) ;
#4685 = CARTESIAN_POINT ( 'NONE',  ( 0.4707081158713399827, 0.05433658301778369198, -0.4719122023809718125 ) ) ;
#4686 = CARTESIAN_POINT ( 'NONE',  ( 0.07672015055115455340, 0.4635138335990482417, -0.6000744047619035459 ) ) ;
#4687 = APPROVAL_ROLE ( '' ) ;
#4688 = CARTESIAN_POINT ( 'NONE',  ( 0.2566637072311275247, 0.3906653913976863568, -0.6851748511904222072 ) ) ;
#4689 = CARTESIAN_POINT ( 'NONE',  ( 0.4733218740100215149, -0.05034462553143892460, -0.4119233630952631176 ) ) ;
#4690 = ORIENTED_EDGE ( 'NONE', *, *, #18, .T. ) ;
#4691 = AXIS2_PLACEMENT_3D ( 'NONE', #1673, #1806, #4198 ) ;
#4692 = CARTESIAN_POINT ( 'NONE',  ( -0.5312500000000001110, 0.3067173305069886280, -0.2025506638403220261 ) ) ;
#4693 = CARTESIAN_POINT ( 'NONE',  ( 0.4811542758175565426, -0.1949316482270062600, -0.7320498511905240147 ) ) ;
#4694 = AXIS2_PLACEMENT_3D ( 'NONE', #6812, #1115, #7427 ) ;
#4695 = CARTESIAN_POINT ( 'NONE',  ( 0.000000000000000000, -4.575905072978519662E-17, 1.189999999999999947 ) ) ;
#4696 = LINE ( 'NONE', #394, #346 ) ;
#4697 = EDGE_LOOP ( 'NONE', ( #7699, #2048, #3868, #7527, #7367, #6000, #264, #6998, #7693, #7411, #2125, #5640, #2291, #4690, #3670, #6826, #7613, #6573, #6337, #1501, #7816, #3627, #2913, #4354 ) ) ;
#4698 = AXIS2_PLACEMENT_3D ( 'NONE', #2588, #3834, #6336 ) ;
#4699 = CARTESIAN_POINT ( 'NONE',  ( 0.4078446056523910568, 0.2139287135233670090, -0.8962983630952099379 ) ) ;
#4700 = CARTESIAN_POINT ( 'NONE',  ( 0.4188931783526346209, 0.3157502830272979066, -0.5038132440476060792 ) ) ;
#4701 = CARTESIAN_POINT ( 'NONE',  ( -0.5227616787060902492, -0.03027936826114590099, -0.2571752859641495137 ) ) ;
#4702 = CARTESIAN_POINT ( 'NONE',  ( 0.1540423166013479561, 0.4538255312380851114, -0.2499999999999998612 ) ) ;
#4703 = CARTESIAN_POINT ( 'NONE',  ( 0.3618065550770102057, 0.2922392016474020804, -0.7601376488094744310 ) ) ;
#4704 = CARTESIAN_POINT ( 'NONE',  ( 0.2792426789971785839, 0.3636096272209483060, -0.9627976190478029217 ) ) ;
#4705 = CARTESIAN_POINT ( 'NONE',  ( 0.4007607959264896658, -0.3073361399307730224, -0.8824367935109102001 ) ) ;
#4706 = CARTESIAN_POINT ( 'NONE',  ( 0.5312499999999997780, 0.2571149333262559011, -0.2168696425226953606 ) ) ;
#4707 = CARTESIAN_POINT ( 'NONE',  ( 0.4618423010966317133, -0.02629744907230619627, -0.8399367559523326365 ) ) ;
#4708 = CARTESIAN_POINT ( 'NONE',  ( -0.4441786289814715905, 0.1799519103212117443, -0.3079427083334000392 ) ) ;
#4709 = CARTESIAN_POINT ( 'NONE',  ( -0.4856072402155803824, 0.1825588112112070671, -0.4148030265826153640 ) ) ;
#4710 = CARTESIAN_POINT ( 'NONE',  ( 0.07147489905667443744, 0.4975971564241987166, -0.9301931196689429138 ) ) ;
#4711 = CARTESIAN_POINT ( 'NONE',  ( -0.04168795936516745543, -0.5108683067228000363, -0.8870907738096284190 ) ) ;
#4712 = CARTESIAN_POINT ( 'NONE',  ( -0.3551739043641911620, 0.3783519883812575535, -0.4099755978369810649 ) ) ;
#4713 = CARTESIAN_POINT ( 'NONE',  ( 0.5166472247919919880, -0.06812812002745782802, -0.3664609422769761760 ) ) ;
#4714 = CARTESIAN_POINT ( 'NONE',  ( -1.106287503442447866E-16, 0.4516761503041890613, -1.107142857142856984 ) ) ;
#4715 = CARTESIAN_POINT ( 'NONE',  ( 0.3344478763382973119, -0.3813106276217877455, -0.8132399514504834448 ) ) ;
#4716 = CARTESIAN_POINT ( 'NONE',  ( 0.5200659112514528504, -7.384526607873711543E-16, -0.3649735502615872318 ) ) ;
#4717 = CARTESIAN_POINT ( 'NONE',  ( 0.3108071975795533848, -0.3660397282206937497, -0.2687872023810299882 ) ) ;
#4718 = EDGE_CURVE ( 'NONE', #6200, #3181, #3640, .T. ) ;
#4719 = CARTESIAN_POINT ( 'NONE',  ( -0.2551600341731579125, -0.4429916652032168112, -0.6845021684193430822 ) ) ;
#4720 = CARTESIAN_POINT ( 'NONE',  ( -0.4741633541623667680, -0.02699093195119493457, -0.4368489583333167725 ) ) ;
#4721 = EDGE_CURVE ( 'NONE', #180, #4573, #8166, .T. ) ;
#4722 = CARTESIAN_POINT ( 'NONE',  ( 0.2721389975773617631, -0.3928743757216242583, -0.3502604166666984931 ) ) ;
#4723 = VERTEX_POINT ( 'NONE', #495 ) ;
#4724 = CARTESIAN_POINT ( 'NONE',  ( -0.3212501148225508363, -0.4183096563234194321, -0.4672619047618722377 ) ) ;
#4725 = CARTESIAN_POINT ( 'NONE',  ( 0.1772227033772336424, 0.4374419162248700532, -0.5311569940476174034 ) ) ;
#4726 = CARTESIAN_POINT ( 'NONE',  ( -0.3219263173646582099, -0.3434371201613702351, -0.5710565476190229139 ) ) ;
#4727 = CARTESIAN_POINT ( 'NONE',  ( -0.3790481608732159668, -0.2713887279114199358, -0.7250744047619123167 ) ) ;
#4728 = CARTESIAN_POINT ( 'NONE',  ( 0.3504130177318519612, 0.3225933881151988869, -0.4022507440476386087 ) ) ;
#4729 = ORIENTED_EDGE ( 'NONE', *, *, #3361, .T. ) ;
#4730 = CARTESIAN_POINT ( 'NONE',  ( -0.3193330664312991063, 0.4153122850726351789, -0.2782523311558724455 ) ) ;
#4731 = CARTESIAN_POINT ( 'NONE',  ( -0.04682523550283795161, -0.5165691748878669110, -0.7465587797618917776 ) ) ;
#4732 = CARTESIAN_POINT ( 'NONE',  ( 0.000000000000000000, 0.000000000000000000, 0.000000000000000000 ) ) ;
#4733 = CARTESIAN_POINT ( 'NONE',  ( -0.4426517869757149448, 0.2752605704203650583, -0.3355814285573552880 ) ) ;
#4734 = CARTESIAN_POINT ( 'NONE',  ( -0.3701232942993298858, 0.2789982619342570302, -0.8019903273808922650 ) ) ;
#4735 = CARTESIAN_POINT ( 'NONE',  ( 0.5199359372582882388, -0.04713039498175691094, -0.5836123511904713901 ) ) ;
#4736 = CARTESIAN_POINT ( 'NONE',  ( -0.06154256862604727540, -0.4914031865078805072, -0.9515800275677529507 ) ) ;
#4737 = FACE_OUTER_BOUND ( 'NONE', #4697, .T. ) ;
#4738 = CARTESIAN_POINT ( 'NONE',  ( -0.2616855342811965079, 0.3851245263069967839, -0.7432105654762733993 ) ) ;
#4739 = CARTESIAN_POINT ( 'NONE',  ( 0.4556513776675003013, -0.01473877825002803746, -1.045014880952553238 ) ) ;
#4740 = CARTESIAN_POINT ( 'NONE',  ( -0.4360765540108861305, -0.2517514865533687085, -0.9047623059403798740 ) ) ;
#4741 = CARTESIAN_POINT ( 'NONE',  ( -0.4048440795468405962, -0.3110883770806712190, -0.6789497339797346820 ) ) ;
#4742 = CARTESIAN_POINT ( 'NONE',  ( -0.1932320937509468539, -0.4269149448483364750, -0.6476934523809303457 ) ) ;
#4743 = CARTESIAN_POINT ( 'NONE',  ( -0.4783210788693202375, 0.03154615765816633915, -0.3043154761904569572 ) ) ;
#4744 = CARTESIAN_POINT ( 'NONE',  ( 0.4063255442372675774, -0.3115679015994608503, -0.6581173096309708148 ) ) ;
#4745 = CARTESIAN_POINT ( 'NONE',  ( -0.02023076283029814210, 0.5030815872965349600, -0.9281056626065546933 ) ) ;
#4746 = CARTESIAN_POINT ( 'NONE',  ( -0.1994573132335317467, 0.4711378880613941722, -0.9173177083332805237 ) ) ;
#4747 = CARTESIAN_POINT ( 'NONE',  ( 0.000000000000000000, 0.000000000000000000, -0.9999999999999998890 ) ) ;
#4748 = CARTESIAN_POINT ( 'NONE',  ( 0.4868949441947827417, -0.1831932289840315919, -0.3690670048110364365 ) ) ;
#4749 = CARTESIAN_POINT ( 'NONE',  ( 0.3380547309343667206, 0.3380551812263177247, -0.2499999999999824030 ) ) ;
#4750 = CARTESIAN_POINT ( 'NONE',  ( 0.03332528682189552643, -0.5050517698042193970, -0.8206781042579865959 ) ) ;
#4751 = CARTESIAN_POINT ( 'NONE',  ( -0.5312500000000002220, 0.05200621430878131501, -0.2488951584062736588 ) ) ;
#4752 = CARTESIAN_POINT ( 'NONE',  ( 0.2698557459164705463, -0.3971484657258647633, -0.2699962797619395172 ) ) ;
#4753 = CARTESIAN_POINT ( 'NONE',  ( 0.01691397673610282523, -0.5103074919568523216, -0.6781865604319808893 ) ) ;
#4754 = CARTESIAN_POINT ( 'NONE',  ( 0.1341349443489557591, 0.4548850585119442180, -0.4586123511904627303 ) ) ;
#4755 = CARTESIAN_POINT ( 'NONE',  ( -0.4031740675738808011, -0.2597204330450120779, -0.2970610119047168429 ) ) ;
#4756 = CARTESIAN_POINT ( 'NONE',  ( 1.870693760057053905E-17, 0.6134346610139772560, -0.2025506638403221649 ) ) ;
#4757 = ORIENTED_EDGE ( 'NONE', *, *, #4624, .F. ) ;
#4758 = CARTESIAN_POINT ( 'NONE',  ( -0.4019908728622037519, -0.3413341087888361880, -0.4696800595238422860 ) ) ;
#4759 = CARTESIAN_POINT ( 'NONE',  ( -0.4421908095972146291, 0.1666342040668611635, -0.5130208333333802218 ) ) ;
#4760 = CARTESIAN_POINT ( 'NONE',  ( -0.3868993233429374734, -0.2680000824486824529, -0.5734747023809770861 ) ) ;
#4761 = ADVANCED_FACE ( 'NONE', ( #3765 ), #6261, .T. ) ;
#4762 = CARTESIAN_POINT ( 'NONE',  ( 0.1211942611340344478, 0.4515682062832309107, -0.6815476190475747709 ) ) ;
#4763 = CARTESIAN_POINT ( 'NONE',  ( -0.007935269606038861459, -0.4731608362047540761, -0.5001860119047655262 ) ) ;
#4764 = ORIENTED_EDGE ( 'NONE', *, *, #4559, .F. ) ;
#4765 = CARTESIAN_POINT ( 'NONE',  ( -0.1428578307778165246, -0.4439964220273800444, -0.7088913690476100760 ) ) ;
#4766 = CARTESIAN_POINT ( 'NONE',  ( -0.03459435955257327000, 0.5225212614037241243, -0.2849573463532887319 ) ) ;
#4767 = CARTESIAN_POINT ( 'NONE',  ( 0.2290452997669646107, 0.4639829230685620365, -0.7864583333333606818 ) ) ;
#4768 = PERSON ( 'UNSPECIFIED', 'UNSPECIFIED', 'UNSPECIFIED', ('UNSPECIFIED'), ('UNSPECIFIED'), ('UNSPECIFIED') ) ;
#4769 = FACE_OUTER_BOUND ( 'NONE', #3003, .T. ) ;
#4770 = CARTESIAN_POINT ( 'NONE',  ( 0.3108115456401588927, 0.4339875314713879662, -0.2488784760876627256 ) ) ;
#4771 = ORIENTED_EDGE ( 'NONE', *, *, #7272, .T. ) ;
#4772 = CARTESIAN_POINT ( 'NONE',  ( -0.08660329907137719052, -0.4537939246858243569, -0.8503534226189275458 ) ) ;
#4773 = CARTESIAN_POINT ( 'NONE',  ( 0.4540301473355095041, -0.2618979475675566881, -0.5171130952380887935 ) ) ;
#4774 = CARTESIAN_POINT ( 'NONE',  ( 0.2212966431494102215, -0.4472795881838854126, -0.9472979348891551465 ) ) ;
#4775 = CARTESIAN_POINT ( 'NONE',  ( 0.4072935523401677860, 0.3128697068185256613, -0.5818403042871033159 ) ) ;
#4776 = CARTESIAN_POINT ( 'NONE',  ( 0.3247598438289787670, 0.3298490796848543849, -0.8302641369047188968 ) ) ;
#4777 = CARTESIAN_POINT ( 'NONE',  ( 0.4406733887382454640, 0.1256470377521229642, -0.9700520833334345117 ) ) ;
#4778 = CARTESIAN_POINT ( 'NONE',  ( -0.2553420525155158938, -0.4432412416652324882, -0.6744864351702501981 ) ) ;
#4779 = B_SPLINE_CURVE_WITH_KNOTS ( 'NONE', 3,
 ( #5111, #153, #5890, #1472, #2056, #6382, #115, #3998, #697, #191, #237, #4580, #6501, #2756, #7627, #7085, #856, #5269, #739, #4457, #3218, #1976, #5726, #4498, #2013, #7004, #1350, #7238, #5426, #6660, #6086, #2211, #3421, #4657, #4807, #355, #7937, #393, #2874, #1013, #2830, #4109, #1055, #1588, #5390, #7783 ),
 .UNSPECIFIED., .F., .F.,
 ( 4, 2, 2, 2, 2, 2, 2, 2, 2, 2, 2, 2, 2, 2, 2, 2, 2, 2, 2, 2, 2, 2, 4 ),
 ( 0.06270186505085256767, 0.06530816569399114369, 0.06661131601556043169, 0.06791446633712971970, 0.07052076698026829571, 0.07312706762340687172, 0.07443021794497615973, 0.07573336826654544773, 0.07833966890968402375, 0.07964281923125331175, 0.08094596955282259976, 0.08355227019596117577, 0.08615857083909976566, 0.08746172116066905367, 0.08876487148223834167, 0.09137117212537693156, 0.09267432244694620569, 0.09397747276851550757, 0.09658377341165406971, 0.09919007405479264572, 0.1004932243763619337, 0.1017963746979312356, 0.1044026753410697977 ),
 .UNSPECIFIED. ) ;
#4780 = CARTESIAN_POINT ( 'NONE',  ( 0.1962379409308872835, -0.4234145865702447220, -0.7093563988096065476 ) ) ;
#4781 = CARTESIAN_POINT ( 'NONE',  ( -0.4436994973514466478, 0.1751372015050240427, -0.3792782738094118700 ) ) ;
#4782 = CARTESIAN_POINT ( 'NONE',  ( -0.4406222587510186250, 0.2737279523598267206, -0.4170253498129598557 ) ) ;
#4783 = CARTESIAN_POINT ( 'NONE',  ( 0.000000000000000000, 0.000000000000000000, -0.9999999999999998890 ) ) ;
#4784 = CARTESIAN_POINT ( 'NONE',  ( -0.2490938886022648069, -0.4477951188278854744, -0.8919270833333812210 ) ) ;
#4785 = CARTESIAN_POINT ( 'NONE',  ( 0.4720619950085098715, 0.2139136448450810746, -0.4315658549662215182 ) ) ;
#4786 = CARTESIAN_POINT ( 'NONE',  ( 0.2602235952130575458, -0.4501739780594590234, -0.3768743385939702373 ) ) ;
#4787 = CARTESIAN_POINT ( 'NONE',  ( -0.0003771473581876341069, -0.5236454876309984963, -0.2499999999999998057 ) ) ;
#4788 = CARTESIAN_POINT ( 'NONE',  ( 0.3131976993956729904, -0.4073762071879314384, -0.5996932680781152936 ) ) ;
#4789 = DIRECTION ( 'NONE',  ( -0.000000000000000000, -0.000000000000000000, -1.000000000000000000 ) ) ;
#4790 = CARTESIAN_POINT ( 'NONE',  ( -0.2281620032596573533, 0.3955599261568060743, -1.029761904761903324 ) ) ;
#4791 = LINE ( 'NONE', #587, #601 ) ;
#4792 = CARTESIAN_POINT ( 'NONE',  ( -0.3329883103035775616, 0.3382179857907132714, -0.4465215773809664279 ) ) ;
#4793 = CARTESIAN_POINT ( 'NONE',  ( 0.4804283687266014957, -0.008057090515069923603, -0.2680431547618541410 ) ) ;
#4795 = CARTESIAN_POINT ( 'NONE',  ( -0.4483607041433196327, 0.2586976837145766317, -0.4780687944941643397 ) ) ;
#4794 = CARTESIAN_POINT ( 'NONE',  ( -0.01733516597802570516, -0.5295113839620354534, -0.2436755928646729963 ) ) ;
#4796 = CARTESIAN_POINT ( 'NONE',  ( -0.5312500000000000000, -0.3067173305069887945, -0.2025506638403220261 ) ) ;
#4797 = CARTESIAN_POINT ( 'NONE',  ( -0.5031156124157045717, 0.08325683502714581463, -0.6982912307588615697 ) ) ;
#4798 = CARTESIAN_POINT ( 'NONE',  ( 0.4251982511232751394, -0.3205129217510295780, -0.3064546130952325864 ) ) ;
#4799 = CARTESIAN_POINT ( 'NONE',  ( -0.4436994973524109320, 0.1751372015145876149, -0.3703497023809744215 ) ) ;
#4800 = CARTESIAN_POINT ( 'NONE',  ( -0.2557840986916026238, 0.3970636550525187269, -0.5202752976190400114 ) ) ;
#4801 = CARTESIAN_POINT ( 'NONE',  ( -0.4537548551252829632, 0.1056143330942671960, -0.7347470238094150341 ) ) ;
#4802 = CARTESIAN_POINT ( 'NONE',  ( 0.3500183265513018283, -0.3222408488601061216, -0.4191778273808892674 ) ) ;
#4803 = VERTEX_POINT ( 'NONE', #5526 ) ;
#4804 = CARTESIAN_POINT ( 'NONE',  ( 0.2829261392277588882, -0.3684191222264834309, -0.7693452380954032277 ) ) ;
#4805 = CARTESIAN_POINT ( 'NONE',  ( 0.1677624415414486203, 0.4959267206181308119, -0.2894111171221896428 ) ) ;
#4806 = CARTESIAN_POINT ( 'NONE',  ( -0.1425656348187402944, 0.5000088890977006928, -0.7066592261905388916 ) ) ;
#4807 = CARTESIAN_POINT ( 'NONE',  ( -0.3564716810966715999, -0.3805515094315645719, -0.3299775012368469929 ) ) ;
#4808 = AXIS2_PLACEMENT_3D ( 'NONE', #1497, #2817, #4021 ) ;
#4809 = CARTESIAN_POINT ( 'NONE',  ( 0.5167409051044845603, 0.06817042946293841443, -0.3634791423461106175 ) ) ;
#4810 = ADVANCED_FACE ( 'NONE', ( #3058 ), #1384, .T. ) ;
#4811 = VERTEX_POINT ( 'NONE', #4951 ) ;
#4812 = CARTESIAN_POINT ( 'NONE',  ( 0.1052631157726139910, -0.4522809741274352313, -0.7741815476189478629 ) ) ;
#4813 = CARTESIAN_POINT ( 'NONE',  ( -0.1238197941168776156, -0.5111458365266557946, -0.4602864583332765824 ) ) ;
#4814 = CARTESIAN_POINT ( 'NONE',  ( 0.3820215121735849317, -0.3256881367861719223, -0.9443195836888718109 ) ) ;
#4815 = CARTESIAN_POINT ( 'NONE',  ( 0.3140358915462561629, -0.4085029825480174792, -0.5282592621553682255 ) ) ;
#4816 = CARTESIAN_POINT ( 'NONE',  ( 0.4861906426604507558, 0.1651583749227316933, -0.5855630632814800007 ) ) ;
#4817 = CARTESIAN_POINT ( 'NONE',  ( 0.3909532425170745285, 0.2518477643607420213, -0.7613467261905174643 ) ) ;
#4818 = CARTESIAN_POINT ( 'NONE',  ( 0.4005414612291069432, 0.2181141836906270171, -1.038969494047648157 ) ) ;
#4819 = CARTESIAN_POINT ( 'NONE',  ( 0.1002046060510733277, -0.5015833399370236423, -0.6663065523438733706 ) ) ;
#4820 = CARTESIAN_POINT ( 'NONE',  ( 0.1933493714905009098, -0.4271933673474166970, -0.6380208333332338944 ) ) ;
#4821 = CARTESIAN_POINT ( 'NONE',  ( -0.3662806059983634288, 0.3054054089844298603, -0.3829055059524504867 ) ) ;
#4822 = DIRECTION ( 'NONE',  ( 0.000000000000000000, 0.000000000000000000, -1.000000000000000000 ) ) ;
#4823 = AXIS2_PLACEMENT_3D ( 'NONE', #4666, #6435, #3312 ) ;
#4824 = CARTESIAN_POINT ( 'NONE',  ( 0.4925879452458089003, -0.09882964534449602267, -0.9386554266286635251 ) ) ;
#4825 = CARTESIAN_POINT ( 'NONE',  ( -0.3376582806483001131, -0.3853289488964158349, -0.8943452380951908420 ) ) ;
#4826 = CARTESIAN_POINT ( 'NONE',  ( -0.06835620782392494432, 0.5150293600848165898, -0.4170490253221442178 ) ) ;
#4827 = CIRCLE ( 'NONE', #2725, 0.5312500000000000000 ) ;
#4828 = CARTESIAN_POINT ( 'NONE',  ( 0.3437042850738856181, -0.3913733613406220058, -0.3746326046760594664 ) ) ;
#4829 = CARTESIAN_POINT ( 'NONE',  ( 0.3524396912265308490, -0.3705225563651438625, -0.2499999999999998057 ) ) ;
#4830 = CARTESIAN_POINT ( 'NONE',  ( -0.4163890655130346174, -0.2987265322515927912, -0.6179260942994037054 ) ) ;
#4831 = CARTESIAN_POINT ( 'NONE',  ( 0.5312499999999998890, 0.3067173305069887390, -0.04744933615967771717 ) ) ;
#4832 = CARTESIAN_POINT ( 'NONE',  ( 0.3494179395127754995, 0.2966932695545207999, -0.9741443452380578183 ) ) ;
#4833 = CARTESIAN_POINT ( 'NONE',  ( -0.1665285350877933057, -0.4928266331465013250, -0.3965631657992415571 ) ) ;
#4834 = CARTESIAN_POINT ( 'NONE',  ( -0.4706848312192807304, 0.07790702143351845022, -0.3679315476190257450 ) ) ;
#4835 = CARTESIAN_POINT ( 'NONE',  ( 0.3587256020193158035, 0.3200747152837295495, -0.2595796130951134040 ) ) ;
#4837 = CARTESIAN_POINT ( 'NONE',  ( 0.3936295051942380607, 0.3453958101892954380, -0.2853594503134851412 ) ) ;
#4836 = DIRECTION ( 'NONE',  ( 0.000000000000000000, 0.000000000000000000, -1.000000000000000000 ) ) ;
#4838 = CARTESIAN_POINT ( 'NONE',  ( -0.03347611426299908904, -0.5169670715080646461, -0.4650173746460521396 ) ) ;
#4839 = CARTESIAN_POINT ( 'NONE',  ( 0.5045507240397243409, 0.06680917771662046867, -0.7306463670313561032 ) ) ;
#4840 = CARTESIAN_POINT ( 'NONE',  ( -0.3304984403739672505, -0.4167594740558897004, -0.3245907738095532014 ) ) ;
#4841 = CARTESIAN_POINT ( 'NONE',  ( -0.06641132081864697945, -0.4730173447876648285, -0.3497953869048025521 ) ) ;
#4842 = CARTESIAN_POINT ( 'NONE',  ( -0.2948828176490970177, 0.3718601969426411080, -0.4477306547618537524 ) ) ;
#4843 = CARTESIAN_POINT ( 'NONE',  ( 0.02671059108596684356, 0.4690991036346953691, -0.6077938988095293871 ) ) ;
#4844 = CARTESIAN_POINT ( 'NONE',  ( 0.2786243651239122543, 0.3891403025616718692, -0.3284970238095200612 ) ) ;
#4845 = ORIENTED_EDGE ( 'NONE', *, *, #3161, .T. ) ;
#4846 = CARTESIAN_POINT ( 'NONE',  ( -0.2616855342812234864, 0.3851245263035406596, -0.7342819940476208451 ) ) ;
#4847 = CARTESIAN_POINT ( 'NONE',  ( 0.3404135282315204902, 0.3891561424701765470, -0.4981357638268950616 ) ) ;
#4848 = DIRECTION ( 'NONE',  ( 0.000000000000000000, 0.000000000000000000, 1.000000000000000000 ) ) ;
#4849 = CARTESIAN_POINT ( 'NONE',  ( 0.4285273295933380577, -0.2968454633543133325, -0.6631324404762442004 ) ) ;
#4850 = CARTESIAN_POINT ( 'NONE',  ( 0.2809511090679637779, -0.3727272453409253283, -0.6980096726191694634 ) ) ;
#4851 = CARTESIAN_POINT ( 'NONE',  ( -0.08641113137519963738, 0.4528294133279606726, -0.8907180059523909232 ) ) ;
#4852 = B_SPLINE_CURVE_WITH_KNOTS ( 'NONE', 3,
 ( #6836, #564, #3668, #4235, #3625, #4402, #4935, #7981, #1261, #1179, #3710, #3043, #5552, #7365, #1843, #4981, #6213, #8152, #8066, #2336, #6131, #6744, #6914, #6253, #3131, #5593, #6172, #7532, #521, #3750, #4362, #5638, #1140, #7493, #1220, #6875, #2423, #1754, #480, #3000, #2378, #607, #2508, #5021, #7408, #7450, #8025, #1881, #3794, #6297, #5512, #649, #3083, #1802, #5468, #4323, #4851, #4895, #4277, #8106, #2467, #6789, #145, #5837, #3914, #184, #1465, #4449, #7617, #4613, #2545, #3833, #3991, #6957, #5056, #7571, #5181, #1301, #6335, #5141, #7116, #7076, #6996, #6494, #3872, #1424, #6455, #809, #4490, #2668, #7697, #5759, #3953, #1924, #3171, #2005, #3332, #5798, #5716, #689, #2046, #5679, #3210, #4570, #21, #7658, #61, #1342, #2586, #727, #107, #3251, #6415, #772, #5102, #1967, #2626, #2705, #4529, #7034, #6373, #1380, #3294, #5222, #7737, #2091, #268, #2130, #306, #5384, #6578, #5340, #2281, #2825, #4102, #849, #229, #7309, #6651, #927, #7931, #4651, #4801, #7854, #3372, #1660, #2206, #4727, #3454, #5959, #2747, #7891, #348, #7231, #3534, #1583, #5880, #1506, #7814, #2167, #4185, #1006, #965, #7195, #2905, #4068, #7268, #2243, #6037, #4688, #2868, #4762, #1618, #6613, #5299, #7156, #4030, #5920, #5261, #3490, #5998, #2787, #4140, #3415, #387, #5420, #7776, #6539, #891, #1547, #6162, #6694, #511, #41, #5458, #1089, #7398, #6938, #3615, #1744, #425, #7440, #1321, #5123, #7971, #2991, #88, #6078, #7357, #7639, #2327, #2943, #4843, #669, #1703, #4227, #3033, #2608, #4468, #5542, #469, #4267, #2565, #1947, #6976, #8015, #6316, #3190, #1130, #5079, #6736, #1987, #8056, #3852, #1282, #6119, #5503, #5698, #1048, #2369, #4424, #3572, #2413, #4885, #6777, #3657, #4925, #1787, #3814, #7597, #6354, #708, #3229, #5738, #791, #4668, #7794, #1485, #2728, #1362, #6558, #3972, #5900, #3276, #7055, #5199, #4633, #1405, #7716, #6395, #754, #4009, #249, #5780, #6437, #3935, #5319, #2025, #3892, #5940, #128, #2647, #6514, #5162, #7678, #6475, #287, #2149, #3350, #3314, #2686, #7173, #4550, #3395, #2806, #2111, #5281, #7832, #5817, #7097, #1525, #2767, #4510, #165, #2072, #871, #7015, #4593, #7137, #4050, #828, #909, #3434, #1446, #5856, #204, #5243, #7757, #2922, #2348, #2966, #1636, #6713, #7909, #6674, #3635, #4160, #5437, #2185, #1563, #491, #7995, #2261, #1107, #7948, #5979, #4821, #4084, #4781, #7250, #5481, #7287, #1025, #6595, #1067, #1682, #404, #4864, #3551, #7211, #2844, #983, #3513, #5522, #6054, #2302, #947, #7336, #3471, #6631, #4205, #7376, #6018, #3592, #6098, #447, #5401, #367, #327, #5363, #1722, #4246, #6755, #6142, #3012, #1600, #7871, #4708, #2224, #4743, #4121, #2885, #3679, #4946, #3720, #1764, #1230, #3140, #6224, #4288, #6184, #6966, #7502, #2389, #3842, #3759, #6263, #5604, #8120, #6803, #4412, #4905, #3219, #618, #1311, #1150, #5647, #533, #6344, #659, #5688, #8161 ),
 .UNSPECIFIED., .F., .F.,
 ( 4, 2, 2, 2, 2, 2, 2, 2, 2, 2, 2, 2, 2, 2, 2, 2, 2, 2, 2, 2, 2, 2, 2, 2, 2, 2, 2, 2, 2, 2, 2, 2, 2, 2, 2, 2, 2, 2, 2, 2, 2, 2, 2, 2, 2, 2, 2, 2, 2, 2, 2, 2, 2, 2, 2, 2, 2, 2, 2, 2, 2, 2, 2, 2, 2, 2, 2, 2, 2, 2, 2, 2, 2, 2, 2, 2, 2, 2, 2, 2, 2, 2, 2, 2, 2, 2, 2, 2, 2, 2, 2, 2, 2, 2, 2, 2, 2, 2, 2, 2, 2, 2, 2, 2, 2, 2, 2, 2, 2, 2, 2, 2, 2, 2, 2, 2, 2, 2, 2, 2, 2, 2, 2, 2, 2, 2, 2, 2, 2, 2, 2, 2, 2, 2, 2, 2, 2, 2, 2, 2, 2, 2, 2, 2, 2, 2, 2, 2, 2, 2, 2, 2, 2, 2, 2, 2, 2, 2, 2, 2, 2, 2, 2, 2, 2, 2, 2, 2, 2, 2, 2, 2, 2, 2, 2, 2, 2, 2, 2, 2, 2, 2, 2, 2, 2, 2, 2, 2, 2, 2, 2, 2, 2, 2, 2, 2, 2, 2, 2, 2, 2, 2, 2, 2, 2, 4 ),
 ( 0.1252147823389252457, 0.1289062500000000000, 0.1328125000000000000, 0.1367187500000000000, 0.1406250000000000000, 0.1445312500000000000, 0.1484375000000000000, 0.1523437500000000000, 0.1562500000000000000, 0.1601562500000000000, 0.1640625000000000000, 0.1679687500000000000, 0.1718750000000000000, 0.1757812500000000000, 0.1796875000000000000, 0.1835937500000000000, 0.1875000000000000000, 0.1914062500000000000, 0.1953125000000000000, 0.1992187500000000000, 0.2031250000000000000, 0.2070312500000000000, 0.2109375000000000000, 0.2148437500000000000, 0.2187500000000000000, 0.2226562500000000000, 0.2265625000000000000, 0.2304687500000000000, 0.2343750000000000000, 0.2382812500000000000, 0.2421875000000000000, 0.2460937500000000000, 0.2500000000000000000, 0.2539062500000000000, 0.2578125000000000000, 0.2617187500000000000, 0.2656250000000000000, 0.2695312500000000000, 0.2734375000000000000, 0.2773437500000000000, 0.2812500000000000000, 0.2851562500000000000, 0.2890625000000000000, 0.2929687500000000000, 0.2968750000000000000, 0.3007812500000000000, 0.3046875000000000000, 0.3085937500000000000, 0.3125000000000000000, 0.3164062500000000000, 0.3203125000000000000, 0.3242187500000000000, 0.3281250000000000000, 0.3320312500000000000, 0.3359375000000000000, 0.3398437500000000000, 0.3437500000000000000, 0.3476562500000000000, 0.3515625000000000000, 0.3554687500000000000, 0.3593750000000000000, 0.3632812500000000000, 0.3671875000000000000, 0.3710937500000000000, 0.3750000000000000000, 0.3789062500000000000, 0.3828125000000000000, 0.3867187500000000000, 0.3906250000000000000, 0.3945312500000000000, 0.3984375000000000000, 0.4023437500000000000, 0.4062500000000000000, 0.4101562500000000000, 0.4140625000000000000, 0.4179687500000000000, 0.4218750000000000000, 0.4257812500000000000, 0.4296875000000000000, 0.4335937500000000000, 0.4375000000000000000, 0.4414062500000000000, 0.4453125000000000000, 0.4492187500000000000, 0.4531250000000000000, 0.4570312500000000000, 0.4609374999999999445, 0.4648437500000000000, 0.4687500000000000000, 0.4726562500000000000, 0.4765625000000000000, 0.4804687500000000000, 0.4843749999999999445, 0.4882812500000000000, 0.4921875000000000000, 0.4960937500000000000, 0.5000000000000000000, 0.5039062500000000000, 0.5078125000000000000, 0.5117187500000000000, 0.5156250000000000000, 0.5195312500000000000, 0.5234375000000000000, 0.5273437500000000000, 0.5312500000000000000, 0.5351562500000000000, 0.5390625000000000000, 0.5429687500000000000, 0.5468750000000000000, 0.5507812500000000000, 0.5546875000000000000, 0.5585937500000000000, 0.5625000000000000000, 0.5664062500000000000, 0.5703125000000000000, 0.5742187500000000000, 0.5781250000000000000, 0.5820312500000000000, 0.5859375000000000000, 0.5898437500000000000, 0.5937500000000000000, 0.5976562500000000000, 0.6015625000000000000, 0.6054687500000000000, 0.6093750000000000000, 0.6132812500000000000, 0.6171875000000000000, 0.6210937500000000000, 0.6250000000000000000, 0.6289062500000000000, 0.6328125000000000000, 0.6367187500000000000, 0.6406250000000000000, 0.6445312500000000000, 0.6484375000000000000, 0.6523437500000000000, 0.6562500000000000000, 0.6601562500000000000, 0.6640625000000000000, 0.6679687500000000000, 0.6718750000000000000, 0.6757812500000000000, 0.6796875000000000000, 0.6835937500000000000, 0.6875000000000000000, 0.6914062500000000000, 0.6953125000000000000, 0.6992187500000000000, 0.7031250000000000000, 0.7070312500000000000, 0.7109375000000000000, 0.7148437500000000000, 0.7187500000000000000, 0.7226562500000000000, 0.7265625000000000000, 0.7304687500000000000, 0.7343750000000000000, 0.7382812500000000000, 0.7421875000000000000, 0.7460937500000000000, 0.7500000000000000000, 0.7539062500000000000, 0.7578125000000000000, 0.7617187500000000000, 0.7656250000000001110, 0.7695312499999998890, 0.7734375000000000000, 0.7773437500000000000, 0.7812500000000000000, 0.7851562500000000000, 0.7890625000000000000, 0.7929687500000000000, 0.7968750000000000000, 0.8007812500000000000, 0.8046875000000000000, 0.8085937500000001110, 0.8125000000000001110, 0.8164062499999998890, 0.8203125000000000000, 0.8242187500000000000, 0.8281250000000000000, 0.8320312500000000000, 0.8359375000000000000, 0.8398437500000000000, 0.8437500000000000000, 0.8476562500000000000, 0.8515625000000000000, 0.8554687500000001110, 0.8593749999999998890, 0.8632812500000000000, 0.8671875000000000000, 0.8710937500000000000, 0.8750000000000000000, 0.8789062500000000000, 0.8828125000000000000, 0.8867187500000000000, 0.8906250000000000000, 0.8945312500000000000, 0.8984375000000000000, 0.9023437500000001110, 0.9062499999999998890, 0.9101562500000000000, 0.9140625000000000000, 0.9179687500000000000, 0.9218750000000000000, 0.9230769230769275691 ),
 .UNSPECIFIED. ) ;
#4853 = CARTESIAN_POINT ( 'NONE',  ( -0.01721928216114003082, 0.5206259590457450459, -0.3467403160157650488 ) ) ;
#4854 = ORIENTED_EDGE ( 'NONE', *, *, #5318, .F. ) ;
#4855 = CARTESIAN_POINT ( 'NONE',  ( 0.09880280070800569192, 0.5177212680973146686, -0.4240141369046896980 ) ) ;
#4856 = CARTESIAN_POINT ( 'NONE',  ( 0.01679728248875875241, -0.5061682276109131795, -0.8110246032784192982 ) ) ;
#4857 = CARTESIAN_POINT ( 'NONE',  ( -0.4575230718986265099, 0.2257075401536191572, -0.6916134067547152764 ) ) ;
#4858 = CARTESIAN_POINT ( 'NONE',  ( -0.1871157612493746514, -0.4740471949505279392, -1.035528273809625199 ) ) ;
#4859 = CARTESIAN_POINT ( 'NONE',  ( -0.4398206580361318507, 0.1535238844650080314, -0.7359561011905406680 ) ) ;
#4860 = CARTESIAN_POINT ( 'NONE',  ( 0.2858502077006747633, -0.3604698749550172554, -0.9120163690477001150 ) ) ;
#4861 = CARTESIAN_POINT ( 'NONE',  ( -0.3836677785044804723, -0.3368934826064336474, -0.6782109577038325510 ) ) ;
#4862 = CARTESIAN_POINT ( 'NONE',  ( 0.4677363341956118914, -0.03816863431049589972, -0.6259300595238114218 ) ) ;
#4863 = ADVANCED_FACE ( 'NONE', ( #7466 ), #6648, .T. ) ;
#4864 = CARTESIAN_POINT ( 'NONE',  ( -0.2113860527861988747, -0.4282094412371825753, -0.3623511904762028446 ) ) ;
#4865 = CARTESIAN_POINT ( 'NONE',  ( 0.1146522682874265703, -0.4430744515490599444, -0.9881882440476172924 ) ) ;
#4866 = CARTESIAN_POINT ( 'NONE',  ( -0.09608089262914430717, 0.4440232810067082925, -1.095796130952294112 ) ) ;
#4867 = CARTESIAN_POINT ( 'NONE',  ( 0.4963934658877915407, -0.1463744222534514028, -0.7287016369046819264 ) ) ;
#4868 = FACE_OUTER_BOUND ( 'NONE', #1804, .T. ) ;
#4869 = CARTESIAN_POINT ( 'NONE',  ( -0.2959230739803325183, 0.4126236471392860095, -0.7686168025352879685 ) ) ;
#4870 = CARTESIAN_POINT ( 'NONE',  ( -0.2114382583237019164, -0.4030796331233229002, -1.076915922619127164 ) ) ;
#4871 = CARTESIAN_POINT ( 'NONE',  ( 0.4451955101383712754, -0.2568688828913506250, -0.5952299223770629588 ) ) ;
#4872 = CARTESIAN_POINT ( 'NONE',  ( -0.3555716815197027536, 0.4081452549723690315, -0.2454778260505931231 ) ) ;
#4873 = CARTESIAN_POINT ( 'NONE',  ( -0.2114382583329232623, -0.4030796331163507551, -1.076915922618969956 ) ) ;
#4874 = B_SPLINE_CURVE_WITH_KNOTS ( 'NONE', 3,
 ( #1641, #4125, #2190, #6058, #7215, #4785, #2889, #4166, #7836, #3518, #7291, #6678, #6599, #253, #2307, #6636, #291, #4013, #332, #951, #5905, #3475, #6562, #1031, #3555, #4826, #7798, #408, #1604, #5983, #6520, #7341, #876, #5368, #2771, #4712, #988, #2810, #1567, #2153, #4672, #3399, #7178, #1530, #5323, #4054, #2850, #7875, #2228 ),
 .UNSPECIFIED., .F., .F.,
 ( 4, 2, 2, 2, 2, 2, 2, 2, 2, 2, 1, 2, 2, 2, 2, 2, 2, 2, 2, 2, 2, 2, 2, 2, 4 ),
 ( 0.6429648096507060151, 0.6455588641232704594, 0.6481529185958349037, 0.6494499458321171259, 0.6507469730683993481, 0.6533410275409637924, 0.6546380547772460146, 0.6559350820135282367, 0.6585291364860927921, 0.6598261637223750142, 0.6611231909586572364, 0.6624202181949394586, 0.6637172454312216807, 0.6663112999037861250, 0.6676083271400683472, 0.6689053543763505694, 0.6714994088489150137, 0.6727964360851972359, 0.6740934633214794580, 0.6766875177940439023, 0.6779845450303261245, 0.6792815722666083467, 0.6805785995028905688, 0.6818756267391727910, 0.6844696812117372353 ),
 .UNSPECIFIED. ) ;
#4875 = CARTESIAN_POINT ( 'NONE',  ( 0.2605053748584081341, -0.4506328896521213934, -0.3868957728775387350 ) ) ;
#4876 = CARTESIAN_POINT ( 'NONE',  ( -0.4789901986734521611, -0.01979171203707626864, -0.2941778273809415034 ) ) ;
#4877 = CARTESIAN_POINT ( 'NONE',  ( -0.02875720257730274287, -0.5050476516352770950, -1.101097470238079579 ) ) ;
#4879 = CARTESIAN_POINT ( 'NONE',  ( -0.3196787624568049879, 0.4154561229387582766, -0.2682321948111751619 ) ) ;
#4878 = CARTESIAN_POINT ( 'NONE',  ( -0.3851345341276285472, 0.3373476143742860089, -0.6331756866408146944 ) ) ;
#4880 = CARTESIAN_POINT ( 'NONE',  ( -0.2656249999999998890, 0.4600759957604831363, 0.000000000000000000 ) ) ;
#4881 = CARTESIAN_POINT ( 'NONE',  ( -0.5097346197664445189, 0.01669000387928384205, -0.6967949916369216012 ) ) ;
#4882 = CARTESIAN_POINT ( 'NONE',  ( -0.4489329791949013826, -0.2891983732343426095, -0.2568824404762525826 ) ) ;
#4883 = CARTESIAN_POINT ( 'NONE',  ( 0.4782486901945230406, -0.003726223968849055098, -0.3304501488094956363 ) ) ;
#4884 = CARTESIAN_POINT ( 'NONE',  ( 0.03866553435351635648, -0.4739241292308580267, -0.4187127976190402889 ) ) ;
#4885 = CARTESIAN_POINT ( 'NONE',  ( 0.4593603078842214971, 0.1069108120262781264, -0.5509672619047392139 ) ) ;
#4886 = B_SPLINE_CURVE_WITH_KNOTS ( 'NONE', 3,
 ( #3284, #3198, #5663, #7519, #5706, #2616, #3822, #2573, #7686, #49, #1329, #6240, #5623, #4558, #3901, #6324, #5170, #6984, #1868, #716, #8137, #2033, #7606, #1955, #677, #5089, #2494, #5132, #5747, #4479, #763, #3860, #3112, #4389, #6946, #6285, #5045, #6362, #3237, #5007, #96, #1291, #4518, #7649, #6405, #1910, #1995, #7023, #1370 ),
 .UNSPECIFIED., .F., .F.,
 ( 4, 2, 2, 2, 2, 2, 2, 2, 1, 2, 2, 2, 2, 2, 2, 2, 2, 2, 2, 2, 2, 2, 2, 2, 4 ),
 ( 0.2735190569598923704, 0.2747906808343924534, 0.2760623047088925364, 0.2786055524578927023, 0.2798771763323927853, 0.2811488002068928682, 0.2836920479558930341, 0.2849636718303931171, 0.2862352957048932001, 0.2875069195793932830, 0.2887785434538933660, 0.2913217912028935319, 0.2925934150773936149, 0.2938650389518936978, 0.2964082867008938638, 0.2976799105753939467, 0.2989515344498940297, 0.3014947821988941401, 0.3040380299478943060, 0.3053096538223943890, 0.3065812776968944720, 0.3091245254458946379, 0.3103961493203947208, 0.3116677731948948038, 0.3142110209438949697 ),
 .UNSPECIFIED. ) ;
#4887 = CARTESIAN_POINT ( 'NONE',  ( 0.3809039318706875510, -0.2925240136698237792, -0.2752976190475415752 ) ) ;
#4888 = VERTEX_POINT ( 'NONE', #3808 ) ;
#4889 = CARTESIAN_POINT ( 'NONE',  ( 0.4469338569297783836, -0.1274403930375195004, -0.7620907738094657713 ) ) ;
#4890 = CARTESIAN_POINT ( 'NONE',  ( -0.2134285287794561448, 0.4704490320645615120, -0.4851341801921031927 ) ) ;
#4891 = CARTESIAN_POINT ( 'NONE',  ( -0.4790106875491502159, 0.1623247018485900472, -0.8329742360600980167 ) ) ;
#4892 = CARTESIAN_POINT ( 'NONE',  ( -0.2425897021804238329, 0.4624842273497745682, -0.6329055059524296700 ) ) ;
#4893 = CARTESIAN_POINT ( 'NONE',  ( -0.3363714513612041102, 0.3252861460358978940, -0.6605282738094877537 ) ) ;
#4894 = CARTESIAN_POINT ( 'NONE',  ( -0.4871772805410836682, 0.1305495574127442937, -0.9036635912991870523 ) ) ;
#4895 = CARTESIAN_POINT ( 'NONE',  ( -0.1797521681600088572, 0.4245933966729392162, -0.8882998511904661720 ) ) ;
#4896 = CARTESIAN_POINT ( 'NONE',  ( 0.3908964711961575023, 0.3433709920241582170, -0.3668013242909973215 ) ) ;
#4897 = EDGE_LOOP ( 'NONE', ( #5263, #5681, #3070, #2132 ) ) ;
#4898 = CARTESIAN_POINT ( 'NONE',  ( 0.2557859420131042838, -0.4598419975138267057, -0.4518229166666660190 ) ) ;
#4899 = CARTESIAN_POINT ( 'NONE',  ( -0.1624975856521410356, -0.4795366620493146104, -0.8151183682232749916 ) ) ;
#4900 = DIRECTION ( 'NONE',  ( -1.000000000000000000, 0.000000000000000000, 0.000000000000000000 ) ) ;
#4901 = CARTESIAN_POINT ( 'NONE',  ( -0.3312442512013203944, -0.3900958773749526043, -0.9678199404761056446 ) ) ;
#4902 = CARTESIAN_POINT ( 'NONE',  ( -0.3397180383316105168, -0.3127473283541121751, -0.8576078869047515374 ) ) ;
#4903 = CARTESIAN_POINT ( 'NONE',  ( 0.3975000000000000755, 4.867971026610729929E-17, 0.9519999999999999574 ) ) ;
#4904 = CARTESIAN_POINT ( 'NONE',  ( 0.3192285488116181624, -0.3405706837457476155, -0.7057291666666719587 ) ) ;
#4905 = CARTESIAN_POINT ( 'NONE',  ( 0.4588160579817410212, 0.1430849851357533786, -0.2644159226190453960 ) ) ;
#4906 = CARTESIAN_POINT ( 'NONE',  ( 0.1039666368504298666, 0.4466755213712056971, -0.9579613095239418730 ) ) ;
#4907 = CARTESIAN_POINT ( 'NONE',  ( -0.4466542141098063246, 0.08524080055152474800, -1.082496279761887781 ) ) ;
#4908 = CARTESIAN_POINT ( 'NONE',  ( -0.3341129265491457057, 0.3934865808500864204, -0.7710193452380542656 ) ) ;
#4909 = DIRECTION ( 'NONE',  ( 0.000000000000000000, 1.000000000000000000, 1.048122702880362466E-16 ) ) ;
#4910 = CARTESIAN_POINT ( 'NONE',  ( -0.4818166348230541463, 0.1634737185511869750, -0.7615490647163439819 ) ) ;
#4911 = CARTESIAN_POINT ( 'NONE',  ( -0.03011133233165019102, -0.4565626758836525689, -1.000744047619112287 ) ) ;
#4912 = CARTESIAN_POINT ( 'NONE',  ( 0.3389992757453762495, -0.3861951078888752886, -0.5989470608675462326 ) ) ;
#4913 = DIRECTION ( 'NONE',  ( -0.03112001302225914090, 3.811102433713360910E-18, 0.9995156550997559286 ) ) ;
#4914 = CARTESIAN_POINT ( 'NONE',  ( 0.4005414612303145883, 0.2181141836778106580, -1.047898065476098983 ) ) ;
#4915 = CARTESIAN_POINT ( 'NONE',  ( -0.2739026168634293157, -0.4411640295804242218, -0.3991666182267357699 ) ) ;
#4916 = CARTESIAN_POINT ( 'NONE',  ( -0.3652259252120940713, 0.3101266253400900563, -0.3026413690476331131 ) ) ;
#4917 = CARTESIAN_POINT ( 'NONE',  ( -0.2646457741116958196, -0.4028150451251899522, -0.2208891369048166242 ) ) ;
#4919 = DIRECTION ( 'NONE',  ( 0.000000000000000000, 0.000000000000000000, 1.000000000000000000 ) ) ;
#4918 = CARTESIAN_POINT ( 'NONE',  ( -0.08244418140738873912, -0.5015595996136867907, -0.7518518855622440267 ) ) ;
#4920 = CARTESIAN_POINT ( 'NONE',  ( -0.06675795946393210667, 0.5028729822824336004, -0.7842114189070346075 ) ) ;
#4921 = CARTESIAN_POINT ( 'NONE',  ( -0.3367099744534919337, 0.3837636570730345031, -0.7060957973980608315 ) ) ;
#4922 = CARTESIAN_POINT ( 'NONE',  ( -0.2892875326787804902, -0.4490566791975820204, -0.2520461309524112958 ) ) ;
#4923 = CARTESIAN_POINT ( 'NONE',  ( 0.04322398377445620110, 0.4768372986096980903, -0.3135230654761801961 ) ) ;
#4924 = CARTESIAN_POINT ( 'NONE',  ( -0.1182941393694131177, 0.4571479817482130281, -0.5239025297618516985 ) ) ;
#4925 = CARTESIAN_POINT ( 'NONE',  ( 0.3741838904317734693, 0.2873532507884900555, -0.5461309523809455557 ) ) ;
#4926 = CARTESIAN_POINT ( 'NONE',  ( -0.3989600787800170467, -0.2621036150837818823, -0.3683965773809652622 ) ) ;
#4927 = ORIENTED_EDGE ( 'NONE', *, *, #2399, .F. ) ;
#4928 = CARTESIAN_POINT ( 'NONE',  ( 0.3661650359441163682, 0.2903665126799087060, -0.6798735119047839559 ) ) ;
#4929 = CARTESIAN_POINT ( 'NONE',  ( 0.3152355165154197003, -0.3533021322193517499, -0.4917224702381606249 ) ) ;
#4930 = DIRECTION ( 'NONE',  ( 0.000000000000000000, 0.000000000000000000, -1.000000000000000000 ) ) ;
#4931 = CARTESIAN_POINT ( 'NONE',  ( -0.4013762711140344552, 0.3075406422881046264, -0.8366929887954324130 ) ) ;
#4932 = CARTESIAN_POINT ( 'NONE',  ( 0.4897657829969435661, 0.1795486634443713425, -0.6522507440476755791 ) ) ;
#4933 = CARTESIAN_POINT ( 'NONE',  ( 0.2829261392277588882, -0.3684191222264834309, -0.7693452380954032277 ) ) ;
#4934 = CARTESIAN_POINT ( 'NONE',  ( 0.5014722007971667006, 0.03315577547917506612, -0.9356530580408924935 ) ) ;
#4935 = CARTESIAN_POINT ( 'NONE',  ( 0.4571684449399797678, 0.03014329900332665679, -0.9813988095237800025 ) ) ;
#4936 = DIRECTION ( 'NONE',  ( 0.000000000000000000, 0.000000000000000000, -1.000000000000000000 ) ) ;
#4937 = ORIENTED_EDGE ( 'NONE', *, *, #7648, .F. ) ;
#4938 = CARTESIAN_POINT ( 'NONE',  ( 0.09436616619465136580, -0.5198180432150075747, -0.3841145833333042825 ) ) ;
#4939 = CARTESIAN_POINT ( 'NONE',  ( 0.4545469468432329907, -0.2241993676213029918, -0.7987482289767563470 ) ) ;
#4940 = CARTESIAN_POINT ( 'NONE',  ( -0.06637145023769550067, 0.5015018212995729918, -0.8556379587345210869 ) ) ;
#4941 = CARTESIAN_POINT ( 'NONE',  ( 0.1805880560180774252, -0.4792431389040485157, -0.9557291666667248053 ) ) ;
#4942 = CARTESIAN_POINT ( 'NONE',  ( -0.3708117980952829185, 0.2705698605900349607, -0.9446614583334056459 ) ) ;
#4943 = AXIS2_PLACEMENT_3D ( 'NONE', #1154, #2483, #6102 ) ;
#4944 = CARTESIAN_POINT ( 'NONE',  ( -0.3125000000000000000, 3.827021247335478926E-17, 1.189999999999999947 ) ) ;
#4945 = CARTESIAN_POINT ( 'NONE',  ( 0.3054219826716220165, 0.3596853289687261812, -0.5437127976190545553 ) ) ;
#4946 = CARTESIAN_POINT ( 'NONE',  ( -0.4031740675862375278, -0.2597204330356199797, -0.2970610119047024100 ) ) ;
#4947 = CARTESIAN_POINT ( 'NONE',  ( -0.4350529551558660057, -0.1474831428089017071, -0.9337797619047273345 ) ) ;
#4948 = CARTESIAN_POINT ( 'NONE',  ( -0.2281620032596573533, 0.3955599261568060743, -1.020833333333331927 ) ) ;
#4949 = CIRCLE ( 'NONE', #1918, 0.5312500000000000000 ) ;
#4950 = CARTESIAN_POINT ( 'NONE',  ( -0.3046462370461606173, -0.4175137942720411055, -0.7504650297619858135 ) ) ;
#4951 = CARTESIAN_POINT ( 'NONE',  ( -0.3970717995527426325, -4.928547240401694550E-20, 0.004529409175434023077 ) ) ;
#4952 = CARTESIAN_POINT ( 'NONE',  ( -0.2254694345152289114, 0.4558203808006224267, -0.7704602414106261898 ) ) ;
#4953 = CARTESIAN_POINT ( 'NONE',  ( -0.3714105860545942051, 0.2659301153760916248, -1.024925595238022735 ) ) ;
#4954 = DIRECTION ( 'NONE',  ( 0.000000000000000000, 0.000000000000000000, 1.000000000000000000 ) ) ;
#4955 = CARTESIAN_POINT ( 'NONE',  ( 0.000000000000000000, 0.000000000000000000, 0.7139999999999999680 ) ) ;
#4956 = CARTESIAN_POINT ( 'NONE',  ( -0.4316033618575820241, -0.1506471985530264401, -1.014043898809600774 ) ) ;
#4957 = AXIS2_PLACEMENT_3D ( 'NONE', #2507, #6171, #6874 ) ;
#4958 = DIRECTION ( 'NONE',  ( 0.000000000000000000, 0.000000000000000000, -1.000000000000000000 ) ) ;
#4959 = CARTESIAN_POINT ( 'NONE',  ( -0.1085585082929887285, 0.4664396416333878026, -0.3098958333333606818 ) ) ;
#4960 = VECTOR ( 'NONE', #402, 39.37007874015748854 ) ;
#4961 = CARTESIAN_POINT ( 'NONE',  ( 0.3050470788939633193, 0.4046806645328558383, -1.072079613095205053 ) ) ;
#4963 = CARTESIAN_POINT ( 'NONE',  ( -0.4154914024435580333, 0.3183865920101263680, -0.2652600826788089616 ) ) ;
#4962 = CARTESIAN_POINT ( 'NONE',  ( -0.3346002171223484978, -0.3823677909403472297, -0.7581648984903534005 ) ) ;
#4964 = CARTESIAN_POINT ( 'NONE',  ( -0.5164415214275276389, -0.03414643660127815450, -0.4813820609716111254 ) ) ;
#4965 = CARTESIAN_POINT ( 'NONE',  ( 0.5002943035887735812, 0.000000000000000000, -0.9999999999999998890 ) ) ;
#4966 = CARTESIAN_POINT ( 'NONE',  ( 0.4572658194389941366, 0.2692549393514504508, -0.3644903273810335964 ) ) ;
#4967 = EDGE_CURVE ( 'NONE', #5113, #2169, #5083, .T. ) ;
#4968 = CARTESIAN_POINT ( 'NONE',  ( 0.4733218740077459463, -0.05034462554152614039, -0.4029947916666566377 ) ) ;
#4969 = CARTESIAN_POINT ( 'NONE',  ( -0.2463444463562484699, -0.4038319530174248606, -0.4973028273809252386 ) ) ;
#4970 = CARTESIAN_POINT ( 'NONE',  ( -0.4441786289814715905, 0.1799519103212117443, -0.3079427083334000392 ) ) ;
#4971 = EDGE_CURVE ( 'NONE', #7311, #1337, #2019, .T. ) ;
#4972 = ORIENTED_EDGE ( 'NONE', *, *, #5968, .T. ) ;
#4973 = CARTESIAN_POINT ( 'NONE',  ( -0.4549583534309580291, 0.1102094075661579353, -0.6544828869046895869 ) ) ;
#4974 = CARTESIAN_POINT ( 'NONE',  ( -0.3350285684433816358, 0.3298593306102935996, -0.5981212797619102073 ) ) ;
#4975 = CIRCLE ( 'NONE', #2456, 0.5312500000000000000 ) ;
#4976 = CARTESIAN_POINT ( 'NONE',  ( 0.2656249999999998335, 0.4600759957604829697, 0.000000000000000000 ) ) ;
#4977 = CARTESIAN_POINT ( 'NONE',  ( -0.4733665023355955737, 0.1780744772255695996, -0.8333518797822458968 ) ) ;
#4978 = CARTESIAN_POINT ( 'NONE',  ( -0.3344864804617138643, 0.4011713130894570267, -0.6304873511904274253 ) ) ;
#4979 = CARTESIAN_POINT ( 'NONE',  ( 0.2519369238072326489, 0.3910769425155072310, -0.7475818452381451928 ) ) ;
#4980 = CARTESIAN_POINT ( 'NONE',  ( 0.3063132375327675128, 0.3998437019382086177, -0.9259709165877256787 ) ) ;
#4981 = CARTESIAN_POINT ( 'NONE',  ( 0.007691627753234500306, 0.4586257711457897290, -0.9644717261904558470 ) ) ;
#4982 = CARTESIAN_POINT ( 'NONE',  ( -3.506341393428205978E-18, -4.928547240401258206E-20, 0.005000000000000000104 ) ) ;
#4983 = ORIENTED_EDGE ( 'NONE', *, *, #28, .F. ) ;
#4984 = CARTESIAN_POINT ( 'NONE',  ( 0.5007021792631255463, -0.1697473006671353091, -0.3720238095238781462 ) ) ;
#4985 = CARTESIAN_POINT ( 'NONE',  ( -0.06555992699327828355, -0.5029644152110371857, -0.8128688790200836456 ) ) ;
#4986 = CARTESIAN_POINT ( 'NONE',  ( -0.1785266816363426656, 0.4725382853248887849, -0.8530327184805716056 ) ) ;
#4987 = CARTESIAN_POINT ( 'NONE',  ( 0.4307254416043381218, -0.2774785296549389102, -0.9484747023808822730 ) ) ;
#4988 = CARTESIAN_POINT ( 'NONE',  ( -0.4350529551558660057, -0.1474831428089017071, -0.9337797619047273345 ) ) ;
#4989 = CARTESIAN_POINT ( 'NONE',  ( -0.3952921569633918164, 0.3011465394206346291, -0.2499999999999998057 ) ) ;
#4990 = CARTESIAN_POINT ( 'NONE',  ( -0.5312500000000000000, -0.3067173305069887945, -0.04744933615967777962 ) ) ;
#4991 = ORIENTED_EDGE ( 'NONE', *, *, #5882, .T. ) ;
#4992 = CARTESIAN_POINT ( 'NONE',  ( -0.3669229639573712842, -0.2765759305664946544, -0.9301525297620063526 ) ) ;
#4993 = CARTESIAN_POINT ( 'NONE',  ( 0.2746230834341050198, 0.3643190129184961656, -1.034133184523865490 ) ) ;
#4994 = CARTESIAN_POINT ( 'NONE',  ( -0.3425905406957665544, -0.3839479639536827471, -0.8230096726188803613 ) ) ;
#4995 = CARTESIAN_POINT ( 'NONE',  ( -3.506341393428205978E-18, -4.928547240401258206E-20, 0.004529409175434023077 ) ) ;
#4996 = CARTESIAN_POINT ( 'NONE',  ( -0.5045911087068947198, 0.06602793385103584989, -0.7593019412813278857 ) ) ;
#4997 = CARTESIAN_POINT ( 'NONE',  ( 0.3246695909191221197, -0.3196603570408631523, -1.062406994047481845 ) ) ;
#4998 = DIRECTION ( 'NONE',  ( -0.000000000000000000, -0.000000000000000000, -1.000000000000000000 ) ) ;
#4999 = CARTESIAN_POINT ( 'NONE',  ( 0.05997973495924135978, 0.4569672776143098303, -0.8943452380952791048 ) ) ;
#5000 = CARTESIAN_POINT ( 'NONE',  ( -0.5020434460090781315, -0.1348825010914352085, -0.4077304852533696899 ) ) ;
#5001 = CARTESIAN_POINT ( 'NONE',  ( -0.4441786289840843893, 0.1799519103089221306, -0.2990141369046750985 ) ) ;
#5002 = MANIFOLD_SOLID_BREP ( 'Fillet1', #5456 ) ;
#5003 = CARTESIAN_POINT ( 'NONE',  ( -1.229389986508732076E-16, 0.5019365532023932763, -1.136160714285714413 ) ) ;
#5005 = CARTESIAN_POINT ( 'NONE',  ( 3.155134365743477252E-17, -0.6134346610139772560, -0.2025506638403220816 ) ) ;
#5004 = CARTESIAN_POINT ( 'NONE',  ( 0.1158084737609096082, -0.4950666613746746436, -0.7473808825025621827 ) ) ;
#5006 = CARTESIAN_POINT ( 'NONE',  ( 0.3464875780294155438, 0.3700866329789487263, -0.7942604626200722162 ) ) ;
#5007 = CARTESIAN_POINT ( 'NONE',  ( 0.4140348951568151858, -0.2960669378894345005, -0.7291734727944618744 ) ) ;
#5008 = CARTESIAN_POINT ( 'NONE',  ( -0.09608089261778153534, 0.4440232810126238383, -1.095796130952286118 ) ) ;
#5009 = CARTESIAN_POINT ( 'NONE',  ( 0.3809039318795272577, -0.2925240136593718066, -0.2663690476190221923 ) ) ;
#5010 = CARTESIAN_POINT ( 'NONE',  ( -0.2494521050575366494, 0.4089417183186477844, -0.3062686011904566796 ) ) ;
#5011 = CARTESIAN_POINT ( 'NONE',  ( 0.3186182514939912003, 0.3570813290202418111, -0.3297061011905391137 ) ) ;
#5012 = ORIENTED_EDGE ( 'NONE', *, *, #4017, .F. ) ;
#5013 = CARTESIAN_POINT ( 'NONE',  ( 0.3007506979935005154, 0.3606979959448892159, -0.6061197916666493102 ) ) ;
#5014 = CARTESIAN_POINT ( 'NONE',  ( 0.3054219826647081026, 0.3596853289767224515, -0.5437127976190749834 ) ) ;
#5015 = ORIENTED_EDGE ( 'NONE', *, *, #4721, .T. ) ;
#5016 = CARTESIAN_POINT ( 'NONE',  ( -0.2089915973656495396, 0.4602451462702236706, -0.8422648970031998417 ) ) ;
#5017 = CARTESIAN_POINT ( 'NONE',  ( -0.004093288089341547663, -0.5254105643475777132, -0.5313430059523508442 ) ) ;
#5018 = EDGE_CURVE ( 'NONE', #6225, #2519, #7306, .T. ) ;
#5019 = CARTESIAN_POINT ( 'NONE',  ( 0.4189803361138522697, 0.2068213108599386008, -0.6822916666666446472 ) ) ;
#5020 = CARTESIAN_POINT ( 'NONE',  ( 0.000000000000000000, 0.000000000000000000, 0.2380000000000000171 ) ) ;
#5021 = CARTESIAN_POINT ( 'NONE',  ( 0.4445480726686248385, -0.1193102246679135642, -0.9136904761904031114 ) ) ;
#5022 = CARTESIAN_POINT ( 'NONE',  ( -0.2608188432159314063, 0.4507587074245894554, -0.3511708518272699253 ) ) ;
#5023 = VERTEX_POINT ( 'NONE', #7709 ) ;
#5024 = CARTESIAN_POINT ( 'NONE',  ( -0.1870201819262377052, -0.4962896800644370776, -0.3188244047619201438 ) ) ;
#5025 = CARTESIAN_POINT ( 'NONE',  ( -0.5002422814819034169, -0.06558974624383304142, -0.8992106821726528754 ) ) ;
#5026 = CARTESIAN_POINT ( 'NONE',  ( -0.2532711005890362355, 0.4380810274044278918, -0.8511811708010853517 ) ) ;
#5027 = CARTESIAN_POINT ( 'NONE',  ( -0.4448408550519013516, 0.2474505576198628154, -1.054873511904759642 ) ) ;
#5028 = CARTESIAN_POINT ( 'NONE',  ( -0.03748331750244311700, 0.4594351734151367883, -0.8829985119047328856 ) ) ;
#5029 = DIRECTION ( 'NONE',  ( -0.000000000000000000, -0.000000000000000000, 1.000000000000000000 ) ) ;
#5030 = CARTESIAN_POINT ( 'NONE',  ( 0.3556057866047180327, -0.4081255643923547005, -0.005461698402221974551 ) ) ;
#5031 = ORIENTED_EDGE ( 'NONE', *, *, #2649, .F. ) ;
#5032 = CARTESIAN_POINT ( 'NONE',  ( 0.4078446056603860503, 0.2139287135133796647, -0.8962983630952242597 ) ) ;
#5033 = CARTESIAN_POINT ( 'NONE',  ( 0.000000000000000000, 0.000000000000000000, -0.9999999999999998890 ) ) ;
#5034 = CARTESIAN_POINT ( 'NONE',  ( 0.3537946380331346563, -0.3774470704594242720, -0.7347470238095343831 ) ) ;
#5035 = DIRECTION ( 'NONE',  ( 0.7071067811865486830, -8.659560562354947649E-17, 0.7071067811865462405 ) ) ;
#5036 = CARTESIAN_POINT ( 'NONE',  ( -0.01702229643530152672, 0.5072795096696259831, -0.7753087312436970358 ) ) ;
#5037 = CARTESIAN_POINT ( 'NONE',  ( -0.1717642895182282525, -0.4239684906904863104, -1.004371279761826719 ) ) ;
#5038 = CARTESIAN_POINT ( 'NONE',  ( -0.3772873223148095478, -0.3538698032616424682, -0.4635546545394998441 ) ) ;
#5039 = CARTESIAN_POINT ( 'NONE',  ( -0.4589415845205194744, -0.04880718795243445263, -0.8737909226189921608 ) ) ;
#5040 = CARTESIAN_POINT ( 'NONE',  ( 0.3380547309343667206, 0.3380551812263177247, -0.2499999999999824030 ) ) ;
#5041 = CARTESIAN_POINT ( 'NONE',  ( -0.4552600273656219887, -0.2196695019980944019, -1.113188244047567776 ) ) ;
#5043 = CARTESIAN_POINT ( 'NONE',  ( -0.3111952612838239651, 0.4050832077919422347, -0.6968056420821772123 ) ) ;
#5042 = DIRECTION ( 'NONE',  ( 0.000000000000000000, 0.000000000000000000, -1.000000000000000000 ) ) ;
#5044 = CARTESIAN_POINT ( 'NONE',  ( 0.3342290793500472534, 0.3812142069000359346, -0.7938888370658704341 ) ) ;
#5045 = CARTESIAN_POINT ( 'NONE',  ( 0.3716594294499673268, -0.3477055440403357123, -0.7306620906494901702 ) ) ;
#5046 = CARTESIAN_POINT ( 'NONE',  ( -0.07445584863586680868, -0.4763407193065574141, -0.2071242559524266447 ) ) ;
#5047 = CARTESIAN_POINT ( 'NONE',  ( 0.4335368016015706538, -0.1962292394889828540, -0.4066220238094997441 ) ) ;
#5048 = CARTESIAN_POINT ( 'NONE',  ( -0.4523088587247073300, -0.1658165903579868206, -0.2281436011904686145 ) ) ;
#5049 = ORIENTED_EDGE ( 'NONE', *, *, #6423, .F. ) ;
#5050 = CARTESIAN_POINT ( 'NONE',  ( -0.2145963672751187989, 0.4182020304578613068, -0.5928199404762141134 ) ) ;
#5051 = CARTESIAN_POINT ( 'NONE',  ( -0.2581125816335331224, 0.3928852519297343360, -0.6005394345238042053 ) ) ;
#5052 = ORIENTED_EDGE ( 'NONE', *, *, #2445, .F. ) ;
#5053 = CARTESIAN_POINT ( 'NONE',  ( -0.1178139719046870232, 0.4688688343880392795, -0.2499999999999998612 ) ) ;
#5054 = CARTESIAN_POINT ( 'NONE',  ( 0.3937198115410130983, -0.3450109590413040217, -0.5930059523809995126 ) ) ;
#5055 = CARTESIAN_POINT ( 'NONE',  ( 0.4324399895246310854, -0.1876786179822829692, -0.5492931547618908894 ) ) ;
#5056 = CARTESIAN_POINT ( 'NONE',  ( -0.03757752588013783118, -0.4604918562880545574, -0.8580729166667310226 ) ) ;
#5057 = CARTESIAN_POINT ( 'NONE',  ( 0.5197653974553387846, 0.01712293198010736775, -0.3746254820760280269 ) ) ;
#5058 = ORIENTED_EDGE ( 'NONE', *, *, #535, .F. ) ;
#5059 = CARTESIAN_POINT ( 'NONE',  ( -0.4960098777447149443, -0.1869062353668977938, -0.3284970238095694106 ) ) ;
#5060 = CARTESIAN_POINT ( 'NONE',  ( -0.1299065511029746378, -0.4870967013622673480, -0.8857877511090596068 ) ) ;
#5061 = CARTESIAN_POINT ( 'NONE',  ( -0.1630176883505967123, 0.4781017630027178389, -0.8534069392247108921 ) ) ;
#5062 = CARTESIAN_POINT ( 'NONE',  ( 0.4241342616164688883, 0.2881924703508604302, -0.9351748511905110250 ) ) ;
#5063 = CARTESIAN_POINT ( 'NONE',  ( -0.3381340436991507881, 0.3169554774581119228, -0.8031994047617820875 ) ) ;
#5064 = EDGE_CURVE ( 'NONE', #1962, #3246, #845, .T. ) ;
#5065 = CARTESIAN_POINT ( 'NONE',  ( -0.5114666984653554183, -0.03379676553848181414, -0.6142168920370947305 ) ) ;
#5066 = DIRECTION ( 'NONE',  ( -0.000000000000000000, -0.000000000000000000, -1.000000000000000000 ) ) ;
#5067 = ORIENTED_EDGE ( 'NONE', *, *, #2659, .T. ) ;
#5068 = CARTESIAN_POINT ( 'NONE',  ( 0.2049512620542483787, 0.4151740683712650815, -0.8177083333333606818 ) ) ;
#5069 = EDGE_CURVE ( 'NONE', #4500, #3962, #3115, .T. ) ;
#5070 = CARTESIAN_POINT ( 'NONE',  ( 0.1146522682757521450, -0.4430744515509403292, -0.9881882440475264762 ) ) ;
#5071 = CARTESIAN_POINT ( 'NONE',  ( -0.4576972478495302532, -0.2492389187221171476, -0.6126302083333312609 ) ) ;
#5072 = CARTESIAN_POINT ( 'NONE',  ( -0.1823567663038978548, 0.4829842323614746968, -0.4958894383267624661 ) ) ;
#5073 = AXIS2_PLACEMENT_3D ( 'NONE', #6082, #4930, #430 ) ;
#5074 = CARTESIAN_POINT ( 'NONE',  ( 0.1429504288465296979, 0.4490089103468707932, -0.9759789361392779972 ) ) ;
#5075 = CARTESIAN_POINT ( 'NONE',  ( -0.3039417934676199584, 0.3468638396021956893, -0.8846726190476185137 ) ) ;
#5076 = CIRCLE ( 'NONE', #1514, 0.3970717995527426325 ) ;
#5077 = CARTESIAN_POINT ( 'NONE',  ( -0.06715853833729114319, -0.5139817350772776239, -0.4557381909196167036 ) ) ;
#5078 = CARTESIAN_POINT ( 'NONE',  ( -0.3043475330298242021, -0.3473147868675340311, -0.8653273809523612803 ) ) ;
#5079 = CARTESIAN_POINT ( 'NONE',  ( -0.1979959142553295581, -0.4271886732737895653, -0.5763578869047707443 ) ) ;
#5080 = CARTESIAN_POINT ( 'NONE',  ( -0.07636626245132198398, 0.4614244283322470053, -0.6677827380953469394 ) ) ;
#5081 = AXIS2_PLACEMENT_3D ( 'NONE', #6023, #2890, #7914 ) ;
#5082 = DIRECTION ( 'NONE',  ( -0.000000000000000000, -0.000000000000000000, 1.000000000000000000 ) ) ;
#5083 = B_SPLINE_CURVE_WITH_KNOTS ( 'NONE', 3,
 ( #822, #4417, #3307, #2680, #3185, #2602, #6931, #7548, #5193, #5811, #6311, #664, #3344, #2721 ),
 .UNSPECIFIED., .F., .F.,
 ( 4, 2, 2, 2, 2, 2, 4 ),
 ( 0.000000000000000000, 0.002234073942848406168, 0.003351110914272611204, 0.004468147885696816674, 0.006702221828545226745, 0.007819258799969431781, 0.008936295771393636816 ),
 .UNSPECIFIED. ) ;
#5084 = CARTESIAN_POINT ( 'NONE',  ( 0.3955247153645533031, -0.3194848222808535088, -1.018880208333516002 ) ) ;
#5085 = CARTESIAN_POINT ( 'NONE',  ( -0.4215327826966511204, 0.2034041356204240869, -0.6658296130951533165 ) ) ;
#5087 = CARTESIAN_POINT ( 'NONE',  ( -0.08355185166452194778, 0.5029416254838293687, -0.7023884529155365319 ) ) ;
#5086 = CARTESIAN_POINT ( 'NONE',  ( 0.4945162103861263647, 0.1328925171553800855, -0.6577313081095474967 ) ) ;
#5088 = CARTESIAN_POINT ( 'NONE',  ( -0.5131106994025250723, -0.06773130277972504165, -0.4806544345863418277 ) ) ;
#5089 = CARTESIAN_POINT ( 'NONE',  ( -0.01593196381309144177, -0.5084011900586861143, -0.7403276806571617019 ) ) ;
#5090 = AXIS2_PLACEMENT_3D ( 'NONE', #455, #5409, #6027 ) ;
#5091 = CARTESIAN_POINT ( 'NONE',  ( 0.2402752208647305487, 0.4165440113273491396, -0.2470238095237956011 ) ) ;
#5092 = CARTESIAN_POINT ( 'NONE',  ( 0.4733218740100215149, -0.05034462553143892460, -0.4029947916666917207 ) ) ;
#5093 = CARTESIAN_POINT ( 'NONE',  ( 0.4060927455567818756, -0.3113512967977033474, -0.6681469117799643254 ) ) ;
#5094 = ORIENTED_EDGE ( 'NONE', *, *, #77, .F. ) ;
#5095 = CARTESIAN_POINT ( 'NONE',  ( -0.04957590675319525214, -0.4660940845243017328, -0.6351376488096115436 ) ) ;
#5096 = CARTESIAN_POINT ( 'NONE',  ( 0.3135224198606242352, -0.3577972322781731163, -0.4203869047619058774 ) ) ;
#5097 = ORIENTED_EDGE ( 'NONE', *, *, #3764, .F. ) ;
#5098 = VECTOR ( 'NONE', #7599, 39.37007874015748854 ) ;
#5099 = CARTESIAN_POINT ( 'NONE',  ( 0.4821762790279770505, -0.2041391896130921868, -0.5893787202380288415 ) ) ;
#5100 = CARTESIAN_POINT ( 'NONE',  ( -0.3868993233510564234, -0.2680000824418510841, -0.5734747023810068400 ) ) ;
#5101 = DIRECTION ( 'NONE',  ( 0.000000000000000000, 0.000000000000000000, 1.000000000000000000 ) ) ;
#5102 = CARTESIAN_POINT ( 'NONE',  ( 0.007777584117391206711, -0.4642288076784671924, -0.7855282738096236450 ) ) ;
#5103 = CARTESIAN_POINT ( 'NONE',  ( -0.4722562163371576971, 0.01952137954715696747, -0.5183221726190586631 ) ) ;
#5104 = FACE_BOUND ( 'NONE', #3760, .T. ) ;
#5105 = ORIENTED_EDGE ( 'NONE', *, *, #2796, .F. ) ;
#5106 = CARTESIAN_POINT ( 'NONE',  ( -0.2236049161919324846, 0.4824618705086361481, -0.2740885416666020147 ) ) ;
#5107 = CARTESIAN_POINT ( 'NONE',  ( 0.2529209019741212039, -0.4373341931547948258, -0.8768739441796379319 ) ) ;
#5108 = CARTESIAN_POINT ( 'NONE',  ( 0.2569802239724978676, 0.4461634587229520998, -0.5673372749014166105 ) ) ;
#5109 = CARTESIAN_POINT ( 'NONE',  ( 0.1213127445632606605, 0.5007960346201241197, -0.8553757440475205920 ) ) ;
#5110 = CARTESIAN_POINT ( 'NONE',  ( 0.06439026414013998556, 0.4586214145581050672, -0.8140811011903787975 ) ) ;
#5111 = CARTESIAN_POINT ( 'NONE',  ( 0.5219778583229888191, -2.573913031530547825E-15, -0.3035654451828613265 ) ) ;
#5112 = CARTESIAN_POINT ( 'NONE',  ( -0.5211778134718686450, 2.748922043624664925E-15, -0.3292613648119637193 ) ) ;
#5113 = VERTEX_POINT ( 'NONE', #317 ) ;
#5114 = CARTESIAN_POINT ( 'NONE',  ( 0.3247598438247162322, 0.3298490796826466509, -0.8213355654762191094 ) ) ;
#5115 = CARTESIAN_POINT ( 'NONE',  ( 0.4542534307077708000, 0.07517939155609451585, -0.8999255952380830204 ) ) ;
#5116 = CARTESIAN_POINT ( 'NONE',  ( -0.08461949249348399427, 0.5112899135359434410, -0.7057291666665472807 ) ) ;
#5117 = CARTESIAN_POINT ( 'NONE',  ( -0.5130280275684890867, 0.06761162108919016589, -0.4836340074180071058 ) ) ;
#5118 = CARTESIAN_POINT ( 'NONE',  ( -0.3539334566622195366, 0.3224681684990410302, -0.9676098584629860833 ) ) ;
#5119 = CARTESIAN_POINT ( 'NONE',  ( -0.08212694188954063057, -0.4523563283197506446, -0.9306175595236989562 ) ) ;
#5120 = EDGE_CURVE ( 'NONE', #4142, #2749, #1338, .T. ) ;
#5121 = CARTESIAN_POINT ( 'NONE',  ( 0.2294050895447125038, -0.4641260014608939999, -0.4490434750045581569 ) ) ;
#5122 = CARTESIAN_POINT ( 'NONE',  ( 0.2858502076871419217, -0.3604698749548882475, -0.9209449404760493563 ) ) ;
#5123 = CARTESIAN_POINT ( 'NONE',  ( 0.4653753459795494374, 0.06107524033253987350, -0.6235119047619028798 ) ) ;
#5124 = CARTESIAN_POINT ( 'NONE',  ( -0.4666796513241239230, -0.03807442592038080137, -0.6508556547619973598 ) ) ;
#5125 = CARTESIAN_POINT ( 'NONE',  ( -0.4639325394877076292, 0.1947950809463716848, -0.9152335033131520081 ) ) ;
#5126 = APPROVAL ( #2585, 'UNSPECIFIED' ) ;
#5127 = CARTESIAN_POINT ( 'NONE',  ( -0.5097865776853405251, -0.003963722698923918993, -0.9753534226190803125 ) ) ;
#5128 = CARTESIAN_POINT ( 'NONE',  ( 0.4320514421350962198, -0.1829182641616611260, -0.6295572916667224739 ) ) ;
#5130 = CARTESIAN_POINT ( 'NONE',  ( -0.03357969774429176574, 0.5086922407608226449, -0.7035114891686464755 ) ) ;
#5129 = CARTESIAN_POINT ( 'NONE',  ( 0.1216930586782643819, -0.4470568238393711757, -0.9839110565349431514 ) ) ;
#5131 = CARTESIAN_POINT ( 'NONE',  ( -0.08356991267339375362, -0.5084557734948910168, -0.5275352830206393451 ) ) ;
#5132 = CARTESIAN_POINT ( 'NONE',  ( 0.06688273849751426303, -0.5051189894544428904, -0.7384758360340351047 ) ) ;
#5133 = CARTESIAN_POINT ( 'NONE',  ( -0.3433974745512174409, -0.3380877970879130889, -0.2143787202381124968 ) ) ;
#5134 = CARTESIAN_POINT ( 'NONE',  ( -0.2113860527861988747, -0.4282094412371825753, -0.3534226190476314478 ) ) ;
#5135 = CARTESIAN_POINT ( 'NONE',  ( 0.2561941277410238471, -0.4427953312600066416, -0.6726121017498294385 ) ) ;
#5136 = CARTESIAN_POINT ( 'NONE',  ( -0.2557840987039213809, 0.3970636550476045468, -0.5202752976190843093 ) ) ;
#5137 = CARTESIAN_POINT ( 'NONE',  ( 0.1857519987110763382, 0.4387448581449020502, -0.3974144345238821430 ) ) ;
#5138 = ORIENTED_EDGE ( 'NONE', *, *, #5670, .F. ) ;
#5139 = CARTESIAN_POINT ( 'NONE',  ( -0.1686619292304835926, -0.4975005890239808104, -0.5349702380952547909 ) ) ;
#5140 = CARTESIAN_POINT ( 'NONE',  ( 0.3527814831973489773, -0.3091378462326057619, -0.6242559523809514399 ) ) ;
#5141 = CARTESIAN_POINT ( 'NONE',  ( 0.3213849812283585683, -0.3323487259158235396, -0.8484002976190420098 ) ) ;
#5142 = CARTESIAN_POINT ( 'NONE',  ( 0.4593603078842214971, 0.1069108120262781264, -0.5509672619047392139 ) ) ;
#5143 = ORIENTED_EDGE ( 'NONE', *, *, #1290, .F. ) ;
#5144 = CARTESIAN_POINT ( 'NONE',  ( 0.2982626419656655425, -0.4389543346757601716, -0.3079427083334048687 ) ) ;
#5145 = CARTESIAN_POINT ( 'NONE',  ( -0.3749999999999999445, 4.592425496802573602E-17, 1.189999999999999947 ) ) ;
#5146 = CARTESIAN_POINT ( 'NONE',  ( 0.4962865648051321688, 0.1328751194000762081, -0.5762879131939638855 ) ) ;
#5147 = CARTESIAN_POINT ( 'NONE',  ( 0.4930189313379100269, 0.1405725568422847571, -0.9388020833334345117 ) ) ;
#5148 = CARTESIAN_POINT ( 'NONE',  ( 0.01497370498173638230, 0.4629161335957175383, -0.8128720238094655492 ) ) ;
#5149 = CONICAL_SURFACE ( 'NONE', #7503, 0.5002943035887735812, 0.03112503826905463691 ) ;
#5150 = CARTESIAN_POINT ( 'NONE',  ( 0.5133824279437176896, -0.01681740452614959719, -0.5796343279381401814 ) ) ;
#5151 = DIRECTION ( 'NONE',  ( 1.000000000000000000, 0.000000000000000000, 0.000000000000000000 ) ) ;
#5152 = ORIENTED_EDGE ( 'NONE', *, *, #5214, .F. ) ;
#5153 = CARTESIAN_POINT ( 'NONE',  ( -0.3039417934716756031, 0.3468638396072042940, -0.8757440476189445322 ) ) ;
#5154 = CARTESIAN_POINT ( 'NONE',  ( 0.2792426790048528340, 0.3636096272120100115, -0.9627976190476562612 ) ) ;
#5155 = CARTESIAN_POINT ( 'NONE',  ( -0.2858653198145448826, 0.4351282151872481463, -0.6295572916666138941 ) ) ;
#5156 = CARTESIAN_POINT ( 'NONE',  ( -0.2730667151486850797, 0.4382227365548034270, -0.4936592622608979020 ) ) ;
#5157 = CARTESIAN_POINT ( 'NONE',  ( -0.3130943257728170948, 0.4078188840916796565, -0.5639853618239718536 ) ) ;
#5158 = CARTESIAN_POINT ( 'NONE',  ( -0.4592442421849785572, -0.003570348214287277257, -0.9463355654762227731 ) ) ;
#5159 = CARTESIAN_POINT ( 'NONE',  ( -0.1390712764036088900, -0.5181799933332322805, -0.1770833333334294046 ) ) ;
#5160 = CARTESIAN_POINT ( 'NONE',  ( -0.1170584010231957156, -0.5040695444882410392, -0.4568549933343827862 ) ) ;
#5161 = CARTESIAN_POINT ( 'NONE',  ( 0.4596497490878941328, 0.02616464791435466411, -0.9100632440476712492 ) ) ;
#5162 = CARTESIAN_POINT ( 'NONE',  ( 0.4488204398668007578, 0.1521504591951594598, -0.4784226190475985296 ) ) ;
#5163 = CARTESIAN_POINT ( 'NONE',  ( -0.09456193684829829194, -0.4567661636041132067, -0.7076822916666308805 ) ) ;
#5164 = CARTESIAN_POINT ( 'NONE',  ( -0.1417783597879729018, 0.4829364233423852348, -0.9253190091872047773 ) ) ;
#5165 = CARTESIAN_POINT ( 'NONE',  ( -0.3392078057273832381, 0.3801687671462494200, -0.9850260416667000474 ) ) ;
#5166 = CARTESIAN_POINT ( 'NONE',  ( 0.3661650359446991243, 0.2903665126772490557, -0.6888020833334228543 ) ) ;
#5168 = CARTESIAN_POINT ( 'NONE',  ( 0.2688656514742263637, 0.4328760402037342137, -0.7105795633066132044 ) ) ;
#5167 = CARTESIAN_POINT ( 'NONE',  ( 0.3848511106679140537, -0.2869549577255109951, -0.9663682341910763141 ) ) ;
#5169 = CARTESIAN_POINT ( 'NONE',  ( 0.3404285113648256034, -0.3872280837166302558, -0.5174907248854045960 ) ) ;
#5170 = CARTESIAN_POINT ( 'NONE',  ( -0.2823957708521108168, -0.4234651877553760602, -0.7466638569639038048 ) ) ;
#5171 = B_SPLINE_CURVE_WITH_KNOTS ( 'NONE', 3,
 ( #520, #980, #4934, #5592, #1597, #6212, #3042, #3749, #1260, #4322, #648, #8105, #4276, #8024, #4980, #6835, #6788, #3793, #4361, #563, #4118, #7407, #1178, #2466, #3170, #3709, #6628, #5678, #20, #3130, #5551, #3082, #7492, #6130, #1219, #6252, #2422, #5637, #8151, #2544, #3624, #2999, #5511, #2377, #4894, #1753, #106, #5879, #1341, #2090 ),
 .UNSPECIFIED., .F., .F.,
 ( 4, 2, 2, 2, 2, 2, 2, 2, 2, 2, 2, 2, 2, 2, 2, 2, 2, 2, 2, 2, 2, 2, 2, 2, 4 ),
 ( 0.07142224692950435716, 0.07267935152423608824, 0.07393645611896783321, 0.07519356071369956429, 0.07645066530843130925, 0.07896487449789477142, 0.08147908368735824747, 0.08399329287682172351, 0.08525039747155345460, 0.08650750206628519956, 0.08776460666101693064, 0.08902171125574867561, 0.09153592044521213777, 0.09279302503994388274, 0.09405012963467561382, 0.09656433882413908987, 0.09782144341887083483, 0.09907854801360256591, 0.1015927572030660420, 0.1041069663925295041, 0.1053640709872612491, 0.1066211755819929941, 0.1091353847714564562, 0.1103924893661882012, 0.1116495939609199323 ),
 .UNSPECIFIED. ) ;
#5172 = CARTESIAN_POINT ( 'NONE',  ( -0.3775553579253785874, -0.2993991226325841137, -0.2155877976190570255 ) ) ;
#5173 = CARTESIAN_POINT ( 'NONE',  ( 0.1905723301444394446, 0.4391076952193244121, -0.3171502976190513912 ) ) ;
#5174 = DIRECTION ( 'NONE',  ( -0.000000000000000000, -0.000000000000000000, -1.000000000000000000 ) ) ;
#5175 = CARTESIAN_POINT ( 'NONE',  ( -0.2968064543340834804, 0.3674609402968596061, -0.5190662202381165491 ) ) ;
#5176 = CARTESIAN_POINT ( 'NONE',  ( 0.3500183265444882785, -0.3222408488667098947, -0.4191778273808659527 ) ) ;
#5177 = EDGE_LOOP ( 'NONE', ( #5769, #6008, #2945, #142 ) ) ;
#5178 = CARTESIAN_POINT ( 'NONE',  ( 0.1065245325544625782, -0.5145913137216335809, -0.5289248511905064731 ) ) ;
#5179 = CARTESIAN_POINT ( 'NONE',  ( -0.2145963672751187989, 0.4182020304578613068, -0.5928199404762141134 ) ) ;
#5180 = PERSON_AND_ORGANIZATION ( #4768, #5354 ) ;
#5181 = CARTESIAN_POINT ( 'NONE',  ( 0.1087937044281982041, -0.4491477571967528726, -0.8544456845237509146 ) ) ;
#5182 = CARTESIAN_POINT ( 'NONE',  ( -0.4415727033008668423, 0.1618890920731006489, -0.5932849702381500778 ) ) ;
#5183 = ORIENTED_EDGE ( 'NONE', *, *, #6472, .T. ) ;
#5184 = CARTESIAN_POINT ( 'NONE',  ( 0.2106945457946644562, 0.4854734030093123542, -0.3550967261905089711 ) ) ;
#5185 = CARTESIAN_POINT ( 'NONE',  ( -0.4277614356521096672, -0.2662540375602450715, -0.8943572233475790556 ) ) ;
#5186 = DIRECTION ( 'NONE',  ( 1.000000000000000000, 0.000000000000000000, 0.000000000000000000 ) ) ;
#5187 = CARTESIAN_POINT ( 'NONE',  ( -0.3793689753698384348, 0.3492617744622619202, -0.8432849702381415291 ) ) ;
#5188 = CARTESIAN_POINT ( 'NONE',  ( 0.4871817944109703147, -0.1650897847892165149, -0.5829764949817168862 ) ) ;
#5189 = CARTESIAN_POINT ( 'NONE',  ( -0.1673069548524212802, -0.4943557905620378778, -0.3151147149988562934 ) ) ;
#5190 = CARTESIAN_POINT ( 'NONE',  ( 0.4563428359850354998, -0.07553327964777170611, -0.8322172619047235598 ) ) ;
#5191 = CARTESIAN_POINT ( 'NONE',  ( 0.1511285198218978165, 0.4329581440946901338, -0.9591703869047210063 ) ) ;
#5192 = CARTESIAN_POINT ( 'NONE',  ( 0.08497338059573332492, 0.5133793188113212613, -0.6380208333333663440 ) ) ;
#5193 = CARTESIAN_POINT ( 'NONE',  ( 0.4451172680897548806, -0.1160599014814248237, -0.9871132531955478795 ) ) ;
#5194 = CARTESIAN_POINT ( 'NONE',  ( -0.3516688390021008304, 0.3751172139031502262, -0.5628630046547103971 ) ) ;
#5195 = CARTESIAN_POINT ( 'NONE',  ( 0.05997973497166283335, 0.4569672776183241747, -0.8943452380953539338 ) ) ;
#5196 = CARTESIAN_POINT ( 'NONE',  ( -0.1719601320849721282, 0.5072543118037197152, -0.2061011904761537450 ) ) ;
#5197 = CARTESIAN_POINT ( 'NONE',  ( 0.4595097266621217535, -0.2077792627320760033, -0.8798256342837437183 ) ) ;
#5198 = CARTESIAN_POINT ( 'NONE',  ( 0.2922924393541046495, 0.3618597927672417280, -0.7577194940474967222 ) ) ;
#5199 = CARTESIAN_POINT ( 'NONE',  ( -0.3911364960181685224, -0.2657706400912432931, -0.5110677083333393655 ) ) ;
#5200 = CARTESIAN_POINT ( 'NONE',  ( 0.2922924393541046495, 0.3618597927672417280, -0.7487909226189253253 ) ) ;
#5201 = CARTESIAN_POINT ( 'NONE',  ( -0.4805122695393314047, 0.1517516199620608797, -0.9141842305349515696 ) ) ;
#5202 = CARTESIAN_POINT ( 'NONE',  ( 0.4209184255413941367, 0.2860073244999778441, -1.004371279761785640 ) ) ;
#5203 = CARTESIAN_POINT ( 'NONE',  ( 0.4595079833193325691, -0.08342528697921496039, -0.6984747023810427002 ) ) ;
#5205 = CARTESIAN_POINT ( 'NONE',  ( 0.4440270655460055726, -0.3570755151935115501, -0.2289677940030260539 ) ) ;
#5204 = DIRECTION ( 'NONE',  ( 0.000000000000000000, 0.000000000000000000, -1.000000000000000000 ) ) ;
#5206 = CARTESIAN_POINT ( 'NONE',  ( 0.3528792429677808928, -0.3759277638045160352, -0.5171173823412729131 ) ) ;
#5207 = CARTESIAN_POINT ( 'NONE',  ( -0.5057220668647068873, -0.1351341029814880357, -0.2648812733075534553 ) ) ;
#5208 = CARTESIAN_POINT ( 'NONE',  ( 0.4851194838105749585, 0.1648901630409902452, -0.6469558575563042480 ) ) ;
#5209 = CARTESIAN_POINT ( 'NONE',  ( -0.4641847468461730020, -0.1201150749191993578, -0.2917596726190450629 ) ) ;
#5210 = CONICAL_SURFACE ( 'NONE', #2576, 0.5312500000000000000, 1.047197551196600074 ) ;
#5211 = CARTESIAN_POINT ( 'NONE',  ( -0.4618568412205934504, 0.1361906960936114241, -0.2353980654761424207 ) ) ;
#5212 = CARTESIAN_POINT ( 'NONE',  ( 0.4300092688400200536, 0.1992944152300468452, -0.4682849702381025048 ) ) ;
#5213 = CARTESIAN_POINT ( 'NONE',  ( -0.4246688479178473696, -0.2179148219277294296, -0.3696056547619365751 ) ) ;
#5214 = EDGE_CURVE ( 'NONE', #3500, #1312, #4156, .T. ) ;
#5215 = TOROIDAL_SURFACE ( 'NONE', #2969, 0.3704503952807373657, 0.005000000000000000104 ) ;
#5216 = ADVANCED_FACE ( 'NONE', ( #7942, #3087 ), #4281, .T. ) ;
#5217 = ORIENTED_EDGE ( 'NONE', *, *, #6622, .T. ) ;
#5218 = CARTESIAN_POINT ( 'NONE',  ( -0.008847547285456933142, -0.5275850468043364883, -0.4600074404762051206 ) ) ;
#5219 = CARTESIAN_POINT ( 'NONE',  ( 0.07672015054133715650, 0.4635138336011931370, -0.6000744047619009924 ) ) ;
#5220 = EDGE_CURVE ( 'NONE', #4566, #4486, #1389, .T. ) ;
#5221 = CARTESIAN_POINT ( 'NONE',  ( 0.000000000000000000, 0.000000000000000000, -0.9999999999999998890 ) ) ;
#5222 = CARTESIAN_POINT ( 'NONE',  ( 0.4638154768770586522, -0.03058960744849071808, -0.7686011904760483571 ) ) ;
#5223 = CARTESIAN_POINT ( 'NONE',  ( -0.4421908095933559935, 0.1666342040808618530, -0.5219494047618862265 ) ) ;
#5224 = CONICAL_SURFACE ( 'NONE', #1000, 0.3975000000000000755, 0.09425767512363275591 ) ;
#5225 = ORIENTED_EDGE ( 'NONE', *, *, #1890, .F. ) ;
#5226 = ADVANCED_FACE ( 'NONE', ( #3006 ), #6706, .F. ) ;
#5227 = CARTESIAN_POINT ( 'NONE',  ( -0.1380634948161039988, -0.5144248847701862193, -0.2462797619047451259 ) ) ;
#5228 = CARTESIAN_POINT ( 'NONE',  ( 0.5044984794012482565, 1.690330946079762854E-15, -0.8649698655860320606 ) ) ;
#5229 = CARTESIAN_POINT ( 'NONE',  ( 0.4615410544064530995, 0.2276964097352686123, -0.5740397732062932912 ) ) ;
#5230 = CARTESIAN_POINT ( 'NONE',  ( -0.4444081533647146198, 0.2616929830701307247, -0.8408668154761439473 ) ) ;
#5231 = AXIS2_PLACEMENT_3D ( 'NONE', #7570, #5101, #1923 ) ;
#5232 = CARTESIAN_POINT ( 'NONE',  ( -0.2561325862168353229, -0.4444042315411159683, -0.6030544501456748252 ) ) ;
#5233 = CARTESIAN_POINT ( 'NONE',  ( -0.5212009653072561255, -0.03404489929725568187, -0.3285177718739691888 ) ) ;
#5234 = CARTESIAN_POINT ( 'NONE',  ( -0.1276401157283501564, 0.4476633464980737109, -0.7379092261905388916 ) ) ;
#5235 = CARTESIAN_POINT ( 'NONE',  ( -0.2198234510622752436, -0.4036636182341089008, -0.9253162202379988654 ) ) ;
#5236 = CARTESIAN_POINT ( 'NONE',  ( -0.3285660899545513880, 0.4067802481076218668, -0.5570126488095827888 ) ) ;
#5237 = CARTESIAN_POINT ( 'NONE',  ( 0.1142669915788785684, -0.4840605387413477456, -0.9489638462035553390 ) ) ;
#5238 = CARTESIAN_POINT ( 'NONE',  ( -0.03387838867598264025, 0.5128227336578174977, -0.5706789551649207315 ) ) ;
#5239 = CARTESIAN_POINT ( 'NONE',  ( 0.1084982212439993265, 0.4478940975927084289, -0.8955543154762836133 ) ) ;
#5240 = CARTESIAN_POINT ( 'NONE',  ( -0.2114382583209870603, -0.4030796331204190563, -1.067987351190532452 ) ) ;
#5241 = CARTESIAN_POINT ( 'NONE',  ( -0.4902868274214661204, -0.1142719698097456466, -0.9081119362636179693 ) ) ;
#5242 = CARTESIAN_POINT ( 'NONE',  ( 0.4095163977062688532, -0.2148146367033678672, -0.8447730654760809976 ) ) ;
#5243 = CARTESIAN_POINT ( 'NONE',  ( 0.3500183265513018283, -0.3222408488601061216, -0.4191778273808892674 ) ) ;
#5244 = CARTESIAN_POINT ( 'NONE',  ( -0.03451543683312471161, 0.5172358668388045144, -0.4278054097290316937 ) ) ;
#5245 = CARTESIAN_POINT ( 'NONE',  ( 0.000000000000000000, 0.000000000000000000, -0.1689462113107774999 ) ) ;
#5246 = CARTESIAN_POINT ( 'NONE',  ( 0.1677853403954693012, 0.4806785040020817301, -0.9971168154761302915 ) ) ;
#5247 = CARTESIAN_POINT ( 'NONE',  ( -0.3363714513590011501, 0.3252861460297454266, -0.6694568452379907608 ) ) ;
#5249 = CARTESIAN_POINT ( 'NONE',  ( 0.4095981957415341101, -0.3141379836805210934, -0.5252867075782180484 ) ) ;
#5248 = CARTESIAN_POINT ( 'NONE',  ( -3.506341393428205978E-18, -4.928547240401258206E-20, 0.000000000000000000 ) ) ;
#5250 = CARTESIAN_POINT ( 'NONE',  ( -0.5145175385396981715, -0.01677907901493918413, -0.5431767335880495207 ) ) ;
#5251 = CARTESIAN_POINT ( 'NONE',  ( -0.4884203139081129130, -0.1309191763713115908, -0.8363064264084807409 ) ) ;
#5252 = CARTESIAN_POINT ( 'NONE',  ( -0.5089709990962951736, 0.06673078789081231255, -0.6164555060905410055 ) ) ;
#5253 = CARTESIAN_POINT ( 'NONE',  ( -0.4523088587247073300, -0.1658165903579868206, -0.2192150297618972177 ) ) ;
#5254 = CARTESIAN_POINT ( 'NONE',  ( 0.08368202206617864070, -0.5037277065065599579, -0.6766979552038462353 ) ) ;
#5255 = CARTESIAN_POINT ( 'NONE',  ( -0.3219263173565393155, -0.3434371201682016039, -0.5710565476189931600 ) ) ;
#5256 = CARTESIAN_POINT ( 'NONE',  ( 0.08472363207013496045, 0.4666596383354006394, -0.4663318452380895152 ) ) ;
#5257 = ORIENTED_EDGE ( 'NONE', *, *, #688, .F. ) ;
#5258 = CARTESIAN_POINT ( 'NONE',  ( -0.2799019250846801476, -0.4497118179802904181, -0.3947172619047609188 ) ) ;
#5259 = CARTESIAN_POINT ( 'NONE',  ( 0.4737809088179160133, 0.003683488096920583491, -0.4731212797619447907 ) ) ;
#5260 = CARTESIAN_POINT ( 'NONE',  ( 0.4500685402542330404, -0.1403652720779273444, -0.5480840773809918520 ) ) ;
#5261 = CARTESIAN_POINT ( 'NONE',  ( -0.3363714513692241947, 0.3252861460269935723, -0.6694568452381066681 ) ) ;
#5262 = CARTESIAN_POINT ( 'NONE',  ( -0.4741633541613583525, -0.02699093193786519795, -0.4457775297618962740 ) ) ;
#5263 = ORIENTED_EDGE ( 'NONE', *, *, #2193, .F. ) ;
#5264 = EDGE_CURVE ( 'NONE', #3417, #5023, #7919, .T. ) ;
#5265 = CARTESIAN_POINT ( 'NONE',  ( 0.3108983635752164965, 0.4061193209251109382, -0.6502845582781190403 ) ) ;
#5266 = CARTESIAN_POINT ( 'NONE',  ( 0.3417550916063972766, -0.3897361617175029713, -0.4560957847616310956 ) ) ;
#5267 = CARTESIAN_POINT ( 'NONE',  ( -0.06766350008048047093, 0.5098038683717712738, -0.5598958765777850566 ) ) ;
#5268 = CARTESIAN_POINT ( 'NONE',  ( -0.2509838852014909527, -0.4511928205380860701, -0.8227306547621016097 ) ) ;
#5269 = CARTESIAN_POINT ( 'NONE',  ( 0.1846314729066662608, -0.4880730639103460500, -0.3173175234674158185 ) ) ;
#5270 = CARTESIAN_POINT ( 'NONE',  ( 0.4890209996489739974, -0.1838507825793732897, -0.2976317165702406786 ) ) ;
#5271 = CARTESIAN_POINT ( 'NONE',  ( -0.1797521681600088572, 0.4245933966729392162, -0.8793712797618947752 ) ) ;
#5272 = ADVANCED_FACE ( 'NONE', ( #4534 ), #1783, .T. ) ;
#5273 = CARTESIAN_POINT ( 'NONE',  ( -0.1187197340730558603, -0.5100622644468376654, -0.5316220238094641060 ) ) ;
#5274 = CARTESIAN_POINT ( 'NONE',  ( -0.3822458348514402582, -0.3058958607920859163, -0.9572423084876383603 ) ) ;
#5275 = CARTESIAN_POINT ( 'NONE',  ( 0.3158101199413767546, 0.3603435560841414809, -0.2499999999999767686 ) ) ;
#5276 = CARTESIAN_POINT ( 'NONE',  ( -0.1382012522391242448, -0.4431296003081797719, -0.7891555059522624704 ) ) ;
#5277 = CARTESIAN_POINT ( 'NONE',  ( -0.04804219677667589256, 0.4517137979642962264, -1.097005114517050517 ) ) ;
#5278 = CARTESIAN_POINT ( 'NONE',  ( -0.4862381155526033227, -0.1304671683292772943, -0.9077327493915356982 ) ) ;
#5279 = B_SPLINE_CURVE_WITH_KNOTS ( 'NONE', 3,
 ( #4600, #2078, #7103, #5325, #3978, #6481, #4674, #4241, #6092, #7180, #5249, #1491, #440, #835, #4815, #6750, #915, #4199, #5824, #3356, #255, #171, #4056, #2958, #5946, #5863, #212, #7329, #2734, #2117, #3440, #5474, #2773, #7989, #1674, #7763, #293, #4639, #7143, #4015, #6522, #526, #2383, #569, #5643, #6841, #5598, #2551, #3088, #4369, #1102 ),
 .UNSPECIFIED., .F., .F.,
 ( 4, 2, 2, 1, 2, 2, 2, 2, 2, 2, 2, 2, 2, 2, 2, 2, 2, 2, 2, 2, 2, 2, 2, 2, 2, 4 ),
 ( 0.3115908197313711492, 0.3141642992903681542, 0.3154510390698666567, 0.3167377788493651591, 0.3180245186288636616, 0.3193112584083621641, 0.3218847379673591691, 0.3231714777468576716, 0.3244582175263561741, 0.3270316970853531791, 0.3283184368648516815, 0.3296051766443501840, 0.3321786562033471890, 0.3334653959828456360, 0.3347521357623441385, 0.3360388755418426410, 0.3373256153213411435, 0.3398990948803381484, 0.3411858346598366509, 0.3424725744393351534, 0.3450460539983321584, 0.3463327937778306609, 0.3476195335573291634, 0.3489062733368276104, 0.3501930131163261128, 0.3527664926753231178 ),
 .UNSPECIFIED. ) ;
#5280 = CARTESIAN_POINT ( 'NONE',  ( -0.1310225047293785139, 0.4443578260410339098, -0.8181733630951237846 ) ) ;
#5281 = CARTESIAN_POINT ( 'NONE',  ( -0.3329883103103238873, 0.3382179857797209532, -0.4554501488095424877 ) ) ;
#5282 = CARTESIAN_POINT ( 'NONE',  ( 0.3540986637396194014, 0.3782018358941351965, -0.4371242927392981481 ) ) ;
#5283 = CARTESIAN_POINT ( 'NONE',  ( 0.2318592591845959616, 0.4459041642973871622, -0.9340220186527324886 ) ) ;
#5284 = CARTESIAN_POINT ( 'NONE',  ( 0.4771916720830540748, -0.1883569198920818366, -0.8725818452381195467 ) ) ;
#5285 = CARTESIAN_POINT ( 'NONE',  ( 0.000000000000000000, 0.6134346610139772560, -0.2499999999999998057 ) ) ;
#5287 = CARTESIAN_POINT ( 'NONE',  ( -0.4647283012261564927, 0.2105116965327148704, -0.6912360954946141778 ) ) ;
#5286 = DIRECTION ( 'NONE',  ( 0.000000000000000000, 0.000000000000000000, -1.000000000000000000 ) ) ;
#5288 = CARTESIAN_POINT ( 'NONE',  ( 0.4092382672701231905, -0.3137366321391110713, -0.5152647885739300992 ) ) ;
#5289 = CARTESIAN_POINT ( 'NONE',  ( -0.3688257237919767562, -0.3461746101584692314, -0.8307098130749472897 ) ) ;
#5290 = CARTESIAN_POINT ( 'NONE',  ( -0.5075222741918343772, -1.165303909797412344E-15, -0.7678513255379223468 ) ) ;
#5291 = CARTESIAN_POINT ( 'NONE',  ( -0.4618568412205934504, 0.1361906960936114241, -0.2264694940475709961 ) ) ;
#5292 = CARTESIAN_POINT ( 'NONE',  ( -0.1154248130344162904, -0.4972741804258131726, -0.6811563868371642849 ) ) ;
#5293 = CARTESIAN_POINT ( 'NONE',  ( 0.4027365436431064039, 0.2456669133063887622, -0.5384114583333290405 ) ) ;
#5294 = CARTESIAN_POINT ( 'NONE',  ( 0.4684072524203110044, 0.09696369625374544332, -0.3369605654762481417 ) ) ;
#5295 = ORIENTED_EDGE ( 'NONE', *, *, #3871, .T. ) ;
#5296 = CARTESIAN_POINT ( 'NONE',  ( 0.09444652031079531218, 0.5202160795385102343, -0.4261532738095082373 ) ) ;
#5297 = CARTESIAN_POINT ( 'NONE',  ( -0.3967402182651601494, 0.2606547406682576673, -0.4441034226190335721 ) ) ;
#5298 = CARTESIAN_POINT ( 'NONE',  ( 0.4653753459795494374, 0.06107524033253987350, -0.6145833333333315940 ) ) ;
#5299 = CARTESIAN_POINT ( 'NONE',  ( -0.07636626245132198398, 0.4614244283322470053, -0.6767113095239183362 ) ) ;
#5300 = CARTESIAN_POINT ( 'NONE',  ( -0.4223756348873914379, 0.2167470068248930903, -0.4518229166666563046 ) ) ;
#5301 = EDGE_LOOP ( 'NONE', ( #428, #5351, #7886 ) ) ;
#5302 = CARTESIAN_POINT ( 'NONE',  ( 0.5175183809721517481, -0.01686973032229172401, -0.4467953796477435180 ) ) ;
#5303 = CARTESIAN_POINT ( 'NONE',  ( -0.2315022720357816921, 0.4689475442428231444, -0.2805015271988105519 ) ) ;
#5304 = CARTESIAN_POINT ( 'NONE',  ( 0.4293283357259757849, -0.2917314467325717309, -0.7344680059523330806 ) ) ;
#5305 = CARTESIAN_POINT ( 'NONE',  ( -0.2656249999999998890, 0.4600759957604831363, 0.000000000000000000 ) ) ;
#5306 = CARTESIAN_POINT ( 'NONE',  ( 0.1991917149387329722, 0.4817534022940796468, -0.3515769000158586732 ) ) ;
#5307 = CARTESIAN_POINT ( 'NONE',  ( -0.4018561251980376503, -0.2317937723797844352, -0.7886904761903114069 ) ) ;
#5308 = CARTESIAN_POINT ( 'NONE',  ( 0.2085775801411534347, -0.4806154811434430463, -0.5243675595238191933 ) ) ;
#5309 = ADVANCED_FACE ( 'NONE', ( #7701 ), #7451, .T. ) ;
#5310 = CARTESIAN_POINT ( 'NONE',  ( 0.3465434682127006560, -0.3621723872782356413, -0.9450688471564540061 ) ) ;
#5311 = CARTESIAN_POINT ( 'NONE',  ( 0.5130819513288120692, -2.491210602034852502E-15, -0.5892850655644816804 ) ) ;
#5312 = CARTESIAN_POINT ( 'NONE',  ( 0.4117352129963331442, 0.2112779126234424765, -0.8338913690475605600 ) ) ;
#5313 = ADVANCED_FACE ( 'NONE', ( #2009, #3837 ), #5683, .F. ) ;
#5314 = CARTESIAN_POINT ( 'NONE',  ( 0.4577315082414028513, -0.01892110271030742613, -0.9736793154762678482 ) ) ;
#5315 = CARTESIAN_POINT ( 'NONE',  ( -0.3998922846109743690, -0.3074147514960742789, -0.9032555900263758986 ) ) ;
#5316 = DIRECTION ( 'NONE',  ( 0.000000000000000000, 0.000000000000000000, 1.000000000000000000 ) ) ;
#5317 = CARTESIAN_POINT ( 'NONE',  ( -0.2638611673127626012, 0.3809242709696665230, -0.8145461309523129856 ) ) ;
#5318 = EDGE_CURVE ( 'NONE', #7158, #893, #2313, .T. ) ;
#5319 = CARTESIAN_POINT ( 'NONE',  ( 0.3152355165268183046, -0.3533021322149232368, -0.4917224702380951773 ) ) ;
#5320 = CARTESIAN_POINT ( 'NONE',  ( 0.3372321696922834788, -0.3841143007355358741, -0.6603527505324036095 ) ) ;
#5321 = CARTESIAN_POINT ( 'NONE',  ( -0.06649839729574141822, 0.4983875451487753128, -0.9270599689214088501 ) ) ;
#5322 = CARTESIAN_POINT ( 'NONE',  ( 0.5062083211908658953, -0.08378650970264343856, -0.8701636904761667068 ) ) ;
#5323 = CARTESIAN_POINT ( 'NONE',  ( -0.5014842361266053095, 0.1342377330137074498, -0.4036543403646538630 ) ) ;
#5325 = CARTESIAN_POINT ( 'NONE',  ( 0.5021082265320147009, -0.1167475177778310724, -0.5204544545793777788 ) ) ;
#5324 = CARTESIAN_POINT ( 'NONE',  ( 0.06819049588476540358, -0.5161982756693240804, -0.3813371647089800476 ) ) ;
#5326 = CARTESIAN_POINT ( 'NONE',  ( 0.4040206213360035825, 0.2641429328691299316, -0.2499999999999998057 ) ) ;
#5327 = CARTESIAN_POINT ( 'NONE',  ( 0.2677872885046190254, -0.4297096803296929224, -0.8150868313229813200 ) ) ;
#5328 = CARTESIAN_POINT ( 'NONE',  ( 0.3370287410946782303, 0.3850930305807425680, -0.6410058080856626539 ) ) ;
#5329 = CARTESIAN_POINT ( 'NONE',  ( -0.3291702286143852740, 0.3511768366898486704, -0.2325148809523992222 ) ) ;
#5330 = DIRECTION ( 'NONE',  ( 1.000000000000000000, 0.000000000000000000, 0.000000000000000000 ) ) ;
#5331 = CARTESIAN_POINT ( 'NONE',  ( 0.3504130177248177547, 0.3225933881231627942, -0.3933221726189665701 ) ) ;
#5332 = CARTESIAN_POINT ( 'NONE',  ( 0.2402752208660279276, 0.4165440113344218709, -0.2559523809523505666 ) ) ;
#5333 = B_SPLINE_CURVE_WITH_KNOTS ( 'NONE', 3,
 ( #1598, #2841, #7209, #1561, #7869, #6556, #5399, #365, #2804, #4082, #4741, #4861, #7248, #445, #2964, #5435, #4778, #7829, #7374, #6593, #7907, #945, #2259, #7946, #907, #4819, #7334, #7138, #405, #1026, #6596, #948, #2807, #5320, #1486, #1601, #4744, #3472, #7910, #7833, #2112, #5980, #4010, #4161, #6019, #2886, #5364, #3435 ),
 .UNSPECIFIED., .F., .F.,
 ( 4, 2, 2, 2, 2, 2, 1, 2, 2, 2, 2, 2, 2, 1, 2, 2, 2, 2, 2, 2, 2, 2, 2, 2, 4 ),
 ( 0.3549844718897933737, 0.3575391551177615201, 0.3588164967317455933, 0.3600938383457296665, 0.3626485215736977574, 0.3639258631876818306, 0.3652032048016659038, 0.3664805464156499770, 0.3677578880296340502, 0.3703125712576021411, 0.3728672544855702875, 0.3754219377135384339, 0.3766992793275225071, 0.3779766209415065248, 0.3792539625554905980, 0.3805313041694746712, 0.3830859873974428176, 0.3843633290114268908, 0.3856406706254109640, 0.3881953538533791104, 0.3894726954673631836, 0.3907500370813472013, 0.3933047203093153477, 0.3945820619232994209, 0.3958594035372834941 ),
 .UNSPECIFIED. ) ;
#5334 = ORIENTED_EDGE ( 'NONE', *, *, #5566, .T. ) ;
#5335 = CARTESIAN_POINT ( 'NONE',  ( 0.3009843784892216600, 0.4345023819617105376, -0.4309895833333605708 ) ) ;
#5336 = AXIS2_PLACEMENT_3D ( 'NONE', #7423, #6717, #4337 ) ;
#5337 = CARTESIAN_POINT ( 'NONE',  ( 0.2652245106642381889, 0.3903186004095313133, -0.5335751488095256123 ) ) ;
#5338 = CARTESIAN_POINT ( 'NONE',  ( -0.4701808895344298245, 0.01520863170400998249, -0.5807291666666591912 ) ) ;
#5339 = CALENDAR_DATE ( 2026, 12, 1 ) ;
#5340 = CARTESIAN_POINT ( 'NONE',  ( 0.1640711463439130380, 0.4353891477054537273, -0.7540922619047900621 ) ) ;
#5341 = CARTESIAN_POINT ( 'NONE',  ( 0.4707081158654223274, 0.05433658302604402884, -0.4808407738095443751 ) ) ;
#5342 = ORIENTED_EDGE ( 'NONE', *, *, #7884, .F. ) ;
#5343 = AXIS2_PLACEMENT_3D ( 'NONE', #7328, #2382, #2916 ) ;
#5344 = CARTESIAN_POINT ( 'NONE',  ( 0.000000000000000000, 0.000000000000000000, -0.9999999999999998890 ) ) ;
#5345 = CIRCLE ( 'NONE', #6657, 0.3754282004472574985 ) ;
#5346 = CARTESIAN_POINT ( 'NONE',  ( 0.1781230559963669635, 0.4858540258261554445, -0.7852492559524780757 ) ) ;
#5347 = CIRCLE ( 'NONE', #6274, 0.3750000000000000555 ) ;
#5348 = CARTESIAN_POINT ( 'NONE',  ( -0.04345277033434369329, 0.5883471923644090218, -0.03296507938155256168 ) ) ;
#5349 = B_SPLINE_CURVE_WITH_KNOTS ( 'NONE', 3,
 ( #2113, #5700, #1949, #2688, #2027, #7058, #5201, #5125, #1989, #1448, #4512, #3316, #7017, #1364, #6398, #3278, #130, #5782, #5820, #2074, #2650, #3974, #5164, #6020, #2304, #5321, #4745, #4670, #5942, #4710, #2769, #2226, #4123, #7213, #5283, #329, #6633, #3553, #2847, #6676, #7911, #7796, #6597, #5981, #949, #1602, #985, #289, #2151, #5366, #5403 ),
 .UNSPECIFIED., .F., .F.,
 ( 4, 2, 2, 2, 2, 2, 2, 2, 2, 2, 2, 1, 2, 2, 2, 2, 2, 2, 2, 2, 2, 2, 2, 2, 2, 4 ),
 ( 0.7595309547901986091, 0.7607056910926087712, 0.7618804273950190442, 0.7642298999998394793, 0.7654046363022496413, 0.7665793726046598033, 0.7689288452094802384, 0.7701035815118904004, 0.7712783178143006735, 0.7736277904191211086, 0.7748025267215312706, 0.7759772630239414326, 0.7771519993263517057, 0.7783267356287618677, 0.7806762082335823028, 0.7818509445359924648, 0.7830256808384027378, 0.7853751534432230619, 0.7865498897456333349, 0.7877246260480434970, 0.7900740986528639320, 0.7912488349552740940, 0.7924235712576843671, 0.7935983075600945291, 0.7947730438625046911, 0.7971225164673251262 ),
 .UNSPECIFIED. ) ;
#5350 = CARTESIAN_POINT ( 'NONE',  ( -0.2609622684095962430, 0.4510334143156598530, -0.3411521386350951923 ) ) ;
#5351 = ORIENTED_EDGE ( 'NONE', *, *, #2148, .F. ) ;
#5352 = CIRCLE ( 'NONE', #5479, 0.004999999999999946328 ) ;
#5353 = CARTESIAN_POINT ( 'NONE',  ( 0.2434583069798567923, 0.3911577357283674283, -0.8902529761904691696 ) ) ;
#5354 = ORGANIZATION ( 'UNSPECIFIED', 'UNSPECIFIED', '' ) ;
#5355 = CARTESIAN_POINT ( 'NONE',  ( 0.3075411345172583411, -0.4214947875828262136, -0.5932849702380919021 ) ) ;
#5356 = CARTESIAN_POINT ( 'NONE',  ( -0.2719606703839159700, -0.4092317201319006781, -0.9549727605354576543 ) ) ;
#5357 = CARTESIAN_POINT ( 'NONE',  ( 0.2271910159317177824, 0.4616951557375031934, -0.5766179560830493322 ) ) ;
#5358 = CARTESIAN_POINT ( 'NONE',  ( 0.2442521500746191732, -0.3924482751388412849, -0.8508184523810559119 ) ) ;
#5359 = CARTESIAN_POINT ( 'NONE',  ( 0.2746230834430032353, 0.3643190129101684382, -1.034133184523871263 ) ) ;
#5360 = CARTESIAN_POINT ( 'NONE',  ( 0.3799216885070997862, -0.3326982440253160589, -0.8831738748561630548 ) ) ;
#5361 = DIRECTION ( 'NONE',  ( 0.000000000000000000, 1.000000000000000000, 1.048122702880362466E-16 ) ) ;
#5362 = CARTESIAN_POINT ( 'NONE',  ( 0.2418817215384517216, -0.3965313689783482864, -0.7794828869046616093 ) ) ;
#5363 = CARTESIAN_POINT ( 'NONE',  ( 0.04322398378620084108, 0.4768372986087578425, -0.3224516369048124886 ) ) ;
#5364 = CARTESIAN_POINT ( 'NONE',  ( 0.5111587656568755689, -0.01663305918563889527, -0.6510541331229202644 ) ) ;
#5365 = CC_DESIGN_PERSON_AND_ORGANIZATION_ASSIGNMENT ( #2786, #2746, ( #87 ) ) ;
#5366 = CARTESIAN_POINT ( 'NONE',  ( 0.4857317925070105402, 0.1306253672989535763, -0.9434368640674857254 ) ) ;
#5367 = CARTESIAN_POINT ( 'NONE',  ( 0.4933644839306528529, -0.1324113854136796387, -0.9427083333332382242 ) ) ;
#5368 = CARTESIAN_POINT ( 'NONE',  ( -0.3162766702261147200, 0.4113841091792492799, -0.4110873219114464794 ) ) ;
#5369 = CARTESIAN_POINT ( 'NONE',  ( 0.3796818249211674212, -0.3554163648607304160, -0.3735275790900229320 ) ) ;
#5370 = CARTESIAN_POINT ( 'NONE',  ( 0.2658944295231495114, -0.4390169106165076607, -0.2499999999999998612 ) ) ;
#5371 = EDGE_CURVE ( 'NONE', #6503, #5379, #1972, .T. ) ;
#5372 = CARTESIAN_POINT ( 'NONE',  ( 0.5312500000000000000, -0.3067173305069885725, -0.04744933615967775187 ) ) ;
#5373 = CARTESIAN_POINT ( 'NONE',  ( 0.2560461171379140310, 0.4441020790149606268, -0.6387695283659009515 ) ) ;
#5374 = CARTESIAN_POINT ( 'NONE',  ( 0.1316262716682259637, -0.4616432620337396764, -0.2736235119047007447 ) ) ;
#5375 = B_SPLINE_CURVE_WITH_KNOTS ( 'NONE', 3,
 ( #5496, #187, #2709, #7923, #1651, #7263, #7120, #381, #2935, #1468, #1736, #4878, #2274, #7301, #4134, #7350, #417, #6497, #3528, #4177, #6111, #3994, #7391, #6458, #6727, #232, #999, #2900, #852, #6687, #3376, #5885, #5265, #7779, #2133, #1613, #6645, #5414, #5660, #3650, #5, #7476, #5086, #548, #1287, #2491, #7433, #5535 ),
 .UNSPECIFIED., .F., .F.,
 ( 4, 2, 2, 2, 2, 2, 1, 2, 2, 2, 2, 2, 2, 1, 2, 2, 2, 2, 2, 2, 2, 2, 2, 2, 4 ),
 ( 0.4348308789618835490, 0.4373874565678416704, 0.4386657453708207588, 0.4399440341737998472, 0.4425006117797579686, 0.4437789005827370570, 0.4450571893857161454, 0.4463354781886951783, 0.4476137669916742667, 0.4501703445976324436, 0.4527269222035905649, 0.4552834998095487418, 0.4565617886125277747, 0.4578400774155068631, 0.4591183662184859515, 0.4603966550214650399, 0.4629532326274231613, 0.4642315214304022497, 0.4655098102333813381, 0.4680663878393394595, 0.4693446766423185479, 0.4706229654452975808, 0.4731795430512557576, 0.4744578318542347906, 0.4757361206572138790 ),
 .UNSPECIFIED. ) ;
#5376 = CARTESIAN_POINT ( 'NONE',  ( 0.2445143682016744924, -0.3842625313584869251, -0.9909651123392876348 ) ) ;
#5377 = CARTESIAN_POINT ( 'NONE',  ( 0.2267757687597642402, 0.4164304798808712849, -0.4610305059523944760 ) ) ;
#5378 = CARTESIAN_POINT ( 'NONE',  ( -0.01544355844775850695, -0.4774456454623148272, -0.3575148809524104077 ) ) ;
#5379 = VERTEX_POINT ( 'NONE', #25 ) ;
#5380 = CARTESIAN_POINT ( 'NONE',  ( -0.4886666782991104796, -0.1979665148112375317, -0.4733072916666359875 ) ) ;
#5381 = CARTESIAN_POINT ( 'NONE',  ( 0.4509156542936884060, -0.1450840594679428386, -0.4767485119048358588 ) ) ;
#5382 = CARTESIAN_POINT ( 'NONE',  ( -0.4133083228779353413, -0.2250665013625290922, -0.5746837797619076538 ) ) ;
#5383 = SECURITY_CLASSIFICATION_LEVEL ( 'unclassified' ) ;
#5384 = CARTESIAN_POINT ( 'NONE',  ( 0.2922924393541046495, 0.3618597927672417280, -0.7577194940474967222 ) ) ;
#5385 = CARTESIAN_POINT ( 'NONE',  ( -0.2100387062287446815, 0.4254980225379110248, -0.4590773809524321125 ) ) ;
#5386 = ORIENTED_EDGE ( 'NONE', *, *, #7380, .F. ) ;
#5387 = CARTESIAN_POINT ( 'NONE',  ( -0.4658933036737353262, 0.007813448667480583573, -0.7234002976190556655 ) ) ;
#5388 = CARTESIAN_POINT ( 'NONE',  ( 0.5045101062321253327, 0.01647113071533127387, -0.8645964338823695083 ) ) ;
#5389 = CARTESIAN_POINT ( 'NONE',  ( 0.2245178873410951514, -0.4653079930812720200, -0.8118489583332997306 ) ) ;
#5390 = CARTESIAN_POINT ( 'NONE',  ( -0.5208887907573599430, -0.03409430728527144266, -0.3385442249347958010 ) ) ;
#5391 = CARTESIAN_POINT ( 'NONE',  ( 0.4128692922547629318, 0.3170845635444166644, -0.3575270628639730108 ) ) ;
#5392 = EDGE_LOOP ( 'NONE', ( #6412, #6264 ) ) ;
#5393 = CARTESIAN_POINT ( 'NONE',  ( -0.08641113137519963738, 0.4528294133279606726, -0.8817894345238194154 ) ) ;
#5394 = CARTESIAN_POINT ( 'NONE',  ( -0.5032598795363169009, -0.1434926042872934904, -0.5437127976190369028 ) ) ;
#5395 = CARTESIAN_POINT ( 'NONE',  ( -0.1359714917704020198, -0.4750165914589746241, -0.9527139589467823466 ) ) ;
#5396 = CARTESIAN_POINT ( 'NONE',  ( 0.06252352322079217373, 0.4752351183120231970, -0.2499999999999998335 ) ) ;
#5397 = CARTESIAN_POINT ( 'NONE',  ( -0.3693743954403731489, 0.2836697905530617958, -0.7395833333333745596 ) ) ;
#5398 = CARTESIAN_POINT ( 'NONE',  ( -0.4452016403703827896, -0.1036154195293613328, -1.006324404761864688 ) ) ;
#5399 = CARTESIAN_POINT ( 'NONE',  ( -0.4776673733047659964, -0.1800015783210094367, -0.6823031901053199233 ) ) ;
#5400 = CARTESIAN_POINT ( 'NONE',  ( -0.4537548551252829632, 0.1056143330942671960, -0.7347470238094150341 ) ) ;
#5401 = CARTESIAN_POINT ( 'NONE',  ( 0.2786243651239122543, 0.3891403025616718692, -0.3284970238095200612 ) ) ;
#5402 = CARTESIAN_POINT ( 'NONE',  ( 0.3901666106299910841, -0.3159238008702950906, -0.9441340197651918453 ) ) ;
#5403 = CARTESIAN_POINT ( 'NONE',  ( 0.4918503028078090034, 0.1006037356896333501, -0.9441340197651778565 ) ) ;
#5404 = CARTESIAN_POINT ( 'NONE',  ( 0.5041189159287551291, 0.08343262160209549694, -0.9378720238095739070 ) ) ;
#5405 = DIRECTION ( 'NONE',  ( -1.000000000000000000, 0.000000000000000000, 0.000000000000000000 ) ) ;
#5406 = CARTESIAN_POINT ( 'NONE',  ( -0.03331087511469476431, -0.5186997307869811724, -0.3835621643345459852 ) ) ;
#5407 = CARTESIAN_POINT ( 'NONE',  ( 0.4702455557648928530, 0.1325955187196675711, -0.2499999999999998335 ) ) ;
#5408 = CARTESIAN_POINT ( 'NONE',  ( 0.5122188483876191079, -0.03380016827325791479, -0.5900288131559281446 ) ) ;
#5409 = DIRECTION ( 'NONE',  ( -0.000000000000000000, 0.000000000000000000, -1.000000000000000000 ) ) ;
#5410 = CARTESIAN_POINT ( 'NONE',  ( -0.1254473150493040923, -0.4399438991629576190, -1.003162202380946777 ) ) ;
#5411 = CARTESIAN_POINT ( 'NONE',  ( -0.3106121892437678222, -0.4049330725060585334, -0.6860053303821459503 ) ) ;
#5412 = CARTESIAN_POINT ( 'NONE',  ( -0.3649475543893835328, -0.3042835598342798487, -0.4295944940475793783 ) ) ;
#5413 = CARTESIAN_POINT ( 'NONE',  ( 0.3817318570667114219, -0.2877486189524486315, -0.3466331845237946019 ) ) ;
#5414 = CARTESIAN_POINT ( 'NONE',  ( 0.4339945854910007284, 0.2703815069878909294, -0.6543813882064783982 ) ) ;
#5415 = CARTESIAN_POINT ( 'NONE',  ( -0.5097462537969659202, -4.934400438556075106E-15, -0.6964213286943532477 ) ) ;
#5416 = CARTESIAN_POINT ( 'NONE',  ( 0.5291415296435383331, -0.06109040573759537407, -0.3004092261905392802 ) ) ;
#5417 = CARTESIAN_POINT ( 'NONE',  ( -0.1182941393840743066, 0.4571479817511034938, -0.5239025297619311905 ) ) ;
#5418 = CARTESIAN_POINT ( 'NONE',  ( -0.09913107963140573020, -0.4580810123314844051, -0.6363467261904981465 ) ) ;
#5419 = COORDINATED_UNIVERSAL_TIME_OFFSET ( 6, 0, .BEHIND. ) ;
#5420 = CARTESIAN_POINT ( 'NONE',  ( -0.4312868126803371394, -0.1825859027117952005, -0.6561569940475985296 ) ) ;
#5421 = CARTESIAN_POINT ( 'NONE',  ( -0.06187146715684228165, -0.4713807722156309055, -0.4300595238095312189 ) ) ;
#5422 = EDGE_LOOP ( 'NONE', ( #7739, #2058, #1474 ) ) ;
#5423 = CARTESIAN_POINT ( 'NONE',  ( -0.1310225047166002910, 0.4443578260467150876, -0.8092447916666247743 ) ) ;
#5424 = CARTESIAN_POINT ( 'NONE',  ( -0.1362442249852764964, 0.5057349539488527057, -0.2827121238913710699 ) ) ;
#5425 = CARTESIAN_POINT ( 'NONE',  ( -0.4135896883529048829, 0.3117625647423520885, -0.7707403273809614319 ) ) ;
#5426 = CARTESIAN_POINT ( 'NONE',  ( -0.1837665458457667100, -0.4881268265448826527, -0.3255140553931888392 ) ) ;
#5427 = CARTESIAN_POINT ( 'NONE',  ( -0.2308299705239174049, 0.4671465889336366972, -0.3418932878296814803 ) ) ;
#5428 = EDGE_LOOP ( 'NONE', ( #5052, #6534, #566, #6703, #5342, #5595 ) ) ;
#5429 = CARTESIAN_POINT ( 'NONE',  ( 0.4095163977062688532, -0.2148146367033678672, -0.8358444940475096008 ) ) ;
#5430 = CARTESIAN_POINT ( 'NONE',  ( 0.4535845382065952225, -0.2670964688213875449, -0.4457775297619916421 ) ) ;
#5431 = CARTESIAN_POINT ( 'NONE',  ( 0.000000000000000000, 0.3750000000000000555, 0.2380000000000000171 ) ) ;
#5432 = CARTESIAN_POINT ( 'NONE',  ( 0.5002943035887735812, 0.000000000000000000, -0.9999999999999998890 ) ) ;
#5433 = CARTESIAN_POINT ( 'NONE',  ( 0.2519369238120000021, 0.3910769425265679389, -0.7565104166668499275 ) ) ;
#5434 = CARTESIAN_POINT ( 'NONE',  ( 0.3246695909204809771, -0.3196603570417839157, -1.053478422619141819 ) ) ;
#5435 = CARTESIAN_POINT ( 'NONE',  ( -0.2971665382066447925, -0.4153019734845861399, -0.6755997543754854728 ) ) ;
#5436 = CARTESIAN_POINT ( 'NONE',  ( 0.07221096131537126095, 0.4619779912174531433, -0.6803385416667075969 ) ) ;
#5437 = CARTESIAN_POINT ( 'NONE',  ( 0.2315905880018681862, 0.4163289276071662770, -0.3986235119047860098 ) ) ;
#5438 = FACE_BOUND ( 'NONE', #972, .T. ) ;
#5439 = DIRECTION ( 'NONE',  ( 0.000000000000000000, 0.09411816491319563438, -0.9955610333040223470 ) ) ;
#5440 = CARTESIAN_POINT ( 'NONE',  ( -0.3765085733576473692, 0.3466284183689111731, -0.9124813988095884509 ) ) ;
#5441 = CARTESIAN_POINT ( 'NONE',  ( 0.3975000000000000755, 4.867971026610729929E-17, 0.4759999999999999787 ) ) ;
#5442 = CARTESIAN_POINT ( 'NONE',  ( -0.2595545149853658584, -0.4501351873463058650, -0.3887726905402956734 ) ) ;
#5443 = LINE ( 'NONE', #7954, #3908 ) ;
#5444 = CARTESIAN_POINT ( 'NONE',  ( -0.2109781364706653783, -0.4672233527186033242, -0.6119582654182507131 ) ) ;
#5445 = DIRECTION ( 'NONE',  ( 1.000000000000000000, 1.224646799147353207E-16, 1.282585483465520279E-32 ) ) ;
#5446 = CARTESIAN_POINT ( 'NONE',  ( -0.3903261943071063556, -0.2380965297768568023, -1.011625744047542019 ) ) ;
#5447 = CARTESIAN_POINT ( 'NONE',  ( 0.3275408974087131164, -0.3162454117954884847, -0.9908719878281371241 ) ) ;
#5448 = CARTESIAN_POINT ( 'NONE',  ( 0.1857519987122907834, 0.4387448581456890317, -0.3884858630953070824 ) ) ;
#5449 = CARTESIAN_POINT ( 'NONE',  ( 0.4144485232865195989, 0.2390573106346205456, -0.3333333333333849957 ) ) ;
#5451 = CARTESIAN_POINT ( 'NONE',  ( -0.1688350093636613591, 0.4952551360631888278, -0.2719535101085593931 ) ) ;
#5450 = CARTESIAN_POINT ( 'NONE',  ( 6.306595584540725125E-10, -0.5297318881868650076, -0.2433035643083007182 ) ) ;
#5452 = CARTESIAN_POINT ( 'NONE',  ( 0.4286400646762599242, -0.2662005053503095908, -0.8712854731614151360 ) ) ;
#5453 = CARTESIAN_POINT ( 'NONE',  ( 0.4413634746354599958, 0.2553368207080116692, -0.7261771228969257086 ) ) ;
#5454 = CARTESIAN_POINT ( 'NONE',  ( 0.09953160875311933831, 0.5215403390390125349, -0.3548177083332644810 ) ) ;
#5455 = CARTESIAN_POINT ( 'NONE',  ( -0.4246688479183232667, -0.2179148219309697820, -0.3606770833334355664 ) ) ;
#5456 = CLOSED_SHELL ( 'NONE', ( #5677, #6887, #4469, #1181, #6428, #1784, #930, #8143, #5272, #5309, #3364, #3512, #973, #3449, #1333, #228, #8139, #684, #2506, #4810, #7332, #4863, #6176, #3612, #7029, #4150, #1541, #1229, #7930, #7596, #1895, #4761, #7536, #5313, #5618, #2393, #5226, #1964, #1692, #2339, #4364, #3817, #2848, #3002, #7431, #732, #4478, #7233, #2548, #5216, #3266, #4531, #1284, #4522, #3665, #1582, #7491, #7740, #1183, #7324, #4677, #477, #7338, #2245, #7690, #3617, #6930, #1382, #5927, #6174, #3507, #326, #2350, #2288, #8035 ) ) ;
#5457 = CARTESIAN_POINT ( 'NONE',  ( 0.4737809088110277456, 0.003683488086745465798, -0.4731212797619325783 ) ) ;
#5458 = CARTESIAN_POINT ( 'NONE',  ( 0.09915550349080963499, -0.4582315266945787835, -0.6404389880953377245 ) ) ;
#5459 = CARTESIAN_POINT ( 'NONE',  ( -0.1202178361294149872, -0.4645500700916267434, -0.2885974702380650903 ) ) ;
#5460 = ORIENTED_EDGE ( 'NONE', *, *, #1494, .F. ) ;
#5461 = CARTESIAN_POINT ( 'NONE',  ( -0.03062157409868415670, 0.4644212459451954600, -0.7403273809523182036 ) ) ;
#5462 = AXIS2_PLACEMENT_3D ( 'NONE', #2439, #4954, #4128 ) ;
#5463 = CARTESIAN_POINT ( 'NONE',  ( 0.4626090636827637215, 0.2287080208967159634, -0.5026097403650670037 ) ) ;
#5464 = DIRECTION ( 'NONE',  ( 1.000000000000000000, 0.000000000000000000, 0.000000000000000000 ) ) ;
#5465 = CARTESIAN_POINT ( 'NONE',  ( 0.05533259418300168209, -0.5202959617417475258, -0.6014694940476275065 ) ) ;
#5466 = EDGE_CURVE ( 'NONE', #1434, #1937, #1237, .T. ) ;
#5467 = CARTESIAN_POINT ( 'NONE',  ( 0.4644654905810041146, 0.01919143521086918297, -0.7584635416666337671 ) ) ;
#5468 = CARTESIAN_POINT ( 'NONE',  ( 0.05997973495924135978, 0.4569672776143098303, -0.8943452380952791048 ) ) ;
#5469 = CIRCLE ( 'NONE', #6527, 0.4020496047192627653 ) ;
#5470 = CARTESIAN_POINT ( 'NONE',  ( 0.000000000000000000, 0.000000000000000000, 0.000000000000000000 ) ) ;
#5471 = EDGE_LOOP ( 'NONE', ( #7899, #231, #1915 ) ) ;
#5472 = CARTESIAN_POINT ( 'NONE',  ( -0.5268180592457488709, 0.02999662861242449047, -0.4046688988095179518 ) ) ;
#5473 = CARTESIAN_POINT ( 'NONE',  ( -0.4544013790253956797, -0.2245654341355267369, -0.8240320063751983559 ) ) ;
#5474 = CARTESIAN_POINT ( 'NONE',  ( -0.1810547152425581174, -0.4820185661995827209, -0.5397903277410968093 ) ) ;
#5475 = CARTESIAN_POINT ( 'NONE',  ( -0.4881541469028382041, 0.1522428801173694446, -0.9811197916667090402 ) ) ;
#5476 = CARTESIAN_POINT ( 'NONE',  ( -0.1428578307778170797, -0.4439964220274423279, -0.7178199404761117508 ) ) ;
#5477 = CARTESIAN_POINT ( 'NONE',  ( -0.3408109196268415686, 0.3041006551933760349, -1.017206101190446299 ) ) ;
#5478 = CARTESIAN_POINT ( 'NONE',  ( 0.5312500000000000000, 0.1042433882365813858, -0.2445071947678705282 ) ) ;
#5479 = AXIS2_PLACEMENT_3D ( 'NONE', #6629, #6671, #1023 ) ;
#5480 = CARTESIAN_POINT ( 'NONE',  ( 0.4609336352601752229, -0.08796579759214015470, -0.6271391369047161213 ) ) ;
#5481 = CARTESIAN_POINT ( 'NONE',  ( -0.4763559061697514863, 0.02712373309393817378, -0.3756510416666956065 ) ) ;
#5482 = CARTESIAN_POINT ( 'NONE',  ( 0.4571684449473887302, 0.03014329899268978000, -0.9724702380951367742 ) ) ;
#5483 = CARTESIAN_POINT ( 'NONE',  ( -1.106287503442447866E-16, 0.4516761503041890613, -1.098214285714285587 ) ) ;
#5484 = CARTESIAN_POINT ( 'NONE',  ( 0.1818940664482090186, 0.4826863562863555890, -0.7831101190474361040 ) ) ;
#5485 = DIRECTION ( 'NONE',  ( -1.000000000000000000, 0.000000000000000000, 0.000000000000000000 ) ) ;
#5486 = VECTOR ( 'NONE', #7099, 39.37007874015748854 ) ;
#5487 = CARTESIAN_POINT ( 'NONE',  ( 0.4027948648849556390, 0.3096443631678389985, -0.7860972529652018315 ) ) ;
#5488 = CARTESIAN_POINT ( 'NONE',  ( -0.2281620032695076961, 0.3955599261490995167, -1.029761904761823166 ) ) ;
#5489 = B_SPLINE_SURFACE_WITH_KNOTS ( 'NONE', 1, 3, ( 
 ( #7244, #6625, #2880, #7904, #1226, #7457, #3756, #5027, #7990, #3008, #8158, #6093, #7371, #7540, #2343, #441, #2959, #570, #4858, #1717, #527, #2514, #4370, #5558, #6180, #7499, #1187, #4242, #5599, #1887, #4329, #1849, #6708, #6751, #1146, #6881, #6797, #1103, #487, #6259, #3716, #1062, #7415, #614, #4283, #3587, #5518, #3137, #5475, #8031, #3631, #3675, #8114, #6138, #2384, #4901, #1760, #3049, #8072, #3089, #2428, #2473, #4941, #1808, #6842, #6219, #4987, #5644, #2054, #4496, #3338, #5147, #1308, #5062, #2011, #1974, #3839, #7703, #1388, #5765, #4408, #4455, #6921, #736, #7744, #113, #5843, #5685, #3922, #7579, #3800, #3959, #4578, #4536, #2594, #6461, #7040, #3878, #6422, #27, #7002, #778, #7084, #1267, #6963, #6303, #3259, #656, #2632, #190, #2552, #3300, #1932, #3177, #815, #1430, #5804, #5109, #2712, #151, #6379, #2674, #6341, #1348, #5187, #5230, #695, #3216, #5724, #68, #7624, #7664, #6545, #7274, #311, #5268, #3379, #4036, #896, #3420, #2249, #5389, #7237, #2829, #7123, #4145, #1471, #3539, #3495, #5926, #392, #2792, #3997, #7818, #1587, #4767, #5346, #1623, #2910, #5888, #274, #6042, #6500, #2754, #5425, #235, #855, #7782, #4107, #2136, #4656, #4072, #2098, #7896, #933, #1551, #2873, #4731, #7161, #969, #4619, #7858, #6658, #1511, #5304, #4693, #1012, #2171, #7199, #6583, #3458, #6617, #5964, #2210, #6004, #354, #7936, #4233, #8103, #4806, #1095, #1667, #5509, #6832, #7363, #1217, #3747, #1709, #1054, #7405, #4319, #6742, #1176, #4274, #6169, #2997, #1137, #3664, #1751, #5590, #8022, #6872, #518, #4849, #432, #5549, #2375, #3622, #3080, #4932, #3040, #561, #2420, #3578, #3707, #6250, #8063, #2464, #604, #6084, #4892, #4978, #6786, #2949, #6127, #7489, #7447, #2287, #476, #1839, #1798, #7317, #6210, #4359, #4191, #3127, #6700, #5465, #7978, #2334, #7074, #1421, #5054, #6911, #5099, #2003, #1921, #4526, #1963, #3869, #686, #6993, #1339, #7614, #3291, #5714, #4567, #6370, #2542, #6294, #3247, #3206, #7568, #770, #2623, #724, #5635, #5674, #8149, #4487, #806, #5756, #3950, #1258, #5139, #646, #5017, #5178, #5795, #104, #3831, #7694, #7656, #7031, #1377, #3790, #57, #3910, #143, #3167, #6452, #6413, #2504, #2583, #7529, #4445, #2665, #2042, #17, #6954, #1299, #6333, #1878, #4399, #6609, #302, #1544, #181, #5380, #2702, #4758, #4724, #7772, #1615, #4026, #5218, #888, #2821, #5993, #4065, #344, #4136, #4609, #2126, #7265, #7735, #3987, #6647, #7112, #2087, #1461, #5335, #6490, #846, #5296, #3329, #961, #2164, #2783, #3411, #225, #3485, #7849, #4684, #5834, #3367, #5875, #7810, #2743, #7192, #2238, #5258, #2202, #4648, #7153, #2863, #7887, #3451, #1502, #6535, #5956, #6574, #7227, #5916, #265, #1579, #924, #4098, #4966, #1782, #4350, #4224, #1830, #5454, #6201, #7395, #4181, #2278, #2939, #7967, #2324, #1167, #4310, #6159, #1741, #6034, #3071, #383, #2451, #2410, #4840, #7480, #1700, #2902, #6732, #508, #3696, #4264, #552, #1002, #4798, #7354, #3530, #5416, #1655, #7927, #7305, #6691, #1045, #3030, #3569, #6074, #2987, #421, #6822, #8012, #466, #5581, #3654, #1086, #8053, #3611, #6773, #8093, #6115, #5500, #2366, #4882, #1125, #5539, #4922, #7437, #1443, #6863, #7675, #4630, #4547, #1208, #3273, #7133, #3738, #124, #594, #7052, #5853, #6392, #246, #2763, #749, #8138, #6434, #3347, #5776, #201, #3310, #5196, #2022, #162, #2683, #787, #1481, #1401, #5897, #7713, #3889, #7520, #4590, #2066, #1869, #2495, #2644, #5159, #3932, #4006, #2108, #3969 ),
 ( #6510, #5277, #5008, #5814, #7791, #6241, #4390, #2145, #6902, #3113, #5624, #825, #1359, #7094, #6471, #2724, #868, #5240, #7754, #3391, #7284, #283, #3548, #6095, #2258, #5434, #444, #2802, #7246, #7945, #4739, #5936, #6591, #4818, #1633, #4664, #5359, #2298, #2219, #7170, #4117, #7333, #6051, #2961, #1596, #5477, #943, #3508, #1559, #1678, #4202, #5398, #401, #4157, #7992, #3467, #364, #6627, #3589, #4047, #905, #6015, #7906, #2839, #3429, #979, #1022, #6554, #1522, #5314, #2882, #4777, #6670, #2919, #6710, #4704, #1064, #7827, #2181, #7207, #4080, #5974, #322, #7867, #4284, #4942, #6843, #1104, #5600, #3090, #7416, #4988, #3757, #3178, #5645, #6799, #1850, #6260, #1719, #616, #3632, #8159, #571, #4860, #1227, #2515, #7500, #8116, #7373, #4409, #4243, #3801, #3138, #1147, #657, #3050, #6752, #8073, #4371, #5028, #2474, #7541, #5686, #6139, #3676, #6304, #488, #3009, #2345, #5519, #8032, #2386, #6882, #4902, #1761, #4330, #6181, #1889, #1188, #1809, #6922, #1269, #529, #5559, #2429, #7458, #3717, #6220, #1933, #70, #114, #2595, #7580, #6342, #2633, #1349, #29, #5110, #5148, #4537, #7003, #6964, #2012, #5063, #3217, #4456, #7626, #3260, #696, #7041, #2553, #1975, #5725, #3879, #7665, #4497, #1309, #737, #3840, #6381, #5766, #6128, #4933, #6834, #1752, #7979, #3041, #8104, #5467, #6912, #7530, #7448, #1799, #1138, #4979, #6211, #3623, #519, #4320, #6251, #3666, #433, #1879, #2505, #7490, #5510, #6170, #8064, #2335, #1177, #3708, #478, #562, #1841, #4400, #6873, #8023, #3081, #4360, #2950, #1218, #4850, #3748, #5591, #6085, #2465, #8150, #605, #3128, #5636, #5019, #3579, #5550, #7364, #1710, #4234, #6743, #1096, #2421, #2998, #2376, #6787, #4893, #4275, #7406, #1422, #725, #7075, #144, #7736, #3870, #2088, #3208, #105, #6334, #3951, #2043, #2004, #2666, #6414, #2703, #5715, #5140, #2584, #58, #6994, #3832, #2624, #4527, #7615, #5675, #3248, #5796, #3169, #4610, #5219, #7657, #7032, #1340, #5179, #3911, #1300, #6371, #1378, #6453, #5757, #6295, #1259, #182, #7696, #5100, #771, #3292, #19, #4568, #807, #687, #3330, #5835, #3791, #647, #1965, #2543, #5055, #7569, #1922, #4446, #6955, #4488, #1462, #5995, #3532, #5337, #4725, #6649, #345, #2240, #5417, #226, #7266, #7228, #6575, #7113, #4759, #2279, #303, #3369, #7811, #1580, #4028, #2165, #847, #5876, #6610, #2865, #2744, #889, #6536, #7928, #4649, #3988, #384, #6491, #5381, #1616, #5259, #4685, #7773, #2127, #4137, #7888, #7154, #1503, #2903, #3412, #1003, #6035, #266, #962, #3487, #4099, #5297, #5917, #2784, #925, #7193, #1545, #4066, #3452, #5957, #2822, #7850, #2203, #8140, #8013, #5626, #1087, #1831, #3031, #7969, #6075, #6733, #3613, #6116, #4968, #8094, #1785, #5540, #1656, #6864, #4182, #6242, #6202, #467, #3116, #5501, #6692, #2367, #4311, #7481, #8054, #4351, #4799, #423, #2988, #595, #1046, #5455, #7307, #2940, #3570, #2325, #6823, #4841, #7355, #6775, #1701, #2453, #3655, #4265, #5582, #7438, #4225, #3697, #4883, #2411, #1209, #7396, #1742, #1127, #3739, #6160, #509, #4923, #1168, #553, #3072, #3199, #137, #3944, #717, #5664, #7066, #7521, #3823, #4391, #50, #1371, #1911, #6446, #800, #4434, #3780, #1956, #7024, #6947, #3902, #6985, #3238, #5009, #1330, #6325, #6406, #2658, #2574, #1415, #5748, #7560, #3158, #97, #5091, #1292, #5789, #7650, #3861, #2496, #2534, #1870, #6363, #5828, #2617, #3323, #6286, #1996, #9, #6903, #2034, #5172, #5133, #678, #5707, #7607, #5046, #4519, #764, #4480 ) ),
 .UNSPECIFIED., .F., .F., .F.,
 ( 2, 2 ),
 ( 4, 2, 2, 2, 2, 2, 2, 2, 2, 2, 2, 2, 2, 2, 2, 2, 2, 2, 2, 2, 2, 2, 2, 2, 2, 2, 2, 2, 2, 2, 2, 2, 2, 2, 2, 2, 2, 2, 2, 2, 2, 2, 2, 2, 2, 2, 2, 2, 2, 2, 2, 2, 2, 2, 2, 2, 2, 2, 2, 2, 2, 2, 2, 2, 2, 2, 2, 2, 2, 2, 2, 2, 2, 2, 2, 2, 2, 2, 2, 2, 2, 2, 2, 2, 2, 2, 2, 2, 2, 2, 2, 2, 2, 2, 2, 2, 2, 2, 2, 2, 2, 2, 2, 2, 2, 2, 2, 2, 2, 2, 2, 2, 2, 2, 2, 2, 2, 2, 2, 2, 2, 2, 2, 2, 2, 2, 2, 2, 2, 2, 2, 2, 2, 2, 2, 2, 2, 2, 2, 2, 2, 2, 2, 2, 2, 2, 2, 2, 2, 2, 2, 2, 2, 2, 2, 2, 2, 2, 2, 2, 2, 2, 2, 2, 2, 2, 2, 2, 2, 2, 2, 2, 2, 2, 2, 2, 2, 2, 2, 2, 2, 2, 2, 2, 2, 2, 2, 2, 2, 2, 2, 2, 2, 2, 2, 2, 2, 2, 2, 2, 2, 2, 2, 2, 2, 2, 2, 2, 2, 2, 2, 2, 2, 2, 2, 2, 2, 2, 2, 2, 2, 2, 2, 2, 2, 2, 2, 2, 2, 2, 2, 2, 2, 2, 2, 2, 2, 2, 2, 2, 2, 2, 2, 2, 2, 2, 2, 4 ),
 ( 0.000000000000000000, 1.000000000000000000 ),
 ( 0.000000000000000000, 0.003906250000000000000, 0.007812500000000000000, 0.01171875000000000000, 0.01562500000000000000, 0.01953125000000000000, 0.02343750000000000000, 0.02734375000000000000, 0.03125000000000000000, 0.03515625000000000000, 0.03906250000000000000, 0.04296875000000000000, 0.04687500000000000000, 0.05078125000000000000, 0.05468750000000000000, 0.05859375000000000000, 0.06250000000000000000, 0.06640625000000000000, 0.07031250000000000000, 0.07421875000000000000, 0.07812500000000000000, 0.08203125000000000000, 0.08593750000000000000, 0.08984375000000000000, 0.09375000000000000000, 0.09765625000000000000, 0.1015625000000000000, 0.1054687500000000000, 0.1093750000000000000, 0.1132812500000000000, 0.1171875000000000000, 0.1210937500000000000, 0.1250000000000000000, 0.1289062500000000000, 0.1328125000000000000, 0.1367187500000000000, 0.1406250000000000000, 0.1445312500000000000, 0.1484375000000000000, 0.1523437500000000000, 0.1562500000000000000, 0.1601562500000000000, 0.1640625000000000000, 0.1679687500000000000, 0.1718750000000000000, 0.1757812500000000000, 0.1796875000000000000, 0.1835937500000000000, 0.1875000000000000000, 0.1914062500000000000, 0.1953125000000000000, 0.1992187500000000000, 0.2031250000000000000, 0.2070312500000000000, 0.2109375000000000000, 0.2148437500000000000, 0.2187500000000000000, 0.2226562500000000000, 0.2265625000000000000, 0.2304687500000000000, 0.2343750000000000000, 0.2382812500000000000, 0.2421875000000000000, 0.2460937500000000000, 0.2500000000000000000, 0.2539062500000000000, 0.2578125000000000000, 0.2617187500000000000, 0.2656250000000000000, 0.2695312500000000000, 0.2734375000000000000, 0.2773437500000000000, 0.2812500000000000000, 0.2851562500000000000, 0.2890625000000000000, 0.2929687500000000000, 0.2968750000000000000, 0.3007812500000000000, 0.3046875000000000000, 0.3085937500000000000, 0.3125000000000000000, 0.3164062500000000000, 0.3203125000000000000, 0.3242187500000000000, 0.3281250000000000000, 0.3320312500000000000, 0.3359375000000000000, 0.3398437500000000000, 0.3437500000000000000, 0.3476562500000000000, 0.3515625000000000000, 0.3554687500000000000, 0.3593750000000000000, 0.3632812500000000000, 0.3671875000000000000, 0.3710937500000000000, 0.3750000000000000000, 0.3789062500000000000, 0.3828125000000000000, 0.3867187500000000000, 0.3906250000000000000, 0.3945312500000000000, 0.3984375000000000000, 0.4023437500000000000, 0.4062500000000000000, 0.4101562500000000000, 0.4140625000000000000, 0.4179687500000000000, 0.4218750000000000000, 0.4257812500000000000, 0.4296875000000000000, 0.4335937500000000000, 0.4375000000000000000, 0.4414062500000000000, 0.4453125000000000000, 0.4492187500000000000, 0.4531250000000000000, 0.4570312500000000000, 0.4609375000000000000, 0.4648437500000000000, 0.4687500000000000000, 0.4726562500000000000, 0.4765625000000000000, 0.4804687500000000000, 0.4843750000000000000, 0.4882812500000000000, 0.4921875000000000000, 0.4960937500000000000, 0.5000000000000000000, 0.5039062500000000000, 0.5078125000000000000, 0.5117187500000000000, 0.5156250000000000000, 0.5195312500000000000, 0.5234375000000000000, 0.5273437500000000000, 0.5312500000000000000, 0.5351562500000000000, 0.5390625000000000000, 0.5429687500000000000, 0.5468750000000000000, 0.5507812500000000000, 0.5546875000000000000, 0.5585937500000000000, 0.5625000000000000000, 0.5664062500000000000, 0.5703125000000000000, 0.5742187500000000000, 0.5781250000000000000, 0.5820312500000000000, 0.5859375000000000000, 0.5898437500000000000, 0.5937500000000000000, 0.5976562500000000000, 0.6015625000000000000, 0.6054687500000000000, 0.6093750000000000000, 0.6132812500000000000, 0.6171875000000000000, 0.6210937500000000000, 0.6250000000000000000, 0.6289062500000000000, 0.6328125000000000000, 0.6367187500000000000, 0.6406250000000000000, 0.6445312500000000000, 0.6484375000000000000, 0.6523437500000000000, 0.6562500000000000000, 0.6601562500000000000, 0.6640625000000000000, 0.6679687500000000000, 0.6718750000000000000, 0.6757812500000000000, 0.6796875000000000000, 0.6835937500000000000, 0.6875000000000000000, 0.6914062500000000000, 0.6953125000000000000, 0.6992187500000000000, 0.7031250000000000000, 0.7070312500000000000, 0.7109375000000000000, 0.7148437500000000000, 0.7187500000000000000, 0.7226562500000000000, 0.7265625000000000000, 0.7304687500000000000, 0.7343750000000000000, 0.7382812500000000000, 0.7421875000000000000, 0.7460937500000000000, 0.7500000000000000000, 0.7539062500000000000, 0.7578125000000000000, 0.7617187500000000000, 0.7656250000000000000, 0.7695312500000000000, 0.7734375000000000000, 0.7773437500000000000, 0.7812500000000000000, 0.7851562500000000000, 0.7890625000000000000, 0.7929687500000000000, 0.7968750000000000000, 0.8007812500000000000, 0.8046875000000000000, 0.8085937500000000000, 0.8125000000000000000, 0.8164062500000000000, 0.8203125000000000000, 0.8242187500000000000, 0.8281250000000000000, 0.8320312500000000000, 0.8359375000000000000, 0.8398437500000000000, 0.8437500000000000000, 0.8476562500000000000, 0.8515625000000000000, 0.8554687500000000000, 0.8593750000000000000, 0.8632812500000000000, 0.8671875000000000000, 0.8710937500000000000, 0.8750000000000000000, 0.8789062500000000000, 0.8828125000000000000, 0.8867187500000000000, 0.8906250000000000000, 0.8945312500000000000, 0.8984375000000000000, 0.9023437500000000000, 0.9062500000000000000, 0.9101562500000000000, 0.9140625000000000000, 0.9179687500000000000, 0.9218750000000000000, 0.9257812500000000000, 0.9296875000000000000, 0.9335937500000000000, 0.9375000000000000000, 0.9414062500000000000, 0.9453125000000000000, 0.9492187500000000000, 0.9531250000000000000, 0.9570312500000000000, 0.9609375000000000000, 0.9615384692273627465 ),
 .UNSPECIFIED. ) ;
#5490 = CARTESIAN_POINT ( 'NONE',  ( -0.01617400354871980500, -0.5125314635738067448, -0.6075016903952721314 ) ) ;
#5491 = DIRECTION ( 'NONE',  ( 0.000000000000000000, 0.000000000000000000, 1.000000000000000000 ) ) ;
#5492 = CARTESIAN_POINT ( 'NONE',  ( -0.4097384864911720603, -0.1977042626870812447, -1.084170386904809824 ) ) ;
#5493 = CARTESIAN_POINT ( 'NONE',  ( -0.2593744083816752477, -0.4498762962434652568, -0.3987941258833828662 ) ) ;
#5494 = CARTESIAN_POINT ( 'NONE',  ( -0.4031740675777673588, -0.2597204330452629328, -0.2881324404762525271 ) ) ;
#5495 = CARTESIAN_POINT ( 'NONE',  ( -0.2349168250273462322, -0.4478394289992050914, -1.105933779761984592 ) ) ;
#5497 = CARTESIAN_POINT ( 'NONE',  ( 0.5222898037970733487, -4.802076551362962273E-16, -0.2935463496040146558 ) ) ;
#5496 = CARTESIAN_POINT ( 'NONE',  ( -0.5119699838534170766, -6.157329266969842815E-16, -0.6249993468799939222 ) ) ;
#5498 = CARTESIAN_POINT ( 'NONE',  ( 0.4668155367869564754, -0.1930513927119793804, -0.8694344674785663418 ) ) ;
#5499 = VERTEX_POINT ( 'NONE', #4880 ) ;
#5500 = CARTESIAN_POINT ( 'NONE',  ( -0.5168808145233880769, -0.1337514748083432903, -0.2605096726190588852 ) ) ;
#5501 = CARTESIAN_POINT ( 'NONE',  ( -0.06202110643822566355, 0.4725820932777262118, -0.3824404761905293992 ) ) ;
#5502 = CARTESIAN_POINT ( 'NONE',  ( -0.4382176059254586087, -0.1775283630440879501, -0.5045572916666608565 ) ) ;
#5503 = CARTESIAN_POINT ( 'NONE',  ( 0.2777490617750701940, -0.3806644701379984230, -0.5642671130952678915 ) ) ;
#5504 = CARTESIAN_POINT ( 'NONE',  ( -0.1691972618164578612, -0.4489924714701476471, -0.2898065476189614076 ) ) ;
#5505 = ORIENTED_EDGE ( 'NONE', *, *, #2000, .F. ) ;
#5506 = CARTESIAN_POINT ( 'NONE',  ( 0.4501112166487538646, 0.1164732038356256771, -0.7560453869047946140 ) ) ;
#5507 = CARTESIAN_POINT ( 'NONE',  ( 0.3143921395382114903, 0.4104741916004256974, -0.4974035148787455118 ) ) ;
#5508 = CARTESIAN_POINT ( 'NONE',  ( -0.2238742848577654765, 0.4532075664600779819, -0.8418983809136186824 ) ) ;
#5509 = CARTESIAN_POINT ( 'NONE',  ( -0.3366294661184549564, 0.3964502766324108918, -0.7018229166666231089 ) ) ;
#5510 = CARTESIAN_POINT ( 'NONE',  ( -0.4398206580361229134, 0.1535238844635114230, -0.7270275297618555843 ) ) ;
#5511 = CARTESIAN_POINT ( 'NONE',  ( -0.4587514044314415229, 0.2075206297323370919, -0.9055178202020982559 ) ) ;
#5512 = CARTESIAN_POINT ( 'NONE',  ( 0.3202333648982714220, 0.3311463894362740024, -0.9015997023809592115 ) ) ;
#5513 = CARTESIAN_POINT ( 'NONE',  ( 0.03355972865205441441, 0.5203091586451341621, -0.3578723316120350773 ) ) ;
#5514 = EDGE_LOOP ( 'NONE', ( #4532, #3955 ) ) ;
#5515 = CARTESIAN_POINT ( 'NONE',  ( -0.5074047511598378524, 0.1361794583486201082, -0.4784226190476177920 ) ) ;
#5516 = CARTESIAN_POINT ( 'NONE',  ( 0.1633202040093363061, -0.4803595585414281999, -0.8076782509849798064 ) ) ;
#5517 = CARTESIAN_POINT ( 'NONE',  ( -0.03364153012281397015, 0.5047214491278476656, -0.8563811789891372372 ) ) ;
#5518 = CARTESIAN_POINT ( 'NONE',  ( -0.4156679650837063478, 0.2976178314642387579, -0.9847470238095238360 ) ) ;
#5519 = CARTESIAN_POINT ( 'NONE',  ( -0.4589415845247390990, -0.04880718796529261855, -0.8648623511903852368 ) ) ;
#5520 = CARTESIAN_POINT ( 'NONE',  ( -0.4367535616309929369, 0.2437875613072742198, -0.2499999999999998057 ) ) ;
#5521 = CARTESIAN_POINT ( 'NONE',  ( -0.4398206580310710101, 0.1535238844733594621, -0.7359561011904467431 ) ) ;
#5522 = CARTESIAN_POINT ( 'NONE',  ( 0.2285426602038977406, -0.4196917536949200667, -0.3514694940475477924 ) ) ;
#5523 = CARTESIAN_POINT ( 'NONE',  ( 0.08722293445399456613, -0.5630764763274546114, -0.02103220599697379345 ) ) ;
#5524 = CARTESIAN_POINT ( 'NONE',  ( 0.4514234494373401407, -0.06337973581177407112, -1.046223958333311721 ) ) ;
#5525 = CARTESIAN_POINT ( 'NONE',  ( -0.03394739033345611084, 0.5148555732220665426, -0.7782738095237152764 ) ) ;
#5526 = CARTESIAN_POINT ( 'NONE',  ( 0.2656250000000001110, -0.4600759957604831363, 0.000000000000000000 ) ) ;
#5527 = CARTESIAN_POINT ( 'NONE',  ( 0.4473484910287250371, 0.1229453948970401084, -0.9832718249285398171 ) ) ;
#5528 = CARTESIAN_POINT ( 'NONE',  ( -0.4551206612227837733, 0.04125561266091016394, -1.018880208333270643 ) ) ;
#5529 = CARTESIAN_POINT ( 'NONE',  ( -0.5078594553447804971, -0.06726501678510131421, -0.6234941286800318450 ) ) ;
#5530 = DIRECTION ( 'NONE',  ( -1.000000000000000000, 0.000000000000000000, 0.000000000000000000 ) ) ;
#5531 = CARTESIAN_POINT ( 'NONE',  ( -0.4420835013453638940, -0.1070825181023430800, -1.086588541666618557 ) ) ;
#5532 = CARTESIAN_POINT ( 'NONE',  ( 0.000000000000000000, 0.000000000000000000, -0.9999999999999998890 ) ) ;
#5533 = CARTESIAN_POINT ( 'NONE',  ( 0.4409174790674464939, 0.1913490766376771124, -0.2542782738095255568 ) ) ;
#5534 = CARTESIAN_POINT ( 'NONE',  ( 0.4539788898758264635, -0.2241069017159914301, -1.087797619047813136 ) ) ;
#5536 = CARTESIAN_POINT ( 'NONE',  ( 0.03346521339763049163, 0.5228666554678667033, -0.2764113209411567795 ) ) ;
#5535 = CARTESIAN_POINT ( 'NONE',  ( 0.5108581229793223155, -3.353663550659640389E-13, -0.6607102043643909850 ) ) ;
#5537 = CARTESIAN_POINT ( 'NONE',  ( -0.4099855770021258450, -0.3148479620928992251, -0.4746892534455285362 ) ) ;
#5538 = CARTESIAN_POINT ( 'NONE',  ( 0.3825961712572345519, 0.3359586342578396168, -0.7239473548953992976 ) ) ;
#5539 = CARTESIAN_POINT ( 'NONE',  ( -0.3356296292300771644, -0.4155124331714156738, -0.2532552083333002302 ) ) ;
#5540 = CARTESIAN_POINT ( 'NONE',  ( 0.4338152240905577828, 0.1963465172355128574, -0.3969494047619352983 ) ) ;
#5541 = CARTESIAN_POINT ( 'NONE',  ( -0.06595092082979303605, 0.4697952019133269097, -0.4537760416666657970 ) ) ;
#5542 = CARTESIAN_POINT ( 'NONE',  ( -0.4216917548039459951, 0.2081686574273912405, -0.5944940476190810896 ) ) ;
#5543 = CARTESIAN_POINT ( 'NONE',  ( -0.2966772868539540586, -0.3741102475087954016, -0.3647693452380829648 ) ) ;
#5544 = EDGE_LOOP ( 'NONE', ( #4608, #4325, #4991, #350 ) ) ;
#5545 = CARTESIAN_POINT ( 'NONE',  ( -0.4093199098378833556, -0.2276826586540119657, -0.6460193452382435586 ) ) ;
#5546 = CARTESIAN_POINT ( 'NONE',  ( 0.04271720274801979467, -0.4713342964569336435, -0.4989769345238251330 ) ) ;
#5547 = CARTESIAN_POINT ( 'NONE',  ( -0.3772177498765836301, 0.3531660444862239623, -0.4806684308631697933 ) ) ;
#5548 = CARTESIAN_POINT ( 'NONE',  ( 0.4526890031478504328, 0.2236749176915887594, -0.8597563905331291334 ) ) ;
#5549 = CARTESIAN_POINT ( 'NONE',  ( 0.5001227112863586566, -0.1474740553054715020, -0.6595052083332739734 ) ) ;
#5550 = CARTESIAN_POINT ( 'NONE',  ( 0.3330384970245813259, 0.3278888235186474542, -0.6786644345237495823 ) ) ;
#5551 = CARTESIAN_POINT ( 'NONE',  ( -0.1623497982748176582, 0.4771636550258530063, -0.9148134856727054842 ) ) ;
#5552 = CARTESIAN_POINT ( 'NONE',  ( 0.2387740628354438621, 0.3914216036836831725, -0.9705171130952788827 ) ) ;
#5553 = CARTESIAN_POINT ( 'NONE',  ( 0.4126603725677012169, 0.3168448469311347382, -0.3675563890506973741 ) ) ;
#5554 = ORIENTED_EDGE ( 'NONE', *, *, #4321, .T. ) ;
#5555 = CARTESIAN_POINT ( 'NONE',  ( 0.3856165833473042537, -0.3614632464862628236, -0.3768601190475878715 ) ) ;
#5556 = CARTESIAN_POINT ( 'NONE',  ( 0.4218874554384799969, -0.2817466548947555327, -0.8002398689945715571 ) ) ;
#5557 = FACE_OUTER_BOUND ( 'NONE', #4442, .T. ) ;
#5558 = CARTESIAN_POINT ( 'NONE',  ( 0.2328102961609183064, -0.4536963088917970177, -1.025855654762083402 ) ) ;
#5559 = CARTESIAN_POINT ( 'NONE',  ( 0.3213849812421436525, -0.3323487259135872174, -0.8394717261904586225 ) ) ;
#5560 = DIRECTION ( 'NONE',  ( 1.000000000000000000, 0.000000000000000000, 0.000000000000000000 ) ) ;
#5561 = CARTESIAN_POINT ( 'NONE',  ( 0.4189803361083245803, 0.2068213108717227577, -0.6912202380952645608 ) ) ;
#5562 = CARTESIAN_POINT ( 'NONE',  ( 0.4441998644893788706, -0.3569757496770393779, -0.02107407634765178991 ) ) ;
#5563 = CARTESIAN_POINT ( 'NONE',  ( -0.3976554141984355306, 0.2293799134997778766, -0.9434523809523126525 ) ) ;
#5564 = CARTESIAN_POINT ( 'NONE',  ( -0.3972730311470706321, 0.2209906052545841104, -1.086123511904757422 ) ) ;
#5565 = CARTESIAN_POINT ( 'NONE',  ( -0.4407761506212555247, 0.2688806165340016929, -0.7673921130951739666 ) ) ;
#5566 = EDGE_CURVE ( 'NONE', #811, #8144, #3380, .T. ) ;
#5567 = FACE_BOUND ( 'NONE', #3212, .T. ) ;
#5568 = CARTESIAN_POINT ( 'NONE',  ( 0.4897777107440568489, 0.1313624943877505502, -0.7905675642585412444 ) ) ;
#5569 = CARTESIAN_POINT ( 'NONE',  ( -0.1254473150617032573, -0.4399438991684463396, -1.003162202380887491 ) ) ;
#5570 = CARTESIAN_POINT ( 'NONE',  ( -0.1645689085463450940, -0.4864181018994127026, -0.6108516398467842556 ) ) ;
#5571 = EDGE_CURVE ( 'NONE', #1959, #1543, #2714, .T. ) ;
#5572 = CARTESIAN_POINT ( 'NONE',  ( -0.2656249999999998890, 0.4600759957604831363, -0.2499999999999998057 ) ) ;
#5573 = CARTESIAN_POINT ( 'NONE',  ( 0.01889129681133326633, -0.4572031365330830877, -0.9995349702381878254 ) ) ;
#5574 = CARTESIAN_POINT ( 'NONE',  ( -0.5312500000000000000, -0.3067173305069887945, -0.04744933615967777962 ) ) ;
#5575 = CARTESIAN_POINT ( 'NONE',  ( 0.2285426602104451144, -0.4196917536939206994, -0.3425409226190070378 ) ) ;
#5576 = CARTESIAN_POINT ( 'NONE',  ( 0.3465507267895568955, 0.3697073539376091178, -1.073288690476140950 ) ) ;
#5578 = CARTESIAN_POINT ( 'NONE',  ( -0.5167301219818301039, 8.224505838238120847E-13, -0.4721127598344486143 ) ) ;
#5577 = CARTESIAN_POINT ( 'NONE',  ( -0.5034989329906158773, -0.06627197081755777097, -0.7663692453186470299 ) ) ;
#5579 = CARTESIAN_POINT ( 'NONE',  ( -0.4911758111964649731, 0.1317151025075215809, -0.7708391950345588883 ) ) ;
#5580 = CARTESIAN_POINT ( 'NONE',  ( -0.4422357357323784544, 0.2553047540573871177, -0.7023725888990000055 ) ) ;
#5581 = CARTESIAN_POINT ( 'NONE',  ( -0.2777981871488443555, 0.4554102730682096367, -0.2750186011904949268 ) ) ;
#5582 = CARTESIAN_POINT ( 'NONE',  ( 0.3817318570652697973, -0.2877486189541708650, -0.3377046130952325864 ) ) ;
#5583 = CARTESIAN_POINT ( 'NONE',  ( 0.4300092688283269071, 0.1992944152361731946, -0.4682849702380766366 ) ) ;
#5584 = CARTESIAN_POINT ( 'NONE',  ( -0.4789901986750544904, -0.01979171204611262710, -0.3031063988095267225 ) ) ;
#5585 = EDGE_LOOP ( 'NONE', ( #5554, #4070, #3574, #7668 ) ) ;
#5586 = CARTESIAN_POINT ( 'NONE',  ( -0.09913107962278638885, -0.4580810123423583180, -0.6363467261904447447 ) ) ;
#5587 = CARTESIAN_POINT ( 'NONE',  ( -0.2880969021072574687, -0.3751391636555838627, -0.5074404761905020322 ) ) ;
#5588 = CARTESIAN_POINT ( 'NONE',  ( 0.5156180429561367795, 8.361610459420146284E-13, -0.5078306239334580141 ) ) ;
#5589 = CARTESIAN_POINT ( 'NONE',  ( -0.04744981713933370260, 0.4785670797215233474, -0.2499999999999996947 ) ) ;
#5590 = CARTESIAN_POINT ( 'NONE',  ( 0.1672928156941008715, -0.4934868271021545794, -0.6703869047619310795 ) ) ;
#5591 = CARTESIAN_POINT ( 'NONE',  ( 0.3837820866333969128, -0.2658504608116182832, -0.6943824404762442004 ) ) ;
#5592 = CARTESIAN_POINT ( 'NONE',  ( 0.4982510473662928874, 0.06590014988680586994, -0.9349093509390000722 ) ) ;
#5593 = CARTESIAN_POINT ( 'NONE',  ( -0.4592442421773599848, -0.003570348203192806862, -0.9463355654761412827 ) ) ;
#5594 = CARTESIAN_POINT ( 'NONE',  ( -0.5166089183930727691, 0.06827721300396252802, -0.3407709829691011327 ) ) ;
#5595 = ORIENTED_EDGE ( 'NONE', *, *, #1628, .F. ) ;
#5596 = CARTESIAN_POINT ( 'NONE',  ( -0.1817885623302561704, -0.4958524137196485548, -0.3901599702380265655 ) ) ;
#5597 = CARTESIAN_POINT ( 'NONE',  ( -0.3340122559041778239, -0.3814112435789980271, -0.8195784772351477621 ) ) ;
#5598 = CARTESIAN_POINT ( 'NONE',  ( -0.4969635917824958282, -0.1334212322689214136, -0.5505817376975730149 ) ) ;
#5599 = CARTESIAN_POINT ( 'NONE',  ( 0.4790296275701116935, -0.1756211651599634826, -1.017392113095239692 ) ) ;
#5600 = CARTESIAN_POINT ( 'NONE',  ( -0.4496485255247713031, 0.09308847240822630542, -0.9398251488096245332 ) ) ;
#5601 = AXIS2_PLACEMENT_3D ( 'NONE', #4061, #3525, #4644 ) ;
#5602 = CARTESIAN_POINT ( 'NONE',  ( -0.5107479014702670517, -0.02611004653870101916, -0.2499999999999996947 ) ) ;
#5603 = CARTESIAN_POINT ( 'NONE',  ( -0.2968064543442678893, 0.3674609402927523916, -0.5279947916667492303 ) ) ;
#5604 = CARTESIAN_POINT ( 'NONE',  ( 0.4535456859076913982, -0.1583146137802273756, -0.2716703869047581432 ) ) ;
#5605 = ORIENTED_EDGE ( 'NONE', *, *, #2607, .F. ) ;
#5606 = CARTESIAN_POINT ( 'NONE',  ( 0.4789813325998394378, 0.1985230096121931020, -0.4419512757594594166 ) ) ;
#5607 = CARTESIAN_POINT ( 'NONE',  ( -0.4420835013453638940, -0.1070825181023430800, -1.077659970238047160 ) ) ;
#5608 = CARTESIAN_POINT ( 'NONE',  ( 0.4253312408128402944, -0.2946315346078641761, -0.7323288690476091878 ) ) ;
#5609 = DIRECTION ( 'NONE',  ( 1.000000000000000000, 0.000000000000000000, 0.000000000000000000 ) ) ;
#5610 = DIRECTION ( 'NONE',  ( -0.000000000000000000, -0.000000000000000000, -1.000000000000000000 ) ) ;
#5611 = CARTESIAN_POINT ( 'NONE',  ( 0.3791125565921574792, 0.2576004284584545445, -0.9753534226189282119 ) ) ;
#5612 = CYLINDRICAL_SURFACE ( 'NONE', #215, 0.3125000000000000000 ) ;
#5613 = CARTESIAN_POINT ( 'NONE',  ( -0.3708117980918850809, 0.2705698606041875842, -0.9535900297619848143 ) ) ;
#5614 = CONICAL_SURFACE ( 'NONE', #4823, 0.4461677158522461828, 0.7853981633974500554 ) ;
#5615 = CARTESIAN_POINT ( 'NONE',  ( 0.1350921746378967170, -0.5017001462127133049, -0.3898671911498232667 ) ) ;
#5616 = CARTESIAN_POINT ( 'NONE',  ( -0.3731153255239554323, -0.3013737070208200031, -0.2869233630952712777 ) ) ;
#5617 = CONICAL_SURFACE ( 'NONE', #3789, 0.5312500000000000000, 1.047197551196600074 ) ;
#5618 = ADVANCED_FACE ( 'NONE', ( #7742 ), #6729, .F. ) ;
#5619 = CARTESIAN_POINT ( 'NONE',  ( -0.3291702286056852889, 0.3511768366910683614, -0.2414434523809668165 ) ) ;
#5621 = CARTESIAN_POINT ( 'NONE',  ( -0.2106026623606969406, 0.4644021702189951029, -0.6994216673157955810 ) ) ;
#5620 = CARTESIAN_POINT ( 'NONE',  ( -0.5030744028928608724, 4.413641914763825416E-15, -0.9107084956815536536 ) ) ;
#5622 = CARTESIAN_POINT ( 'NONE',  ( 0.2535267915839876096, 0.4400652430213217725, -0.7916574638988943535 ) ) ;
#5623 = CARTESIAN_POINT ( 'NONE',  ( -0.3827215816777714275, -0.3358537921283501482, -0.7496444765399301602 ) ) ;
#5624 = CARTESIAN_POINT ( 'NONE',  ( -0.4532473783781398313, 0.03698641745964387217, -1.081287202380857293 ) ) ;
#5625 = EDGE_CURVE ( 'NONE', #1142, #1962, #443, .T. ) ;
#5626 = CARTESIAN_POINT ( 'NONE',  ( 0.03866553436572843505, -0.4739241292347471934, -0.4187127976190316847 ) ) ;
#5627 = CARTESIAN_POINT ( 'NONE',  ( -0.06641132082849374174, -0.4730173447913838536, -0.3497953869047807918 ) ) ;
#5628 = CARTESIAN_POINT ( 'NONE',  ( -0.2917803623462228990, 0.3799486586504118857, -0.3139880952381454704 ) ) ;
#5629 = ORIENTED_EDGE ( 'NONE', *, *, #2698, .T. ) ;
#5630 = CARTESIAN_POINT ( 'NONE',  ( -0.3973286778362767890, 0.2472990546789019251, -0.6581101190476551510 ) ) ;
#5631 = CARTESIAN_POINT ( 'NONE',  ( 0.2777490617614120638, -0.3806644701431213806, -0.5642671130952344738 ) ) ;
#5632 = AXIS2_PLACEMENT_3D ( 'NONE', #1452, #2155, #7370 ) ;
#5633 = CARTESIAN_POINT ( 'NONE',  ( -0.3556057866047177551, 0.4081255643923549226, -0.005461698402221956336 ) ) ;
#5634 = CARTESIAN_POINT ( 'NONE',  ( -0.3342398390353056303, 0.3804027791153476445, -0.8389154953745192600 ) ) ;
#5635 = CARTESIAN_POINT ( 'NONE',  ( -0.5245843071335821728, 0.01696792234253930234, -0.5494791666666642982 ) ) ;
#5636 = CARTESIAN_POINT ( 'NONE',  ( 0.4386600622110639058, 0.1608128086969305426, -0.6835007440476755791 ) ) ;
#5637 = CARTESIAN_POINT ( 'NONE',  ( -0.3794831729102429718, 0.3320173271590334818, -0.9088588056233499746 ) ) ;
#5638 = CARTESIAN_POINT ( 'NONE',  ( -0.2617115456862394440, -0.3778070342545886140, -0.9354538690477844920 ) ) ;
#5639 = CARTESIAN_POINT ( 'NONE',  ( -0.4134778416457293160, 0.3168379022490822039, -0.3467148402306969857 ) ) ;
#5640 = ORIENTED_EDGE ( 'NONE', *, *, #6068, .T. ) ;
#5641 = CARTESIAN_POINT ( 'NONE',  ( 0.1627909757649351752, 0.5059496528243884184, -0.2825520833333643456 ) ) ;
#5642 = DIRECTION ( 'NONE',  ( 1.000000000000000000, 0.000000000000000000, -0.000000000000000000 ) ) ;
#5643 = CARTESIAN_POINT ( 'NONE',  ( -0.4815571884315048568, -0.1814123659981898562, -0.5494758497505489725 ) ) ;
#5644 = CARTESIAN_POINT ( 'NONE',  ( 0.4795229412245085587, -0.1807020025718161227, -0.9460565476191176160 ) ) ;
#5645 = CARTESIAN_POINT ( 'NONE',  ( -0.3352676072844235633, -0.3142577089042342120, -0.9289434523809634303 ) ) ;
#5646 = CARTESIAN_POINT ( 'NONE',  ( 0.000000000000000000, 0.000000000000000000, -0.9999999999999998890 ) ) ;
#5647 = CARTESIAN_POINT ( 'NONE',  ( 0.2402752208567119907, 0.4165440113351952522, -0.2559523809523615023 ) ) ;
#5648 = ORIENTED_EDGE ( 'NONE', *, *, #1431, .F. ) ;
#5649 = CARTESIAN_POINT ( 'NONE',  ( -0.08212694189063815542, -0.4523563283195369822, -0.9216889880953978986 ) ) ;
#5650 = CARTESIAN_POINT ( 'NONE',  ( -0.02588430705996034101, -0.4545854985621593514, -1.063151041666702268 ) ) ;
#5651 = CARTESIAN_POINT ( 'NONE',  ( 0.4011258628874185828, 0.3239988372659227123, -0.7891555059523318594 ) ) ;
#5652 = FACE_OUTER_BOUND ( 'NONE', #5922, .T. ) ;
#5653 = DIRECTION ( 'NONE',  ( 0.000000000000000000, 1.000000000000000000, 1.048122702880362466E-16 ) ) ;
#5654 = CARTESIAN_POINT ( 'NONE',  ( -0.3903261942992484745, -0.2380965297862340790, -1.011625744047652375 ) ) ;
#5655 = CARTESIAN_POINT ( 'NONE',  ( -0.4101885249777113551, -0.3150928013363028524, -0.4646679201807235038 ) ) ;
#5656 = CARTESIAN_POINT ( 'NONE',  ( -0.04140495535183613685, 0.4568565381997321539, -0.9632626488095197281 ) ) ;
#5657 = CARTESIAN_POINT ( 'NONE',  ( -0.4654085651635769261, -0.2298797868653289778, -0.4054907559244754767 ) ) ;
#5658 = CARTESIAN_POINT ( 'NONE',  ( 0.3487401966354494731, -0.3268971572515780299, -0.3389136904761941849 ) ) ;
#5659 = CARTESIAN_POINT ( 'NONE',  ( -0.2200654614842480483, -0.4288424523434162250, -0.2196800595238268539 ) ) ;
#5661 = CARTESIAN_POINT ( 'NONE',  ( 0.1319689589624329917, 0.4931658066602968016, -0.7072357031361381496 ) ) ;
#5660 = CARTESIAN_POINT ( 'NONE',  ( 0.4426977662627645249, 0.2558660804849769432, -0.6547549941744006397 ) ) ;
#5662 = CARTESIAN_POINT ( 'NONE',  ( -0.3412191145653052926, -0.3894939871014755362, -0.4724657443291168102 ) ) ;
#5663 = CARTESIAN_POINT ( 'NONE',  ( -0.5070486801928110188, -0.03315795778950336031, -0.7570904281801598135 ) ) ;
#5664 = CARTESIAN_POINT ( 'NONE',  ( -0.4441786289840843893, 0.1799519103089221306, -0.2990141369046750985 ) ) ;
#5665 = CARTESIAN_POINT ( 'NONE',  ( -0.01544355843505600991, -0.4774456454641287650, -0.3485863095238042608 ) ) ;
#5666 = CARTESIAN_POINT ( 'NONE',  ( -0.4738112933512306779, 0.08602197714732261191, -0.2341889880952233993 ) ) ;
#5667 = EDGE_LOOP ( 'NONE', ( #1919, #4194 ) ) ;
#5668 = CARTESIAN_POINT ( 'NONE',  ( -0.3173178189814890304, -0.3446708368464764805, -0.6423921130951462111 ) ) ;
#5669 = CARTESIAN_POINT ( 'NONE',  ( -0.007935269592757376172, -0.4731608362040703453, -0.5001860119048219255 ) ) ;
#5670 = EDGE_CURVE ( 'NONE', #6967, #844, #260, .T. ) ;
#5671 = VECTOR ( 'NONE', #5439, 39.37007874015748854 ) ;
#5672 = ORIENTED_EDGE ( 'NONE', *, *, #2000, .T. ) ;
#5673 = FACE_OUTER_BOUND ( 'NONE', #7111, .T. ) ;
#5674 = CARTESIAN_POINT ( 'NONE',  ( -0.5164918482874196748, -0.09376231311874748398, -0.5470610119047643050 ) ) ;
#5675 = CARTESIAN_POINT ( 'NONE',  ( 0.3986192172318833160, 0.2480928977793868673, -0.6097470238095421546 ) ) ;
#5676 = B_SPLINE_CURVE_WITH_KNOTS ( 'NONE', 3,
 ( #6282, #6443, #6899, #7517, #1866, #7646, #3776, #634 ),
 .UNSPECIFIED., .F., .F.,
 ( 4, 2, 2, 4 ),
 ( 0.03931650069703292866, 0.04326240976415419298, 0.04523536429771482514, 0.04720831883127545731 ),
 .UNSPECIFIED. ) ;
#5677 = ADVANCED_FACE ( 'NONE', ( #6770 ), #5215, .T. ) ;
#5678 = CARTESIAN_POINT ( 'NONE',  ( -0.06634922187193431631, 0.4987568358587726736, -0.9170438707208248275 ) ) ;
#5679 = CARTESIAN_POINT ( 'NONE',  ( -0.4205939910168030593, 0.1949394399478203144, -0.8085007440476791318 ) ) ;
#5680 = CARTESIAN_POINT ( 'NONE',  ( 0.5106128821635624870, 0.1017399457034339760, -0.3727546658617981734 ) ) ;
#5681 = ORIENTED_EDGE ( 'NONE', *, *, #2951, .T. ) ;
#5682 = CARTESIAN_POINT ( 'NONE',  ( 0.5179016875613234872, 0.1072098326665145568, -0.3659784226191056256 ) ) ;
#5683 = PLANE ( 'NONE',  #5873 ) ;
#5684 = CARTESIAN_POINT ( 'NONE',  ( 0.4880522904498424408, 0.1311257613967891367, -0.8720161205035547036 ) ) ;
#5685 = CARTESIAN_POINT ( 'NONE',  ( -0.4888930918964075611, 0.1573031118168718434, -0.9097842261905445538 ) ) ;
#5686 = CARTESIAN_POINT ( 'NONE',  ( -0.2241493310705391373, 0.4029679443462522159, -0.8781622023810552458 ) ) ;
#5687 = CARTESIAN_POINT ( 'NONE',  ( -0.4818738271762606495, 0.1477436863663960653, -0.2499999999999998612 ) ) ;
#5688 = CARTESIAN_POINT ( 'NONE',  ( 0.01565461522622758200, 0.4783459020889874180, -0.2503720238095064610 ) ) ;
#5689 = ORIENTED_EDGE ( 'NONE', *, *, #6577, .F. ) ;
#5690 = CARTESIAN_POINT ( 'NONE',  ( 0.4571160022121698030, 0.07144297559542901743, -0.8285900297616867194 ) ) ;
#5691 = CARTESIAN_POINT ( 'NONE',  ( -0.3352676072767856175, -0.3142577089140725644, -0.9289434523807869049 ) ) ;
#5692 = CARTESIAN_POINT ( 'NONE',  ( -0.1349159631093341805, 0.5027275439382935529, -0.6331845238096051043 ) ) ;
#5693 = CARTESIAN_POINT ( 'NONE',  ( -0.4481791040951838556, 0.2583951537284693289, -0.4880830081640498697 ) ) ;
#5694 = CARTESIAN_POINT ( 'NONE',  ( -0.5133556090653355053, 0.03351034120574438585, -0.5543037649476713069 ) ) ;
#5695 = CARTESIAN_POINT ( 'NONE',  ( 0.3227893367340339825, -0.3278590082627945712, -0.9197358630951143477 ) ) ;
#5696 = CARTESIAN_POINT ( 'NONE',  ( 0.4913492490810514868, -0.1666169658102966689, -0.4401108766038451803 ) ) ;
#5697 = CARTESIAN_POINT ( 'NONE',  ( -0.3669229639589345893, -0.2765759305544023272, -0.9390811011904974803 ) ) ;
#5698 = CARTESIAN_POINT ( 'NONE',  ( 0.3516578592171779039, -0.3137790527268685681, -0.5618489583333036164 ) ) ;
#5699 = CARTESIAN_POINT ( 'NONE',  ( 0.3837820866273561338, -0.2658504608234957822, -0.6943824404761852476 ) ) ;
#5700 = CARTESIAN_POINT ( 'NONE',  ( -0.5030635472977014189, 0.01534071562793130374, -0.9110571567601799536 ) ) ;
#5701 = CARTESIAN_POINT ( 'NONE',  ( -0.3785244941527254325, 0.3377513419326212407, -1.055152529761910651 ) ) ;
#5702 = CARTESIAN_POINT ( 'NONE',  ( -0.3973286778384797491, 0.2472990546850544202, -0.6670386904762949376 ) ) ;
#5704 = CARTESIAN_POINT ( 'NONE',  ( 0.4766120221961500647, 0.1796616875235818589, -0.7180199236418868258 ) ) ;
#5703 = CARTESIAN_POINT ( 'NONE',  ( 0.03395359840693283615, -0.5080562535396482282, -0.7492361535167169073 ) ) ;
#5705 = CARTESIAN_POINT ( 'NONE',  ( -0.4893666498116715502, -0.1661799753393018164, -0.4784123658179616490 ) ) ;
#5706 = CARTESIAN_POINT ( 'NONE',  ( -0.5013300095306310045, -0.08307004648858673512, -0.7559582508359986575 ) ) ;
#5707 = CARTESIAN_POINT ( 'NONE',  ( -0.2200654614924763275, -0.4288424523390674814, -0.2107514880951422975 ) ) ;
#5708 = CARTESIAN_POINT ( 'NONE',  ( -0.06202110642831716592, 0.4725820932751774728, -0.3824404761904261485 ) ) ;
#5709 = CARTESIAN_POINT ( 'NONE',  ( 0.2834227716908260808, 0.3884268342942707175, -0.2571614583334110304 ) ) ;
#5710 = EDGE_LOOP ( 'NONE', ( #1670, #1352, #6548, #6992, #1978, #3423, #1614, #7933, #1091, #5751, #1008, #651, #5629, #1662, #1376, #3374, #2479, #7821, #3456, #7504, #2201, #7563, #640, #2213, #2628, #6384 ) ) ;
#5711 = CARTESIAN_POINT ( 'NONE',  ( 0.4677363341993761026, -0.03816863432012664037, -0.6170014880952564562 ) ) ;
#5712 = CARTESIAN_POINT ( 'NONE',  ( -0.4421908095957660656, 0.1666342040712192607, -0.5219494047619049892 ) ) ;
#5713 = ORIENTED_EDGE ( 'NONE', *, *, #3111, .T. ) ;
#5714 = CARTESIAN_POINT ( 'NONE',  ( 0.08560824444623801877, 0.5172151253631248613, -0.5688244047619009924 ) ) ;
#5715 = CARTESIAN_POINT ( 'NONE',  ( 0.3176703582369727608, -0.3450655280236231692, -0.6254650297618342680 ) ) ;
#5716 = CARTESIAN_POINT ( 'NONE',  ( -0.2638611673127626012, 0.3809242709696665230, -0.8145461309523129856 ) ) ;
#5717 = DIRECTION ( 'NONE',  ( 2.226682128744284936E-16, -1.000000000000000000, 0.000000000000000000 ) ) ;
#5718 = CC_DESIGN_PERSON_AND_ORGANIZATION_ASSIGNMENT ( #3293, #4612, ( #2854 ) ) ;
#5719 = VERTEX_POINT ( 'NONE', #1328 ) ;
#5720 = EDGE_CURVE ( 'NONE', #523, #598, #1647, .T. ) ;
#5721 = CARTESIAN_POINT ( 'NONE',  ( -0.4124346333312822743, -0.3331333426396659858, -0.3248697916666380414 ) ) ;
#5722 = CARTESIAN_POINT ( 'NONE',  ( 0.1624496833343640201, -0.4774505175856101902, -0.8790962585672211782 ) ) ;
#5723 = CARTESIAN_POINT ( 'NONE',  ( -0.2997985288905826162, 0.4180576303747320366, -0.5543322069211426006 ) ) ;
#5724 = CARTESIAN_POINT ( 'NONE',  ( -0.5129928827807427316, 0.05456387539494855082, -0.8360305059524718585 ) ) ;
#5725 = CARTESIAN_POINT ( 'NONE',  ( -0.3747927914050219189, -0.2734647580621890062, -0.7874813988093662953 ) ) ;
#5726 = CARTESIAN_POINT ( 'NONE',  ( 0.03488321037437491778, -0.5214163565840990167, -0.3206691964322070931 ) ) ;
#5727 = CARTESIAN_POINT ( 'NONE',  ( -0.4938217932760185502, -0.1678657888558973132, -0.3255366127143590749 ) ) ;
#5728 = VERTEX_POINT ( 'NONE', #3402 ) ;
#5729 = CARTESIAN_POINT ( 'NONE',  ( -0.1800845296084541414, -0.4253580261360890291, -0.8527715773809501076 ) ) ;
#5730 = CARTESIAN_POINT ( 'NONE',  ( -0.4569612751491903269, -0.007655763191506187101, -1.008742559523670090 ) ) ;
#5731 = CARTESIAN_POINT ( 'NONE',  ( 0.3690554829620690813, 0.3633494939237632559, -0.7166108630952928715 ) ) ;
#5732 = CARTESIAN_POINT ( 'NONE',  ( 0.1655345625999045667, 0.4896266792160064441, -0.5036947974802558070 ) ) ;
#5733 = CARTESIAN_POINT ( 'NONE',  ( -0.4453723490546472319, 0.2571659926417797504, -0.5595229692258141263 ) ) ;
#5734 = CARTESIAN_POINT ( 'NONE',  ( -0.4205715105932337217, -0.1903522257633586123, -0.8701636904760756686 ) ) ;
#5735 = CONICAL_SURFACE ( 'NONE', #2173, 0.5312500000000000000, 1.047197551196600074 ) ;
#5736 = CARTESIAN_POINT ( 'NONE',  ( 0.000000000000000000, 0.000000000000000000, 1.189999999999999947 ) ) ;
#5737 = CARTESIAN_POINT ( 'NONE',  ( 0.1583109178470035183, -0.4318356639503113659, -0.9245721726191022949 ) ) ;
#5738 = CARTESIAN_POINT ( 'NONE',  ( -0.1182941393694131177, 0.4571479817482130281, -0.5328311011904230954 ) ) ;
#5739 = CARTESIAN_POINT ( 'NONE',  ( -0.2996288488256575455, 0.3593649443498076468, -0.6617373511904630634 ) ) ;
#5740 = CIRCLE ( 'NONE', #7186, 0.5020336960870686038 ) ;
#5741 = DIRECTION ( 'NONE',  ( -1.000000000000000000, 0.000000000000000000, 0.000000000000000000 ) ) ;
#5742 = CARTESIAN_POINT ( 'NONE',  ( 0.4892799640169494535, 0.1395064483363613050, -1.007998511904773187 ) ) ;
#5743 = CARTESIAN_POINT ( 'NONE',  ( -0.4666796513237412292, -0.03807442593220611987, -0.6597842261904768302 ) ) ;
#5745 = CARTESIAN_POINT ( 'NONE',  ( 0.2656250000000001110, -0.4600759957604831363, -0.2499999999999998057 ) ) ;
#5744 = DIRECTION ( 'NONE',  ( 0.09411816491319552336, 1.152615094025676142E-17, -0.9955610333040223470 ) ) ;
#5746 = CARTESIAN_POINT ( 'NONE',  ( -0.4458674952765747657, -0.2576759455741087779, -0.5375818399235409162 ) ) ;
#5747 = CARTESIAN_POINT ( 'NONE',  ( 0.1159065781136077306, -0.4953653829218039872, -0.7373537792290586479 ) ) ;
#5748 = CARTESIAN_POINT ( 'NONE',  ( 0.4409174790674464939, 0.1913490766376771124, -0.2542782738095255568 ) ) ;
#5749 = CARTESIAN_POINT ( 'NONE',  ( -0.3662806059983634288, 0.3054054089844298603, -0.3739769345238790343 ) ) ;
#5750 = CARTESIAN_POINT ( 'NONE',  ( 0.4461677158522461828, -5.806059120392413120E-17, -0.9999999999999998890 ) ) ;
#5751 = ORIENTED_EDGE ( 'NONE', *, *, #6572, .T. ) ;
#5752 = CARTESIAN_POINT ( 'NONE',  ( 0.3741838904394277354, 0.2873532507781441092, -0.5372023809523031046 ) ) ;
#5753 = APPROVAL_PERSON_ORGANIZATION ( #1379, #5126, #6995 ) ;
#5754 = CARTESIAN_POINT ( 'NONE',  ( 0.4103616818181243242, 0.2416355833819678611, -0.4046688988096341366 ) ) ;
#5755 = VERTEX_POINT ( 'NONE', #3942 ) ;
#5756 = CARTESIAN_POINT ( 'NONE',  ( -0.3591513365272857028, -0.3831501520078189893, -0.5398065476189931600 ) ) ;
#5757 = CARTESIAN_POINT ( 'NONE',  ( -0.4658193796739794057, 0.06540079247695876341, -0.5819382440476066343 ) ) ;
#5758 = CARTESIAN_POINT ( 'NONE',  ( -0.2656249999999998890, -0.4600759957604831918, -0.2499999999999998057 ) ) ;
#5759 = CARTESIAN_POINT ( 'NONE',  ( 0.2049512620690889797, 0.4151740683738395776, -0.8266369047620133470 ) ) ;
#5760 = CARTESIAN_POINT ( 'NONE',  ( 0.4324399895191156640, -0.1876786179946948185, -0.5582217261904771632 ) ) ;
#5761 = ORIENTED_EDGE ( 'NONE', *, *, #2144, .T. ) ;
#5762 = CARTESIAN_POINT ( 'NONE',  ( -0.5294909556849715093, -0.02187880624812080232, -0.3321242559522966653 ) ) ;
#5763 = CARTESIAN_POINT ( 'NONE',  ( 0.5025844121768925366, -0.06639700075036401861, -0.7950339739492227054 ) ) ;
#5764 = CARTESIAN_POINT ( 'NONE',  ( -0.3877576935820734039, 0.3394656156196022012, -0.5517129922406212028 ) ) ;
#5765 = CARTESIAN_POINT ( 'NONE',  ( 0.008603905432021805716, 0.5130499817554355912, -0.9242931547617722066 ) ) ;
#5766 = CARTESIAN_POINT ( 'NONE',  ( 0.1530425631953980237, -0.4384658758008352919, -0.7729724702381511880 ) ) ;
#5767 = CARTESIAN_POINT ( 'NONE',  ( 0.3862061704579626831, -0.3382906132891961848, -0.5874387109355196923 ) ) ;
#5768 = CARTESIAN_POINT ( 'NONE',  ( 0.2618363271195121023, -0.4527738520839601488, -0.3054384799324905697 ) ) ;
#5769 = ORIENTED_EDGE ( 'NONE', *, *, #7226, .T. ) ;
#5770 = CARTESIAN_POINT ( 'NONE',  ( 0.3213849812421436525, -0.3323487259135872174, -0.8394717261904586225 ) ) ;
#5771 = CARTESIAN_POINT ( 'NONE',  ( -0.4496485255275587956, 0.09308847239562734188, -0.9398251488095729078 ) ) ;
#5772 = CARTESIAN_POINT ( 'NONE',  ( -0.1098211516868030924, -0.5074814655768584704, -0.6742931547617992960 ) ) ;
#5773 = CARTESIAN_POINT ( 'NONE',  ( 0.3975000000000000755, 4.867971026610729929E-17, 0.9519999999999999574 ) ) ;
#5774 = CARTESIAN_POINT ( 'NONE',  ( -0.3643209309990748657, 0.3110526658011481538, -0.9673744238251301697 ) ) ;
#5775 = CARTESIAN_POINT ( 'NONE',  ( -0.4588662950488318626, 0.04880718796539183779, -0.8762090773809850797 ) ) ;
#5776 = CARTESIAN_POINT ( 'NONE',  ( 0.1085431665117233824, 0.5243031391503816252, -0.2121465773808628164 ) ) ;
#5777 = CARTESIAN_POINT ( 'NONE',  ( -0.1661980746274320797, -0.4900324318294678738, -0.4579706384979986833 ) ) ;
#5778 = CARTESIAN_POINT ( 'NONE',  ( -0.2245239328352461317, -0.4036249966318640747, -0.8629092261904959260 ) ) ;
#5779 = EDGE_CURVE ( 'NONE', #1212, #7495, #5825, .T. ) ;
#5780 = CARTESIAN_POINT ( 'NONE',  ( 0.1409209652894989895, -0.4518771180489856154, -0.4965587797619757660 ) ) ;
#5781 = CARTESIAN_POINT ( 'NONE',  ( -0.4599691239042926205, -0.08777362989650416836, -0.6496465773809729782 ) ) ;
#5782 = CARTESIAN_POINT ( 'NONE',  ( -0.2809721704051829638, 0.4180056348272923605, -0.9218384878943615135 ) ) ;
#5783 = CARTESIAN_POINT ( 'NONE',  ( -0.3721439939936159180, -0.3488237981369972096, -0.9668898809524921756 ) ) ;
#5784 = CARTESIAN_POINT ( 'NONE',  ( 0.3986192172350278007, 0.2480928977820171244, -0.6186755952380921242 ) ) ;
#5786 = CARTESIAN_POINT ( 'NONE',  ( -0.04345277033434369329, -0.5883471923644090218, -0.2170349206184471469 ) ) ;
#5785 = CARTESIAN_POINT ( 'NONE',  ( 0.1519812977044206759, -0.4395416038813218518, -0.9821406086737098917 ) ) ;
#5787 = CARTESIAN_POINT ( 'NONE',  ( 0.5155950427450251006, -0.03369817525503004951, -0.5085693469897453189 ) ) ;
#5788 = CARTESIAN_POINT ( 'NONE',  ( -0.0003771473581876341069, -0.5236454876309984963, -0.2499999999999998057 ) ) ;
#5789 = CARTESIAN_POINT ( 'NONE',  ( 0.09750886575997817773, 0.4710014397677513287, -0.2433965773808627886 ) ) ;
#5790 = CARTESIAN_POINT ( 'NONE',  ( -0.2966772868539540586, -0.3741102475087954016, -0.3558407738095115680 ) ) ;
#5791 = CARTESIAN_POINT ( 'NONE',  ( 0.000000000000000000, 0.000000000000000000, 0.4759999999999999787 ) ) ;
#5792 = CARTESIAN_POINT ( 'NONE',  ( -0.4722562163296539217, 0.01952137953460096609, -0.5093936011905221273 ) ) ;
#5793 = CARTESIAN_POINT ( 'NONE',  ( -0.4741633541625263626, -0.02699093195141242379, -0.4457775297618769006 ) ) ;
#5794 = ORIENTED_EDGE ( 'NONE', *, *, #7275, .T. ) ;
#5795 = CARTESIAN_POINT ( 'NONE',  ( 0.1609597926816684621, -0.5002842399677436269, -0.5277157738094137018 ) ) ;
#5796 = CARTESIAN_POINT ( 'NONE',  ( 0.3007506979935005154, 0.3606979959448892159, -0.6061197916666493102 ) ) ;
#5797 = COORDINATED_UNIVERSAL_TIME_OFFSET ( 6, 0, .BEHIND. ) ;
#5798 = CARTESIAN_POINT ( 'NONE',  ( -0.2215903425191540488, 0.4069248920533709013, -0.8157552083334477233 ) ) ;
#5799 = CARTESIAN_POINT ( 'NONE',  ( -0.1218148023602255853, 0.4539111326771862465, -0.6041666666666529739 ) ) ;
#5800 = ORIENTED_EDGE ( 'NONE', *, *, #5571, .T. ) ;
#5801 = CARTESIAN_POINT ( 'NONE',  ( 0.4273664663148766807, 0.3118254382196332664, -0.3611421130951305014 ) ) ;
#5802 = CARTESIAN_POINT ( 'NONE',  ( 0.5067222413070850973, -2.746787787379614515E-15, -0.7935468608299357518 ) ) ;
#5803 = CARTESIAN_POINT ( 'NONE',  ( -0.5097462537969659202, -4.934400438556075106E-15, -0.6964213286943532477 ) ) ;
#5804 = CARTESIAN_POINT ( 'NONE',  ( 0.2239002571653641305, 0.4640096718408101562, -0.8577938988096223127 ) ) ;
#5805 = CARTESIAN_POINT ( 'NONE',  ( -0.5145060111030995698, 2.219626494852214235E-16, -0.5435469729364441616 ) ) ;
#5806 = CARTESIAN_POINT ( 'NONE',  ( -0.3173569435959273100, -0.4141799530125313544, -0.3188367792244435339 ) ) ;
#5807 = ORIENTED_EDGE ( 'NONE', *, *, #3361, .F. ) ;
#5808 = CARTESIAN_POINT ( 'NONE',  ( 0.3845905645447861287, -0.2526726737754053098, -0.9083891369047396580 ) ) ;
#5809 = CARTESIAN_POINT ( 'NONE',  ( -0.1254473150493040923, -0.4399438991629576190, -0.9942336309523752691 ) ) ;
#5810 = CARTESIAN_POINT ( 'NONE',  ( 0.4415305439916494823, 0.2748005831423032119, -0.6476934523809495525 ) ) ;
#5811 = CARTESIAN_POINT ( 'NONE',  ( 0.4542029995567251621, -0.07279801947640099358, -0.9864038138368974584 ) ) ;
#5812 = CARTESIAN_POINT ( 'NONE',  ( -0.4573891891496699724, 0.1516624090383821843, -0.9645420078662484409 ) ) ;
#5813 = CARTESIAN_POINT ( 'NONE',  ( 0.2434583069759778395, 0.3911577357404824595, -0.8991815476191410417 ) ) ;
#5814 = CARTESIAN_POINT ( 'NONE',  ( -0.1873550800298800778, 0.4139496538496786893, -1.093377976190570866 ) ) ;
#5815 = CARTESIAN_POINT ( 'NONE',  ( 0.000000000000000000, 0.000000000000000000, 0.000000000000000000 ) ) ;
#5816 = CARTESIAN_POINT ( 'NONE',  ( 0.3618065550700414468, 0.2922392016569019257, -0.7601376488096459605 ) ) ;
#5817 = CARTESIAN_POINT ( 'NONE',  ( -0.4223756348873914379, 0.2167470068248930903, -0.4518229166666563046 ) ) ;
#5818 = CARTESIAN_POINT ( 'NONE',  ( -0.03062157411032810292, 0.4644212459428480599, -0.7403273809522886717 ) ) ;
#5819 = EDGE_CURVE ( 'NONE', #1460, #5719, #2314, .T. ) ;
#5820 = CARTESIAN_POINT ( 'NONE',  ( -0.2550044189236225223, 0.4343334583168985130, -0.9225375882244365444 ) ) ;
#5821 = CARTESIAN_POINT ( 'NONE',  ( 0.1273146396029602168, -0.4920065143882774716, -1.026134672619044341 ) ) ;
#5822 = CARTESIAN_POINT ( 'NONE',  ( 0.4562120130440863175, 0.1105048907431227384, -0.6223028273809391164 ) ) ;
#5824 = CARTESIAN_POINT ( 'NONE',  ( 0.1820553483738718004, -0.4819116334072303109, -0.5316060455507302107 ) ) ;
#5823 = FACE_OUTER_BOUND ( 'NONE', #7484, .T. ) ;
#5825 = LINE ( 'NONE', #7685, #4426 ) ;
#5826 = EDGE_CURVE ( 'NONE', #6696, #5499, #7718, .T. ) ;
#5827 = CARTESIAN_POINT ( 'NONE',  ( -0.4155830193551378060, -0.3185141939608987505, -0.2604149690321687638 ) ) ;
#5828 = CARTESIAN_POINT ( 'NONE',  ( -0.3957321913804686675, 0.2741282910911778670, -0.2300967261904647565 ) ) ;
#5829 = CARTESIAN_POINT ( 'NONE',  ( -0.4738112933512306779, 0.08602197714732261191, -0.2252604166666519747 ) ) ;
#5830 = CARTESIAN_POINT ( 'NONE',  ( 0.4425376243329690595, -0.2554038656797369411, -0.6666569217323653485 ) ) ;
#5831 = CARTESIAN_POINT ( 'NONE',  ( 0.4707081158713399827, 0.05433658301778369198, -0.4719122023809718125 ) ) ;
#5832 = CARTESIAN_POINT ( 'NONE',  ( -0.1633146995319829653, 0.4454844604573808264, -0.4602864583333420856 ) ) ;
#5833 = VERTEX_POINT ( 'NONE', #1533 ) ;
#5834 = CARTESIAN_POINT ( 'NONE',  ( -0.5229382778841922264, 0.08173902400843513494, -0.4080171130952548464 ) ) ;
#5835 = CARTESIAN_POINT ( 'NONE',  ( 0.1442882829535801492, -0.4484683378376805862, -0.5589657738094137018 ) ) ;
#5836 = PERSON_AND_ORGANIZATION_ROLE ( 'creator' ) ;
#5837 = CARTESIAN_POINT ( 'NONE',  ( -0.4509768894922938642, 0.09759377420020366733, -0.8774181547618027377 ) ) ;
#5838 = CARTESIAN_POINT ( 'NONE',  ( -0.3971873550522470597, 0.2558732581369089210, -0.5243675595238280751 ) ) ;
#5839 = ORIENTED_EDGE ( 'NONE', *, *, #4017, .T. ) ;
#5840 = CARTESIAN_POINT ( 'NONE',  ( -0.2923985122919744994, -0.4450580083832374467, -0.2499069940476740803 ) ) ;
#5841 = CARTESIAN_POINT ( 'NONE',  ( 0.4779049220403101539, -0.1621133011217105180, -0.8686878377652680339 ) ) ;
#5842 = CARTESIAN_POINT ( 'NONE',  ( 0.4457822972425611319, 0.2572606519894680699, -0.5733110415334665699 ) ) ;
#5843 = CARTESIAN_POINT ( 'NONE',  ( -0.4448056211718233177, 0.2565770628454092095, -0.9122023809523126525 ) ) ;
#5844 = CARTESIAN_POINT ( 'NONE',  ( -0.2706350915049296479, -0.4357050654276099499, -0.6034289586530925398 ) ) ;
#5845 = DIRECTION ( 'NONE',  ( 1.000000000000000000, 0.000000000000000000, 0.000000000000000000 ) ) ;
#5846 = ORIENTED_EDGE ( 'NONE', *, *, #125, .T. ) ;
#5847 = CARTESIAN_POINT ( 'NONE',  ( -0.4637120235769190413, 0.003613084087535026016, -0.7947358630953738068 ) ) ;
#5848 = CARTESIAN_POINT ( 'NONE',  ( -0.03011133234404936299, -0.4565626758891412340, -0.9918154761904814931 ) ) ;
#5849 = CARTESIAN_POINT ( 'NONE',  ( 0.2141908407412541071, -0.4732402519378320904, -0.6670386904761941294 ) ) ;
#5850 = CARTESIAN_POINT ( 'NONE',  ( -0.2286089973463250047, 0.4629300010753798489, -0.4947864789801574847 ) ) ;
#5851 = CARTESIAN_POINT ( 'NONE',  ( -0.1612009334152767204, 0.4470665129336596766, -0.9711796014527586118 ) ) ;
#5852 = CARTESIAN_POINT ( 'NONE',  ( -0.4589415845201224586, -0.04880718796539132431, -0.8737909226190145873 ) ) ;
#5853 = CARTESIAN_POINT ( 'NONE',  ( 0.5327828101174325592, 0.04828682558771403566, -0.2266555059524212046 ) ) ;
#5854 = CARTESIAN_POINT ( 'NONE',  ( -0.2518887531673689173, -0.4371443000219560893, -0.8987887535347652834 ) ) ;
#5855 = CARTESIAN_POINT ( 'NONE',  ( 0.4571160022146684154, 0.07144297558348418342, -0.8375186011905243477 ) ) ;
#5856 = CARTESIAN_POINT ( 'NONE',  ( 0.2312159862458575132, -0.4156718753158084034, -0.4228050595238048714 ) ) ;
#5857 = CARTESIAN_POINT ( 'NONE',  ( 0.2809511090566739755, -0.3727272453421593412, -0.6980096726189648493 ) ) ;
#5858 = LINE ( 'NONE', #2610, #7600 ) ;
#5859 = CARTESIAN_POINT ( 'NONE',  ( 0.3879459846152860658, 0.3294082838746205666, -1.003162202381002288 ) ) ;
#5860 = CARTESIAN_POINT ( 'NONE',  ( 0.3837820866360215355, -0.2658504608179322326, -0.7033110119047517594 ) ) ;
#5861 = B_SPLINE_CURVE_WITH_KNOTS ( 'NONE', 3,
 ( #5497, #6198, #6819, #8090, #3608, #7434, #549, #4307, #8009, #4221, #6071, #418, #4837, #2275, #4261, #2363, #4178, #2936, #6112, #3735, #6728, #6238, #1042, #2448, #5536, #7392, #6688, #1737, #1164, #5451, #2320, #463, #8050, #7351, #4879, #7963, #1697, #1779, #4963, #1083, #7477, #3651, #1827, #6769, #591, #1122, #6156, #505, #4347 ),
 .UNSPECIFIED., .F., .F.,
 ( 4, 2, 2, 2, 2, 2, 2, 2, 2, 2, 2, 2, 2, 2, 2, 1, 2, 2, 2, 2, 2, 2, 2, 2, 4 ),
 ( 0.8095053426638080252, 0.8108133904143720594, 0.8121214381649360936, 0.8147375336660641620, 0.8160455814166283073, 0.8173536291671923415, 0.8199697246683204099, 0.8212777724188844441, 0.8225858201694484784, 0.8238938679200125126, 0.8252019156705765468, 0.8278180111717046152, 0.8304341066728326837, 0.8330502021739608631, 0.8343582499245248973, 0.8356662976750889316, 0.8369743454256529658, 0.8382823931762170000, 0.8408984886773450684, 0.8422065364279091026, 0.8435145841784732479, 0.8461306796796013163, 0.8474387274301653505, 0.8487467751807293848, 0.8513628706818574532 ),
 .UNSPECIFIED. ) ;
#5863 = CARTESIAN_POINT ( 'NONE',  ( -0.03340297671509276367, -0.5139178669225293872, -0.5364432254281757961 ) ) ;
#5862 = CARTESIAN_POINT ( 'NONE',  ( -0.5211778134718686450, 2.748922043624664925E-15, -0.3292613648119637193 ) ) ;
#5864 = CARTESIAN_POINT ( 'NONE',  ( 0.4634757074894095830, -0.2280637920695998133, -0.5130219941445687271 ) ) ;
#5865 = CARTESIAN_POINT ( 'NONE',  ( -0.4788239819021505306, -0.1626197294730231391, -0.8355645401190450183 ) ) ;
#5866 = CARTESIAN_POINT ( 'NONE',  ( 0.06649198070059313126, 0.5076199124759839254, -0.6343139488649797153 ) ) ;
#5867 = CARTESIAN_POINT ( 'NONE',  ( -0.4228139107044913136, 0.2302519275885622496, -0.2288876488095720196 ) ) ;
#5868 = AXIS2_PLACEMENT_3D ( 'NONE', #5285, #5944, #913 ) ;
#5869 = CARTESIAN_POINT ( 'NONE',  ( -0.1639496445845744776, -0.4834183539565270471, -0.6822828260271796008 ) ) ;
#5870 = EDGE_CURVE ( 'NONE', #5755, #1312, #5443, .T. ) ;
#5871 = CARTESIAN_POINT ( 'NONE',  ( 0.2354255415120388162, -0.4081523242345386215, -0.5565476190477293139 ) ) ;
#5872 = CARTESIAN_POINT ( 'NONE',  ( -0.4714787303034527755, -0.07368786289876751161, -0.3732328869047680797 ) ) ;
#5873 = AXIS2_PLACEMENT_3D ( 'NONE', #1428, #6301, #5642 ) ;
#5874 = ORIENTED_EDGE ( 'NONE', *, *, #2044, .F. ) ;
#5875 = CARTESIAN_POINT ( 'NONE',  ( -0.5222967177066731859, -0.08644122723522935925, -0.4043898809523455151 ) ) ;
#5876 = CARTESIAN_POINT ( 'NONE',  ( -0.2463444463663551631, -0.4038319530159531490, -0.4973028273809258493 ) ) ;
#5877 = CONICAL_SURFACE ( 'NONE', #6815, 0.5002943035887735812, 0.03112503826905463691 ) ;
#5878 = CARTESIAN_POINT ( 'NONE',  ( -0.4658193796722230884, 0.06540079249248953452, -0.5819382440475643348 ) ) ;
#5879 = CARTESIAN_POINT ( 'NONE',  ( -0.5025644878171052765, 0.03283130890440195265, -0.9014270234858656750 ) ) ;
#5880 = CARTESIAN_POINT ( 'NONE',  ( 0.1962379409308872835, -0.4234145865702447220, -0.7093563988096065476 ) ) ;
#5881 = CARTESIAN_POINT ( 'NONE',  ( 0.4488204398668007578, 0.1521504591951594598, -0.4784226190475985296 ) ) ;
#5882 = EDGE_CURVE ( 'NONE', #7240, #3783, #7235, .T. ) ;
#5883 = VECTOR ( 'NONE', #3970, 39.37007874015748854 ) ;
#5884 = EDGE_LOOP ( 'NONE', ( #6417, #4972 ) ) ;
#5885 = CARTESIAN_POINT ( 'NONE',  ( 0.2974576536152332973, 0.4160728697890409000, -0.6499093460576876868 ) ) ;
#5886 = CARTESIAN_POINT ( 'NONE',  ( -0.2282511484140288260, -0.4639852206714127902, -0.4694831054263965409 ) ) ;
#5887 = CARTESIAN_POINT ( 'NONE',  ( 0.5034061324895345857, 0.03294177115589618648, -0.8742498733007273426 ) ) ;
#5888 = CARTESIAN_POINT ( 'NONE',  ( -0.09246396802979740814, 0.5093401932814259903, -0.7792038690476772445 ) ) ;
#5889 = APPROVAL_PERSON_ORGANIZATION ( #5919, #1077, #4687 ) ;
#5890 = CARTESIAN_POINT ( 'NONE',  ( 0.5186244083284231587, -0.06788522503131583230, -0.3050459164208555451 ) ) ;
#5891 = CARTESIAN_POINT ( 'NONE',  ( 0.3108796214782351686, 0.4339482278679492877, 3.189379176196901102E-16 ) ) ;
#5892 = CARTESIAN_POINT ( 'NONE',  ( 0.06012937423547861510, -0.4581685986766578234, -0.8467261904761258506 ) ) ;
#5893 = CARTESIAN_POINT ( 'NONE',  ( -0.4894880181783988760, 0.1844571241911176218, -0.5509672619047625286 ) ) ;
#5894 = CARTESIAN_POINT ( 'NONE',  ( -0.4841660479274612072, -0.01267405503004569167, -0.9620016679247855862 ) ) ;
#5895 = CARTESIAN_POINT ( 'NONE',  ( 0.000000000000000000, 0.000000000000000000, 0.9519999999999999574 ) ) ;
#5896 = CARTESIAN_POINT ( 'NONE',  ( -0.2701615319593709819, -0.3773204915509673074, -0.7927827380950495106 ) ) ;
#5897 = CARTESIAN_POINT ( 'NONE',  ( -0.5273677345499183655, 0.09574486540365326204, -0.1940104166666290209 ) ) ;
#5898 = CARTESIAN_POINT ( 'NONE',  ( -0.4515874581199545434, -0.2226817508729469486, -0.9055019165991660124 ) ) ;
#5899 = CARTESIAN_POINT ( 'NONE',  ( -0.3089398539713575920, -0.3462343894229457653, -0.7939918154762078961 ) ) ;
#5900 = CARTESIAN_POINT ( 'NONE',  ( -0.4716740469306379135, -0.03109984921486419474, -0.5171130952381342016 ) ) ;
#5901 = CARTESIAN_POINT ( 'NONE',  ( -0.1180228310219659932, 0.5048293006356328050, -0.4259606738809901261 ) ) ;
#5902 = DESIGN_CONTEXT ( 'detailed design', #7296, 'design' ) ;
#5903 = DIRECTION ( 'NONE',  ( 1.000000000000000000, 0.000000000000000000, 0.000000000000000000 ) ) ;
#5904 = CARTESIAN_POINT ( 'NONE',  ( 0.3582500071376342743, -0.3638759941977528500, -0.9487537202379717760 ) ) ;
#5905 = CARTESIAN_POINT ( 'NONE',  ( 0.1008091786672872248, 0.5092704132746574963, -0.4207680562028160987 ) ) ;
#5907 = CARTESIAN_POINT ( 'NONE',  ( 0.4877972296656564732, -0.3318047991565569732, -0.2170349206184471746 ) ) ;
#5906 = CARTESIAN_POINT ( 'NONE',  ( 0.4381514998903903724, -0.2101037626020215987, -0.9612721878766511407 ) ) ;
#5908 = CARTESIAN_POINT ( 'NONE',  ( -0.5145060111030995698, 2.219626494852214235E-16, -0.5435469729364441616 ) ) ;
#5909 = CARTESIAN_POINT ( 'NONE',  ( 0.4998164349541084905, -0.08275415141300133948, -0.8054300585099164467 ) ) ;
#5910 = CARTESIAN_POINT ( 'NONE',  ( 0.3496097483490976932, 0.3736924827095038926, -0.6413833937034945087 ) ) ;
#5911 = CARTESIAN_POINT ( 'NONE',  ( -0.007845321086230811272, -0.4794679670745445876, -0.2055431500150491642 ) ) ;
#5912 = CARTESIAN_POINT ( 'NONE',  ( -0.4830024628780384965, -0.1641687246077031814, -0.6926956589749083681 ) ) ;
#5913 = CARTESIAN_POINT ( 'NONE',  ( -0.4716740469287512560, -0.03109984920232773328, -0.5081845238095955564 ) ) ;
#5914 = CARTESIAN_POINT ( 'NONE',  ( 0.4737809088094024346, 0.003683488098533884997, -0.4820498511904446337 ) ) ;
#5915 = ORIENTED_EDGE ( 'NONE', *, *, #2942, .F. ) ;
#5916 = CARTESIAN_POINT ( 'NONE',  ( 0.5183856232777259709, -0.1121807703515475541, -0.3729538690476714158 ) ) ;
#5917 = CARTESIAN_POINT ( 'NONE',  ( -0.4223756348853534015, 0.2167470068351320389, -0.4428943452380960100 ) ) ;
#5918 = CARTESIAN_POINT ( 'NONE',  ( 0.3375737878532880099, 0.3264377623590392075, -0.6073288690476106311 ) ) ;
#5919 = PERSON_AND_ORGANIZATION ( #4768, #5354 ) ;
#5920 = CARTESIAN_POINT ( 'NONE',  ( -0.2996288488256575455, 0.3593649443498076468, -0.6706659226190344603 ) ) ;
#5921 = CARTESIAN_POINT ( 'NONE',  ( 0.4100306961226807267, -0.2414499239995796243, -0.4167596726191108991 ) ) ;
#5922 = EDGE_LOOP ( 'NONE', ( #6164, #3721, #5761 ) ) ;
#5923 = EDGE_CURVE ( 'NONE', #3165, #4888, #71, .T. ) ;
#5924 = CARTESIAN_POINT ( 'NONE',  ( 0.3452740062676272204, -0.3678085765373046989, -0.8742611916407635464 ) ) ;
#5925 = CARTESIAN_POINT ( 'NONE',  ( -0.3934333424809802193, 0.3447661600864088127, -0.2760314707470173934 ) ) ;
#5926 = CARTESIAN_POINT ( 'NONE',  ( 0.5108949248393137577, 0.07984859462252004436, -0.7973400297616867194 ) ) ;
#5927 = ADVANCED_FACE ( 'NONE', ( #4090 ), #6735, .T. ) ;
#5928 = CARTESIAN_POINT ( 'NONE',  ( -0.08722293445399437184, 0.5630764763274545004, -0.02103220599697373794 ) ) ;
#5929 = CARTESIAN_POINT ( 'NONE',  ( -0.4945322644238034915, 0.1676538412177219217, -0.3329782284669836057 ) ) ;
#5930 = ORIENTED_EDGE ( 'NONE', *, *, #1080, .F. ) ;
#5931 = CARTESIAN_POINT ( 'NONE',  ( -0.4637120235701086002, 0.003613084075312251574, -0.7947358630953359482 ) ) ;
#5932 = CARTESIAN_POINT ( 'NONE',  ( 0.2606800373331866205, -0.4519346592831862686, -0.5944940476190464507 ) ) ;
#5933 = CARTESIAN_POINT ( 'NONE',  ( 0.3179945874372116510, -0.3873816862546570761, -0.9456274283160055472 ) ) ;
#5934 = CARTESIAN_POINT ( 'NONE',  ( 0.3746210950323857203, 0.3513774593721316064, -0.5807152179497760969 ) ) ;
#5935 = CARTESIAN_POINT ( 'NONE',  ( 0.4301776105494658498, -0.1697999686492543681, -0.8435639880952621183 ) ) ;
#5936 = CARTESIAN_POINT ( 'NONE',  ( 0.4486320970627730165, 0.08144273469865162540, -1.042596726190303524 ) ) ;
#5937 = CARTESIAN_POINT ( 'NONE',  ( -0.4999291691926309178, -0.06555329641634620452, -0.9092293220085413408 ) ) ;
#5938 = CARTESIAN_POINT ( 'NONE',  ( 0.5312500000000000000, 0.02595035142964475031, -0.2499999999999998335 ) ) ;
#5939 = CARTESIAN_POINT ( 'NONE',  ( -0.3701232942993298858, 0.2789982619342570302, -0.8109188988094636619 ) ) ;
#5940 = CARTESIAN_POINT ( 'NONE',  ( 0.4509156542905407572, -0.1450840594784272020, -0.4856770833333248771 ) ) ;
#5941 = CARTESIAN_POINT ( 'NONE',  ( -0.5011545959163374864, 0.1342546450395754321, -0.4136829871596999775 ) ) ;
#5942 = CARTESIAN_POINT ( 'NONE',  ( 0.05624882782976955292, 0.4995551568400805054, -0.9298466221671746190 ) ) ;
#5943 = CARTESIAN_POINT ( 'NONE',  ( 0.1767847806570430613, 0.4822036171939322879, -0.8544456845238058706 ) ) ;
#5944 = DIRECTION ( 'NONE',  ( -0.4999999999999998335, -0.8660254037844388186, 0.000000000000000000 ) ) ;
#5946 = CARTESIAN_POINT ( 'NONE',  ( -0.01643151211601792672, -0.5147561345023655699, -0.5360691047733017189 ) ) ;
#5945 = CARTESIAN_POINT ( 'NONE',  ( -0.3789193869685355542, -0.3553919401534633149, -0.3921214028356611037 ) ) ;
#5947 = CARTESIAN_POINT ( 'NONE',  ( 0.4857858378180640035, -0.1104779357091292408, -0.2499999999999996669 ) ) ;
#5948 = CARTESIAN_POINT ( 'NONE',  ( -0.2083178035943026585, -0.4610986466505718195, -0.8262447504216862137 ) ) ;
#5949 = CARTESIAN_POINT ( 'NONE',  ( -0.4167138734749675777, 0.2980614450750797007, -0.6220284923002108446 ) ) ;
#5950 = CARTESIAN_POINT ( 'NONE',  ( -0.3418480905288615035, 0.2995572198333085190, -1.097470238095242578 ) ) ;
#5951 = CARTESIAN_POINT ( 'NONE',  ( -0.03323589966829596648, -0.5102918995294944970, -0.6793102792172528437 ) ) ;
#5952 = CARTESIAN_POINT ( 'NONE',  ( -0.06187146716905435329, -0.4713807722117417942, -0.4211309523809683708 ) ) ;
#5953 = CARTESIAN_POINT ( 'NONE',  ( 0.3908679718614152532, 0.2798515610956073263, -0.2607886904761701485 ) ) ;
#5954 = ORIENTED_EDGE ( 'NONE', *, *, #6772, .T. ) ;
#5955 = B_SPLINE_CURVE_WITH_KNOTS ( 'NONE', 3,
 ( #2116, #4599, #1952, #2653, #4014, #7683, #4475, #760 ),
 .UNSPECIFIED., .F., .F.,
 ( 4, 2, 2, 4 ),
 ( 0.007883069676311168020, 0.009846408514183550842, 0.01180974735205593193, 0.01573642502780069757 ),
 .UNSPECIFIED. ) ;
#5956 = CARTESIAN_POINT ( 'NONE',  ( 0.3900639547732880907, -0.3591078342355775721, -0.3789992559522719628 ) ) ;
#5957 = CARTESIAN_POINT ( 'NONE',  ( -0.3649475543893835328, -0.3042835598342798487, -0.4295944940475793783 ) ) ;
#5958 = CARTESIAN_POINT ( 'NONE',  ( -0.04957590674235706069, -0.4660940845286867806, -0.6351376488095130668 ) ) ;
#5959 = CARTESIAN_POINT ( 'NONE',  ( -0.2748541642996608081, -0.3766834768246921095, -0.7214471726189853884 ) ) ;
#5960 = CARTESIAN_POINT ( 'NONE',  ( 0.2312159862458575132, -0.4156718753158084034, -0.4228050595238048714 ) ) ;
#5961 = EDGE_LOOP ( 'NONE', ( #6909, #2876, #1304, #2540 ) ) ;
#5962 = CARTESIAN_POINT ( 'NONE',  ( -0.5096495362158917075, 0.1186803887790921497, -0.2704559272560140282 ) ) ;
#5963 = B_SPLINE_CURVE_WITH_KNOTS ( 'NONE', 3,
 ( #603, #7446, #5589, #7567, #4443, #5053, #1920, #16, #2541, #551, #1189, #1811, #4989, #7501, #3677, #5520, #3718, #617, #4331, #572, #5687, #8033, #1148, #8074, #6140, #5602, #1851, #2430, #489, #2387, #3179, #6221, #6753, #30, #8117, #2476, #6844, #3092 ),
 .UNSPECIFIED., .F., .F.,
 ( 4, 2, 2, 2, 2, 2, 2, 2, 2, 2, 2, 2, 2, 2, 2, 2, 2, 2, 4 ),
 ( 0.000000000000000000, 0.001801300919018775397, 0.002701951378528163420, 0.003602601838037551660, 0.007205203676075098117, 0.01080780551411264674, 0.01170845597362203498, 0.01260910643313142322, 0.01441040735215019797, 0.01531105781165958794, 0.01621170827116897792, 0.01801300919018776134, 0.01981431010920653782, 0.02161561102822531430, 0.02341691194724409425, 0.02521821286626287420, 0.02701951378528165415, 0.02792016424479104239, 0.02882081470430043757 ),
 .UNSPECIFIED. ) ;
#5964 = CARTESIAN_POINT ( 'NONE',  ( 0.4041504250263486253, 0.3264418861617217615, -0.7199590773808179911 ) ) ;
#5965 = CARTESIAN_POINT ( 'NONE',  ( 0.2656249999999998335, 0.4600759957604829697, -0.2499999999999998057 ) ) ;
#5966 = CARTESIAN_POINT ( 'NONE',  ( 0.5200894297410332268, 0.03435846848710423507, -0.3642181810879706050 ) ) ;
#5967 = VERTEX_POINT ( 'NONE', #1082 ) ;
#5968 = EDGE_CURVE ( 'NONE', #598, #523, #8107, .T. ) ;
#5969 = CARTESIAN_POINT ( 'NONE',  ( 0.06439026415113119350, 0.4586214145539682652, -0.8140811011905891847 ) ) ;
#5970 = CARTESIAN_POINT ( 'NONE',  ( -0.01696152491681396021, 0.5246328357954181953, -0.4929315476190538337 ) ) ;
#5971 = CARTESIAN_POINT ( 'NONE',  ( -0.4825567981959197894, -0.2053165798174602930, -0.2532606539696701242 ) ) ;
#5972 = CARTESIAN_POINT ( 'NONE',  ( 0.03149220428959072920, 0.4783376837810713322, -0.2499999999999597267 ) ) ;
#5973 = CARTESIAN_POINT ( 'NONE',  ( 0.01922124112245117769, 0.4649938622854644099, -0.7504650297618629118 ) ) ;
#5974 = CARTESIAN_POINT ( 'NONE',  ( -0.1365929256015594173, 0.4379992381689321035, -0.9519159226190604395 ) ) ;
#5975 = EDGE_CURVE ( 'NONE', #1756, #4064, #7975, .T. ) ;
#5976 = CARTESIAN_POINT ( 'NONE',  ( -0.5030976657763578386, -0.03287422524216794539, -0.9099613360893985536 ) ) ;
#5977 = DIRECTION ( 'NONE',  ( 0.000000000000000000, 1.000000000000000000, 1.047310526070460688E-16 ) ) ;
#5978 = CARTESIAN_POINT ( 'NONE',  ( 0.3551153859163926341, -0.2960959869874267292, -0.8471912202382048118 ) ) ;
#5979 = CARTESIAN_POINT ( 'NONE',  ( -0.3314905434884465874, 0.3427988497876598428, -0.3841145833332855752 ) ) ;
#5980 = CARTESIAN_POINT ( 'NONE',  ( 0.4849912121496352535, -0.1645272722908928398, -0.6544004352834351668 ) ) ;
#5981 = CARTESIAN_POINT ( 'NONE',  ( 0.4147162548550367700, 0.2835918953460104253, -0.9396032995892750206 ) ) ;
#5982 = CARTESIAN_POINT ( 'NONE',  ( 0.01660733199511434804, 0.5134335927980320236, -0.8508184523808483002 ) ) ;
#5983 = CARTESIAN_POINT ( 'NONE',  ( -0.1833539509360936903, 0.4853228103855821152, -0.4144327550282595474 ) ) ;
#5984 = CARTESIAN_POINT ( 'NONE',  ( 0.5312499999999997780, 0.1042433882365815523, -0.005492805232129255831 ) ) ;
#5985 = CARTESIAN_POINT ( 'NONE',  ( 0.1328194760355980164, -0.5014847475345299843, -0.2499999999999998057 ) ) ;
#5986 = CARTESIAN_POINT ( 'NONE',  ( 0.01682151621705961150, -0.5058546492887422419, -0.8210514561531274680 ) ) ;
#5987 = CARTESIAN_POINT ( 'NONE',  ( -0.2567369453495334519, 0.4441559516178356648, -0.6268776647550435843 ) ) ;
#5988 = CARTESIAN_POINT ( 'NONE',  ( 0.4588160579817410212, 0.1430849851357533786, -0.2554873511904739991 ) ) ;
#5989 = CARTESIAN_POINT ( 'NONE',  ( -0.1796742450486582821, -0.4777786920225099987, -0.6826581712357104870 ) ) ;
#5990 = CARTESIAN_POINT ( 'NONE',  ( -0.3303389271623197732, -0.3415965132956999550, -0.4283854166666677954 ) ) ;
#5991 = CARTESIAN_POINT ( 'NONE',  ( -0.4789901986701335379, -0.01979171203804950055, -0.3031063988094392370 ) ) ;
#5992 = VERTEX_POINT ( 'NONE', #1041 ) ;
#5993 = CARTESIAN_POINT ( 'NONE',  ( 0.2101254428862386336, -0.4841820740539122814, -0.4551711309523614468 ) ) ;
#5994 = AXIS2_PLACEMENT_3D ( 'NONE', #2859, #6529, #5330 ) ;
#5995 = CARTESIAN_POINT ( 'NONE',  ( 0.3741838904394277354, 0.2873532507781441092, -0.5372023809523031046 ) ) ;
#5996 = CARTESIAN_POINT ( 'NONE',  ( 0.2181910150788342329, 0.4159531623017031499, -0.6037016369047444320 ) ) ;
#5997 = PERSON_AND_ORGANIZATION ( #4768, #5354 ) ;
#5998 = CARTESIAN_POINT ( 'NONE',  ( -0.4215327827102156588, 0.2034041356154410451, -0.6658296130952785497 ) ) ;
#5999 = CARTESIAN_POINT ( 'NONE',  ( 0.1341349443613534531, 0.4548850585095686738, -0.4675409226191025724 ) ) ;
#6000 = ORIENTED_EDGE ( 'NONE', *, *, #2750, .T. ) ;
#6001 = CARTESIAN_POINT ( 'NONE',  ( -0.1382012522403566479, -0.4431296003153568086, -0.7802269345238224130 ) ) ;
#6002 = AXIS2_PLACEMENT_3D ( 'NONE', #2655, #1073, #334 ) ;
#6003 = DIRECTION ( 'NONE',  ( 0.000000000000000000, 0.000000000000000000, -1.000000000000000000 ) ) ;
#6004 = CARTESIAN_POINT ( 'NONE',  ( 0.2814148639958846676, 0.4368358541328621891, -0.7163318452381451928 ) ) ;
#6005 = CONICAL_SURFACE ( 'NONE', #7727, 0.5312500000000000000, 1.047197551196600074 ) ;
#6006 = FACE_OUTER_BOUND ( 'NONE', #685, .T. ) ;
#6007 = CARTESIAN_POINT ( 'NONE',  ( -0.5211662648124055774, 0.01698236627329566609, -0.3296322857984235744 ) ) ;
#6008 = ORIENTED_EDGE ( 'NONE', *, *, #4366, .T. ) ;
#6009 = AXIS2_PLACEMENT_3D ( 'NONE', #6173, #4936, #522 ) ;
#6010 = CARTESIAN_POINT ( 'NONE',  ( -0.1800845295979685012, -0.4253580261380393024, -0.8527715773810723432 ) ) ;
#6011 = CARTESIAN_POINT ( 'NONE',  ( -0.1725760696982993059, -0.4944035318721610173, -0.5328311011905015881 ) ) ;
#6012 = CARTESIAN_POINT ( 'NONE',  ( -0.2396976425634594343, -0.4295789202088540759, -0.9544031386893807589 ) ) ;
#6013 = CARTESIAN_POINT ( 'NONE',  ( -0.4879057453285124413, -0.3317421476093959654, -0.2169987487308233376 ) ) ;
#6014 = CARTESIAN_POINT ( 'NONE',  ( -0.3013979122207228745, 0.3549585357555264387, -0.7420014880951967262 ) ) ;
#6015 = CARTESIAN_POINT ( 'NONE',  ( 0.1146522682874265703, -0.4430744515490599444, -0.9881882440476172924 ) ) ;
#6016 = FACE_OUTER_BOUND ( 'NONE', #3986, .T. ) ;
#6017 = CARTESIAN_POINT ( 'NONE',  ( -0.07636626245132198398, 0.4614244283322470053, -0.6767113095239183362 ) ) ;
#6018 = CARTESIAN_POINT ( 'NONE',  ( 0.4553875700993446074, 0.1465145116517972690, -0.3357514880952724434 ) ) ;
#6019 = CARTESIAN_POINT ( 'NONE',  ( 0.5070552330882382996, -0.06649445631105790899, -0.6521729372096234378 ) ) ;
#6020 = CARTESIAN_POINT ( 'NONE',  ( -0.1120010306167567582, 0.4902005156135758046, -0.9260178998551120699 ) ) ;
#6021 = CARTESIAN_POINT ( 'NONE',  ( 0.2228282535468462111, -0.4618063360891183633, -0.8810453869046773745 ) ) ;
#6022 = DIRECTION ( 'NONE',  ( -1.000000000000000000, 0.000000000000000000, 0.000000000000000000 ) ) ;
#6023 = CARTESIAN_POINT ( 'NONE',  ( -3.506341393428205978E-18, -4.928547240401258206E-20, 0.004529409175434023077 ) ) ;
#6024 = CARTESIAN_POINT ( 'NONE',  ( -0.3078242984609830257, 0.3343705486231121626, -1.098679315476132956 ) ) ;
#6025 = CARTESIAN_POINT ( 'NONE',  ( -0.3851462230889955429, -0.3381105235778810725, -0.6168028787156443205 ) ) ;
#6026 = EDGE_CURVE ( 'NONE', #180, #1756, #3809, .T. ) ;
#6027 = DIRECTION ( 'NONE',  ( -1.000000000000000000, 0.000000000000000000, 0.000000000000000000 ) ) ;
#6028 = CARTESIAN_POINT ( 'NONE',  ( -0.2691804543734828692, 0.3689211126622600756, -1.028552827380864398 ) ) ;
#6029 = CARTESIAN_POINT ( 'NONE',  ( -0.3834151161784344897, -0.3367096114751734759, -0.6882287173885396347 ) ) ;
#6030 = CARTESIAN_POINT ( 'NONE',  ( 0.1854196372749846167, -0.4379802286808009426, -0.4150855654762163893 ) ) ;
#6031 = CARTESIAN_POINT ( 'NONE',  ( 0.1316262716780477737, -0.4616432620315485957, -0.2825520833333942661 ) ) ;
#6032 = CARTESIAN_POINT ( 'NONE',  ( 0.1756783184802971076, 0.5120067365485970745, -0.2454778260505931509 ) ) ;
#6033 = ORIENTED_EDGE ( 'NONE', *, *, #6779, .T. ) ;
#6034 = CARTESIAN_POINT ( 'NONE',  ( -0.5252576529323691457, -0.08209348193012630523, -0.3330543154762010682 ) ) ;
#6035 = CARTESIAN_POINT ( 'NONE',  ( -0.06595092082044769211, 0.4697952019084157826, -0.4537760416666492547 ) ) ;
#6036 = CARTESIAN_POINT ( 'NONE',  ( -0.4415727033008668423, 0.1618890920731006489, -0.5843563988095786810 ) ) ;
#6037 = CARTESIAN_POINT ( 'NONE',  ( 0.3330384970165629066, 0.3278888235251217753, -0.6875930059524351101 ) ) ;
#6038 = CARTESIAN_POINT ( 'NONE',  ( 0.4638838016874116121, -0.09603540130223243987, -0.4844680059523532312 ) ) ;
#6039 = VERTEX_POINT ( 'NONE', #2982 ) ;
#6040 = CARTESIAN_POINT ( 'NONE',  ( 0.007777584104154131213, -0.4642288076700952781, -0.7765997023807912347 ) ) ;
#6041 = CARTESIAN_POINT ( 'NONE',  ( 0.2757372539107837972, 0.4439542637999755459, -0.2920309231465678668 ) ) ;
#6042 = CARTESIAN_POINT ( 'NONE',  ( -0.2476221766006990455, 0.4547283497174219313, -0.7755766369048039399 ) ) ;
#6043 = DIRECTION ( 'NONE',  ( -0.5000000000000001110, 0.8660254037844385966, 0.000000000000000000 ) ) ;
#6044 = CARTESIAN_POINT ( 'NONE',  ( 0.2746897148440313186, 0.4423593692094008323, -0.3534291794080886562 ) ) ;
#6045 = ORIENTED_EDGE ( 'NONE', *, *, #3462, .T. ) ;
#6046 = CARTESIAN_POINT ( 'NONE',  ( -0.08274107977725615737, 0.4557837520811839904, -0.8104538690477125495 ) ) ;
#6047 = CARTESIAN_POINT ( 'NONE',  ( 0.4142707764842665230, 0.3181383768722111371, -0.5751488095237826670 ) ) ;
#6048 = CARTESIAN_POINT ( 'NONE',  ( -0.4839749502361820332, 2.646477743862255079E-15, -0.9621927656160642606 ) ) ;
#6049 = CARTESIAN_POINT ( 'NONE',  ( 0.2116387354383913733, 0.4299550039798248346, -0.2499999999999997502 ) ) ;
#6050 = CARTESIAN_POINT ( 'NONE',  ( -0.3089398539588543158, -0.3462343894287071566, -0.7939918154760228219 ) ) ;
#6051 = CARTESIAN_POINT ( 'NONE',  ( -0.1398358255706859954, 0.4346298733029066441, -1.023251488095392459 ) ) ;
#6052 = DIRECTION ( 'NONE',  ( 1.000000000000000000, 0.000000000000000000, 0.000000000000000000 ) ) ;
#6053 = CARTESIAN_POINT ( 'NONE',  ( -0.04957590674235706069, -0.4660940845286867806, -0.6440662202380844636 ) ) ;
#6054 = CARTESIAN_POINT ( 'NONE',  ( 0.2721389975873449996, -0.3928743757143545734, -0.3502604166667042662 ) ) ;
#6055 = CARTESIAN_POINT ( 'NONE',  ( 0.03380307573744241456, 0.5180874381748484803, -0.4293141533184892666 ) ) ;
#6056 = CARTESIAN_POINT ( 'NONE',  ( 0.4998049423352614595, -0.05690857008088058555, -0.9376888009168293792 ) ) ;
#6057 = CARTESIAN_POINT ( 'NONE',  ( -0.4413888435051923076, -0.2599058313156283884, -0.8979724702381107759 ) ) ;
#6058 = CARTESIAN_POINT ( 'NONE',  ( 0.5013058344657184140, 0.1346106898464642099, -0.4334172126577052198 ) ) ;
#6059 = DIRECTION ( 'NONE',  ( -0.000000000000000000, -1.047310526070460688E-16, 1.000000000000000000 ) ) ;
#6060 = CARTESIAN_POINT ( 'NONE',  ( -0.4466542141121939147, 0.08524080053939217527, -1.091424851190381684 ) ) ;
#6061 = CARTESIAN_POINT ( 'NONE',  ( 0.4073467463688201784, -0.3120408303534634720, -0.5967153188028450073 ) ) ;
#6062 = B_SPLINE_CURVE_WITH_KNOTS ( 'NONE', 3,
 ( #7344, #6639, #5408, #2310, #4170, #2929, #6721, #454, #2892, #4871, #7916, #6061, #1114, #1074, #4912, #4788, #2974, #7294, #2268, #3643, #542, #6681, #1034, #1607, #5490, #1689, #3522, #3559, #7955, #5570, #5444, #1771, #7426, #6762, #8002, #991, #3686, #6025, #3600, #4830, #2356, #7384, #1730, #4253, #6149, #498, #3019, #5529, #8043, #2398, #4297 ),
 .UNSPECIFIED., .F., .F.,
 ( 4, 2, 1, 2, 2, 2, 2, 2, 2, 2, 2, 2, 2, 2, 2, 2, 2, 2, 2, 2, 2, 2, 2, 2, 2, 4 ),
 ( 0.3938470598806506073, 0.3951278042269391610, 0.3964085485732276593, 0.3976892929195162130, 0.3989700372658047112, 0.4015315259583818186, 0.4028122703046703168, 0.4040930146509588705, 0.4066545033435359224, 0.4079352476898244206, 0.4092159920361129744, 0.4117774807286900263, 0.4143389694212670782, 0.4156197137675556319, 0.4169004581138441301, 0.4194619468064212375, 0.4207426911527097357, 0.4220234354989982895, 0.4245849241915753414, 0.4258656685378638396, 0.4271464128841523933, 0.4284271572304408915, 0.4297079015767294452, 0.4322693902693064971, 0.4335501346155949953, 0.4348308789618835490 ),
 .UNSPECIFIED. ) ;
#6063 = LINE ( 'NONE', #376, #342 ) ;
#6064 = CARTESIAN_POINT ( 'NONE',  ( 0.4577315082433036642, -0.01892110272330848816, -0.9826078869047590869 ) ) ;
#6065 = EDGE_CURVE ( 'NONE', #2547, #8027, #7968, .T. ) ;
#6066 = DIRECTION ( 'NONE',  ( -0.000000000000000000, -0.000000000000000000, -1.000000000000000000 ) ) ;
#6067 = CARTESIAN_POINT ( 'NONE',  ( -0.2071805173498974528, 0.4293774126822182402, -0.3788132440476123519 ) ) ;
#6068 = EDGE_CURVE ( 'NONE', #1508, #8068, #5375, .T. ) ;
#6069 = CARTESIAN_POINT ( 'NONE',  ( 0.08533776996982869734, -0.4700870620973846004, -0.3550967261904468542 ) ) ;
#6071 = CARTESIAN_POINT ( 'NONE',  ( 0.4436571488950790676, 0.2764989065724512973, -0.2872051461804242534 ) ) ;
#6070 = CARTESIAN_POINT ( 'NONE',  ( 0.2203703785217646649, 0.4862037636530168183, -0.2500000000000001110 ) ) ;
#6072 = CARTESIAN_POINT ( 'NONE',  ( 0.1667440160116148429, -0.4906384829397544833, -0.4605521616599091428 ) ) ;
#6073 = CARTESIAN_POINT ( 'NONE',  ( 0.1318437917058644104, 0.4928698476905789549, -0.7172513387398485873 ) ) ;
#6074 = CARTESIAN_POINT ( 'NONE',  ( 0.2122424085387746295, 0.4890399959232264449, -0.2859002976191012957 ) ) ;
#6075 = CARTESIAN_POINT ( 'NONE',  ( 0.3500183265479855366, -0.3222408488665015613, -0.4102492559522719628 ) ) ;
#6076 = CARTESIAN_POINT ( 'NONE',  ( 0.4102478122945250050, -0.2366434517353042388, -0.4791666666666752339 ) ) ;
#6077 = PERSON_AND_ORGANIZATION ( #4768, #5354 ) ;
#6078 = CARTESIAN_POINT ( 'NONE',  ( 0.3375737878532880099, 0.3264377623590392075, -0.6162574404761819169 ) ) ;
#6079 = CARTESIAN_POINT ( 'NONE',  ( 0.4684072524251504666, 0.09696369624491714412, -0.3369605654761237412 ) ) ;
#6080 = ORIENTED_EDGE ( 'NONE', *, *, #1790, .T. ) ;
#6081 = CARTESIAN_POINT ( 'NONE',  ( 0.01922124112413655869, 0.4649938622860634307, -0.7415364583333711179 ) ) ;
#6082 = CARTESIAN_POINT ( 'NONE',  ( 0.000000000000000000, 0.000000000000000000, -0.2064999999999996838 ) ) ;
#6083 = CARTESIAN_POINT ( 'NONE',  ( 0.5219778583229888191, -2.573913031530547825E-15, -0.3035654451828613265 ) ) ;
#6084 = CARTESIAN_POINT ( 'NONE',  ( -0.1917225264048041666, 0.4857401286136457941, -0.6341145833333901027 ) ) ;
#6085 = CARTESIAN_POINT ( 'NONE',  ( 0.4100470490533333345, -0.2232996099155920011, -0.6931733630952973124 ) ) ;
#6086 = CARTESIAN_POINT ( 'NONE',  ( -0.2609078679911278620, -0.4525311082498991166, -0.3273755966332493883 ) ) ;
#6087 = CARTESIAN_POINT ( 'NONE',  ( -0.3928217662855824632, 0.3438527598832739063, -0.3374302142833827678 ) ) ;
#6088 = ORIENTED_EDGE ( 'NONE', *, *, #3828, .T. ) ;
#6089 = CARTESIAN_POINT ( 'NONE',  ( 0.007777584117391206711, -0.4642288076784671924, -0.7765997023810522482 ) ) ;
#6090 = CARTESIAN_POINT ( 'NONE',  ( -0.3666264333695297695, 0.3791327411755370247, -0.4131324404761395619 ) ) ;
#6091 = CARTESIAN_POINT ( 'NONE',  ( -0.4991516759939298442, -0.08258307184714704097, -0.8273931985703733005 ) ) ;
#6092 = CARTESIAN_POINT ( 'NONE',  ( 0.4466081268233637047, -0.2572428768094744411, -0.5237990086283659252 ) ) ;
#6093 = CARTESIAN_POINT ( 'NONE',  ( -0.5049308610146512333, -0.06626679472993834974, -1.047619047619142485 ) ) ;
#6094 = CARTESIAN_POINT ( 'NONE',  ( -0.4658933036791685356, 0.007813448668348236745, -0.7323288690476282836 ) ) ;
#6095 = CARTESIAN_POINT ( 'NONE',  ( 0.2079594579731185722, -0.4052683955408948324, -1.057105654762083402 ) ) ;
#6096 = CARTESIAN_POINT ( 'NONE',  ( 0.5002943035887735812, 0.000000000000000000, -0.9999999999999998890 ) ) ;
#6097 = CARTESIAN_POINT ( 'NONE',  ( 0.3176703582292231265, -0.3450655280340148567, -0.6343936011904238725 ) ) ;
#6098 = CARTESIAN_POINT ( 'NONE',  ( 0.3865361488693651038, 0.2820333654704741400, -0.3321242559523182036 ) ) ;
#6099 = CARTESIAN_POINT ( 'NONE',  ( 0.4285874858278438948, -0.1615080885964449153, -0.9773065476191176160 ) ) ;
#6100 = FACE_OUTER_BOUND ( 'NONE', #967, .T. ) ;
#6101 = CARTESIAN_POINT ( 'NONE',  ( 0.2174919675706812605, -0.4692725059781488461, -0.7383742559525473537 ) ) ;
#6102 = DIRECTION ( 'NONE',  ( 0.000000000000000000, 1.000000000000000000, 1.047310526070460564E-16 ) ) ;
#6103 = CARTESIAN_POINT ( 'NONE',  ( 0.03446669084288973145, -0.5194943983626059136, -0.3820696355264748267 ) ) ;
#6104 = CARTESIAN_POINT ( 'NONE',  ( 0.4897051463198917598, -0.08630727948998247190, -0.2499999999999996947 ) ) ;
#6105 = CARTESIAN_POINT ( 'NONE',  ( 0.5312500000000001110, -0.05186524070569679956, 1.734083199103291408E-18 ) ) ;
#6106 = LINE ( 'NONE', #1821, #1396 ) ;
#6107 = CARTESIAN_POINT ( 'NONE',  ( -0.1398358255805988437, 0.4346298732952248445, -1.032180059523810645 ) ) ;
#6108 = CARTESIAN_POINT ( 'NONE',  ( -0.3545860924746627174, -0.3792777673972635433, -0.4013974137812699738 ) ) ;
#6109 = CARTESIAN_POINT ( 'NONE',  ( 0.3139281594260296404, 0.3582481795267158931, -0.3921130952380307844 ) ) ;
#6110 = CARTESIAN_POINT ( 'NONE',  ( 0.4785731755857247638, 0.04337332645651805624, -0.2668340773809668720 ) ) ;
#6112 = CARTESIAN_POINT ( 'NONE',  ( 0.2612043242205157045, 0.4530346188235420679, -0.2816343749799136154 ) ) ;
#6111 = CARTESIAN_POINT ( 'NONE',  ( -0.06739358270254502958, 0.5081001837944357780, -0.6413499693466728768 ) ) ;
#6113 = CARTESIAN_POINT ( 'NONE',  ( 0.3156393493003781803, -0.4111067039022806013, -0.4568316199766844776 ) ) ;
#6114 = CARTESIAN_POINT ( 'NONE',  ( -0.4933653550677793986, 0.1320531864710707270, -0.6993935871281170558 ) ) ;
#6115 = CARTESIAN_POINT ( 'NONE',  ( -0.5333756293048811381, -0.02203935195542890135, -0.2629278273809415589 ) ) ;
#6116 = CARTESIAN_POINT ( 'NONE',  ( 0.4651851351706753346, -0.1006683850498965721, -0.4042038690476714158 ) ) ;
#6117 = CARTESIAN_POINT ( 'NONE',  ( 0.2699893759577695063, 0.3897571389956788201, -0.4622395833333050597 ) ) ;
#6118 = EDGE_CURVE ( 'NONE', #4064, #2547, #4949, .T. ) ;
#6119 = CARTESIAN_POINT ( 'NONE',  ( 0.2354255415026151044, -0.4081523242398483742, -0.5654761904761886893 ) ) ;
#6120 = CARTESIAN_POINT ( 'NONE',  ( 0.1802575699698116263, -0.4449543186915685955, -0.2813430059523462368 ) ) ;
#6121 = VERTEX_POINT ( 'NONE', #5620 ) ;
#6122 = CARTESIAN_POINT ( 'NONE',  ( -0.3790481608689537651, -0.2713887279212149339, -0.7161458333333809989 ) ) ;
#6123 = CIRCLE ( 'NONE', #857, 0.3125000000000000000 ) ;
#6124 = VECTOR ( 'NONE', #3145, 39.37007874015748854 ) ;
#6125 = CARTESIAN_POINT ( 'NONE',  ( 0.2578799220567526973, 0.4472498195341157445, -0.4959216384983057280 ) ) ;
#6126 = CARTESIAN_POINT ( 'NONE',  ( 0.2664482510543101368, 0.4291357870997858925, -0.8534262566258157268 ) ) ;
#6127 = CARTESIAN_POINT ( 'NONE',  ( -0.4705559805729838674, 0.2270590087165228199, -0.6256510416667391272 ) ) ;
#6128 = CARTESIAN_POINT ( 'NONE',  ( 0.2418817215475669025, -0.3965313689701223110, -0.7705543154761341773 ) ) ;
#6129 = EDGE_CURVE ( 'NONE', #12, #6967, #152, .T. ) ;
#6130 = CARTESIAN_POINT ( 'NONE',  ( -0.2521964531810106935, 0.4355389406888908188, -0.9125776688931004355 ) ) ;
#6131 = CARTESIAN_POINT ( 'NONE',  ( -0.3055571189942727917, 0.3424551926093972742, -0.9560081845237293763 ) ) ;
#6132 = CIRCLE ( 'NONE', #5081, 0.3970717995527426325 ) ;
#6133 = CARTESIAN_POINT ( 'NONE',  ( -0.4336890629132373887, 0.2895817551626155839, -0.3459822324084573797 ) ) ;
#6134 = ORIENTED_EDGE ( 'NONE', *, *, #5826, .T. ) ;
#6135 = CARTESIAN_POINT ( 'NONE',  ( 0.4798621086868763430, 0.2171879864777523927, -0.4348958333333344251 ) ) ;
#6136 = CARTESIAN_POINT ( 'NONE',  ( 0.03332880030285961803, -0.5053655359319990659, -0.8106499287146162747 ) ) ;
#6137 = CARTESIAN_POINT ( 'NONE',  ( -0.5020058737483965583, 0.06598216965304128101, -0.8407603046265735847 ) ) ;
#6138 = CARTESIAN_POINT ( 'NONE',  ( -0.4367947490540522448, -0.2664426118634553586, -0.9714471726189486400 ) ) ;
#6139 = CARTESIAN_POINT ( 'NONE',  ( -0.3039417934716756031, 0.3468638396072042940, -0.8757440476189445322 ) ) ;
#6140 = CARTESIAN_POINT ( 'NONE',  ( -0.5091066657696032838, 0.02146880061659962521, -0.2499999999999997224 ) ) ;
#6141 = CARTESIAN_POINT ( 'NONE',  ( 0.2809511090566739755, -0.3727272453421593412, -0.7069382440475362461 ) ) ;
#6142 = CARTESIAN_POINT ( 'NONE',  ( -0.2494521050575366494, 0.4089417183186477844, -0.3151971726190280765 ) ) ;
#6143 = CARTESIAN_POINT ( 'NONE',  ( 0.4406733887382454640, 0.1256470377521229642, -0.9700520833334345117 ) ) ;
#6144 = CARTESIAN_POINT ( 'NONE',  ( 0.4279239067862153911, -0.1568853104009253763, -1.048642113095259454 ) ) ;
#6145 = CARTESIAN_POINT ( 'NONE',  ( 0.4261124996494874417, -0.2895463008799898375, -0.8036644345237425879 ) ) ;
#6146 = CARTESIAN_POINT ( 'NONE',  ( 0.000000000000000000, 0.6134346610139772560, -0.2499999999999998057 ) ) ;
#6147 = CARTESIAN_POINT ( 'NONE',  ( 0.000000000000000000, 0.000000000000000000, 0.4759999999999999787 ) ) ;
#6148 = CARTESIAN_POINT ( 'NONE',  ( 0.3749492186075663036, 0.2597222521680582208, -1.046688988095287653 ) ) ;
#6149 = CARTESIAN_POINT ( 'NONE',  ( -0.4859461541789283912, -0.1650076601907352891, -0.6212781899308681410 ) ) ;
#6150 = CARTESIAN_POINT ( 'NONE',  ( 0.5002943035887735812, 0.000000000000000000, -0.9999999999999998890 ) ) ;
#6151 = CARTESIAN_POINT ( 'NONE',  ( -0.4452016403775730380, -0.1036154195175419263, -1.015252976190615497 ) ) ;
#6152 = DIRECTION ( 'NONE',  ( -1.000000000000000000, 0.000000000000000000, 0.000000000000000000 ) ) ;
#6153 = CARTESIAN_POINT ( 'NONE',  ( -0.1202178361418311664, -0.4645500700886031620, -0.2796688988095512585 ) ) ;
#6154 = CARTESIAN_POINT ( 'NONE',  ( 0.1311478901785428086, -0.4886872767155532871, -1.097470238095393125 ) ) ;
#6156 = CARTESIAN_POINT ( 'NONE',  ( -0.5199862312226245509, 0.06839227591858358657, -0.2593147958913573081 ) ) ;
#6155 = CARTESIAN_POINT ( 'NONE',  ( 0.5086343084523535785, 5.309239862874243111E-13, -0.7321348992112003407 ) ) ;
#6157 = CARTESIAN_POINT ( 'NONE',  ( -0.5164180857347874243, 3.173639036389655606E-15, -0.4821347708681377742 ) ) ;
#6158 = CARTESIAN_POINT ( 'NONE',  ( -0.06676731585587378226, 0.5051156543449629721, -0.7127900862141859362 ) ) ;
#6159 = CARTESIAN_POINT ( 'NONE',  ( -0.5243861229813414626, 0.08679511533810610469, -0.3366815476190257450 ) ) ;
#6160 = CARTESIAN_POINT ( 'NONE',  ( 0.1905723301367895084, 0.4391076952329841521, -0.3171502976191012957 ) ) ;
#6161 = CARTESIAN_POINT ( 'NONE',  ( -0.1665202575237387517, 0.4419110072675986323, -0.5226934523809600996 ) ) ;
#6162 = CARTESIAN_POINT ( 'NONE',  ( -0.1932320937509468539, -0.4269149448483364750, -0.6476934523809303457 ) ) ;
#6163 = CARTESIAN_POINT ( 'NONE',  ( -0.4706848312202449591, 0.07790702144308203625, -0.3768601190477311458 ) ) ;
#6164 = ORIENTED_EDGE ( 'NONE', *, *, #2445, .T. ) ;
#6165 = CARTESIAN_POINT ( 'NONE',  ( 0.4189803361138522697, 0.2068213108599386008, -0.6822916666666446472 ) ) ;
#6166 = CARTESIAN_POINT ( 'NONE',  ( 0.3825551555677157434, -0.2791384679911698696, -0.4893043154761251845 ) ) ;
#6167 = CARTESIAN_POINT ( 'NONE',  ( 0.03312243879032646110, 0.5153658903336301167, -0.4906963421055665076 ) ) ;
#6168 = FACE_OUTER_BOUND ( 'NONE', #63, .T. ) ;
#6169 = CARTESIAN_POINT ( 'NONE',  ( -0.2602088319689179752, -0.4511018202209766126, -0.6800595238095324957 ) ) ;
#6170 = CARTESIAN_POINT ( 'NONE',  ( -0.4537548551307331035, 0.1056143331058633089, -0.7258184523809442235 ) ) ;
#6171 = DIRECTION ( 'NONE',  ( -0.000000000000000000, -0.000000000000000000, -1.000000000000000000 ) ) ;
#6172 = CARTESIAN_POINT ( 'NONE',  ( -0.4562669222049430262, -0.05266942886852876010, -0.9451264880950882574 ) ) ;
#6173 = CARTESIAN_POINT ( 'NONE',  ( 0.000000000000000000, 0.000000000000000000, -0.9999999999999998890 ) ) ;
#6174 = ADVANCED_FACE ( 'NONE', ( #4638, #7762 ), #6359, .T. ) ;
#6175 = VERTEX_POINT ( 'NONE', #7102 ) ;
#6176 = ADVANCED_FACE ( 'NONE', ( #5823 ), #7844, .T. ) ;
#6177 = CARTESIAN_POINT ( 'NONE',  ( -0.4654779307202005501, -0.2441600369644853774, -0.4699590773809529387 ) ) ;
#6178 = CARTESIAN_POINT ( 'NONE',  ( 0.4022337389553230502, -0.3082445612363204912, -0.8009807472311820664 ) ) ;
#6179 = CARTESIAN_POINT ( 'NONE',  ( -0.3754282004472574985, -4.528468093915398346E-17, 1.185470590824565962 ) ) ;
#6180 = CARTESIAN_POINT ( 'NONE',  ( 0.2800180789288675420, -0.4262280201758605891, -1.024646577380857515 ) ) ;
#6181 = CARTESIAN_POINT ( 'NONE',  ( -0.1800845296084541414, -0.4253580261360890291, -0.8527715773809501076 ) ) ;
#6182 = DIRECTION ( 'NONE',  ( 0.03112001302225914090, 0.000000000000000000, 0.9995156550997559286 ) ) ;
#6183 = CARTESIAN_POINT ( 'NONE',  ( -0.09913107963140573020, -0.4580810123314844051, -0.6452752976190695433 ) ) ;
#6184 = CARTESIAN_POINT ( 'NONE',  ( 0.03157812432324470092, -0.4789268479248011134, -0.2849702380952994774 ) ) ;
#6185 = CARTESIAN_POINT ( 'NONE',  ( 0.2203703785217648592, -0.4862037636530167073, 3.300093718908880302E-16 ) ) ;
#6186 = CARTESIAN_POINT ( 'NONE',  ( 0.05234728419630894219, 0.4534070148419146462, -1.028087797618989274 ) ) ;
#6187 = CARTESIAN_POINT ( 'NONE',  ( -0.1937774398972177958, 0.4783264603549444716, -0.7746465773808698385 ) ) ;
#6188 = CARTESIAN_POINT ( 'NONE',  ( -0.5002943035887735812, 6.126838175216457331E-17, -0.9999999999999998890 ) ) ;
#6189 = CARTESIAN_POINT ( 'NONE',  ( 0.3817679454356210367, 0.3352208936004465456, -0.7853485932465005259 ) ) ;
#6190 = CARTESIAN_POINT ( 'NONE',  ( 0.1180467294211484941, -0.4398708654574441934, -1.068452380952535696 ) ) ;
#6191 = DIRECTION ( 'NONE',  ( 0.000000000000000000, 0.000000000000000000, -1.000000000000000000 ) ) ;
#6192 = DIRECTION ( 'NONE',  ( 0.000000000000000000, -1.000000000000000000, -9.106159978880874930E-17 ) ) ;
#6193 = CARTESIAN_POINT ( 'NONE',  ( -0.3408109196218231940, 0.3041006552056103041, -1.026134672619135602 ) ) ;
#6194 = CARTESIAN_POINT ( 'NONE',  ( 0.4671020495784508064, -0.2300969206905387754, -0.3801951504131951820 ) ) ;
#6195 = CARTESIAN_POINT ( 'NONE',  ( 0.2698557459202740594, -0.3971484657222514869, -0.2699962797618800647 ) ) ;
#6196 = CARTESIAN_POINT ( 'NONE',  ( -0.4228139107004055264, 0.2302519275962814083, -0.2378162202381872425 ) ) ;
#6198 = CARTESIAN_POINT ( 'NONE',  ( 0.5223013121326468555, 0.01704777121161020481, -0.2931767237442415852 ) ) ;
#6197 = CARTESIAN_POINT ( 'NONE',  ( -0.5010349243643738015, -0.08294541964044674365, -0.7659884797956015845 ) ) ;
#6199 = CARTESIAN_POINT ( 'NONE',  ( 0.1627808389797337218, 0.4802914071069555035, -0.7894247384444691429 ) ) ;
#6200 = VERTEX_POINT ( 'NONE', #3234 ) ;
#6201 = CARTESIAN_POINT ( 'NONE',  ( 0.04318636341370239717, 0.5292323741098678980, -0.3536086309523280291 ) ) ;
#6202 = CARTESIAN_POINT ( 'NONE',  ( 0.1857519987122907834, 0.4387448581456890317, -0.3884858630953070824 ) ) ;
#6203 = CARTESIAN_POINT ( 'NONE',  ( -0.2511398023964176440, -0.4034996199283802376, -0.4259672619047555342 ) ) ;
#6204 = CARTESIAN_POINT ( 'NONE',  ( 0.1905723301444394446, 0.4391076952193244121, -0.3260788690476228435 ) ) ;
#6205 = EDGE_LOOP ( 'NONE', ( #5138, #4771, #2670, #4983 ) ) ;
#6206 = CARTESIAN_POINT ( 'NONE',  ( -0.1932320937595662091, -0.4269149448374625622, -0.6387648809524123505 ) ) ;
#6207 = CARTESIAN_POINT ( 'NONE',  ( 0.09549023180078031192, -0.4612896143381797764, -0.5691034226190357925 ) ) ;
#6208 = CARTESIAN_POINT ( 'NONE',  ( -0.3108115456401589483, 0.4339875314713879662, -0.001121523912337097934 ) ) ;
#6209 = CARTESIAN_POINT ( 'NONE',  ( 0.3750000000000000555, 4.730198261706652690E-17, 0.4759999999999999787 ) ) ;
#6210 = CARTESIAN_POINT ( 'NONE',  ( -0.3541848043506929944, -0.3847164650716590195, -0.6111421130951941727 ) ) ;
#6211 = CARTESIAN_POINT ( 'NONE',  ( 0.1640711463331450959, 0.4353891477146689670, -0.7451636904761405056 ) ) ;
#6212 = CARTESIAN_POINT ( 'NONE',  ( 0.4894698844284972594, 0.1142301381993113679, -0.9337912420295730875 ) ) ;
#6213 = CARTESIAN_POINT ( 'NONE',  ( -0.04140495535183613685, 0.4568565381997321539, -0.9632626488095197281 ) ) ;
#6214 = CARTESIAN_POINT ( 'NONE',  ( -0.5208657735350371576, 1.155029600233740671E-12, -0.3392834943546642612 ) ) ;
#6215 = ORIENTED_EDGE ( 'NONE', *, *, #5371, .F. ) ;
#6216 = CARTESIAN_POINT ( 'NONE',  ( 0.3872035527535658828, -0.3564744781382376826, -0.4481956845237234366 ) ) ;
#6217 = CARTESIAN_POINT ( 'NONE',  ( -0.4927349991987779454, -0.1149251524586622081, -0.8266560884535900655 ) ) ;
#6218 = CARTESIAN_POINT ( 'NONE',  ( -0.3800596675822231485, 0.3330148181142258967, -0.8474610151367966138 ) ) ;
#6219 = CARTESIAN_POINT ( 'NONE',  ( 0.3985492775033261936, -0.3219278711730063636, -0.9496837797618316035 ) ) ;
#6220 = CARTESIAN_POINT ( 'NONE',  ( 0.4563428359850354998, -0.07553327964777170611, -0.8322172619047235598 ) ) ;
#6221 = CARTESIAN_POINT ( 'NONE',  ( -0.4649558707624296683, -0.2320649711638329560, -0.2499999999999998335 ) ) ;
#6222 = CARTESIAN_POINT ( 'NONE',  ( -0.1665202575237387517, 0.4419110072675986323, -0.5316220238095314965 ) ) ;
#6223 = EDGE_CURVE ( 'NONE', #3909, #598, #1451, .T. ) ;
#6224 = CARTESIAN_POINT ( 'NONE',  ( -0.1202178361294149872, -0.4645500700916267434, -0.2885974702380650903 ) ) ;
#6225 = VERTEX_POINT ( 'NONE', #2077 ) ;
#6226 = LINE ( 'NONE', #4206, #7069 ) ;
#6227 = CARTESIAN_POINT ( 'NONE',  ( 0.3570247645421522620, -0.2831283719196869830, -1.052269345238096676 ) ) ;
#6228 = CARTESIAN_POINT ( 'NONE',  ( 0.02130833533251875675, 0.5154946193003555610, -0.7794828869047203401 ) ) ;
#6229 = LINE ( 'NONE', #2353, #2443 ) ;
#6230 = CARTESIAN_POINT ( 'NONE',  ( -0.06680089735931500627, 0.5031816815626680706, -0.7741828717452435837 ) ) ;
#6231 = CARTESIAN_POINT ( 'NONE',  ( 0.4086563819427248001, -0.2017338666968846450, -1.058779761904955707 ) ) ;
#6232 = CARTESIAN_POINT ( 'NONE',  ( 0.3902895957641264180, -0.3416582262623715227, -0.4445763719731208319 ) ) ;
#6233 = CARTESIAN_POINT ( 'NONE',  ( 0.06392986415244625298, -0.4553992716715522526, -0.9269903273808977051 ) ) ;
#6234 = CARTESIAN_POINT ( 'NONE',  ( 0.2825229589903702210, -0.3582744735817410264, -0.9909341662269308681 ) ) ;
#6235 = CARTESIAN_POINT ( 'NONE',  ( 0.2721389975808090611, -0.3928743757263185032, -0.3413318452380916246 ) ) ;
#6236 = CARTESIAN_POINT ( 'NONE',  ( 0.2310352362884322275, -0.4502371722196790160, -1.095052083333178716 ) ) ;
#6238 = CARTESIAN_POINT ( 'NONE',  ( 0.1677186521332040270, 0.4962815500270891800, -0.2793898117278083570 ) ) ;
#6237 = CARTESIAN_POINT ( 'NONE',  ( 0.4571588557152450050, -0.2250550389122563388, -0.7373428157146090234 ) ) ;
#6239 = CARTESIAN_POINT ( 'NONE',  ( 0.1784864659519519725, 0.4746606692562832519, -0.7897955876513739204 ) ) ;
#6240 = CARTESIAN_POINT ( 'NONE',  ( -0.4037306357809774537, -0.3102141140808787889, -0.7503847179586835558 ) ) ;
#6241 = CARTESIAN_POINT ( 'NONE',  ( -0.3078242984622653333, 0.3343705486238730540, -1.089750744047565556 ) ) ;
#6242 = CARTESIAN_POINT ( 'NONE',  ( 0.2315905879934164746, 0.4163289276196426303, -0.3896949404762551916 ) ) ;
#6243 = CARTESIAN_POINT ( 'NONE',  ( -0.4722562163371576971, 0.01952137954715696747, -0.5093936011904872663 ) ) ;
#6244 = CARTESIAN_POINT ( 'NONE',  ( -0.2519336454960511840, 0.4047901593248467988, -0.3865327380952860437 ) ) ;
#6245 = ORIENTED_EDGE ( 'NONE', *, *, #579, .T. ) ;
#6246 = CARTESIAN_POINT ( 'NONE',  ( 0.4609336352676369208, -0.08796579758311739994, -0.6182105654762088953 ) ) ;
#6247 = CARTESIAN_POINT ( 'NONE',  ( -0.2968064543359837937, 0.3674609402972612293, -0.5279947916667252494 ) ) ;
#6248 = CARTESIAN_POINT ( 'NONE',  ( 0.01629000545238239867, 0.5161797703715363950, -0.4903281247698785261 ) ) ;
#6249 = DIRECTION ( 'NONE',  ( -1.000000000000000000, 0.000000000000000000, 0.000000000000000000 ) ) ;
#6250 = CARTESIAN_POINT ( 'NONE',  ( 0.1353032034752597590, 0.5041397260978759398, -0.6413690476190267997 ) ) ;
#6251 = CARTESIAN_POINT ( 'NONE',  ( -0.1276401157283501564, 0.4476633464980737109, -0.7379092261905388916 ) ) ;
#6252 = CARTESIAN_POINT ( 'NONE',  ( -0.3071070488014054911, 0.3997871855142654529, -0.9110892290566338092 ) ) ;
#6253 = CARTESIAN_POINT ( 'NONE',  ( -0.4370771897642651838, 0.1406316021005212524, -0.9499627976190209155 ) ) ;
#6254 = CARTESIAN_POINT ( 'NONE',  ( 0.2597703827439978852, 0.4509333194800576039, -0.3630784710167715423 ) ) ;
#6255 = ORIENTED_EDGE ( 'NONE', *, *, #7132, .F. ) ;
#6256 = CARTESIAN_POINT ( 'NONE',  ( -0.06844880470712041975, -0.5214948525969007598, -0.4590773809523800431 ) ) ;
#6257 = CARTESIAN_POINT ( 'NONE',  ( -0.1146472148403602787, -0.4932109123629196401, -0.8139928440027883738 ) ) ;
#6258 = CARTESIAN_POINT ( 'NONE',  ( 0.2521415643532904372, 0.4373514203287588997, -0.8630798527667840059 ) ) ;
#6259 = CARTESIAN_POINT ( 'NONE',  ( 0.05858967449731838223, 0.5074797391497671839, -0.9968377976191638012 ) ) ;
#6260 = CARTESIAN_POINT ( 'NONE',  ( -0.1300234408862440405, -0.4409414930956601641, -0.9228980654760530200 ) ) ;
#6261 = CONICAL_SURFACE ( 'NONE', #330, 0.3975000000000000755, 0.09425767512363275591 ) ;
#6262 = DIRECTION ( 'NONE',  ( 1.000000000000000000, 0.000000000000000000, 0.000000000000000000 ) ) ;
#6263 = CARTESIAN_POINT ( 'NONE',  ( 0.4100371276894448358, -0.2501296381163313765, -0.2740885416666706820 ) ) ;
#6264 = ORIENTED_EDGE ( 'NONE', *, *, #3867, .T. ) ;
#6265 = CARTESIAN_POINT ( 'NONE',  ( 0.5175299870238869726, -4.225827365199407135E-16, -0.4464226153306207756 ) ) ;
#6266 = CARTESIAN_POINT ( 'NONE',  ( -0.4532473783789178201, 0.03698641744789613051, -1.081287202380970980 ) ) ;
#6267 = AXIS2_PLACEMENT_3D ( 'NONE', #1738, #2096, #1084 ) ;
#6268 = CARTESIAN_POINT ( 'NONE',  ( 0.4643028440464906370, 0.2291943458815045298, -0.7202380952380060819 ) ) ;
#6269 = CARTESIAN_POINT ( 'NONE',  ( 0.000000000000000000, 0.000000000000000000, 0.7139999999999999680 ) ) ;
#6270 = CARTESIAN_POINT ( 'NONE',  ( -0.03377373086182761108, 0.5064482712590807623, -0.7749314571298501209 ) ) ;
#6271 = CARTESIAN_POINT ( 'NONE',  ( -0.4191045781187984764, 0.1818911936803644658, -1.022507440476262852 ) ) ;
#6272 = CARTESIAN_POINT ( 'NONE',  ( 0.2592730896541169394, -0.4481530718703565785, -0.4482964618814730406 ) ) ;
#6273 = CARTESIAN_POINT ( 'NONE',  ( -0.4509768894922938642, 0.09759377420020366733, -0.8774181547618027377 ) ) ;
#6274 = AXIS2_PLACEMENT_3D ( 'NONE', #3021, #543, #1645 ) ;
#6275 = EDGE_CURVE ( 'NONE', #5728, #180, #5955, .T. ) ;
#6276 = CARTESIAN_POINT ( 'NONE',  ( -0.5178387921544856942, -0.03388309623214243171, -0.4099640159512585869 ) ) ;
#6277 = EDGE_CURVE ( 'NONE', #3962, #7240, #2452, .T. ) ;
#6278 = CARTESIAN_POINT ( 'NONE',  ( 0.3817318570652697973, -0.2877486189541708650, -0.3377046130952325864 ) ) ;
#6279 = AXIS2_PLACEMENT_3D ( 'NONE', #6463, #817, #5151 ) ;
#6280 = CARTESIAN_POINT ( 'NONE',  ( 0.09750886576161339747, 0.4710014397693494947, -0.2523251488096318607 ) ) ;
#6282 = CARTESIAN_POINT ( 'NONE',  ( -0.5312500000000001110, 0.3067173305069886280, -0.04744933615967781432 ) ) ;
#6281 = CARTESIAN_POINT ( 'NONE',  ( 0.3825997226053958200, -0.3351780704414326073, -0.7403157541932101626 ) ) ;
#6283 = CARTESIAN_POINT ( 'NONE',  ( 0.4742542788985807389, 0.1787071962934001501, -0.7994757991278079734 ) ) ;
#6284 = EDGE_CURVE ( 'NONE', #1543, #5728, #6397, .T. ) ;
#6285 = CARTESIAN_POINT ( 'NONE',  ( 0.3365230240787565608, -0.3828443868201842903, -0.7317799589782751912 ) ) ;
#6286 = CARTESIAN_POINT ( 'NONE',  ( -0.4738112933462644283, 0.08602197716145758288, -0.2252604166666289931 ) ) ;
#6287 = CARTESIAN_POINT ( 'NONE',  ( -0.3314905434884465874, 0.3427988497876598428, -0.3751860119047141784 ) ) ;
#6288 = CARTESIAN_POINT ( 'NONE',  ( 0.4785731755811885590, 0.04337332646844024170, -0.2668340773809548261 ) ) ;
#6289 = EDGE_LOOP ( 'NONE', ( #575, #32, #6329, #6792, #2622, #1585, #389, #1273, #8162 ) ) ;
#6290 = CARTESIAN_POINT ( 'NONE',  ( 0.3527814831973489773, -0.3091378462326057619, -0.6242559523809514399 ) ) ;
#6291 = CARTESIAN_POINT ( 'NONE',  ( -0.4133083228705186629, -0.2250665013725104135, -0.5836123511904738326 ) ) ;
#6292 = ORIENTED_EDGE ( 'NONE', *, *, #321, .T. ) ;
#6293 = CARTESIAN_POINT ( 'NONE',  ( -0.06637496415866078747, 0.5018195922902790596, -0.8456208874315750412 ) ) ;
#6294 = CARTESIAN_POINT ( 'NONE',  ( -0.2394472054630530644, 0.4666299438087419538, -0.5615699404762141134 ) ) ;
#6295 = CARTESIAN_POINT ( 'NONE',  ( -0.4701808895327664883, 0.01520863171280183689, -0.5807291666666642982 ) ) ;
#6296 = DIRECTION ( 'NONE',  ( -1.000000000000000000, 0.000000000000000000, 0.000000000000000000 ) ) ;
#6297 = CARTESIAN_POINT ( 'NONE',  ( 0.3537823343117866837, 0.2949741378245401835, -0.9028087797619326338 ) ) ;
#6298 = CARTESIAN_POINT ( 'NONE',  ( 0.3433024250593286752, 0.3921188781280053326, -0.3653077405767913288 ) ) ;
#6299 = EDGE_LOOP ( 'NONE', ( #610, #3133, #7152, #4229 ) ) ;
#6300 = CARTESIAN_POINT ( 'NONE',  ( -0.5270461780908466398, -0.07398843322889932239, -0.2595796130952839897 ) ) ;
#6301 = DIRECTION ( 'NONE',  ( 0.000000000000000000, 0.000000000000000000, 1.000000000000000000 ) ) ;
#6302 = CARTESIAN_POINT ( 'NONE',  ( -0.4011104235490826064, 0.3073727141664955864, -0.8467189681798079626 ) ) ;
#6303 = CARTESIAN_POINT ( 'NONE',  ( 0.4300829865143290798, -0.2825602379703556766, -0.8771391369047397690 ) ) ;
#6304 = CARTESIAN_POINT ( 'NONE',  ( -0.3975040157433959442, 0.2340736271007968772, -0.8721168154761439473 ) ) ;
#6305 = CARTESIAN_POINT ( 'NONE',  ( -0.3853507891881081671, -0.3383530204892915560, -0.6067753682142210669 ) ) ;
#6306 = FACE_OUTER_BOUND ( 'NONE', #887, .T. ) ;
#6307 = ORIENTED_EDGE ( 'NONE', *, *, #7385, .T. ) ;
#6308 = CARTESIAN_POINT ( 'NONE',  ( -0.08660329906089153651, -0.4537939246877745747, -0.8503534226190497813 ) ) ;
#6309 = CARTESIAN_POINT ( 'NONE',  ( -0.2960126973207777290, -0.3486041364980528301, -0.9990699404761506086 ) ) ;
#6310 = CARTESIAN_POINT ( 'NONE',  ( 0.5105815575234949888, -0.09744030218415865308, -0.6561569940475635576 ) ) ;
#6311 = CARTESIAN_POINT ( 'NONE',  ( 0.4565360100144693623, -0.05820677405771258750, -0.9861686394296853564 ) ) ;
#6312 = CARTESIAN_POINT ( 'NONE',  ( 0.4611696616048635566, 0.01539228900764938630, -0.9849980542473821821 ) ) ;
#6313 = CARTESIAN_POINT ( 'NONE',  ( 0.4514234494436151213, -0.06337973580127452544, -1.055152529761901548 ) ) ;
#6314 = CARTESIAN_POINT ( 'NONE',  ( 0.4116730003363516244, -0.3155703278244113008, -0.4438298107285253979 ) ) ;
#6315 = CARTESIAN_POINT ( 'NONE',  ( 0.3845905645366509695, -0.2526726737841660797, -0.9173177083332658688 ) ) ;
#6316 = CARTESIAN_POINT ( 'NONE',  ( -0.3868993233429374734, -0.2680000824486824529, -0.5824032738095484829 ) ) ;
#6317 = CARTESIAN_POINT ( 'NONE',  ( 0.3330384970165629066, 0.3278888235251217753, -0.6786644345238637133 ) ) ;
#6318 = CARTESIAN_POINT ( 'NONE',  ( 0.4985121575582101006, 0.03364926264264540140, -0.9476555582940361377 ) ) ;
#6319 = CARTESIAN_POINT ( 'NONE',  ( -0.4944297159416418674, -0.1150731242402794202, -1.044270833333312609 ) ) ;
#6320 = CARTESIAN_POINT ( 'NONE',  ( -0.4599691239120833330, -0.08777362988938260113, -0.6585751488094809813 ) ) ;
#6322 = CARTESIAN_POINT ( 'NONE',  ( -0.3723884786703174354, 0.3485607815927601605, -0.6949547591254052747 ) ) ;
#6321 = CARTESIAN_POINT ( 'NONE',  ( 0.4818363004294990981, -0.1634203177455880174, -0.7358515686807540757 ) ) ;
#6323 = CARTESIAN_POINT ( 'NONE',  ( -0.4641494904460502502, -0.2292780289918179837, -0.4769244183542475368 ) ) ;
#6324 = CARTESIAN_POINT ( 'NONE',  ( -0.3090383483372503570, -0.4037297641060773046, -0.7473992113562146766 ) ) ;
#6325 = CARTESIAN_POINT ( 'NONE',  ( 0.4535456859151760778, -0.1583146137671277709, -0.2627418154761627100 ) ) ;
#6326 = CARTESIAN_POINT ( 'NONE',  ( -0.4441786289814715905, 0.1799519103212117443, -0.2990141369048286424 ) ) ;
#6327 = CARTESIAN_POINT ( 'NONE',  ( 0.5042464213611198565, -0.08326752527840422524, -0.6625688326406872219 ) ) ;
#6328 = EDGE_CURVE ( 'NONE', #5833, #7158, #5469, .T. ) ;
#6329 = ORIENTED_EDGE ( 'NONE', *, *, #4967, .F. ) ;
#6330 = CARTESIAN_POINT ( 'NONE',  ( -0.3684150865126287200, 0.2921609818847281659, -0.5879836309524189009 ) ) ;
#6331 = CARTESIAN_POINT ( 'NONE',  ( 0.4593603078799933237, 0.1069108120409617002, -0.5509672619047908393 ) ) ;
#6332 = EDGE_LOOP ( 'NONE', ( #5839, #1182, #7778, #7535 ) ) ;
#6333 = CARTESIAN_POINT ( 'NONE',  ( -0.4098580479487577422, 0.3310623765485531944, -0.4853980654761692604 ) ) ;
#6334 = CARTESIAN_POINT ( 'NONE',  ( -0.1932320937595662091, -0.4269149448374625622, -0.6387648809524123505 ) ) ;
#6335 = CARTESIAN_POINT ( 'NONE',  ( 0.2442521500827953551, -0.3924482751310047757, -0.8508184523809579902 ) ) ;
#6336 = DIRECTION ( 'NONE',  ( -1.000000000000000000, 0.000000000000000000, 0.000000000000000000 ) ) ;
#6337 = ORIENTED_EDGE ( 'NONE', *, *, #7648, .T. ) ;
#6338 = CARTESIAN_POINT ( 'NONE',  ( 0.5309651357136198069, -0.008904205512221683577, -0.2970610119047116249 ) ) ;
#6339 = CARTESIAN_POINT ( 'NONE',  ( 0.5001249595156268546, -0.08280555484133048094, -0.7954034796544542374 ) ) ;
#6340 = CARTESIAN_POINT ( 'NONE',  ( -0.4979257985468018011, 0.1335304337090770510, -0.5465256164965354158 ) ) ;
#6341 = CARTESIAN_POINT ( 'NONE',  ( -0.2506092834462109176, 0.4505357682447294621, -0.8469122023810552458 ) ) ;
#6342 = CARTESIAN_POINT ( 'NONE',  ( 0.3247598438247162322, 0.3298490796826466509, -0.8213355654762191094 ) ) ;
#6343 = CARTESIAN_POINT ( 'NONE',  ( 0.5133940662308125180, -5.139822602142158165E-13, -0.5792605282830836089 ) ) ;
#6344 = CARTESIAN_POINT ( 'NONE',  ( 0.09750886575441279625, 0.4710014397690005516, -0.2523251488095560324 ) ) ;
#6345 = EDGE_LOOP ( 'NONE', ( #6215, #4413, #3410, #7044 ) ) ;
#6346 = CARTESIAN_POINT ( 'NONE',  ( -0.4589415845247390990, -0.04880718796529261855, -0.8648623511903852368 ) ) ;
#6347 = CARTESIAN_POINT ( 'NONE',  ( 0.4547966271663396731, -0.07108851766283037776, -0.9035528273808999256 ) ) ;
#6348 = CARTESIAN_POINT ( 'NONE',  ( 0.2416695817754931919, 0.4607129581847450028, -0.6416480654761842484 ) ) ;
#6349 = CARTESIAN_POINT ( 'NONE',  ( 0.000000000000000000, -2.492599052047696222E-17, 0.2380000000000000171 ) ) ;
#6350 = CARTESIAN_POINT ( 'NONE',  ( -0.4839749502361820332, 2.646477743862255079E-15, -0.9621927656160642606 ) ) ;
#6351 = CARTESIAN_POINT ( 'NONE',  ( 0.4283486573998979696, 0.1690695009394258264, -0.9064360119047120135 ) ) ;
#6352 = CARTESIAN_POINT ( 'NONE',  ( 0.5178421557854078205, 7.371186427599397289E-15, -0.4363963481838039615 ) ) ;
#6353 = CARTESIAN_POINT ( 'NONE',  ( -0.4592442421773599848, -0.003570348203192806862, -0.9463355654761412827 ) ) ;
#6354 = CARTESIAN_POINT ( 'NONE',  ( 0.1294334710017159829, 0.4539238146915384742, -0.5388764880952818803 ) ) ;
#6355 = CARTESIAN_POINT ( 'NONE',  ( -0.1428578307900459365, -0.4439964220262317407, -0.7088913690475951990 ) ) ;
#6356 = CARTESIAN_POINT ( 'NONE',  ( -0.3894337567297408986, 0.000000000000000000, -0.9999999999999998890 ) ) ;
#6357 = CARTESIAN_POINT ( 'NONE',  ( -0.4414377492477411513, 0.2546344093212924431, -0.9813988095236919618 ) ) ;
#6358 = CARTESIAN_POINT ( 'NONE',  ( 0.3527814831979856902, -0.3091378462309298802, -0.6331845238094676587 ) ) ;
#6360 = CARTESIAN_POINT ( 'NONE',  ( -0.3975000000000000755, 0.000000000000000000, 0.7139999999999999680 ) ) ;
#6359 = PLANE ( 'NONE',  #2838 ) ;
#6361 = CARTESIAN_POINT ( 'NONE',  ( -0.3519594922971471807, -0.3760633383785480510, -0.5342333267368826188 ) ) ;
#6362 = CARTESIAN_POINT ( 'NONE',  ( 0.3828154046971762869, -0.3354073683110093684, -0.7302891289331930880 ) ) ;
#6363 = CARTESIAN_POINT ( 'NONE',  ( -0.3291702285991340293, 0.3511768366905001493, -0.2325148809523926996 ) ) ;
#6364 = CARTESIAN_POINT ( 'NONE',  ( 0.3500183265513018283, -0.3222408488601061216, -0.4102492559523178706 ) ) ;
#6365 = CARTESIAN_POINT ( 'NONE',  ( 0.3110582681525775328, -0.4051763991676754495, -0.6711208235142707146 ) ) ;
#6366 = ORIENTED_EDGE ( 'NONE', *, *, #1030, .F. ) ;
#6367 = CARTESIAN_POINT ( 'NONE',  ( -0.1182941393840743066, 0.4571479817511034938, -0.5239025297619311905 ) ) ;
#6368 = CARTESIAN_POINT ( 'NONE',  ( -0.1119205938890221602, -0.4620226092786605676, -0.4312686011904191541 ) ) ;
#6369 = VERTEX_POINT ( 'NONE', #5862 ) ;
#6370 = CARTESIAN_POINT ( 'NONE',  ( -0.08097103827559695710, 0.5180762888896525142, -0.5651971726190148093 ) ) ;
#6371 = CARTESIAN_POINT ( 'NONE',  ( -0.3684150865126287200, 0.2921609818847281659, -0.5879836309524189009 ) ) ;
#6372 = CARTESIAN_POINT ( 'NONE',  ( 0.000000000000000000, -4.523539546674997231E-17, 1.184999999999999831 ) ) ;
#6373 = CARTESIAN_POINT ( 'NONE',  ( 0.3843066307081253741, -0.2611394048301938775, -0.7746465773809771971 ) ) ;
#6374 = CARTESIAN_POINT ( 'NONE',  ( -0.1511859145324370712, -0.4459504594288997148, -0.5751488095238356246 ) ) ;
#6375 = VERTEX_POINT ( 'NONE', #6480 ) ;
#6376 = CARTESIAN_POINT ( 'NONE',  ( 0.5171415982034329728, -0.1203674303321490141, -0.2994791666667176999 ) ) ;
#6377 = DIRECTION ( 'NONE',  ( 1.000000000000000000, 0.000000000000000000, 0.000000000000000000 ) ) ;
#6378 = CARTESIAN_POINT ( 'NONE',  ( -0.3132804161413180744, 0.4080714402148957198, -0.5539610750537341533 ) ) ;
#6379 = CARTESIAN_POINT ( 'NONE',  ( -0.09661444401649085800, 0.5062964065275257219, -0.8505394345237651255 ) ) ;
#6380 = EDGE_CURVE ( 'NONE', #6200, #3796, #7219, .T. ) ;
#6381 = CARTESIAN_POINT ( 'NONE',  ( 0.1052631157858510830, -0.4522809741358071456, -0.7741815476192085432 ) ) ;
#6382 = CARTESIAN_POINT ( 'NONE',  ( 0.4944855382265008203, -0.1676825108268042985, -0.3072815156690352767 ) ) ;
#6383 = CARTESIAN_POINT ( 'NONE',  ( -0.4880914558484423793, -0.1838882291415977477, -0.3251641033850969920 ) ) ;
#6384 = ORIENTED_EDGE ( 'NONE', *, *, #1235, .F. ) ;
#6385 = CARTESIAN_POINT ( 'NONE',  ( 0.2434583069701558578, 0.3911577357342405636, -0.8902529761904549588 ) ) ;
#6386 = CARTESIAN_POINT ( 'NONE',  ( 0.4285874858230105389, -0.1615080886074293232, -0.9773065476190512246 ) ) ;
#6387 = CARTESIAN_POINT ( 'NONE',  ( -0.2192499409008200340, -0.4730465926863128279, -0.6053757440476682516 ) ) ;
#6388 = CARTESIAN_POINT ( 'NONE',  ( 0.3141186108084147999, 0.4102867377841499241, -0.5074188934098281534 ) ) ;
#6389 = CARTESIAN_POINT ( 'NONE',  ( 0.1860873694068595763, 0.4312891717153444771, -0.9767028352018470860 ) ) ;
#6390 = CARTESIAN_POINT ( 'NONE',  ( -0.3976554142009635640, 0.2293799135003773693, -0.9523809523808345334 ) ) ;
#6391 = AXIS2_PLACEMENT_3D ( 'NONE', #5532, #7472, #2359 ) ;
#6392 = CARTESIAN_POINT ( 'NONE',  ( 0.5107795445063776363, 0.1592906328787850323, -0.2242373511904362515 ) ) ;
#6393 = CARTESIAN_POINT ( 'NONE',  ( 0.000000000000000000, 0.000000000000000000, 0.4759999999999999787 ) ) ;
#6394 = CARTESIAN_POINT ( 'NONE',  ( 0.4547966271663396731, -0.07108851766283037776, -0.9124813988094713224 ) ) ;
#6395 = CARTESIAN_POINT ( 'NONE',  ( -0.1559192491272429759, -0.4466831719734546957, -0.5038132440476463803 ) ) ;
#6396 = CARTESIAN_POINT ( 'NONE',  ( -0.3973286778282566489, 0.2472990546878062745, -0.6581101190476076335 ) ) ;
#6397 = CIRCLE ( 'NONE', #7057, 0.5312500000000000000 ) ;
#6398 = CARTESIAN_POINT ( 'NONE',  ( -0.3519896777346360195, 0.3593630856302629240, -0.9197575226032527196 ) ) ;
#6399 = CARTESIAN_POINT ( 'NONE',  ( 0.4715897475959329732, 0.1910482329690196546, -1.006789434523929216 ) ) ;
#6400 = CARTESIAN_POINT ( 'NONE',  ( 0.3007506979904041033, 0.3606979959478491260, -0.6150483630951968372 ) ) ;
#6401 = CONICAL_SURFACE ( 'NONE', #6793, 0.5312500000000000000, 1.047197551196600074 ) ;
#6403 = CARTESIAN_POINT ( 'NONE',  ( -0.08722293445399438572, -0.5630764763274547224, -0.2289677940030260539 ) ) ;
#6402 = DIRECTION ( 'NONE',  ( 0.000000000000000000, 0.000000000000000000, 1.000000000000000000 ) ) ;
#6404 = CARTESIAN_POINT ( 'NONE',  ( 0.2288283016955133808, -0.4628454777805642295, -0.5204653325443082679 ) ) ;
#6405 = CARTESIAN_POINT ( 'NONE',  ( 0.4918895905032898974, -0.1313697672874215017, -0.7250851373785265341 ) ) ;
#6406 = CARTESIAN_POINT ( 'NONE',  ( 0.4679135226325208952, -0.1089097256241428752, -0.2615327380952705005 ) ) ;
#6407 = CARTESIAN_POINT ( 'NONE',  ( 0.4782486901962715309, -0.003726223959735012244, -0.3304501488095907269 ) ) ;
#6408 = CARTESIAN_POINT ( 'NONE',  ( 0.4679135226327824637, -0.1089097256037470235, -0.2704613095237733966 ) ) ;
#6409 = AXIS2_PLACEMENT_3D ( 'NONE', #3590, #2221, #6052 ) ;
#6410 = CARTESIAN_POINT ( 'NONE',  ( 0.2777490617644794435, -0.3806644701465259351, -0.5553385416666828389 ) ) ;
#6411 = CARTESIAN_POINT ( 'NONE',  ( -0.4585883399016614792, 0.1230782975914846700, -0.4494047619047603637 ) ) ;
#6412 = ORIENTED_EDGE ( 'NONE', *, *, #3918, .T. ) ;
#6413 = CARTESIAN_POINT ( 'NONE',  ( 0.3406535365559304473, 0.4011770698502488686, -0.5035342261905542127 ) ) ;
#6414 = CARTESIAN_POINT ( 'NONE',  ( 0.1933493714970419275, -0.4271933673351498983, -0.6290922619047089048 ) ) ;
#6415 = CARTESIAN_POINT ( 'NONE',  ( -0.1382012522290479439, -0.4431296003181054433, -0.7891555059524046900 ) ) ;
#6416 = CARTESIAN_POINT ( 'NONE',  ( 0.3516578592171779039, -0.3137790527268685681, -0.5618489583333036164 ) ) ;
#6417 = ORIENTED_EDGE ( 'NONE', *, *, #5720, .T. ) ;
#6418 = CONICAL_SURFACE ( 'NONE', #5632, 0.5002943035887735812, 0.03112503826905463691 ) ;
#6419 = CARTESIAN_POINT ( 'NONE',  ( 0.3522689382249161172, 0.3947949035520985639, -0.3587239583334417281 ) ) ;
#6420 = CARTESIAN_POINT ( 'NONE',  ( -0.5033865768248381167, 2.731847993664262725E-16, -0.9006820624695167643 ) ) ;
#6421 = CARTESIAN_POINT ( 'NONE',  ( -0.2126718483006670990, 0.4683567677109725658, -0.5565520179324913164 ) ) ;
#6422 = CARTESIAN_POINT ( 'NONE',  ( -0.09184983013225156423, -0.5059127695232287225, -0.8904389880953978986 ) ) ;
#6423 = EDGE_CURVE ( 'NONE', #3529, #6988, #7728, .T. ) ;
#6424 = CARTESIAN_POINT ( 'NONE',  ( 0.3391306370170028561, -0.3865021895478135128, -0.5889216862581078127 ) ) ;
#6425 = CARTESIAN_POINT ( 'NONE',  ( 0.2318613220361305793, -0.4688154966543247038, -0.3061752762174714260 ) ) ;
#6426 = VERTEX_POINT ( 'NONE', #4168 ) ;
#6427 = CARTESIAN_POINT ( 'NONE',  ( 0.01485804443942545343, -0.4595858647242872519, -0.9192708333331732762 ) ) ;
#6428 = ADVANCED_FACE ( 'NONE', ( #6563 ), #952, .F. ) ;
#6429 = CARTESIAN_POINT ( 'NONE',  ( 0.2858502076871419217, -0.3604698749548882475, -0.9120163690474779594 ) ) ;
#6430 = CARTESIAN_POINT ( 'NONE',  ( -0.4080179397410361175, 0.3235663387174014805, -0.6259300595238154186 ) ) ;
#6431 = CARTESIAN_POINT ( 'NONE',  ( 0.3876727831566576521, 0.3402894410277569337, -0.5096658531746616205 ) ) ;
#6432 = CARTESIAN_POINT ( 'NONE',  ( -0.4193687739906734602, 0.2359983779245112823, -0.9659535729488686329 ) ) ;
#6433 = CARTESIAN_POINT ( 'NONE',  ( 0.1583109178583457233, -0.4318356639473645564, -0.9245721726190155865 ) ) ;
#6434 = CARTESIAN_POINT ( 'NONE',  ( 0.2674723702108064982, 0.4636942183005047791, -0.2157738095237956288 ) ) ;
#6435 = DIRECTION ( 'NONE',  ( 0.000000000000000000, 0.000000000000000000, 1.000000000000000000 ) ) ;
#6436 = CARTESIAN_POINT ( 'NONE',  ( 0.1052631157726139910, -0.4522809741274352313, -0.7831101190475192597 ) ) ;
#6437 = CARTESIAN_POINT ( 'NONE',  ( 0.1884553644895639035, -0.4342497733554885331, -0.4953497023809406152 ) ) ;
#6438 = CARTESIAN_POINT ( 'NONE',  ( -0.2748541642996608081, -0.3766834768246921095, -0.7125186011904138805 ) ) ;
#6439 = LINE ( 'NONE', #3352, #1935 ) ;
#6440 = CARTESIAN_POINT ( 'NONE',  ( 0.2259769505221622954, -0.4577851576167076275, -0.9523809523809567690 ) ) ;
#6441 = CARTESIAN_POINT ( 'NONE',  ( -0.1218148023521511969, 0.4539111326800923107, -0.6041666666667475649 ) ) ;
#6443 = CARTESIAN_POINT ( 'NONE',  ( -0.5312500000000001110, 0.2571149333262459646, -0.03313035747730160019 ) ) ;
#6442 = CARTESIAN_POINT ( 'NONE',  ( 0.07493469130324292848, -0.4536577422017437633, -0.9866314183488387179 ) ) ;
#6444 = CARTESIAN_POINT ( 'NONE',  ( 0.3006047587165266988, -0.4188538020229485292, -0.5186117253194670873 ) ) ;
#6445 = CARTESIAN_POINT ( 'NONE',  ( 0.4216505180028787825, -0.2815380756387296235, -0.8102677108546889606 ) ) ;
#6446 = CARTESIAN_POINT ( 'NONE',  ( -0.3014269447181890937, -0.3731685632213292969, -0.2845052083333001747 ) ) ;
#6447 = CARTESIAN_POINT ( 'NONE',  ( -0.1085585082846715899, 0.4664396416325152783, -0.3098958333332744730 ) ) ;
#6448 = CARTESIAN_POINT ( 'NONE',  ( -0.2897014660676306419, 0.3843358081182685071, -0.2426525297619646915 ) ) ;
#6449 = CARTESIAN_POINT ( 'NONE',  ( 0.4737809088179160133, 0.003683488096920583491, -0.4731212797619447907 ) ) ;
#6450 = CARTESIAN_POINT ( 'NONE',  ( -0.4706848312227104869, 0.07790702143546167358, -0.3768601190475706075 ) ) ;
#6451 = ORIENTED_EDGE ( 'NONE', *, *, #3558, .F. ) ;
#6452 = CARTESIAN_POINT ( 'NONE',  ( 0.4173543831040587015, 0.3205064634921747646, -0.5059523809523031046 ) ) ;
#6453 = CARTESIAN_POINT ( 'NONE',  ( -0.4415727032991105250, 0.1618890920886314200, -0.5843563988095362705 ) ) ;
#6454 =( CONVERSION_BASED_UNIT ( 'INCH', #3990 ) LENGTH_UNIT ( ) NAMED_UNIT ( #309 ) );
#6455 = CARTESIAN_POINT ( 'NONE',  ( 0.4468909990651476760, 0.1199307658970781426, -0.8363095238095116235 ) ) ;
#6456 = CARTESIAN_POINT ( 'NONE',  ( 0.4500685402542330404, -0.1403652720779273444, -0.5570126488095632489 ) ) ;
#6457 = EDGE_LOOP ( 'NONE', ( #818, #3120 ) ) ;
#6458 = CARTESIAN_POINT ( 'NONE',  ( 0.03309404662708016059, 0.5105944217662296003, -0.6435930459771622703 ) ) ;
#6459 = CARTESIAN_POINT ( 'NONE',  ( 0.4395562890717659155, -0.2733267160979044874, -0.4527441069635747550 ) ) ;
#6460 = CARTESIAN_POINT ( 'NONE',  ( 0.3861541702543732080, 0.3391223179390212006, -0.5710623741266772635 ) ) ;
#6461 = CARTESIAN_POINT ( 'NONE',  ( -0.2927065482215036596, -0.4225522772241559477, -0.8952752976190365697 ) ) ;
#6462 = CARTESIAN_POINT ( 'NONE',  ( -0.1327775549654360010, -0.4964030214923669249, -0.6000803977845863280 ) ) ;
#6463 = CARTESIAN_POINT ( 'NONE',  ( 0.000000000000000000, 0.000000000000000000, 0.000000000000000000 ) ) ;
#6464 = EDGE_LOOP ( 'NONE', ( #1420, #3949, #3162, #6541 ) ) ;
#6465 = CARTESIAN_POINT ( 'NONE',  ( -0.3381340436991507881, 0.3169554774581119228, -0.8031994047617820875 ) ) ;
#6466 = CARTESIAN_POINT ( 'NONE',  ( 0.007691627753234500306, 0.4586257711457897290, -0.9555431547618844501 ) ) ;
#6467 = CARTESIAN_POINT ( 'NONE',  ( 0.2635939797636139281, -0.4476521836994325487, -0.6658296130952107150 ) ) ;
#6468 = CARTESIAN_POINT ( 'NONE',  ( -0.4200962041204760467, 0.3004396248418268467, -0.4891919693443143036 ) ) ;
#6469 = CARTESIAN_POINT ( 'NONE',  ( 0.3472016401545640618, 0.3128249986396152704, -0.9798589627982604577 ) ) ;
#6470 = CARTESIAN_POINT ( 'NONE',  ( 0.01485804443832792511, -0.4595858647240736450, -0.9281994047620150123 ) ) ;
#6471 = CARTESIAN_POINT ( 'NONE',  ( -0.3862773330367624269, -0.2404114023641162057, -1.074032738095302530 ) ) ;
#6472 = EDGE_CURVE ( 'NONE', #1893, #7278, #537, .T. ) ;
#6473 = CARTESIAN_POINT ( 'NONE',  ( -0.3063679203952363594, -0.3997801065120070718, -0.9002881538465701272 ) ) ;
#6474 = CARTESIAN_POINT ( 'NONE',  ( -0.3693743954326367263, 0.2836697905620636506, -0.7395833333334255189 ) ) ;
#6475 = CARTESIAN_POINT ( 'NONE',  ( 0.3785315267326733735, 0.2853262875639183682, -0.4747953869047807363 ) ) ;
#6476 = CARTESIAN_POINT ( 'NONE',  ( 0.4668506206615588572, 0.01509297115895780715, -0.6871279761904462990 ) ) ;
#6477 = CARTESIAN_POINT ( 'NONE',  ( -0.5312500000000000000, -0.1033597898285227024, -0.004460454780472916311 ) ) ;
#6478 = CARTESIAN_POINT ( 'NONE',  ( -0.1393067256453537905, -0.4885504744395424703, -1.032180059523744919 ) ) ;
#6479 = CARTESIAN_POINT ( 'NONE',  ( 0.4479132758000485270, -0.1320791926166184072, -0.6996837797618243870 ) ) ;
#6481 = CARTESIAN_POINT ( 'NONE',  ( 0.4881451869384644260, -0.1655897910146640339, -0.5215670435119854620 ) ) ;
#6480 = CARTESIAN_POINT ( 'NONE',  ( -0.3894337567297408986, 0.000000000000000000, -0.9999999999999998890 ) ) ;
#6482 = CARTESIAN_POINT ( 'NONE',  ( 0.1666778037856935235, -0.4886297363068230482, -0.5219558550100340533 ) ) ;
#6483 = CARTESIAN_POINT ( 'NONE',  ( 0.4020013795594793993, -0.3080356417273535929, -0.8110005132956290552 ) ) ;
#6484 = CARTESIAN_POINT ( 'NONE',  ( -0.3123413029140422181, 0.4059860100521195947, -0.6253700826137943425 ) ) ;
#6485 = CARTESIAN_POINT ( 'NONE',  ( -0.2023508895449852019, 0.4366039510913314881, -0.2361421130951783520 ) ) ;
#6486 = CARTESIAN_POINT ( 'NONE',  ( -0.4146822260563077234, -0.2972977009226331901, -0.6893507983572316755 ) ) ;
#6487 = CARTESIAN_POINT ( 'NONE',  ( -0.1559192491171363104, -0.4466831719749264074, -0.4948846726190741507 ) ) ;
#6488 = CARTESIAN_POINT ( 'NONE',  ( -0.4223756348806388949, 0.2167470068334506339, -0.4518229166666683505 ) ) ;
#6489 = EDGE_LOOP ( 'NONE', ( #2578, #851, #7771 ) ) ;
#6490 = CARTESIAN_POINT ( 'NONE',  ( 0.2528076028286193599, 0.4642339375506123744, -0.4297805059523945315 ) ) ;
#6491 = CARTESIAN_POINT ( 'NONE',  ( 0.4102478122913773562, -0.2366434517457886022, -0.4791666666665929664 ) ) ;
#6492 = CARTESIAN_POINT ( 'NONE',  ( 0.2379474349434179681, -0.4040983416152418850, -0.6278831845238618259 ) ) ;
#6493 = DIRECTION ( 'NONE',  ( 0.000000000000000000, 0.000000000000000000, 1.000000000000000000 ) ) ;
#6494 = CARTESIAN_POINT ( 'NONE',  ( 0.4563428359894587949, -0.07553327966101942847, -0.8411458333334611570 ) ) ;
#6495 = CARTESIAN_POINT ( 'NONE',  ( 0.2777490617750701940, -0.3806644701379984230, -0.5642671130952678915 ) ) ;
#6496 = ORIENTED_EDGE ( 'NONE', *, *, #6275, .F. ) ;
#6497 = CARTESIAN_POINT ( 'NONE',  ( -0.2272105772662821321, 0.4595670517063326077, -0.6376261138323306987 ) ) ;
#6498 = CARTESIAN_POINT ( 'NONE',  ( -0.1336582849444946930, -0.4995880113531123712, -0.4672488007578455838 ) ) ;
#6499 = CARTESIAN_POINT ( 'NONE',  ( -0.03403752645855697562, 0.5131234864185822975, -0.5606478592971742003 ) ) ;
#6500 = CARTESIAN_POINT ( 'NONE',  ( -0.2948561698476940274, 0.4256695139388388394, -0.7743675595239321030 ) ) ;
#6501 = CARTESIAN_POINT ( 'NONE',  ( 0.3447267061510780328, -0.3919220688625951743, -0.3132281552566067440 ) ) ;
#6502 = CARTESIAN_POINT ( 'NONE',  ( 0.000000000000000000, 0.000000000000000000, -0.2064999999999996838 ) ) ;
#6503 = VERTEX_POINT ( 'NONE', #4126 ) ;
#6504 = CARTESIAN_POINT ( 'NONE',  ( -0.2330116826232355165, -0.4039516132475904353, -0.7113095238095322737 ) ) ;
#6505 = CARTESIAN_POINT ( 'NONE',  ( -0.4509768894922938642, 0.09759377420020366733, -0.8684895833332313408 ) ) ;
#6506 = CARTESIAN_POINT ( 'NONE',  ( 0.5085883834472835208, 0.1183685167524736737, -0.5799851190476483787 ) ) ;
#6507 = CARTESIAN_POINT ( 'NONE',  ( -0.5234120305528667805, -0.01512852540553392792, -0.2575025597063339000 ) ) ;
#6508 = CARTESIAN_POINT ( 'NONE',  ( 0.3142974962842611797, 0.3458131452563330543, -0.9791254305917462819 ) ) ;
#6509 = CARTESIAN_POINT ( 'NONE',  ( 0.4094419999634441032, -0.2101100975321466280, -0.9161086309524761884 ) ) ;
#6510 = CARTESIAN_POINT ( 'NONE',  ( -1.106287503442447866E-16, 0.4516761503041890613, -1.098214285714285587 ) ) ;
#6511 = AXIS2_PLACEMENT_3D ( 'NONE', #1157, #6191, #3061 ) ;
#6512 = CARTESIAN_POINT ( 'NONE',  ( -0.1772407838715126249, -0.4715644273460297131, -0.8969440851775672963 ) ) ;
#6513 = CARTESIAN_POINT ( 'NONE',  ( -0.04191173637787808798, -0.4623595403503060197, -0.7867373511904524053 ) ) ;
#6514 = CARTESIAN_POINT ( 'NONE',  ( 0.4707081158654223274, 0.05433658302604402884, -0.4808407738095443751 ) ) ;
#6515 = CARTESIAN_POINT ( 'NONE',  ( -0.4913041417066108529, 0.1666623382458077562, -0.4144307262301586969 ) ) ;
#6516 = CARTESIAN_POINT ( 'NONE',  ( -0.3125000000000000000, 3.827021247335478926E-17, 1.189999999999999947 ) ) ;
#6517 = AXIS2_PLACEMENT_3D ( 'NONE', #3728, #4340, #6853 ) ;
#6518 = VECTOR ( 'NONE', #8040, 39.37007874015748854 ) ;
#6519 = CARTESIAN_POINT ( 'NONE',  ( 0.4542761935907764226, -0.2382932033987031073, -0.8737909226190042622 ) ) ;
#6520 = CARTESIAN_POINT ( 'NONE',  ( -0.2303547116788161320, 0.4658245233071258151, -0.4133242435714708507 ) ) ;
#6522 = CARTESIAN_POINT ( 'NONE',  ( -0.4368925324353737927, -0.2720454130925538672, -0.5472314825585982145 ) ) ;
#6521 = DIRECTION ( 'NONE',  ( 0.000000000000000000, 0.000000000000000000, -1.000000000000000000 ) ) ;
#6523 = CARTESIAN_POINT ( 'NONE',  ( -0.2280669661610306709, -0.4628830204526086511, -0.5308849348215787245 ) ) ;
#6524 = CARTESIAN_POINT ( 'NONE',  ( 0.4542545049764080134, -0.2240846379111900710, -0.8087730722414555595 ) ) ;
#6525 = CARTESIAN_POINT ( 'NONE',  ( -0.5312500000000001110, 0.2571149333262459646, -0.2168696425226981639 ) ) ;
#6526 = CARTESIAN_POINT ( 'NONE',  ( -0.4320157089762393654, -0.2132561015902770529, -0.2180059523810231048 ) ) ;
#6527 = AXIS2_PLACEMENT_3D ( 'NONE', #5248, #5286, #2691 ) ;
#6528 = EDGE_CURVE ( 'NONE', #893, #1334, #6132, .T. ) ;
#6529 = DIRECTION ( 'NONE',  ( -0.000000000000000000, -0.000000000000000000, -1.000000000000000000 ) ) ;
#6530 = CARTESIAN_POINT ( 'NONE',  ( -0.3604991319910846315, -0.3061025548968350773, -0.5009300595238422860 ) ) ;
#6531 = EDGE_CURVE ( 'NONE', #4811, #482, #1521, .T. ) ;
#6532 = CARTESIAN_POINT ( 'NONE',  ( -0.3967402182615679673, 0.2606547406686563484, -0.4530319940476249529 ) ) ;
#6533 = CONICAL_SURFACE ( 'NONE', #2459, 0.3975000000000000755, 0.09425767512363275591 ) ;
#6534 = ORIENTED_EDGE ( 'NONE', *, *, #7033, .T. ) ;
#6535 = CARTESIAN_POINT ( 'NONE',  ( 0.3493955326664974215, -0.3987355606217753423, -0.3802083333333205473 ) ) ;
#6536 = CARTESIAN_POINT ( 'NONE',  ( 0.1409209652989223405, -0.4518771180396401466, -0.4876302083333134418 ) ) ;
#6537 = CIRCLE ( 'NONE', #6009, 0.4461677158522461828 ) ;
#6538 = CARTESIAN_POINT ( 'NONE',  ( 0.1772227033902809834, 0.4374419162185972376, -0.5311569940476373874 ) ) ;
#6539 = CARTESIAN_POINT ( 'NONE',  ( -0.3523305359516221147, -0.3087321066578423978, -0.6525297619047673026 ) ) ;
#6540 = CARTESIAN_POINT ( 'NONE',  ( -0.3303389271550551398, -0.3415965133019387978, -0.4373139880952445213 ) ) ;
#6541 = ORIENTED_EDGE ( 'NONE', *, *, #2698, .F. ) ;
#6542 = VECTOR ( 'NONE', #5082, 39.37007874015748143 ) ;
#6543 = CARTESIAN_POINT ( 'NONE',  ( 0.4114665806910532964, -0.3153213022076454819, -0.4538558489013646557 ) ) ;
#6544 = CARTESIAN_POINT ( 'NONE',  ( -0.5055067160125827908, 0.1352102598408043699, -0.2708222801225590448 ) ) ;
#6545 = CARTESIAN_POINT ( 'NONE',  ( -0.4447391390459354832, -0.2618786424550673120, -0.8287760416666769547 ) ) ;
#6546 = CARTESIAN_POINT ( 'NONE',  ( -0.4020496047192627653, -4.928547240401258206E-20, 0.005000000000000000104 ) ) ;
#6547 = CARTESIAN_POINT ( 'NONE',  ( 0.5222898037970733487, -4.802076551362962273E-16, -0.2935463496040146558 ) ) ;
#6548 = ORIENTED_EDGE ( 'NONE', *, *, #6669, .T. ) ;
#6549 = CARTESIAN_POINT ( 'NONE',  ( 0.1084982212530308104, 0.4478940975846622541, -0.8866257440475467932 ) ) ;
#6550 = CARTESIAN_POINT ( 'NONE',  ( -0.4329423649565586896, -0.2941775361418342283, -0.5400855654762038993 ) ) ;
#6551 = CARTESIAN_POINT ( 'NONE',  ( -0.1115192649735533698, -0.4817440506204739292, -0.9523395284146795037 ) ) ;
#6552 = CARTESIAN_POINT ( 'NONE',  ( 0.000000000000000000, 0.000000000000000000, 0.9519999999999999574 ) ) ;
#6553 = CARTESIAN_POINT ( 'NONE',  ( 0.4644654905779028176, 0.01919143521118433365, -0.7673921130951849578 ) ) ;
#6554 = CARTESIAN_POINT ( 'NONE',  ( 0.4285874858278438948, -0.1615080885964449153, -0.9773065476191176160 ) ) ;
#6555 = CARTESIAN_POINT ( 'NONE',  ( 0.1147416627071439071, -0.4907431690285372627, -0.8902461190818814485 ) ) ;
#6556 = CARTESIAN_POINT ( 'NONE',  ( -0.4832936150272092446, -0.1642779445711800568, -0.6826713055955646592 ) ) ;
#6557 = CARTESIAN_POINT ( 'NONE',  ( 0.4501112166509229628, 0.1164732038220681609, -0.7649739583333813320 ) ) ;
#6558 = CARTESIAN_POINT ( 'NONE',  ( -0.4575133049849416933, 0.1183969005812144093, -0.5207403273809414479 ) ) ;
#6559 = CARTESIAN_POINT ( 'NONE',  ( 0.4486072633919087616, 0.2589741615818978993, -0.4404768138640280384 ) ) ;
#6560 = DIRECTION ( 'NONE',  ( 0.000000000000000000, 0.000000000000000000, 1.000000000000000000 ) ) ;
#6561 = CARTESIAN_POINT ( 'NONE',  ( 0.4290533883225746137, 0.2818742863617723082, -0.8617001488095669126 ) ) ;
#6562 = CARTESIAN_POINT ( 'NONE',  ( 0.03363137299675057756, 0.5175606273847381811, -0.4192823798404178293 ) ) ;
#6564 = CARTESIAN_POINT ( 'NONE',  ( -0.4840170758369812809, 0.1640000984455172173, -0.6901065840030535803 ) ) ;
#6563 = FACE_OUTER_BOUND ( 'NONE', #6332, .T. ) ;
#6565 = CARTESIAN_POINT ( 'NONE',  ( 0.4419762044216505315, 0.2012150780562811936, -0.2499999999999999722 ) ) ;
#6566 = CARTESIAN_POINT ( 'NONE',  ( 0.1632689717137936758, -0.4800438841504155452, -0.8177051952790378442 ) ) ;
#6567 = LINE ( 'NONE', #296, #7588 ) ;
#6568 = CARTESIAN_POINT ( 'NONE',  ( -0.2305711380547312561, 0.3915716612320704892, -1.101097470238130427 ) ) ;
#6569 = CARTESIAN_POINT ( 'NONE',  ( -0.5065287830187487073, -0.06655268910195664966, -0.6949443761967780686 ) ) ;
#6570 = CARTESIAN_POINT ( 'NONE',  ( -0.2511398023891530662, -0.4034996199346191359, -0.4259672619047608633 ) ) ;
#6571 = CARTESIAN_POINT ( 'NONE',  ( -0.2494521050692427855, 0.4089417183125210187, -0.3151971726190743173 ) ) ;
#6572 = EDGE_CURVE ( 'NONE', #5023, #7191, #3893, .T. ) ;
#6573 = ORIENTED_EDGE ( 'NONE', *, *, #837, .T. ) ;
#6574 = CARTESIAN_POINT ( 'NONE',  ( 0.4569348337473480570, -0.2690692799625043485, -0.3765811011905854100 ) ) ;
#6575 = CARTESIAN_POINT ( 'NONE',  ( -0.3675141779990533375, 0.2968596920362831515, -0.5166480654761692604 ) ) ;
#6576 = CARTESIAN_POINT ( 'NONE',  ( -0.1932320937509468539, -0.4269149448483364750, -0.6387648809523589488 ) ) ;
#6577 = EDGE_CURVE ( 'NONE', #3181, #2749, #5740, .T. ) ;
#6578 = CARTESIAN_POINT ( 'NONE',  ( 0.2519369237964647068, 0.3910769425247225262, -0.7565104166666385410 ) ) ;
#6579 = CARTESIAN_POINT ( 'NONE',  ( 0.2267757687473665185, 0.4164304798832468291, -0.4699590773808974831 ) ) ;
#6580 = EDGE_LOOP ( 'NONE', ( #7566, #5094, #395, #7734 ) ) ;
#6581 = CC_DESIGN_PERSON_AND_ORGANIZATION_ASSIGNMENT ( #5180, #5836, ( #6828 ) ) ;
#6582 = CARTESIAN_POINT ( 'NONE',  ( 0.4757142724320441163, 0.2158924776343821295, -0.2987290211341056545 ) ) ;
#6583 = CARTESIAN_POINT ( 'NONE',  ( 0.5028072843243822643, 0.1301096037156576068, -0.7247953869047946140 ) ) ;
#6584 = LINE ( 'NONE', #935, #1928 ) ;
#6585 = CARTESIAN_POINT ( 'NONE',  ( -0.1354410712893809599, 0.5039414518689974143, -0.3441337600549117526 ) ) ;
#6586 = ORIENTED_EDGE ( 'NONE', *, *, #4559, .T. ) ;
#6587 = CARTESIAN_POINT ( 'NONE',  ( 0.3537823343117866837, 0.2949741378245401835, -0.8938802083333612369 ) ) ;
#6588 = CARTESIAN_POINT ( 'NONE',  ( 0.1057363682133860283, -0.5107840494792199593, -0.5981212797618932209 ) ) ;
#6589 = CARTESIAN_POINT ( 'NONE',  ( -0.4404482285530215147, -0.2847148300047747105, -0.2512984669088020317 ) ) ;
#6590 = CARTESIAN_POINT ( 'NONE',  ( 0.1530425631945281084, -0.4384658757945989471, -0.7819010416665708174 ) ) ;
#6591 = CARTESIAN_POINT ( 'NONE',  ( 0.4373860433330197806, 0.1289667529844499283, -1.041387648809494637 ) ) ;
#6592 = CARTESIAN_POINT ( 'NONE',  ( -0.1138625445066207970, -0.4907822368745174413, -0.8954403040834284511 ) ) ;
#6593 = CARTESIAN_POINT ( 'NONE',  ( -0.1318271370593135372, -0.4943343031123410003, -0.6715071857906123043 ) ) ;
#6594 = CARTESIAN_POINT ( 'NONE',  ( -0.2215903425191540488, 0.4069248920533709013, -0.8157552083334477233 ) ) ;
#6595 = CARTESIAN_POINT ( 'NONE',  ( -0.4246688479245024905, -0.2179148219212825033, -0.3696056547618056243 ) ) ;
#6596 = CARTESIAN_POINT ( 'NONE',  ( 0.2563230336715265345, -0.4430837110555005953, -0.6625847198148375750 ) ) ;
#6597 = CARTESIAN_POINT ( 'NONE',  ( 0.4058836295563514884, 0.2961168558152219021, -0.9392550966038825111 ) ) ;
#6598 = CARTESIAN_POINT ( 'NONE',  ( 0.1206929046469284034, -0.4982709844515645359, -0.8834635416667514507 ) ) ;
#6599 = CARTESIAN_POINT ( 'NONE',  ( 0.3416566983991193296, 0.3899178760273907529, -0.4267254940688048337 ) ) ;
#6600 = CARTESIAN_POINT ( 'NONE',  ( 0.5026021234101988311, -0.1343647882296639950, -0.3679388075761587662 ) ) ;
#6601 = CARTESIAN_POINT ( 'NONE',  ( -0.1873550800285959661, 0.4139496538480059717, -1.102306547619009480 ) ) ;
#6602 = CARTESIAN_POINT ( 'NONE',  ( -0.5098516069215386359, -0.1185305960349242183, -0.2652556009158668071 ) ) ;
#6603 = CARTESIAN_POINT ( 'NONE',  ( -0.2987523065438851821, 0.4160771180300517624, -0.6257490749417248255 ) ) ;
#6604 = CARTESIAN_POINT ( 'NONE',  ( -0.1691972618164578612, -0.4489924714701476471, -0.2808779761903900107 ) ) ;
#6605 = PLANE ( 'NONE',  #5601 ) ;
#6606 = CARTESIAN_POINT ( 'NONE',  ( -0.2966772868631351590, -0.3741102475053513787, -0.3558407738095531458 ) ) ;
#6607 = CARTESIAN_POINT ( 'NONE',  ( -0.3963305701229571931, 0.2693096164770454881, -0.3103608630952037761 ) ) ;
#6608 = ORIENTED_EDGE ( 'NONE', *, *, #5975, .T. ) ;
#6609 = CARTESIAN_POINT ( 'NONE',  ( -0.5102093726680790864, 0.1320333004738152571, -0.4805617559523351900 ) ) ;
#6610 = CARTESIAN_POINT ( 'NONE',  ( -0.1559192491171363104, -0.4466831719749264074, -0.4948846726190741507 ) ) ;
#6611 = CARTESIAN_POINT ( 'NONE',  ( 0.1724685850714832991, 0.4369385539532322227, -0.6024925595238108667 ) ) ;
#6612 = DATE_AND_TIME ( #3250, #6805 ) ;
#6613 = CARTESIAN_POINT ( 'NONE',  ( -0.02657778992624505385, 0.4669065516194103593, -0.6779203869047208952 ) ) ;
#6614 = CARTESIAN_POINT ( 'NONE',  ( 0.1857519987003137529, 0.4387448581439872819, -0.3974144345237944353 ) ) ;
#6615 = EDGE_LOOP ( 'NONE', ( #7629, #1383 ) ) ;
#6616 = CARTESIAN_POINT ( 'NONE',  ( 0.4954380376925533458, 0.1682408902841004417, -0.2998471032724566165 ) ) ;
#6617 = CARTESIAN_POINT ( 'NONE',  ( 0.4367121541320753142, 0.2813257045492499886, -0.7211681547618281618 ) ) ;
#6618 = LINE ( 'NONE', #7897, #1014 ) ;
#6619 = CARTESIAN_POINT ( 'NONE',  ( 0.2298814605213215789, 0.4672507801472555178, -0.3523105117131700159 ) ) ;
#6620 = ORIENTED_EDGE ( 'NONE', *, *, #1482, .F. ) ;
#6621 = CARTESIAN_POINT ( 'NONE',  ( -0.3975040157342769054, 0.2340736271075582187, -0.8721168154761350655 ) ) ;
#6622 = EDGE_CURVE ( 'NONE', #1171, #5755, #3638, .T. ) ;
#6623 = CARTESIAN_POINT ( 'NONE',  ( 0.5220331071920648602, 0.008746520027594933966, -0.5824032738094953032 ) ) ;
#6624 = CARTESIAN_POINT ( 'NONE',  ( -0.03648590462304427545, -0.4942561622410144295, -0.9512046136853863354 ) ) ;
#6625 = CARTESIAN_POINT ( 'NONE',  ( -0.05379933815191060426, 0.5058403857058497710, -1.065755114354123512 ) ) ;
#6626 = CARTESIAN_POINT ( 'NONE',  ( -0.4415491055684315769, -0.1420620542603605319, -0.8000372023811203048 ) ) ;
#6627 = CARTESIAN_POINT ( 'NONE',  ( -0.1717642895212283805, -0.4239684906970015432, -0.9954427083332295645 ) ) ;
#6628 = CARTESIAN_POINT ( 'NONE',  ( -0.03333364929837750318, 0.5020219795229250437, -0.9177911662074990096 ) ) ;
#6629 = CARTESIAN_POINT ( 'NONE',  ( 0.000000000000000000, 0.3704503952807372547, 1.184999999999999831 ) ) ;
#6630 = CARTESIAN_POINT ( 'NONE',  ( -0.3478786624123917370, -0.3103963177599551315, -0.7238653273810146116 ) ) ;
#6631 = CARTESIAN_POINT ( 'NONE',  ( 0.4750688053408412270, -0.05484801543638423427, -0.3405877976190124223 ) ) ;
#6632 = CARTESIAN_POINT ( 'NONE',  ( 0.1661802706037890376, 0.4908844483818455839, -0.4322785629878372338 ) ) ;
#6633 = CARTESIAN_POINT ( 'NONE',  ( 0.2719329161736994127, 0.4226270712673526608, -0.9350634392208019285 ) ) ;
#6634 = ADVANCED_BREP_SHAPE_REPRESENTATION ( '5346K28_Brass Barbed Hose Fitting for Air and Water', ( #5002, #5231 ), #2985 ) ;
#6635 = CARTESIAN_POINT ( 'NONE',  ( 0.4753627189334521108, 0.1876264521823394760, -0.9354538690475694418 ) ) ;
#6636 = CARTESIAN_POINT ( 'NONE',  ( 0.2593269060350704147, 0.4499328601139833683, -0.4244859816797021956 ) ) ;
#6637 = CARTESIAN_POINT ( 'NONE',  ( -0.2294207448465814536, -0.4662406896681781654, -0.3880297610125461039 ) ) ;
#6638 = DIRECTION ( 'NONE',  ( -0.000000000000000000, -1.047310526070460688E-16, 1.000000000000000000 ) ) ;
#6639 = CARTESIAN_POINT ( 'NONE',  ( 0.5130703726190047886, -0.01685632398916872554, -0.5896569517108783964 ) ) ;
#6640 = CARTESIAN_POINT ( 'NONE',  ( 0.4342295498386823938, 0.2705933595012702253, -0.6443533172707470724 ) ) ;
#6641 = CARTESIAN_POINT ( 'NONE',  ( 0.1473102881697017641, 0.4578348865599642936, -0.2446056547619245569 ) ) ;
#6642 = CARTESIAN_POINT ( 'NONE',  ( -0.4968203647519515709, -0.1156339131919147806, -0.6938288160382348746 ) ) ;
#6643 = CARTESIAN_POINT ( 'NONE',  ( -0.4763559061712748788, 0.02712373311005763024, -0.3667224702380847412 ) ) ;
#6644 = CARTESIAN_POINT ( 'NONE',  ( -0.4487126691616655227, -0.1690833152477179691, -0.2994791666667119823 ) ) ;
#6645 = CARTESIAN_POINT ( 'NONE',  ( 0.4060951318988278991, 0.3121219558893723600, -0.6532596929842723332 ) ) ;
#6646 = ORIENTED_EDGE ( 'NONE', *, *, #1431, .T. ) ;
#6647 = CARTESIAN_POINT ( 'NONE',  ( 0.5003705694520441671, 0.1696264738891760382, -0.4382440476190282985 ) ) ;
#6648 = CONICAL_SURFACE ( 'NONE', #3105, 0.5002943035887735812, 0.03112503826905463691 ) ;
#6649 = CARTESIAN_POINT ( 'NONE',  ( 0.1294334710159909529, 0.4539238146903489812, -0.5299479166666696273 ) ) ;
#6650 = CARTESIAN_POINT ( 'NONE',  ( -0.1979959142553295581, -0.4271886732737895653, -0.5674293154761993474 ) ) ;
#6651 = CARTESIAN_POINT ( 'NONE',  ( -0.3013979122284592416, 0.3549585357465245838, -0.7420014880951458780 ) ) ;
#6652 = CARTESIAN_POINT ( 'NONE',  ( -0.4207181348367189933, -0.2206814702682499407, -0.4409412202381108870 ) ) ;
#6653 = ORIENTED_EDGE ( 'NONE', *, *, #7965, .F. ) ;
#6654 = CARTESIAN_POINT ( 'NONE',  ( -0.3089398539613511518, -0.3462343894315961235, -0.7850632440477762763 ) ) ;
#6655 = AXIS2_PLACEMENT_3D ( 'NONE', #7764, #3283, #1453 ) ;
#6656 = CARTESIAN_POINT ( 'NONE',  ( 0.4980235200528490003, 0.08259859455886027491, -0.8631066228179757882 ) ) ;
#6657 = AXIS2_PLACEMENT_3D ( 'NONE', #6796, #7414, #3136 ) ;
#6658 = CARTESIAN_POINT ( 'NONE',  ( 0.3160793519418370057, -0.4115896148910613839, -0.7380952380954032277 ) ) ;
#6659 = AXIS2_PLACEMENT_3D ( 'NONE', #1035, #5491, #2269 ) ;
#6660 = CARTESIAN_POINT ( 'NONE',  ( -0.2309522956485207945, -0.4685433467392833840, -0.3266266139868032603 ) ) ;
#6661 = CARTESIAN_POINT ( 'NONE',  ( 0.4879057453285124413, 0.3317421476093959654, -0.2169987487308234209 ) ) ;
#6662 = ORIENTED_EDGE ( 'NONE', *, *, #6673, .F. ) ;
#6663 = VECTOR ( 'NONE', #6884, 39.37007874015748854 ) ;
#6664 = CARTESIAN_POINT ( 'NONE',  ( 0.4117352130021583179, 0.2112779126134171348, -0.8249627976190597733 ) ) ;
#6665 = CARTESIAN_POINT ( 'NONE',  ( 0.1962009871726073384, 0.4842874834108759630, -0.5691034226190856415 ) ) ;
#6666 = CARTESIAN_POINT ( 'NONE',  ( -0.4822441240519690919, -0.05077303762965378053, -0.9614239156015524923 ) ) ;
#6667 = CARTESIAN_POINT ( 'NONE',  ( -0.3108115456401588927, -0.4339875314713880217, -0.2488784760876627533 ) ) ;
#6668 = CARTESIAN_POINT ( 'NONE',  ( 0.06439026414043648450, 0.4586214145627076633, -0.8230096726190513357 ) ) ;
#6669 = EDGE_CURVE ( 'NONE', #2169, #4142, #8115, .T. ) ;
#6670 = CARTESIAN_POINT ( 'NONE',  ( 0.4247441804017625389, 0.1720699491735209474, -0.9688430059523458482 ) ) ;
#6671 = DIRECTION ( 'NONE',  ( -1.000000000000000000, 0.000000000000000000, 0.000000000000000000 ) ) ;
#6672 = CARTESIAN_POINT ( 'NONE',  ( -0.3363714513692241947, 0.3252861460269935723, -0.6694568452381066681 ) ) ;
#6673 = EDGE_CURVE ( 'NONE', #1222, #5992, #7625, .T. ) ;
#6674 = CARTESIAN_POINT ( 'NONE',  ( 0.4103616818104591779, 0.2416355833902988082, -0.4046688988095044071 ) ) ;
#6675 = CARTESIAN_POINT ( 'NONE',  ( 0.1335780969022052622, 0.5007639895621851522, -0.4315265142065498605 ) ) ;
#6676 = CARTESIAN_POINT ( 'NONE',  ( 0.3451772723522415487, 0.3661558396626977130, -0.9371658312371695665 ) ) ;
#6677 = CARTESIAN_POINT ( 'NONE',  ( 0.2701659923363505800, 0.4340690624969764655, -0.9281994047619984700 ) ) ;
#6678 = CARTESIAN_POINT ( 'NONE',  ( 0.3542838405083070796, 0.3784575388215422054, -0.4271010464421178821 ) ) ;
#6679 = CARTESIAN_POINT ( 'NONE',  ( 0.5312499999999998890, 0.3067173305069887390, -0.04744933615967771717 ) ) ;
#6680 = CARTESIAN_POINT ( 'NONE',  ( 0.4772347777643176636, -0.1463218200133343250, -0.2499999999999997224 ) ) ;
#6681 = CARTESIAN_POINT ( 'NONE',  ( 0.1336408573134462985, -0.4960477468578621263, -0.6041458410950544256 ) ) ;
#6682 = PLANE ( 'NONE',  #5090 ) ;
#6683 = CARTESIAN_POINT ( 'NONE',  ( 0.4285874858230105389, -0.1615080886074293232, -0.9862351190476227325 ) ) ;
#6684 = CARTESIAN_POINT ( 'NONE',  ( 0.2305004136581546292, -0.4666359943418563194, -0.3876298609075985446 ) ) ;
#6685 = CARTESIAN_POINT ( 'NONE',  ( -0.2948828176572745319, 0.3718601969371153060, -0.4477306547618483124 ) ) ;
#6686 = CARTESIAN_POINT ( 'NONE',  ( -0.4441786289852325820, 0.1799519103153735533, -0.3079427083333677317 ) ) ;
#6688 = CARTESIAN_POINT ( 'NONE',  ( -0.06871528294477440013, 0.5194937833113824066, -0.2741917603803797898 ) ) ;
#6687 = CARTESIAN_POINT ( 'NONE',  ( 0.2264461297917888249, 0.4596065295536974626, -0.6480586897665789881 ) ) ;
#6689 = CARTESIAN_POINT ( 'NONE',  ( 0.5008606304165087453, -0.1342418522496110767, -0.4493962078023084894 ) ) ;
#6690 = CARTESIAN_POINT ( 'NONE',  ( -0.1326988473164538163, 0.4928299265019692177, -0.7112905382608006866 ) ) ;
#6691 = CARTESIAN_POINT ( 'NONE',  ( 0.4615987302528241631, 0.2662544599818116309, -0.2931547619047612518 ) ) ;
#6692 = CARTESIAN_POINT ( 'NONE',  ( -0.1122160770697062937, 0.4632762688916555183, -0.3812313988095306083 ) ) ;
#6693 = CARTESIAN_POINT ( 'NONE',  ( 0.3825551555563171946, -0.2791384679955984383, -0.4803757440476191798 ) ) ;
#6694 = CARTESIAN_POINT ( 'NONE',  ( -0.09913107963140573020, -0.4580810123314844051, -0.6452752976190695433 ) ) ;
#6695 = CARTESIAN_POINT ( 'NONE',  ( -0.4585883398949089362, 0.1230782976000422274, -0.4494047619047723541 ) ) ;
#6696 = VERTEX_POINT ( 'NONE', #7825 ) ;
#6697 = CARTESIAN_POINT ( 'NONE',  ( 0.4351093453899110286, 0.1639571997772909517, -0.7548363095238861398 ) ) ;
#6698 = CARTESIAN_POINT ( 'NONE',  ( 0.06682579393235339726, 0.5120638054515055382, -0.4914452278785361172 ) ) ;
#6699 = CARTESIAN_POINT ( 'NONE',  ( 0.03352353590079811679, 0.5217167794688497562, -0.2864353174957265935 ) ) ;
#6700 = CARTESIAN_POINT ( 'NONE',  ( -0.05533259418300678911, -0.5202206722608292422, -0.6038876488095153983 ) ) ;
#6701 = CARTESIAN_POINT ( 'NONE',  ( 0.5312500000000000000, -0.05186524070569697303, -0.2499999999999997224 ) ) ;
#6702 = CARTESIAN_POINT ( 'NONE',  ( 0.5022745448783797473, -1.063926738157527506E-15, -0.9363984144730111980 ) ) ;
#6703 = ORIENTED_EDGE ( 'NONE', *, *, #125, .F. ) ;
#6704 = CARTESIAN_POINT ( 'NONE',  ( 0.4307052034524860296, -0.1744934964603337968, -0.7632998511904515171 ) ) ;
#6705 = CARTESIAN_POINT ( 'NONE',  ( 0.4539155238952730653, 0.2672821282103572393, -0.4336867559524916205 ) ) ;
#6706 = PLANE ( 'NONE',  #7313 ) ;
#6707 = FACE_OUTER_BOUND ( 'NONE', #6580, .T. ) ;
#6708 = CARTESIAN_POINT ( 'NONE',  ( 0.4895954788120989165, 0.1443616156704814468, -1.010137648809494637 ) ) ;
#6709 = CARTESIAN_POINT ( 'NONE',  ( -0.3790481608658355928, -0.2713887279202307767, -0.7250744047619462895 ) ) ;
#6710 = CARTESIAN_POINT ( 'NONE',  ( 0.3494179395204497496, 0.2966932695455823943, -0.9652157738093396500 ) ) ;
#6711 = CARTESIAN_POINT ( 'NONE',  ( 0.5312500000000002220, 0.05200621430857346739, -0.2488951584062867595 ) ) ;
#6712 = CARTESIAN_POINT ( 'NONE',  ( -0.4658933036791854665, 0.007813448679076698267, -0.7323288690477277596 ) ) ;
#6713 = CARTESIAN_POINT ( 'NONE',  ( 0.4653356495386053449, 0.1006928089208661281, -0.4082961309523777671 ) ) ;
#6714 = DIRECTION ( 'NONE',  ( -1.000000000000000000, 0.000000000000000000, -0.000000000000000000 ) ) ;
#6715 = CARTESIAN_POINT ( 'NONE',  ( 0.3749492186025933371, 0.2597222521788821736, -1.037760416666770436 ) ) ;
#6716 = CARTESIAN_POINT ( 'NONE',  ( 0.4955404321968532311, -0.1412998036218392761, -0.8000372023808909328 ) ) ;
#6717 = DIRECTION ( 'NONE',  ( -0.000000000000000000, -0.000000000000000000, -1.000000000000000000 ) ) ;
#6718 = CARTESIAN_POINT ( 'NONE',  ( 0.5312499999999998890, 0.1300819257477139057, -0.008742350993289696448 ) ) ;
#6719 = CARTESIAN_POINT ( 'NONE',  ( 0.4177444880745248001, 0.2437969000930564623, -0.2499999999999999722 ) ) ;
#6720 = EDGE_CURVE ( 'NONE', #8017, #5967, #3388, .T. ) ;
#6721 = CARTESIAN_POINT ( 'NONE',  ( 0.4860833591537190301, -0.1647378645169333689, -0.5930005503288491298 ) ) ;
#6722 = CARTESIAN_POINT ( 'NONE',  ( -0.4461677158522461828, 0.000000000000000000, -0.9999999999999998890 ) ) ;
#6723 = CARTESIAN_POINT ( 'NONE',  ( 0.4571684449399797678, 0.03014329900332665679, -0.9813988095237800025 ) ) ;
#6724 = CARTESIAN_POINT ( 'NONE',  ( -0.3418786490720586158, -0.3907804820872127771, -0.4010260352798527550 ) ) ;
#6725 = CARTESIAN_POINT ( 'NONE',  ( 0.4653356495412841465, 0.1006928089126229581, -0.3993675595237790032 ) ) ;
#6726 = CARTESIAN_POINT ( 'NONE',  ( -0.1643909829220295549, -0.4483971015613446576, -0.3611421130951690817 ) ) ;
#6728 = CARTESIAN_POINT ( 'NONE',  ( 0.2152874004319931256, 0.4766096098531555358, -0.2805044716911443969 ) ) ;
#6727 = CARTESIAN_POINT ( 'NONE',  ( 0.06646200940845900518, 0.5073076942155948510, -0.6443336683507637774 ) ) ;
#6729 = CYLINDRICAL_SURFACE ( 'NONE', #6267, 0.3125000000000000000 ) ;
#6730 = EDGE_CURVE ( 'NONE', #8027, #1959, #1028, .T. ) ;
#6731 = CARTESIAN_POINT ( 'NONE',  ( -0.03359425725032104404, 0.5083775060946637003, -0.7135291668221376282 ) ) ;
#6732 = CARTESIAN_POINT ( 'NONE',  ( -0.01720284907573083749, -0.5318490630685153153, -0.3173363095237396458 ) ) ;
#6733 = CARTESIAN_POINT ( 'NONE',  ( 0.4100306961259970184, -0.2414499239931841845, -0.4078311011905853545 ) ) ;
#6734 = CARTESIAN_POINT ( 'NONE',  ( -0.007935269606038861459, -0.4731608362047540761, -0.4912574404761941294 ) ) ;
#6735 = B_SPLINE_SURFACE_WITH_KNOTS ( 'NONE', 1, 3, ( 
 ( #4714, #3521, #7217, #6601, #1569, #6024, #3557, #953, #3477, #6060, #373, #2891, #626, #2485, #3727, #2355, #7550, #4870, #6933, #6892, #1770, #3811, #6190, #7383, #3060, #4997, #8168, #6231, #2525, #6313, #6761, #4296, #1279, #1728, #6148, #666, #1113, #4252, #3642, #7510, #497, #3018, #7468, #5488, #3147, #4339, #4953, #6271, #8127, #5528, #4380, #8001, #3101, #5654, #8042, #2396, #8082, #5037, #5569, #4911, #7425, #1900, #6852, #1859, #541, #6810, #2438, #1156, #3685, #4419, #1819, #1197, #582, #5611, #1239, #3767, #4629, #7131, #2604, #4465, #2642, #7711, #7635, #2065, #7674, #1400, #6390, #4546, #7050, #5158, #824, #3271, #2107, #3931, #83, #3849, #786, #748, #5119, #6470, #161, #6433, #3187, #3226, #5695, #2021, #6509, #3309, #1480, #6973, #2682, #6351, #2562, #2723, #3346, #5813, #1358, #5239, #5195, #3888, #7592, #4588, #7093, #5075, #38, #4005, #1442, #3968, #5775, #5852, #199, #5734, #123, #7753, #1943, #1318, #705, #1984, #4507, #7012, #2801, #3466, #5358, #7790, #4116, #1595, #5935, #3505, #2257, #1676, #4155, #5312, #363, #4776, #245, #7283, #2143, #6668, #7245, #3389, #7905, #4663, #2297, #1558, #4201, #1632, #1021, #7331, #7169, #3547, #6626, #319, #866, #6050, #5896, #2218, #5276, #4079, #978, #282, #6590, #2762, #1520, #2881, #400, #4046, #7826, #2179, #6553, #904, #3428, #4817, #4703, #2918, #5433, #7206, #942, #5973, #2837, #7944, #7866, #4738, #6014, #5397, #1718, #4859, #7372, #6094, #7991, #2344, #2960, #6709, #1063, #3588, #442, #5476, #3897, #4637, #7101, #2569, #6980, #3354, #3976, #5860, #2732, #6479, #5203, #7141, #758, #1489, #92, #5166, #3233, #833, #1450, #7060, #7722, #3318, #7761, #2612, #2029, #3280, #5247, #5702, #5085, #7682, #1410, #5743, #6320, #3856, #3194, #2115, #45, #2076, #209, #1951, #1366, #7602, #673, #4474, #4598, #1325, #6358, #712, #5128, #7644, #1991, #4514, #5822, #2690, #5784, #7019, #6400, #169, #132, #2652, #4554, #3939, #6441, #795, #5051, #4974, #7402, #3703, #7565, #4271, #558, #1134, #7486, #6291, #6829, #683, #3204, #1173, #515, #6869, #3786, #6207, #642, #3744, #5631, #2460, #600, #3123, #1214, #1917, #1836, #6331, #8146, #4316, #8060, #5014, #4356, #3077, #2539, #4396, #2501, #1748, #7444, #6782, #6247, #2580, #7526, #5712, #3037, #6908, #2417, #3661, #6952, #4441, #1875, #5587, #1297, #1254, #3164, #5669, #5546, #14, #3829, #55, #4929, #6166, #1794, #8099, #141, #5914, #1375, #2124, #3327, #843, #3244, #4023, #2085, #3907, #5256, #222, #4607, #5832, #1961, #7151, #4485, #6532, #6488, #6411, #3408, #5793, #6991, #2663, #7110, #7770, #179, #4646, #263, #6368, #768, #1336, #886, #3365, #3289, #5096, #5176, #3866, #7692, #1459, #1500, #2700, #7612, #722, #5754, #2038, #102, #2621, #5137, #7654, #2001, #4524, #7028, #3985, #4564, #7072, #1419, #3948, #2741, #6450, #804, #5872, #7733, #5213, #1650, #4219, #380, #3564, #6726, #922, #5378, #6069, #2861, #4063, #4722, #2934, #5413, #2780, #3483, #416, #341, #5294, #7224, #5449, #7808, #4096, #4682, #7885, #4176, #2200, #1081, #3606, #1576, #6571, #2236, #7300, #6607, #6686, #7262, #998, #5991, #4133, #6644, #4755, #7961, #1612, #1695, #3527, #7847, #3448, #2899, #6031, #959, #2318, #7922, #2273, #2162, #2819, #7189, #4793, #6110, #1040, #1542, #5953, #4835, #300, #5332, #7349, #6280, #589, #6817, #2529, #3107, #8088, #5619, #4259, #6196, #8133, #3152, #1735, #4428, #1244, #3818, #3691, #1286, #4917, #5659, #6858, #4385, #6767, #7555, #2490 ),
 ( #5003, #1864, #461, #3774, #7432, #7515, #6897, #8007, #632, #7390, #4, #1203, #2981, #5041, #1120, #1906, #1162, #5495, #6942, #2361, #4877, #3649, #6154, #6236, #2446, #503, #3025, #5534, #1825, #8048, #547, #2404, #1777, #3066, #4305, #5576, #4961, #7475, #4345, #3733, #3232, #7140, #3855, #3193, #7760, #5701, #2075, #1449, #1950, #1365, #44, #6319, #3975, #4597, #2568, #7601, #2114, #1488, #6478, #832, #7643, #5821, #2689, #757, #7100, #5084, #168, #4636, #4473, #3896, #3353, #5742, #6399, #5202, #5859, #208, #2731, #5246, #672, #7721, #6979, #3279, #1324, #91, #5165, #2611, #6357, #711, #7059, #5127, #3317, #1990, #4513, #2028, #5783, #7018, #131, #2651, #7681, #1409, #4553, #3938, #6440, #794, #5904, #7340, #7951, #5367, #7874, #1566, #5404, #6635, #4053, #950, #2227, #6677, #4087, #875, #2306, #2925, #7912, #4746, #2264, #2152, #5440, #987, #290, #4165, #7290, #3517, #7253, #3398, #6057, #252, #4825, #4784, #2809, #4012, #4711, #2770, #6598, #6021, #1029, #1603, #3554, #6519, #5284, #5322, #7797, #4671, #7177, #1529, #6561, #912, #3437, #370, #5943, #7835, #5982, #2189, #1640, #2849, #3474, #407, #2888, #7214, #331, #4124, #7465, #2482, #3144, #7998, #4292, #4994, #1767, #2970, #3639, #1856, #4336, #1685, #2392, #7507, #7422, #4208, #6145, #4377, #6716, #3015, #3596, #6807, #578, #1110, #5651, #8165, #494, #5484, #1153, #6228, #5525, #3098, #6187, #8079, #4908, #3057, #5565, #3682, #6889, #538, #623, #2435, #6758, #2352, #1816, #4950, #8039, #1234, #6849, #1194, #1070, #1725, #6101, #3724, #5034, #5608, #2522, #4867, #8124, #7379, #450, #3763, #6268, #4249, #5731, #1439, #2018, #7009, #4543, #3184, #5116, #7671, #2062, #663, #3343, #158, #2720, #2601, #196, #3846, #4585, #745, #7632, #783, #7047, #7589, #4504, #5772, #7090, #1981, #4416, #5849, #6467, #3306, #1315, #1355, #3885, #6310, #2639, #120, #4462, #1397, #5810, #7547, #2679, #6348, #3928, #5192, #6929, #7708, #5692, #3965, #5155, #1897, #6430, #35, #821, #80, #1276, #3807, #2559, #5071, #1940, #6970, #702, #6387, #3223, #3268, #397, #6588, #1477, #5932, #5355, #2140, #279, #7128, #4002, #4735, #6623, #6506, #7166, #4660, #6047, #2759, #2104, #6665, #4626, #975, #360, #863, #2798, #3386, #5236, #2878, #3502, #5893, #241, #1018, #7750, #5394, #7901, #6550, #7242, #1592, #7823, #6011, #5273, #4113, #3544, #7787, #5308, #2254, #1517, #2176, #4773, #7280, #1629, #4152, #4043, #901, #3425, #4700, #7203, #1555, #4076, #939, #3463, #5970, #316, #2834, #7863, #2215, #4367, #7368, #6794, #5515, #1846, #2293, #7327, #4280, #6177, #1100, #1672, #2381, #7454, #4813, #6256, #6878, #1143, #524, #4898, #2915, #6216, #5430, #3672, #4197, #3628, #3046, #7987, #6135, #6705, #1059, #2425, #4326, #3584, #4855, #2340, #3753, #438, #7941, #1223, #6090, #6839, #567, #2956, #484, #5472, #1714, #3086, #1184, #4239, #6748, #3005, #8028, #5596, #8111, #7412, #4938, #1805, #1757, #3713, #5555, #2470, #8069, #4984, #7496, #3297, #5682, #3836, #2629, #5801, #6419, #148, #5184, #775, #7661, #7081, #3213, #1427, #2549, #7621, #24, #2671, #1385, #1345, #2008, #5762, #2051, #5059, #4493, #5721, #7700, #8155, #5024, #1971, #3875, #6960, #7537, #65, #5144, #2511, #3956, #4575, #6999, #6376, #6338, #4533, #3256, #653, #2591, #733, #611, #692, #5641, #3134, #1884, #7037, #7576, #5106, #110, #4405, #3919, #6918, #1929, #1264, #3797, #6300, #3174, #4452, #1305, #7962, #5840, #2319, #5227, #1696, #4794, #812, #5450 ) ),
 .UNSPECIFIED., .F., .F., .F.,
 ( 2, 2 ),
 ( 4, 2, 2, 2, 2, 2, 2, 2, 2, 2, 2, 2, 2, 2, 2, 2, 2, 2, 2, 2, 2, 2, 2, 2, 2, 2, 2, 2, 2, 2, 2, 2, 2, 2, 2, 2, 2, 2, 2, 2, 2, 2, 2, 2, 2, 2, 2, 2, 2, 2, 2, 2, 2, 2, 2, 2, 2, 2, 2, 2, 2, 2, 2, 2, 2, 2, 2, 2, 2, 2, 2, 2, 2, 2, 2, 2, 2, 2, 2, 2, 2, 2, 2, 2, 2, 2, 2, 2, 2, 2, 2, 2, 2, 2, 2, 2, 2, 2, 2, 2, 2, 2, 2, 2, 2, 2, 2, 2, 2, 2, 2, 2, 2, 2, 2, 2, 2, 2, 2, 2, 2, 2, 2, 2, 2, 2, 2, 2, 2, 2, 2, 2, 2, 2, 2, 2, 2, 2, 2, 2, 2, 2, 2, 2, 2, 2, 2, 2, 2, 2, 2, 2, 2, 2, 2, 2, 2, 2, 2, 2, 2, 2, 2, 2, 2, 2, 2, 2, 2, 2, 2, 2, 2, 2, 2, 2, 2, 2, 2, 2, 2, 2, 2, 2, 2, 2, 2, 2, 2, 2, 2, 2, 2, 2, 2, 2, 2, 2, 2, 2, 2, 2, 2, 2, 2, 2, 2, 2, 2, 2, 2, 2, 2, 2, 2, 2, 2, 2, 2, 2, 2, 2, 2, 2, 2, 2, 2, 2, 2, 2, 2, 2, 2, 2, 2, 2, 2, 2, 2, 2, 2, 2, 2, 2, 2, 2, 2, 4 ),
 ( 0.000000000000000000, 1.000000000000000000 ),
 ( 0.000000000000000000, 0.003906250000000000000, 0.007812500000000000000, 0.01171875000000000000, 0.01562500000000000000, 0.01953125000000000000, 0.02343750000000000000, 0.02734375000000000000, 0.03125000000000000000, 0.03515625000000000000, 0.03906250000000000000, 0.04296875000000000000, 0.04687500000000000000, 0.05078125000000000000, 0.05468750000000000000, 0.05859375000000000000, 0.06250000000000000000, 0.06640625000000000000, 0.07031250000000000000, 0.07421875000000000000, 0.07812500000000000000, 0.08203125000000000000, 0.08593750000000000000, 0.08984375000000000000, 0.09375000000000000000, 0.09765625000000000000, 0.1015625000000000000, 0.1054687500000000000, 0.1093750000000000000, 0.1132812500000000000, 0.1171875000000000000, 0.1210937500000000000, 0.1250000000000000000, 0.1289062500000000000, 0.1328125000000000000, 0.1367187500000000000, 0.1406250000000000000, 0.1445312500000000000, 0.1484375000000000000, 0.1523437500000000000, 0.1562500000000000000, 0.1601562500000000000, 0.1640625000000000000, 0.1679687500000000000, 0.1718750000000000000, 0.1757812500000000000, 0.1796875000000000000, 0.1835937500000000000, 0.1875000000000000000, 0.1914062500000000000, 0.1953125000000000000, 0.1992187500000000000, 0.2031250000000000000, 0.2070312500000000000, 0.2109375000000000000, 0.2148437500000000000, 0.2187500000000000000, 0.2226562500000000000, 0.2265625000000000000, 0.2304687500000000000, 0.2343750000000000000, 0.2382812500000000000, 0.2421875000000000000, 0.2460937500000000000, 0.2500000000000000000, 0.2539062500000000000, 0.2578125000000000000, 0.2617187500000000000, 0.2656250000000000000, 0.2695312500000000000, 0.2734375000000000000, 0.2773437500000000000, 0.2812500000000000000, 0.2851562500000000000, 0.2890625000000000000, 0.2929687500000000000, 0.2968750000000000000, 0.3007812500000000000, 0.3046875000000000000, 0.3085937500000000000, 0.3125000000000000000, 0.3164062500000000000, 0.3203125000000000000, 0.3242187500000000000, 0.3281250000000000000, 0.3320312500000000000, 0.3359375000000000000, 0.3398437500000000000, 0.3437500000000000000, 0.3476562500000000000, 0.3515625000000000000, 0.3554687500000000000, 0.3593750000000000000, 0.3632812500000000000, 0.3671875000000000000, 0.3710937500000000000, 0.3750000000000000000, 0.3789062500000000000, 0.3828125000000000000, 0.3867187500000000000, 0.3906250000000000000, 0.3945312500000000000, 0.3984375000000000000, 0.4023437500000000000, 0.4062500000000000000, 0.4101562500000000000, 0.4140625000000000000, 0.4179687500000000000, 0.4218750000000000000, 0.4257812500000000000, 0.4296875000000000000, 0.4335937500000000000, 0.4375000000000000000, 0.4414062500000000000, 0.4453125000000000000, 0.4492187500000000000, 0.4531250000000000000, 0.4570312500000000000, 0.4609375000000000000, 0.4648437500000000000, 0.4687500000000000000, 0.4726562500000000000, 0.4765625000000000000, 0.4804687500000000000, 0.4843750000000000000, 0.4882812500000000000, 0.4921875000000000000, 0.4960937500000000000, 0.5000000000000000000, 0.5039062500000000000, 0.5078125000000000000, 0.5117187500000000000, 0.5156250000000000000, 0.5195312500000000000, 0.5234375000000000000, 0.5273437500000000000, 0.5312500000000000000, 0.5351562500000000000, 0.5390625000000000000, 0.5429687500000000000, 0.5468750000000000000, 0.5507812500000000000, 0.5546875000000000000, 0.5585937500000000000, 0.5625000000000000000, 0.5664062500000000000, 0.5703125000000000000, 0.5742187500000000000, 0.5781250000000000000, 0.5820312500000000000, 0.5859375000000000000, 0.5898437500000000000, 0.5937500000000000000, 0.5976562500000000000, 0.6015625000000000000, 0.6054687500000000000, 0.6093750000000000000, 0.6132812500000000000, 0.6171875000000000000, 0.6210937500000000000, 0.6250000000000000000, 0.6289062500000000000, 0.6328125000000000000, 0.6367187500000000000, 0.6406250000000000000, 0.6445312500000000000, 0.6484375000000000000, 0.6523437500000000000, 0.6562500000000000000, 0.6601562500000000000, 0.6640625000000000000, 0.6679687500000000000, 0.6718750000000000000, 0.6757812500000000000, 0.6796875000000000000, 0.6835937500000000000, 0.6875000000000000000, 0.6914062500000000000, 0.6953125000000000000, 0.6992187500000000000, 0.7031250000000000000, 0.7070312500000000000, 0.7109375000000000000, 0.7148437500000000000, 0.7187500000000000000, 0.7226562500000000000, 0.7265625000000000000, 0.7304687500000000000, 0.7343750000000000000, 0.7382812500000000000, 0.7421875000000000000, 0.7460937500000000000, 0.7500000000000000000, 0.7539062500000000000, 0.7578125000000000000, 0.7617187500000000000, 0.7656250000000000000, 0.7695312500000000000, 0.7734375000000000000, 0.7773437500000000000, 0.7812500000000000000, 0.7851562500000000000, 0.7890625000000000000, 0.7929687500000000000, 0.7968750000000000000, 0.8007812500000000000, 0.8046875000000000000, 0.8085937500000000000, 0.8125000000000000000, 0.8164062500000000000, 0.8203125000000000000, 0.8242187500000000000, 0.8281250000000000000, 0.8320312500000000000, 0.8359375000000000000, 0.8398437500000000000, 0.8437500000000000000, 0.8476562500000000000, 0.8515625000000000000, 0.8554687500000000000, 0.8593750000000000000, 0.8632812500000000000, 0.8671875000000000000, 0.8710937500000000000, 0.8750000000000000000, 0.8789062500000000000, 0.8828125000000000000, 0.8867187500000000000, 0.8906250000000000000, 0.8945312500000000000, 0.8984375000000000000, 0.9023437500000000000, 0.9062500000000000000, 0.9101562500000000000, 0.9140625000000000000, 0.9179687500000000000, 0.9218750000000000000, 0.9257812500000000000, 0.9296875000000000000, 0.9335937500000000000, 0.9375000000000000000, 0.9414062500000000000, 0.9453125000000000000, 0.9492187500000000000, 0.9531250000000000000, 0.9570312500000000000, 0.9609375000000000000, 0.9615384692064466998 ),
 .UNSPECIFIED. ) ;
#6736 = CARTESIAN_POINT ( 'NONE',  ( -0.1511859145324370712, -0.4459504594288997148, -0.5751488095238356246 ) ) ;
#6737 = CARTESIAN_POINT ( 'NONE',  ( 0.03157812432324470092, -0.4789268479248011134, -0.2849702380952994774 ) ) ;
#6738 = ORIENTED_EDGE ( 'NONE', *, *, #3918, .F. ) ;
#6739 = CARTESIAN_POINT ( 'NONE',  ( -0.3976267783485043505, 0.2425592546069036959, -0.7294456845238583842 ) ) ;
#6740 = CARTESIAN_POINT ( 'NONE',  ( 0.04334425467148772526, 0.5884098439115702517, -0.03300125126917644036 ) ) ;
#6741 = CARTESIAN_POINT ( 'NONE',  ( 0.4285473182853982710, 0.2670874017004330470, -0.8586396688332316174 ) ) ;
#6742 = CARTESIAN_POINT ( 'NONE',  ( -0.4233055399042963685, -0.3030764440124857351, -0.6848958333334764781 ) ) ;
#6743 = CARTESIAN_POINT ( 'NONE',  ( 0.07221096132726914640, 0.4619779912101990016, -0.6714099702380051937 ) ) ;
#6744 = CARTESIAN_POINT ( 'NONE',  ( -0.3708117980918850809, 0.2705698606041875842, -0.9535900297619848143 ) ) ;
#6745 = CARTESIAN_POINT ( 'NONE',  ( -0.08539344069493334799, 0.5139117535932733460, -0.3452404577064565050 ) ) ;
#6746 = ORIENTED_EDGE ( 'NONE', *, *, #6026, .F. ) ;
#6747 = B_SPLINE_CURVE_WITH_KNOTS ( 'NONE', 3,
 ( #1759, #2513, #6137, #8113, #486, #2427, #3007, #1186, #3630, #4454, #6302, #6218, #3048, #4282, #2472, #5026, #3715, #4986, #5061, #7498, #6880, #4940, #5517, #1225, #3755, #7456, #8030, #1145, #7578, #6258, #3674, #1931, #613, #7539, #1886, #6920, #8071, #1266, #3799, #655, #3176, #1807, #5684, #150, #3215, #5887, #7743, #4618 ),
 .UNSPECIFIED., .F., .F.,
 ( 4, 2, 2, 2, 2, 2, 2, 2, 2, 2, 2, 2, 2, 2, 2, 2, 2, 2, 2, 2, 2, 2, 2, 4 ),
 ( 0.6788906158017764536, 0.6814132481820435183, 0.6826745643721771062, 0.6839358805623105830, 0.6864585129425776477, 0.6877198291327112356, 0.6889811453228447125, 0.6915037777031117772, 0.6940264100833788419, 0.6952877262735124297, 0.6965490424636459066, 0.6990716748439129713, 0.7015943072241800360, 0.7041169396044471007, 0.7053782557945806886, 0.7066395719847141654, 0.7079008881748477533, 0.7091622043649812301, 0.7116848367452484059, 0.7129461529353818827, 0.7142074691255154706, 0.7167301015057825353, 0.7179914176959160121, 0.7192527338860496000 ),
 .UNSPECIFIED. ) ;
#6748 = CARTESIAN_POINT ( 'NONE',  ( -0.3704194878040137917, -0.3762250431492973335, -0.3949962797618344901 ) ) ;
#6749 = CARTESIAN_POINT ( 'NONE',  ( 0.1317725031834193761, -0.4899306262868279860, -0.8084171300299871632 ) ) ;
#6750 = CARTESIAN_POINT ( 'NONE',  ( 0.3003444173333713052, -0.4186545408972619509, -0.5286320771525327977 ) ) ;
#6751 = CARTESIAN_POINT ( 'NONE',  ( 0.4483449188989361844, 0.2441460177590445702, -1.007719494047648157 ) ) ;
#6752 = CARTESIAN_POINT ( 'NONE',  ( 0.2002453840737347668, 0.4149864739730162455, -0.8890438988096223127 ) ) ;
#6753 = CARTESIAN_POINT ( 'NONE',  ( -0.4548081310057441318, -0.2532468680370066894, -0.2499999999999998890 ) ) ;
#6754 = CARTESIAN_POINT ( 'NONE',  ( -0.4275820676534115017, -0.1855616523396945716, -0.7274925595238017628 ) ) ;
#6755 = CARTESIAN_POINT ( 'NONE',  ( -0.1578332925115784047, 0.4521909036648159574, -0.3176153273809720345 ) ) ;
#6756 = CARTESIAN_POINT ( 'NONE',  ( 0.4247441804017625389, 0.1720699491735209474, -0.9688430059523458482 ) ) ;
#6757 = CARTESIAN_POINT ( 'NONE',  ( 0.2501305147451457489, -0.3807355982015051543, -1.055896577381008949 ) ) ;
#6758 = CARTESIAN_POINT ( 'NONE',  ( -0.4739477754443828794, -0.2056838679902767975, -0.7565104166666253294 ) ) ;
#6759 = CARTESIAN_POINT ( 'NONE',  ( 0.000000000000000000, 0.000000000000000000, 0.4759999999999999787 ) ) ;
#6760 = CARTESIAN_POINT ( 'NONE',  ( 0.4801289773282751971, 0.1632115294520891380, -0.7898220888676784623 ) ) ;
#6761 = CARTESIAN_POINT ( 'NONE',  ( 0.4556513776661473836, -0.01473877824925588081, -1.053943452380912804 ) ) ;
#6762 = CARTESIAN_POINT ( 'NONE',  ( -0.2704566222684147703, -0.4354472077970719113, -0.6134564071712745870 ) ) ;
#6763 = CARTESIAN_POINT ( 'NONE',  ( 0.3754282004472574985, 4.732820233242288201E-17, 1.185470590824565962 ) ) ;
#6764 = CARTESIAN_POINT ( 'NONE',  ( 0.2746230834341050198, 0.3643190129184961656, -1.043061755952436886 ) ) ;
#6765 = CARTESIAN_POINT ( 'NONE',  ( -0.3156253505682618532, -0.4123044581483040760, -0.4002854520555556017 ) ) ;
#6766 = CARTESIAN_POINT ( 'NONE',  ( -0.4641847468477753313, -0.1201150749282357127, -0.2917596726190588297 ) ) ;
#6767 = CARTESIAN_POINT ( 'NONE',  ( -0.01569040869873600599, -0.4792711689390986574, -0.2146577357218155402 ) ) ;
#6769 = CARTESIAN_POINT ( 'NONE',  ( -0.4958656162310661197, 0.1680524497510750837, -0.2615433847637613773 ) ) ;
#6768 = CARTESIAN_POINT ( 'NONE',  ( -0.1311795212136954158, -0.4918727644861657367, -0.7529640234935520704 ) ) ;
#6770 = FACE_OUTER_BOUND ( 'NONE', #186, .T. ) ;
#6771 = CARTESIAN_POINT ( 'NONE',  ( 0.08254291800035186422, 0.5026760891700315925, -0.7161360538096678274 ) ) ;
#6772 = EDGE_CURVE ( 'NONE', #4723, #1337, #6790, .T. ) ;
#6773 = CARTESIAN_POINT ( 'NONE',  ( -0.5132593150485498246, 0.1463520680782050276, -0.2665550595238975196 ) ) ;
#6774 = EDGE_CURVE ( 'NONE', #3783, #2820, #643, .T. ) ;
#6775 = CARTESIAN_POINT ( 'NONE',  ( 0.08533776996781303192, -0.4700870620919144205, -0.3461681547619747668 ) ) ;
#6776 = CARTESIAN_POINT ( 'NONE',  ( 0.3785315267326733735, 0.2853262875639183682, -0.4658668154762093394 ) ) ;
#6777 = CARTESIAN_POINT ( 'NONE',  ( 0.4453283897284283088, 0.1554379278579909041, -0.5497581845238027620 ) ) ;
#6778 = CARTESIAN_POINT ( 'NONE',  ( -0.4246688479245024905, -0.2179148219212825033, -0.3696056547618056243 ) ) ;
#6779 = EDGE_CURVE ( 'NONE', #4683, #3909, #738, .T. ) ;
#6780 = ORIENTED_EDGE ( 'NONE', *, *, #3111, .F. ) ;
#6781 = CARTESIAN_POINT ( 'NONE',  ( -0.2173050918845980950, 0.4142813702523318042, -0.6641555059524296700 ) ) ;
#6782 = CARTESIAN_POINT ( 'NONE',  ( -0.2557840987001862021, 0.3970636550452346647, -0.5292038690475870943 ) ) ;
#6783 = VECTOR ( 'NONE', #1236, 39.37007874015748854 ) ;
#6784 = CARTESIAN_POINT ( 'NONE',  ( -0.2656249999999998890, 0.4600759957604831363, 0.000000000000000000 ) ) ;
#6785 = CARTESIAN_POINT ( 'NONE',  ( -0.3750000000000000555, 0.000000000000000000, 0.7139999999999999680 ) ) ;
#6786 = CARTESIAN_POINT ( 'NONE',  ( -0.3755002574789232939, 0.3631247966720640430, -0.6292782738094877537 ) ) ;
#6787 = CARTESIAN_POINT ( 'NONE',  ( -0.2996288488348627932, 0.3593649443457991310, -0.6617373511904274253 ) ) ;
#6788 = CARTESIAN_POINT ( 'NONE',  ( 0.2507461530452886334, 0.4359462374763289350, -0.9244812690011587897 ) ) ;
#6789 = CARTESIAN_POINT ( 'NONE',  ( -0.3975040157342769054, 0.2340736271075582187, -0.8810453869047064623 ) ) ;
#6790 = CIRCLE ( 'NONE', #3245, 0.3975000000000000755 ) ;
#6791 = CARTESIAN_POINT ( 'NONE',  ( -0.5140851064067178955, 0.08511854992368038386, -0.3411442005234741059 ) ) ;
#6792 = ORIENTED_EDGE ( 'NONE', *, *, #4024, .F. ) ;
#6793 = AXIS2_PLACEMENT_3D ( 'NONE', #2406, #4919, #6860 ) ;
#6794 = CARTESIAN_POINT ( 'NONE',  ( -0.4673444115635766449, 0.2398227851509404374, -0.4808407738095257788 ) ) ;
#6795 = CARTESIAN_POINT ( 'NONE',  ( 0.3346348323889358767, -0.3815684395200837908, -0.8032102877457005796 ) ) ;
#6796 = CARTESIAN_POINT ( 'NONE',  ( 0.000000000000000000, -4.528468093915398346E-17, 1.185470590824565962 ) ) ;
#6797 = CARTESIAN_POINT ( 'NONE',  ( 0.3073873862393217138, 0.4077854069684818117, -1.002883184523871263 ) ) ;
#6798 = CIRCLE ( 'NONE', #6937, 0.5312500000000000000 ) ;
#6799 = CARTESIAN_POINT ( 'NONE',  ( -0.2617115456786014982, -0.3778070342644269664, -0.9265252976190365697 ) ) ;
#6800 = CARTESIAN_POINT ( 'NONE',  ( -0.5081685820651985486, -0.06729655558012828664, -0.6134730790284799173 ) ) ;
#6801 = CIRCLE ( 'NONE', #7593, 0.005000000000000000104 ) ;
#6802 = CARTESIAN_POINT ( 'NONE',  ( -0.4312868126803371394, -0.1825859027117952005, -0.6561569940475985296 ) ) ;
#6803 = CARTESIAN_POINT ( 'NONE',  ( 0.4804283687299635841, -0.008057090531515700635, -0.2680431547619410160 ) ) ;
#6804 = CARTESIAN_POINT ( 'NONE',  ( -0.3055571189908749541, 0.3424551926235498422, -0.9470796130951656400 ) ) ;
#6805 = LOCAL_TIME ( 0, 50, 45.00000000000000000, #1464 ) ;
#6806 = DIRECTION ( 'NONE',  ( 1.000000000000000000, 0.000000000000000000, 0.000000000000000000 ) ) ;
#6807 = CARTESIAN_POINT ( 'NONE',  ( 0.4990432794935325544, 0.1291355751523977080, -0.7939918154762439784 ) ) ;
#6808 = DIRECTION ( 'NONE',  ( 0.000000000000000000, 0.000000000000000000, 1.000000000000000000 ) ) ;
#6809 = CARTESIAN_POINT ( 'NONE',  ( 0.1785668819228492799, 0.4749645626759921302, -0.7797763954070418002 ) ) ;
#6810 = CARTESIAN_POINT ( 'NONE',  ( 0.3562054075543639176, -0.2877251866621600707, -0.9898623511906585737 ) ) ;
#6811 = CARTESIAN_POINT ( 'NONE',  ( 1.870693760057053905E-17, 0.6134346610139772560, -0.2025506638403221649 ) ) ;
#6812 = CARTESIAN_POINT ( 'NONE',  ( 0.000000000000000000, 0.000000000000000000, -0.9999999999999998890 ) ) ;
#6813 = CARTESIAN_POINT ( 'NONE',  ( -0.07434640876555832778, -0.4491718383663877434, -1.073288690476117857 ) ) ;
#6814 = CARTESIAN_POINT ( 'NONE',  ( -0.3908759283534334883, -0.3429879233058275578, -0.4025171783394801417 ) ) ;
#6815 = AXIS2_PLACEMENT_3D ( 'NONE', #5344, #2248, #5464 ) ;
#6816 = CARTESIAN_POINT ( 'NONE',  ( 0.4918503028078090034, 0.1006037356896333501, -0.9441340197651778565 ) ) ;
#6817 = CARTESIAN_POINT ( 'NONE',  ( -0.05517016009780602304, 0.4779287126994465340, -0.2486979166667140084 ) ) ;
#6819 = CARTESIAN_POINT ( 'NONE',  ( 0.5214803480173488825, 0.03413518546302100193, -0.2928042071666330792 ) ) ;
#6818 = CARTESIAN_POINT ( 'NONE',  ( -0.4816614794045915859, -0.1637063315783653106, -0.7641298520356337720 ) ) ;
#6820 = CARTESIAN_POINT ( 'NONE',  ( -0.4311076656461713674, 0.2679564263166540061, -0.7741792725975623624 ) ) ;
#6821 = CARTESIAN_POINT ( 'NONE',  ( 0.4570608794036106759, 0.2260500249057481315, -0.7269214669092201042 ) ) ;
#6822 = CARTESIAN_POINT ( 'NONE',  ( -0.008933503648880326831, 0.5331880833321179791, -0.2810639880952110481 ) ) ;
#6823 = CARTESIAN_POINT ( 'NONE',  ( -0.1643909829233869135, -0.4483971015601971311, -0.3522135416666262731 ) ) ;
#6824 = CARTESIAN_POINT ( 'NONE',  ( 0.08472363206074974562, 0.4666596383400640202, -0.4574032738094737649 ) ) ;
#6825 = CARTESIAN_POINT ( 'NONE',  ( 0.3865361488693651038, 0.2820333654704741400, -0.3321242559523182036 ) ) ;
#6826 = ORIENTED_EDGE ( 'NONE', *, *, #5670, .T. ) ;
#6827 = CARTESIAN_POINT ( 'NONE',  ( 0.2379474349356683338, -0.4040983416256335725, -0.6278831845238800335 ) ) ;
#6829 = CARTESIAN_POINT ( 'NONE',  ( -0.3868993233485205074, -0.2680000824405688875, -0.5824032738094989670 ) ) ;
#6828 = PRODUCT_DEFINITION ( 'UNKNOWN', '', #4171, #5902 ) ;
#6830 = CARTESIAN_POINT ( 'NONE',  ( 0.5114778665018188120, 0.06774306677170882640, -0.5063334188813377601 ) ) ;
#6831 = DIRECTION ( 'NONE',  ( 0.000000000000000000, 1.047310526070460688E-16, -1.000000000000000000 ) ) ;
#6832 = CARTESIAN_POINT ( 'NONE',  ( -0.4125448880992343970, 0.3168230032613850722, -0.6994047619048057163 ) ) ;
#6833 = EDGE_CURVE ( 'NONE', #1142, #3484, #3427, .T. ) ;
#6834 = CARTESIAN_POINT ( 'NONE',  ( 0.3541447327384997235, -0.3007173399823451221, -0.7669270833331682802 ) ) ;
#6835 = CARTESIAN_POINT ( 'NONE',  ( 0.2649959488767038573, 0.4274251443346864798, -0.9248545790909254993 ) ) ;
#6836 = CARTESIAN_POINT ( 'NONE',  ( 0.3275408974087131164, -0.3162454117954884847, -0.9908719878281371241 ) ) ;
#6837 = CARTESIAN_POINT ( 'NONE',  ( -0.01729238237699649849, 0.5203102111940032248, -0.3567659830929327813 ) ) ;
#6838 = ORIENTED_EDGE ( 'NONE', *, *, #631, .T. ) ;
#6839 = CARTESIAN_POINT ( 'NONE',  ( -0.4051008055369159644, 0.3377732097880170037, -0.4119233630951768532 ) ) ;
#6840 = CARTESIAN_POINT ( 'NONE',  ( -0.5056220859128941481, -0.01668931279984443156, -0.8288817605534619659 ) ) ;
#6841 = CARTESIAN_POINT ( 'NONE',  ( -0.4872052637816088883, -0.1656162466041210535, -0.5498425315740560482 ) ) ;
#6842 = CARTESIAN_POINT ( 'NONE',  ( 0.3218746334737983550, -0.3984960398041184626, -0.9521019345238826981 ) ) ;
#6843 = CARTESIAN_POINT ( 'NONE',  ( -0.3976554141984355306, 0.2293799134997778766, -0.9434523809523126525 ) ) ;
#6844 = CARTESIAN_POINT ( 'NONE',  ( -0.4114029861759547213, -0.3234492458821650041, -0.2499999999999998335 ) ) ;
#6845 = CARTESIAN_POINT ( 'NONE',  ( -0.05401443835730521115, -0.4678482085103229382, -0.5727306547618785659 ) ) ;
#6846 = CARTESIAN_POINT ( 'NONE',  ( 0.5044984794012482565, 1.690330946079762854E-15, -0.8649698655860320606 ) ) ;
#6847 = CARTESIAN_POINT ( 'NONE',  ( 0.4434397747892278585, -0.1147550294992412817, -0.9760974702380176282 ) ) ;
#6848 = DIRECTION ( 'NONE',  ( 1.000000000000000000, 0.000000000000000000, 0.000000000000000000 ) ) ;
#6849 = CARTESIAN_POINT ( 'NONE',  ( -0.1048080732737464021, -0.5062605987494800397, -0.7456287202380825763 ) ) ;
#6850 = DIRECTION ( 'NONE',  ( 0.03112001302225914090, 0.000000000000000000, 0.9995156550997559286 ) ) ;
#6851 = CARTESIAN_POINT ( 'NONE',  ( -0.3351579250675479904, 0.3814963323257613559, -0.7674928927431715620 ) ) ;
#6852 = CARTESIAN_POINT ( 'NONE',  ( 0.1613941420406369842, -0.4283076835023504891, -0.9959077380951416592 ) ) ;
#6853 = DIRECTION ( 'NONE',  ( -1.000000000000000000, 0.000000000000000000, 0.000000000000000000 ) ) ;
#6854 = CARTESIAN_POINT ( 'NONE',  ( 0.000000000000000000, 0.000000000000000000, -0.9749999999999997558 ) ) ;
#6855 = CARTESIAN_POINT ( 'NONE',  ( 0.3202333648982714220, 0.3311463894362740024, -0.9015997023809592115 ) ) ;
#6856 = CARTESIAN_POINT ( 'NONE',  ( -0.1341395839314910576, -0.5026191804545316888, -0.3958158357328206978 ) ) ;
#6857 = CARTESIAN_POINT ( 'NONE',  ( 0.1905723301367895084, 0.4391076952329841521, -0.3171502976191012957 ) ) ;
#6858 = CARTESIAN_POINT ( 'NONE',  ( -0.1249623340588343623, -0.4656084735120807894, -0.2172619047618876420 ) ) ;
#6860 = DIRECTION ( 'NONE',  ( -1.000000000000000000, 0.000000000000000000, 0.000000000000000000 ) ) ;
#6859 = CARTESIAN_POINT ( 'NONE',  ( -0.4034645125844623648, -0.3100509519213549003, -0.7604005681327198340 ) ) ;
#6861 = CARTESIAN_POINT ( 'NONE',  ( -0.03370584576468510507, 0.5061404573967628329, -0.7849594079473648511 ) ) ;
#6862 = DIRECTION ( 'NONE',  ( 0.03112001302225914090, 0.000000000000000000, 0.9995156550997559286 ) ) ;
#6863 = CARTESIAN_POINT ( 'NONE',  ( -0.02206915786410643815, -0.5339040010106973488, -0.2460007440475919793 ) ) ;
#6864 = CARTESIAN_POINT ( 'NONE',  ( 0.3504130177248177547, 0.3225933881231627942, -0.3933221726189665701 ) ) ;
#6865 = CARTESIAN_POINT ( 'NONE',  ( -0.4223756348873914379, 0.2167470068248930903, -0.4428943452380849077 ) ) ;
#6866 = CARTESIAN_POINT ( 'NONE',  ( 0.3817318570792529453, -0.2877486189469768418, -0.3466331845238350695 ) ) ;
#6867 = ORIENTED_EDGE ( 'NONE', *, *, #4665, .T. ) ;
#6868 = CARTESIAN_POINT ( 'NONE',  ( 0.4320514421399562210, -0.1829182641593205538, -0.6206287202380768031 ) ) ;
#6869 = CARTESIAN_POINT ( 'NONE',  ( -0.05401443834545541223, -0.4678482085087645737, -0.5727306547619253063 ) ) ;
#6870 = CARTESIAN_POINT ( 'NONE',  ( 0.2278413387914842159, 0.4633001488782760302, -0.4951669779396177251 ) ) ;
#6871 = CARTESIAN_POINT ( 'NONE',  ( 0.5175299870238869726, -4.225827365199407135E-16, -0.4464226153306207756 ) ) ;
#6872 = CARTESIAN_POINT ( 'NONE',  ( 0.3137154118644098766, -0.4161936393991732541, -0.6667596726192652756 ) ) ;
#6873 = CARTESIAN_POINT ( 'NONE',  ( -0.1428578307778165246, -0.4439964220273800444, -0.7088913690476100760 ) ) ;
#6874 = DIRECTION ( 'NONE',  ( -1.000000000000000000, 0.000000000000000000, 0.000000000000000000 ) ) ;
#6875 = CARTESIAN_POINT ( 'NONE',  ( 0.01485804442645329189, -0.4595858647268622477, -0.9281994047620454324 ) ) ;
#6876 = CARTESIAN_POINT ( 'NONE',  ( 3.549150903161243875E-17, -0.6134346610139772560, -0.04744933615967770330 ) ) ;
#6877 = ORIENTED_EDGE ( 'NONE', *, *, #6720, .F. ) ;
#6878 = CARTESIAN_POINT ( 'NONE',  ( 0.04277596783743745079, -0.5243005796586481804, -0.4566592261904779404 ) ) ;
#6879 = CARTESIAN_POINT ( 'NONE',  ( -0.4388458652528782200, -0.2536455789731942856, -0.8233053527921844195 ) ) ;
#6880 = CARTESIAN_POINT ( 'NONE',  ( -0.1151039959881597491, 0.4918051674935019490, -0.8545255422216594399 ) ) ;
#6881 = CARTESIAN_POINT ( 'NONE',  ( 0.3492096567292723441, 0.3725439990685866509, -1.004092261904821815 ) ) ;
#6882 = CARTESIAN_POINT ( 'NONE',  ( -0.3978350014246038735, -0.2342592864856854196, -0.8600260416666769547 ) ) ;
#6883 = CARTESIAN_POINT ( 'NONE',  ( 0.5002943035887735812, 0.000000000000000000, -0.9999999999999998890 ) ) ;
#6884 = DIRECTION ( 'NONE',  ( -0.03112001302225914090, 3.811102433713360910E-18, 0.9995156550997559286 ) ) ;
#6885 = ORIENTED_EDGE ( 'NONE', *, *, #4718, .F. ) ;
#6886 = CARTESIAN_POINT ( 'NONE',  ( 0.3849665299868876289, -0.2480005894665365251, -0.9797247023808821620 ) ) ;
#6887 = ADVANCED_FACE ( 'NONE', ( #1557 ), #4037, .F. ) ;
#6888 = DIRECTION ( 'NONE',  ( 0.000000000000000000, 0.000000000000000000, 1.000000000000000000 ) ) ;
#6889 = CARTESIAN_POINT ( 'NONE',  ( -0.5029829306926065779, 0.1170720378162456582, -0.7637648809523719384 ) ) ;
#6890 = CARTESIAN_POINT ( 'NONE',  ( 0.4461677158522461828, -5.463978651013390971E-17, -0.9999999999999998890 ) ) ;
#6891 = CARTESIAN_POINT ( 'NONE',  ( -0.08316013011253485521, 0.5007474621929119962, -0.7738104299847745615 ) ) ;
#6892 = CARTESIAN_POINT ( 'NONE',  ( -0.07434640875403623894, -0.4491718383692632766, -1.073288690476196905 ) ) ;
#6893 = FACE_OUTER_BOUND ( 'NONE', #5177, .T. ) ;
#6894 = CARTESIAN_POINT ( 'NONE',  ( -0.3393233471536227230, 0.3123947890864379184, -0.8834635416667220298 ) ) ;
#6895 = CARTESIAN_POINT ( 'NONE',  ( -0.5186534641584162886, -0.01692437768187003005, -0.4103386656450797032 ) ) ;
#6896 = CARTESIAN_POINT ( 'NONE',  ( -0.4783210788760401955, 0.03154615765227792440, -0.2953869047618170596 ) ) ;
#6897 = CARTESIAN_POINT ( 'NONE',  ( -0.3798622525571778152, 0.3328679674516747955, -1.126488095238176390 ) ) ;
#6899 = CARTESIAN_POINT ( 'NONE',  ( -0.5312500000000001110, 0.2068759643630368739, -0.02121074866754198845 ) ) ;
#6898 = DIRECTION ( 'NONE',  ( -1.000000000000000000, 0.000000000000000000, 0.000000000000000000 ) ) ;
#6900 = CARTESIAN_POINT ( 'NONE',  ( -0.4397491996499664491, 0.2535533796838849718, -0.7738033063650130439 ) ) ;
#6901 = CARTESIAN_POINT ( 'NONE',  ( 0.3750000000000000555, 4.730198261706652690E-17, 0.7139999999999999680 ) ) ;
#6902 = CARTESIAN_POINT ( 'NONE',  ( -0.4186646101274608123, 0.1772507950567943913, -1.084914434523827964 ) ) ;
#6903 = CARTESIAN_POINT ( 'NONE',  ( -0.4523088587186057108, -0.1658165903690182463, -0.2192150297618828958 ) ) ;
#6904 = CARTESIAN_POINT ( 'NONE',  ( 0.4651851351680970637, -0.1006683850601932523, -0.4042038690476433827 ) ) ;
#6905 = CARTESIAN_POINT ( 'NONE',  ( 0.4144485232829677179, 0.2390573106265057590, -0.3333333333332992865 ) ) ;
#6906 = ORIENTED_EDGE ( 'NONE', *, *, #884, .F. ) ;
#6907 = CARTESIAN_POINT ( 'NONE',  ( -0.4701808895327664883, 0.01520863171280183689, -0.5807291666666642982 ) ) ;
#6908 = CARTESIAN_POINT ( 'NONE',  ( -0.4722562163384510514, 0.01952137953698371634, -0.5183221726190481160 ) ) ;
#6909 = ORIENTED_EDGE ( 'NONE', *, *, #2750, .F. ) ;
#6910 = CARTESIAN_POINT ( 'NONE',  ( -0.5056103372776887817, 6.786934859259653779E-16, -0.8292591043805844775 ) ) ;
#6911 = CARTESIAN_POINT ( 'NONE',  ( 0.4575447860240745013, -0.2545172127853393973, -0.5905877976190007095 ) ) ;
#6912 = CARTESIAN_POINT ( 'NONE',  ( 0.4501112166487538646, 0.1164732038356256771, -0.7560453869047946140 ) ) ;
#6913 = CARTESIAN_POINT ( 'NONE',  ( -0.1533969113308905341, -0.5248709129642304960, -0.008676175619407654888 ) ) ;
#6914 = CARTESIAN_POINT ( 'NONE',  ( -0.3976554142006126780, 0.2293799134878461710, -0.9523809523809790845 ) ) ;
#6915 = CARTESIAN_POINT ( 'NONE',  ( -0.4511520592452191725, 0.2604988895372592483, -0.3452349475804441514 ) ) ;
#6916 = ORIENTED_EDGE ( 'NONE', *, *, #3311, .F. ) ;
#6917 = AXIS2_PLACEMENT_3D ( 'NONE', #580, #3099, #8125 ) ;
#6918 = CARTESIAN_POINT ( 'NONE',  ( -0.4672028356794739601, 0.2544243449457420092, -0.2668340773810446986 ) ) ;
#6919 = CARTESIAN_POINT ( 'NONE',  ( -0.2231035307232680232, -0.4528919361413454858, -0.8880392173016663504 ) ) ;
#6920 = CARTESIAN_POINT ( 'NONE',  ( 0.3799818385654937791, 0.3334390648954465575, -0.8668030014833790764 ) ) ;
#6921 = CARTESIAN_POINT ( 'NONE',  ( -0.2043380185808532090, 0.4708466626489155593, -0.9194568452381354229 ) ) ;
#6922 = CARTESIAN_POINT ( 'NONE',  ( 0.1087937044168186956, -0.4491477572021081999, -0.8455171130952713332 ) ) ;
#6923 = VECTOR ( 'NONE', #7958, 39.37007874015748143 ) ;
#6924 = CARTESIAN_POINT ( 'NONE',  ( -0.4445172466226032792, -0.2571847206972076583, -0.6090158445842953627 ) ) ;
#6925 = FACE_OUTER_BOUND ( 'NONE', #103, .T. ) ;
#6926 = EDGE_LOOP ( 'NONE', ( #4394, #4135, #5031, #3383 ) ) ;
#6927 = CARTESIAN_POINT ( 'NONE',  ( 0.3537823343037917456, 0.2949741378345275278, -0.8938802083333471371 ) ) ;
#6928 = CARTESIAN_POINT ( 'NONE',  ( -0.2617115456862394440, -0.3778070342545886140, -0.9265252976192130951 ) ) ;
#6929 = CARTESIAN_POINT ( 'NONE',  ( 0.02958348660287456189, 0.5195612567044189944, -0.6368117559523576166 ) ) ;
#6930 = ADVANCED_FACE ( 'NONE', ( #4737 ), #5489, .T. ) ;
#6931 = CARTESIAN_POINT ( 'NONE',  ( 0.4194447608729605093, -0.1842374521006132637, -0.9882760766640484862 ) ) ;
#6932 = CARTESIAN_POINT ( 'NONE',  ( 0.5067222413070850973, -2.746787787379614515E-15, -0.7935468608299357518 ) ) ;
#6933 = CARTESIAN_POINT ( 'NONE',  ( -0.1671313522176620936, -0.4234166671441955132, -1.075706845238088682 ) ) ;
#6934 = EDGE_CURVE ( 'NONE', #6039, #4309, #243, .T. ) ;
#6935 = CARTESIAN_POINT ( 'NONE',  ( -0.5036171195730566597, -0.1172530774816187282, -0.4695115776764651194 ) ) ;
#6936 = CARTESIAN_POINT ( 'NONE',  ( -0.4205715105972241408, -0.1903522257529693118, -0.8701636904761465008 ) ) ;
#6937 = AXIS2_PLACEMENT_3D ( 'NONE', #3890, #4508, #4466 ) ;
#6938 = CARTESIAN_POINT ( 'NONE',  ( 0.3176703582292231265, -0.3450655280340148567, -0.6343936011904238725 ) ) ;
#6939 = CARTESIAN_POINT ( 'NONE',  ( 0.3909532425159353841, 0.2518477643472939453, -0.7524181547617677657 ) ) ;
#6940 = CARTESIAN_POINT ( 'NONE',  ( 0.4782486901945230406, -0.003726223968849055098, -0.3304501488094956363 ) ) ;
#6941 = AXIS2_PLACEMENT_3D ( 'NONE', #6502, #239, #5845 ) ;
#6942 = CARTESIAN_POINT ( 'NONE',  ( -0.1856883034604663030, -0.4704307286777656416, -1.104724702380946111 ) ) ;
#6944 = CARTESIAN_POINT ( 'NONE',  ( -0.3368752792064097501, 0.3840405898854311606, -0.6960784468592534635 ) ) ;
#6943 = CARTESIAN_POINT ( 'NONE',  ( 0.3714633452798554170, -0.3474577120325382240, -0.7406895253553700265 ) ) ;
#6945 = CARTESIAN_POINT ( 'NONE',  ( -0.5034391601784090620, 0.06599684753993957653, -0.7693332873457120469 ) ) ;
#6946 = CARTESIAN_POINT ( 'NONE',  ( 0.3108722350978674331, -0.4039591898198701125, -0.7325170026641726340 ) ) ;
#6947 = CARTESIAN_POINT ( 'NONE',  ( 0.1316262716776574748, -0.4616432620251894048, -0.2736235119046878106 ) ) ;
#6948 = CARTESIAN_POINT ( 'NONE',  ( -0.3349588174059395795, -0.3402080572044149376, -0.3570498511904635630 ) ) ;
#6949 = CARTESIAN_POINT ( 'NONE',  ( -0.2200654614812528609, -0.4288424523424913537, -0.2196800595238689036 ) ) ;
#6950 = ORIENTED_EDGE ( 'NONE', *, *, #4423, .T. ) ;
#6951 = CARTESIAN_POINT ( 'NONE',  ( 0.4653753459757852262, 0.06107524034217060721, -0.6145833333333151627 ) ) ;
#6952 = CARTESIAN_POINT ( 'NONE',  ( -0.4382176059361140297, -0.1775283630353700348, -0.5134858630952249259 ) ) ;
#6953 = ORIENTED_EDGE ( 'NONE', *, *, #1030, .T. ) ;
#6954 = CARTESIAN_POINT ( 'NONE',  ( -0.2852620388927889494, 0.4428225666648089587, -0.4890252976190843093 ) ) ;
#6955 = CARTESIAN_POINT ( 'NONE',  ( 0.4593603078860756250, 0.1069108120410926371, -0.5420386904762315439 ) ) ;
#6956 = FACE_OUTER_BOUND ( 'NONE', #3254, .T. ) ;
#6957 = CARTESIAN_POINT ( 'NONE',  ( -0.08660329907137719052, -0.4537939246858243569, -0.8592819940474989426 ) ) ;
#6958 = PLANE ( 'NONE',  #2067 ) ;
#6959 = ORIENTED_EDGE ( 'NONE', *, *, #6990, .F. ) ;
#6960 = CARTESIAN_POINT ( 'NONE',  ( 0.03490394054824948883, -0.5293611752020133121, -0.3139880952380347812 ) ) ;
#6961 = CARTESIAN_POINT ( 'NONE',  ( 0.1307817236975587216, -0.4870538659856423758, -0.8798471637040574667 ) ) ;
#6962 = CARTESIAN_POINT ( 'NONE',  ( 0.5064101926489590344, 1.445958606021514314E-15, -0.8035692704840298184 ) ) ;
#6963 = CARTESIAN_POINT ( 'NONE',  ( 0.3609777510129202338, -0.3666465315755352283, -0.8795572916666883900 ) ) ;
#6964 = CARTESIAN_POINT ( 'NONE',  ( -0.2215903425319322717, 0.4069248920476897791, -0.8068266369048038289 ) ) ;
#6965 = CARTESIAN_POINT ( 'NONE',  ( 0.3133035755237994491, -0.4076834404997949912, -0.5896673916192797238 ) ) ;
#6966 = CARTESIAN_POINT ( 'NONE',  ( 0.1316262716682259637, -0.4616432620337396764, -0.2825520833332721415 ) ) ;
#6967 = VERTEX_POINT ( 'NONE', #5290 ) ;
#6968 = CARTESIAN_POINT ( 'NONE',  ( -0.08641113136607636580, 0.4528294133343103156, -0.8817894345237651255 ) ) ;
#6969 = CARTESIAN_POINT ( 'NONE',  ( 0.01889129681133326633, -0.4572031365330830877, -0.9906063988096164286 ) ) ;
#6970 = CARTESIAN_POINT ( 'NONE',  ( -0.3564924065891297289, -0.3803135068777078187, -0.6090029761905013661 ) ) ;
#6971 = CARTESIAN_POINT ( 'NONE',  ( 0.06686698929223015841, 0.5117453192427491304, -0.5014755454910226895 ) ) ;
#6972 = CARTESIAN_POINT ( 'NONE',  ( -0.3934229384080890624, 0.2745577280627579109, -0.9666642127155280484 ) ) ;
#6973 = CARTESIAN_POINT ( 'NONE',  ( 0.4596497490907474059, 0.02616464792502789377, -0.9100632440474151208 ) ) ;
#6974 = CARTESIAN_POINT ( 'NONE',  ( -0.2288127994821751998, -0.4649712476960174423, -0.4594600305873359769 ) ) ;
#6975 = CARTESIAN_POINT ( 'NONE',  ( -0.08641113137519963738, 0.4528294133279606726, -0.8907180059523909232 ) ) ;
#6976 = CARTESIAN_POINT ( 'NONE',  ( -0.4513296087487382313, -0.1330782564594587825, -0.5860305059523781557 ) ) ;
#6977 = CARTESIAN_POINT ( 'NONE',  ( -0.4549583534259546980, 0.1102094075755482294, -0.6544828869047215614 ) ) ;
#6978 = LINE ( 'NONE', #43, #6542 ) ;
#6979 = CARTESIAN_POINT ( 'NONE',  ( -0.04596749025274148026, 0.5071940559848233665, -0.9922805059523452931 ) ) ;
#6980 = CARTESIAN_POINT ( 'NONE',  ( 0.1962379409163297339, -0.4234145865715986945, -0.7093563988096898143 ) ) ;
#6982 = CARTESIAN_POINT ( 'NONE',  ( -0.5208657735350371576, 1.155029600233740671E-12, -0.3392834943546642612 ) ) ;
#6981 = CARTESIAN_POINT ( 'NONE',  ( 0.3946680422337722760, -0.2747915458917551956, -0.9655110361364860339 ) ) ;
#6983 = DIRECTION ( 'NONE',  ( 0.000000000000000000, 1.000000000000000000, 1.047310526070460688E-16 ) ) ;
#6984 = CARTESIAN_POINT ( 'NONE',  ( -0.2539579460180399484, -0.4405163886406061602, -0.7459193476799980127 ) ) ;
#6985 = CARTESIAN_POINT ( 'NONE',  ( 0.2698557459202740594, -0.3971484657222514869, -0.2699962797618800647 ) ) ;
#6986 = CARTESIAN_POINT ( 'NONE',  ( 0.2315905880018681862, 0.4163289276071662770, -0.3896949404762146130 ) ) ;
#6987 = CARTESIAN_POINT ( 'NONE',  ( -0.003740058027415490548, 0.4810492421262183571, -0.2499069940475870388 ) ) ;
#6988 = VERTEX_POINT ( 'NONE', #4716 ) ;
#6989 = CARTESIAN_POINT ( 'NONE',  ( -0.3971873550483884241, 0.2558732581509096105, -0.5154389880951912861 ) ) ;
#6990 = EDGE_CURVE ( 'NONE', #1543, #1016, #7319, .T. ) ;
#6991 = CARTESIAN_POINT ( 'NONE',  ( -0.4685954259492066121, -0.07755313333254434949, -0.4445684523809318445 ) ) ;
#6992 = ORIENTED_EDGE ( 'NONE', *, *, #5120, .T. ) ;
#6993 = CARTESIAN_POINT ( 'NONE',  ( 0.3767025939656343247, 0.3642764130044346960, -0.5760788690476007501 ) ) ;
#6994 = CARTESIAN_POINT ( 'NONE',  ( 0.4609336352676369208, -0.08796579758311739994, -0.6182105654762088953 ) ) ;
#6995 = APPROVAL_ROLE ( '' ) ;
#6996 = CARTESIAN_POINT ( 'NONE',  ( 0.4301776105434111375, -0.1697999686361471028, -0.8435639880951102398 ) ) ;
#6997 = CARTESIAN_POINT ( 'NONE',  ( -0.07256541923779467884, 0.4642973662592521089, -0.6053757440476135177 ) ) ;
#6998 = ORIENTED_EDGE ( 'NONE', *, *, #5064, .T. ) ;
#6999 = CARTESIAN_POINT ( 'NONE',  ( 0.5012660458099954530, -0.1749714343506167946, -0.3006882440475860396 ) ) ;
#7000 = DIRECTION ( 'NONE',  ( 1.000000000000000000, 0.000000000000000000, 0.000000000000000000 ) ) ;
#7001 = CARTESIAN_POINT ( 'NONE',  ( -0.5145060111030995698, 2.219626494852214235E-16, -0.5435469729364441616 ) ) ;
#7002 = CARTESIAN_POINT ( 'NONE',  ( 0.07149738544699041354, -0.5093025143619733797, -0.8868117559524009152 ) ) ;
#7003 = CARTESIAN_POINT ( 'NONE',  ( -0.1310225047166002910, 0.4443578260467150876, -0.8092447916666247743 ) ) ;
#7004 = CARTESIAN_POINT ( 'NONE',  ( -0.1181044920469207365, -0.5080730216031502655, -0.3240253575118962615 ) ) ;
#7005 = CARTESIAN_POINT ( 'NONE',  ( -0.1836000198611367207, -0.4885251960074969424, -0.3154895430935267808 ) ) ;
#7006 = ORIENTED_EDGE ( 'NONE', *, *, #223, .T. ) ;
#7007 = CARTESIAN_POINT ( 'NONE',  ( 0.3202333649079723288, 0.3311463894304009226, -0.8926711309524020255 ) ) ;
#7008 = CARTESIAN_POINT ( 'NONE',  ( -0.3903261943071063556, -0.2380965297768568023, -1.002697172618970400 ) ) ;
#7009 = CARTESIAN_POINT ( 'NONE',  ( 0.1342954218813003919, 0.5003846175466079016, -0.7105654761905263461 ) ) ;
#7010 = CARTESIAN_POINT ( 'NONE',  ( 0.000000000000000000, 0.000000000000000000, -0.9999999999999998890 ) ) ;
#7011 = CARTESIAN_POINT ( 'NONE',  ( -0.2861850386808019731, 0.4277557320313774003, -0.5647180391507383712 ) ) ;
#7012 = CARTESIAN_POINT ( 'NONE',  ( 0.06012937424651568913, -0.4581685986723093018, -0.8556547619046572795 ) ) ;
#7013 = CARTESIAN_POINT ( 'NONE',  ( -0.5167532854525290764, -0.03402902157898882174, -0.4713687931940915288 ) ) ;
#7014 = CARTESIAN_POINT ( 'NONE',  ( 0.01485804442645329189, -0.4595858647268622477, -0.9281994047620454324 ) ) ;
#7015 = CARTESIAN_POINT ( 'NONE',  ( -0.3303389271550551398, -0.3415965133019387978, -0.4373139880952445213 ) ) ;
#7016 = CARTESIAN_POINT ( 'NONE',  ( -0.4658933036791854665, 0.007813448679076698267, -0.7234002976191563627 ) ) ;
#7017 = CARTESIAN_POINT ( 'NONE',  ( -0.3939882900178392489, 0.3139569721074817465, -0.9183619037068044832 ) ) ;
#7018 = CARTESIAN_POINT ( 'NONE',  ( -0.2904926194674536388, -0.4193561884386647343, -0.9644717261903653638 ) ) ;
#7019 = CARTESIAN_POINT ( 'NONE',  ( 0.3375737878446417040, 0.3264377623658061278, -0.6162574404761936853 ) ) ;
#7021 = CARTESIAN_POINT ( 'NONE',  ( 0.08705013551062142085, -0.5631762418439268947, -0.2289259236523480956 ) ) ;
#7020 = CARTESIAN_POINT ( 'NONE',  ( 0.01180938927574746479, -0.4560347795618134858, -0.9902538757924671531 ) ) ;
#7022 = CARTESIAN_POINT ( 'NONE',  ( 0.4476637919144059730, -0.2577268494059887227, -0.5137709731670918600 ) ) ;
#7023 = CARTESIAN_POINT ( 'NONE',  ( 0.5089232012630198199, -0.03342338967999686911, -0.7228562113572756243 ) ) ;
#7024 = CARTESIAN_POINT ( 'NONE',  ( 0.03157812431381320367, -0.4789268479333513850, -0.2760416666667409591 ) ) ;
#7025 = CARTESIAN_POINT ( 'NONE',  ( 0.2721389975873449996, -0.3928743757143545734, -0.3413318452381328139 ) ) ;
#7026 = DIRECTION ( 'NONE',  ( 0.000000000000000000, 0.000000000000000000, -1.000000000000000000 ) ) ;
#7027 = CARTESIAN_POINT ( 'NONE',  ( 0.1884553644838282138, -0.4342497733639032464, -0.4864211309523613913 ) ) ;
#7028 = CARTESIAN_POINT ( 'NONE',  ( -0.1122160770688047648, 0.4632762688961026276, -0.3901599702381422508 ) ) ;
#7029 = ADVANCED_FACE ( 'NONE', ( #2158 ), #744, .T. ) ;
#7030 = ORIENTED_EDGE ( 'NONE', *, *, #2951, .F. ) ;
#7031 = CARTESIAN_POINT ( 'NONE',  ( 0.4823722902147956626, -0.2093486963844286008, -0.5180431547618908894 ) ) ;
#7032 = CARTESIAN_POINT ( 'NONE',  ( -0.07256541924834919444, 0.4642973662625673459, -0.5964471726190146983 ) ) ;
#7033 = EDGE_CURVE ( 'NONE', #3296, #7278, #1536, .T. ) ;
#7034 = CARTESIAN_POINT ( 'NONE',  ( 0.3541447327323402061, -0.3007173399928819713, -0.7758556547618157273 ) ) ;
#7035 = CARTESIAN_POINT ( 'NONE',  ( -0.1182941393694131177, 0.4571479817482130281, -0.5328311011904230954 ) ) ;
#7036 = ORIENTED_EDGE ( 'NONE', *, *, #1888, .F. ) ;
#7037 = CARTESIAN_POINT ( 'NONE',  ( -0.06096666538682467967, 0.5281390995506239916, -0.2777157738095714645 ) ) ;
#7038 = DIRECTION ( 'NONE',  ( 0.000000000000000000, 0.000000000000000000, 1.000000000000000000 ) ) ;
#7039 = CARTESIAN_POINT ( 'NONE',  ( -0.4089970166659923079, 0.3135705899306555078, -0.5509859449379342911 ) ) ;
#7040 = CARTESIAN_POINT ( 'NONE',  ( -0.2458552851440777565, -0.4514670759024389524, -0.8940662202382325674 ) ) ;
#7041 = CARTESIAN_POINT ( 'NONE',  ( -0.4541719762509816016, -0.09401676734967266691, -0.7923177083331975901 ) ) ;
#7042 = CARTESIAN_POINT ( 'NONE',  ( 0.0004451394621439639884, -0.5136519484254699064, -0.5971078288269878742 ) ) ;
#7043 = CARTESIAN_POINT ( 'NONE',  ( -0.4142811747836095404, -0.3184619406195074443, -0.3218120281890188283 ) ) ;
#7044 = ORIENTED_EDGE ( 'NONE', *, *, #2044, .T. ) ;
#7045 = CARTESIAN_POINT ( 'NONE',  ( -0.3978350014246038735, -0.2342592864856854196, -0.8600260416666769547 ) ) ;
#7046 = CARTESIAN_POINT ( 'NONE',  ( -0.08212694187766599041, -0.4523563283169620419, -0.9216889880950973613 ) ) ;
#7047 = CARTESIAN_POINT ( 'NONE',  ( -0.3515514482524151330, -0.3818560630552444435, -0.6803385416667366847 ) ) ;
#7048 = CARTESIAN_POINT ( 'NONE',  ( -0.3153462439378140747, 0.4099509377222701478, -0.4925345750420586644 ) ) ;
#7049 = CARTESIAN_POINT ( 'NONE',  ( -0.4367154337572652367, 0.2715751323690681063, -0.5598967793955614836 ) ) ;
#7050 = CARTESIAN_POINT ( 'NONE',  ( -0.4496485255199402231, 0.09308847240672180057, -0.9487537202380628143 ) ) ;
#7051 = VECTOR ( 'NONE', #218, 39.37007874015748854 ) ;
#7052 = CARTESIAN_POINT ( 'NONE',  ( 0.5348525793317473465, -0.008969368199872630731, -0.2278645833333013682 ) ) ;
#7053 = CARTESIAN_POINT ( 'NONE',  ( -0.5134472269546137557, -0.06759177563344889728, -0.4706326134530831040 ) ) ;
#7054 = CARTESIAN_POINT ( 'NONE',  ( 0.4351093453887515117, 0.1639571997906616452, -0.7637648809525179328 ) ) ;
#7055 = CARTESIAN_POINT ( 'NONE',  ( -0.4382176059254586087, -0.1775283630440879501, -0.5134858630952322534 ) ) ;
#7056 = CARTESIAN_POINT ( 'NONE',  ( -0.3013979122284592416, 0.3549585357465245838, -0.7330729166665743701 ) ) ;
#7057 = AXIS2_PLACEMENT_3D ( 'NONE', #170, #6521, #4555 ) ;
#7058 = CARTESIAN_POINT ( 'NONE',  ( -0.4888635915127822473, 0.1222894927351181465, -0.9134923452482718309 ) ) ;
#7059 = CARTESIAN_POINT ( 'NONE',  ( -0.4991429606609459890, 0.1033346088191455098, -0.9777715773809202426 ) ) ;
#7060 = CARTESIAN_POINT ( 'NONE',  ( 0.1211942611241457884, 0.4515682062884141534, -0.6815476190476689178 ) ) ;
#7062 = CARTESIAN_POINT ( 'NONE',  ( 0.4139969630945178891, 0.2968721401889684031, -0.7150404820738064382 ) ) ;
#7061 = CARTESIAN_POINT ( 'NONE',  ( 0.4942780636607478906, -0.03150709844355747968, -0.9511344010078569555 ) ) ;
#7063 = CARTESIAN_POINT ( 'NONE',  ( -0.1164841146735585975, -0.5019150736757063136, -0.5282809866573292545 ) ) ;
#7064 = CARTESIAN_POINT ( 'NONE',  ( -0.1364335450751398837, -0.5057539465154727854, -0.2529875183910053615 ) ) ;
#7065 = VECTOR ( 'NONE', #7134, 39.37007874015748854 ) ;
#7066 = CARTESIAN_POINT ( 'NONE',  ( -0.4609137724489789645, 0.1314265489877560200, -0.2978050595238974640 ) ) ;
#7067 = CARTESIAN_POINT ( 'NONE',  ( 0.3487401966289135902, -0.3268971572635419598, -0.3389136904761529956 ) ) ;
#7068 = CARTESIAN_POINT ( 'NONE',  ( -0.01569040870019470721, -0.4792711689390817820, -0.2146577357218096005 ) ) ;
#7069 = VECTOR ( 'NONE', #1151, 39.37007874015748854 ) ;
#7070 = CARTESIAN_POINT ( 'NONE',  ( -0.4513296087553495539, -0.1330782564510933075, -0.5771019345238057596 ) ) ;
#7071 = LOCAL_TIME ( 0, 50, 45.00000000000000000, #5419 ) ;
#7072 = CARTESIAN_POINT ( 'NONE',  ( -0.3314905434932323147, 0.3427988497803631796, -0.3841145833332820780 ) ) ;
#7073 = EDGE_LOOP ( 'NONE', ( #3864, #5217, #1295, #5152 ) ) ;
#7074 = CARTESIAN_POINT ( 'NONE',  ( 0.2655667909048232689, -0.4510024792471531985, -0.5966331845238319609 ) ) ;
#7075 = CARTESIAN_POINT ( 'NONE',  ( -0.4666796513226110221, -0.03807442593480738630, -0.6508556547619376298 ) ) ;
#7076 = CARTESIAN_POINT ( 'NONE',  ( 0.4095163977062688532, -0.2148146367033678672, -0.8447730654760809976 ) ) ;
#7077 = CARTESIAN_POINT ( 'NONE',  ( -0.4216917548039459951, 0.2081686574273912405, -0.5944940476190810896 ) ) ;
#7078 = EDGE_LOOP ( 'NONE', ( #5012, #3835, #6738, #343 ) ) ;
#7079 = CONICAL_SURFACE ( 'NONE', #7860, 0.5312500000000000000, 1.047197551196600074 ) ;
#7080 = EDGE_CURVE ( 'NONE', #5992, #1426, #6567, .T. ) ;
#7081 = CARTESIAN_POINT ( 'NONE',  ( -0.008868340951933711275, 0.5293006397132650198, -0.3502604166666992702 ) ) ;
#7082 = CARTESIAN_POINT ( 'NONE',  ( -0.2931537936305483316, -0.4099620865534179814, -0.8898812245557221612 ) ) ;
#7083 = CARTESIAN_POINT ( 'NONE',  ( 0.5003749798318878339, 0.1164621896892130415, -0.5766600563138352120 ) ) ;
#7084 = CARTESIAN_POINT ( 'NONE',  ( 0.2276979532138900253, -0.4612715043776184354, -0.8831845238094426787 ) ) ;
#7085 = CARTESIAN_POINT ( 'NONE',  ( 0.2617674700852378189, -0.4524620778346476468, -0.3154566765818325735 ) ) ;
#7086 = DIRECTION ( 'NONE',  ( -0.8660254037844388186, 0.4999999999999998335, 0.000000000000000000 ) ) ;
#7087 = VERTEX_POINT ( 'NONE', #6722 ) ;
#7088 = CARTESIAN_POINT ( 'NONE',  ( 0.1583109178566771691, -0.4318356639403941322, -0.9156436011904560690 ) ) ;
#7089 = CARTESIAN_POINT ( 'NONE',  ( 0.3849665299917209849, -0.2480005894555521173, -0.9797247023809485533 ) ) ;
#7090 = CARTESIAN_POINT ( 'NONE',  ( -0.05492140222208871658, -0.5163544874267776974, -0.6730840773808869359 ) ) ;
#7091 = CARTESIAN_POINT ( 'NONE',  ( -0.4892518329819451894, 0.1657933138066880197, -0.4858486578958672308 ) ) ;
#7092 = CARTESIAN_POINT ( 'NONE',  ( -0.5141940259235018296, 3.337976767258521441E-15, -0.5535673437808855679 ) ) ;
#7093 = CARTESIAN_POINT ( 'NONE',  ( -0.2241493310745948098, 0.4029679443512608206, -0.8870907738095240580 ) ) ;
#7094 = CARTESIAN_POINT ( 'NONE',  ( -0.4097384864878857447, -0.1977042626992571717, -1.075241815476172036 ) ) ;
#7095 = DIRECTION ( 'NONE',  ( -1.000000000000000000, 0.000000000000000000, 0.000000000000000000 ) ) ;
#7096 = CARTESIAN_POINT ( 'NONE',  ( -0.1747991561137687277, 0.4314808931616065379, -0.7456287202381117751 ) ) ;
#7097 = CARTESIAN_POINT ( 'NONE',  ( -0.4585883398949089362, 0.1230782976000422274, -0.4494047619047723541 ) ) ;
#7098 = CARTESIAN_POINT ( 'NONE',  ( 0.1498168009963820047, -0.4419366975166145739, -0.7016369047621066057 ) ) ;
#7099 = DIRECTION ( 'NONE',  ( -0.03112001302225914090, 3.811102433713360910E-18, 0.9995156550997559286 ) ) ;
#7100 = CARTESIAN_POINT ( 'NONE',  ( 0.3194315845795731579, -0.3954714776632732298, -1.021298363095055839 ) ) ;
#7101 = CARTESIAN_POINT ( 'NONE',  ( 0.05350300593827137657, -0.4634875190408879742, -0.7129836309524998361 ) ) ;
#7103 = CARTESIAN_POINT ( 'NONE',  ( 0.5120030180514200113, -0.06700029450693072153, -0.5193351533845350643 ) ) ;
#7102 = CARTESIAN_POINT ( 'NONE',  ( -0.5230898944589480459, 3.254740773701563713E-15, -0.2678489586205710649 ) ) ;
#7104 = CARTESIAN_POINT ( 'NONE',  ( 0.000000000000000000, -4.523539546674997231E-17, 1.184999999999999831 ) ) ;
#7105 = CARTESIAN_POINT ( 'NONE',  ( -0.2232550858178589670, -0.4540460133879976046, -0.8266149171566433695 ) ) ;
#7106 = CARTESIAN_POINT ( 'NONE',  ( -0.1810482295496683991, 0.4790562250175016135, -0.6287164225730972333 ) ) ;
#7107 = CARTESIAN_POINT ( 'NONE',  ( -0.4487126691493087960, -0.1690833152571100673, -0.2905505952381549628 ) ) ;
#7108 = CARTESIAN_POINT ( 'NONE',  ( 0.000000000000000000, 0.000000000000000000, -0.9999999999999998890 ) ) ;
#7109 = CARTESIAN_POINT ( 'NONE',  ( 0.4695984194783221488, -0.04256786007041354208, -0.5456659226190697654 ) ) ;
#7110 = CARTESIAN_POINT ( 'NONE',  ( -0.4207181348441226265, -0.2206814702610595813, -0.4409412202380954549 ) ) ;
#7111 = EDGE_LOOP ( 'NONE', ( #2015, #720, #7573 ) ) ;
#7112 = CARTESIAN_POINT ( 'NONE',  ( 0.4793947205085749563, 0.2221833670116569737, -0.4370349702381025048 ) ) ;
#7113 = CARTESIAN_POINT ( 'NONE',  ( -0.3971873550483884241, 0.2558732581509096105, -0.5154389880951912861 ) ) ;
#7114 = CARTESIAN_POINT ( 'NONE',  ( -0.2581125816361085068, 0.3928852519176908586, -0.5916108630952685576 ) ) ;
#7115 = APPROVAL_DATE_TIME ( #7616, #5126 ) ;
#7116 = CARTESIAN_POINT ( 'NONE',  ( 0.3551153859163926341, -0.2960959869874267292, -0.8471912202382048118 ) ) ;
#7117 = CARTESIAN_POINT ( 'NONE',  ( -0.4133083228779353413, -0.2250665013625290922, -0.5836123511904790506 ) ) ;
#7118 = ORIENTED_EDGE ( 'NONE', *, *, #5466, .F. ) ;
#7119 = AXIS2_PLACEMENT_3D ( 'NONE', #1027, #3516, #1565 ) ;
#7120 = CARTESIAN_POINT ( 'NONE',  ( -0.4793449533101175053, 0.1802477049060668968, -0.6290889155606704808 ) ) ;
#7121 = CARTESIAN_POINT ( 'NONE',  ( 0.4716002781321963488, -0.2134525056668453158, -0.4512614251349456596 ) ) ;
#7122 = CARTESIAN_POINT ( 'NONE',  ( 0.5101508659195695961, 0.06704545239972889425, -0.5777679750816131499 ) ) ;
#7123 = CARTESIAN_POINT ( 'NONE',  ( 0.3969217546502982752, -0.3309536186214005471, -0.8070126488094322426 ) ) ;
#7124 = CARTESIAN_POINT ( 'NONE',  ( 0.4612358408934245091, -0.2276279622616104170, -0.5844704557144455581 ) ) ;
#7125 = CARTESIAN_POINT ( 'NONE',  ( -0.4750989684546632619, -0.2152982688049060456, -0.3244178798030123989 ) ) ;
#7126 = CARTESIAN_POINT ( 'NONE',  ( -0.3701232942947025317, 0.2789982619458968305, -0.8019903273809613209 ) ) ;
#7127 = CARTESIAN_POINT ( 'NONE',  ( -0.4589415845205194744, -0.04880718795243445263, -0.8648623511904207639 ) ) ;
#7128 = CARTESIAN_POINT ( 'NONE',  ( 0.4788056973069795275, -0.2078008336458536665, -0.5872395833333364790 ) ) ;
#7129 = CARTESIAN_POINT ( 'NONE',  ( -0.4459111384900452668, -0.1974831534273742417, -0.9591352908800631072 ) ) ;
#7130 = CARTESIAN_POINT ( 'NONE',  ( -0.08424312737987041388, 0.5070187356200237527, -0.5695493299060028214 ) ) ;
#7131 = CARTESIAN_POINT ( 'NONE',  ( 0.1511285198100965066, 0.4329581440988033436, -0.9680989583332727522 ) ) ;
#7132 = EDGE_CURVE ( 'NONE', #12, #4451, #1075, .T. ) ;
#7133 = CARTESIAN_POINT ( 'NONE',  ( 0.4240744245445185467, -0.3256772263729740269, -0.2351190476190222201 ) ) ;
#7134 = DIRECTION ( 'NONE',  ( -0.7071067811865486830, 0.000000000000000000, 0.7071067811865462405 ) ) ;
#7135 = CARTESIAN_POINT ( 'NONE',  ( 0.1593872012380121994, 0.4347483050443504138, -0.8254278273808390853 ) ) ;
#7136 = EDGE_CURVE ( 'NONE', #2519, #6225, #1793, .T. ) ;
#7137 = CARTESIAN_POINT ( 'NONE',  ( -0.2065628871642121167, -0.4280790914353506116, -0.4336867559523840954 ) ) ;
#7138 = CARTESIAN_POINT ( 'NONE',  ( 0.1644353375883709223, -0.4838233534328532093, -0.6648137185532461135 ) ) ;
#7139 = CARTESIAN_POINT ( 'NONE',  ( 0.5312499999999998890, 0.3067173305069887390, -0.2025506638403220816 ) ) ;
#7140 = CARTESIAN_POINT ( 'NONE',  ( -0.1027894393086441899, 0.4965487733168369444, -1.062406994047575992 ) ) ;
#7141 = CARTESIAN_POINT ( 'NONE',  ( 0.4668506206676306114, 0.01509297117018356706, -0.6960565476189570777 ) ) ;
#7143 = CARTESIAN_POINT ( 'NONE',  ( -0.3874464842052386393, -0.3401082025454637559, -0.5453834874539701394 ) ) ;
#7142 = DIRECTION ( 'NONE',  ( 1.000000000000000000, 0.000000000000000000, 0.000000000000000000 ) ) ;
#7144 = CARTESIAN_POINT ( 'NONE',  ( -0.3131245832979692723, -0.4090120379635250325, -0.5331162592915562604 ) ) ;
#7145 = CARTESIAN_POINT ( 'NONE',  ( 0.2535848541782803056, -0.4382342299097923277, -0.8154565553946251377 ) ) ;
#7146 = CARTESIAN_POINT ( 'NONE',  ( 0.1321111224181575339, 0.4954076562251579219, -0.6357876784106257784 ) ) ;
#7147 = CARTESIAN_POINT ( 'NONE',  ( -0.01569040870019470721, -0.4792711689390817820, -0.2057291642932381759 ) ) ;
#7148 = CONICAL_SURFACE ( 'NONE', #585, 0.5002943035887735812, 0.03112503826905463691 ) ;
#7149 = CARTESIAN_POINT ( 'NONE',  ( 3.155134365743477252E-17, -0.6134346610139772560, -0.2025506638403220816 ) ) ;
#7150 = CARTESIAN_POINT ( 'NONE',  ( 0.4453283897341043240, 0.1554379278496512140, -0.5408296130952424674 ) ) ;
#7151 = CARTESIAN_POINT ( 'NONE',  ( -0.2948828176547466096, 0.3718601969340323277, -0.4566592261905171313 ) ) ;
#7152 = ORIENTED_EDGE ( 'NONE', *, *, #427, .F. ) ;
#7153 = CARTESIAN_POINT ( 'NONE',  ( -0.06895475375141146834, -0.5253497818502271821, -0.3898809523809684263 ) ) ;
#7154 = CARTESIAN_POINT ( 'NONE',  ( 0.2699893759465919474, 0.3897571390017491311, -0.4622395833333605708 ) ) ;
#7155 = CARTESIAN_POINT ( 'NONE',  ( 0.4714963402008199855, 0.007899405044683309104, -0.5444568452381181034 ) ) ;
#7156 = CARTESIAN_POINT ( 'NONE',  ( -0.1717381173610242617, 0.4351096008083209510, -0.6742931547617959653 ) ) ;
#7157 = CARTESIAN_POINT ( 'NONE',  ( 0.4509156542905407572, -0.1450840594784272020, -0.4856770833333248771 ) ) ;
#7158 = VERTEX_POINT ( 'NONE', #2311 ) ;
#7159 = CARTESIAN_POINT ( 'NONE',  ( -0.2130098768784124408, -0.4711866088852738055, -0.4691126494177428330 ) ) ;
#7160 = CARTESIAN_POINT ( 'NONE',  ( 0.4346631120205958210, 0.2908852862165577924, -0.2968562069110552426 ) ) ;
#7161 = CARTESIAN_POINT ( 'NONE',  ( 0.008689861794134313977, -0.5186530182714453874, -0.7453497023807912347 ) ) ;
#7162 = CARTESIAN_POINT ( 'NONE',  ( 0.000000000000000000, 0.000000000000000000, 0.000000000000000000 ) ) ;
#7163 = CARTESIAN_POINT ( 'NONE',  ( 0.5189506925217642896, -0.06789949093352654064, -0.2950160436839709410 ) ) ;
#7164 = ORIENTED_EDGE ( 'NONE', *, *, #6833, .T. ) ;
#7165 = CARTESIAN_POINT ( 'NONE',  ( 0.01497370497081718620, 0.4629161335922372111, -0.8128720238094301331 ) ) ;
#7166 = CARTESIAN_POINT ( 'NONE',  ( 0.4930487496304977180, 0.1720947484290429597, -0.5787760416666590801 ) ) ;
#7167 = CARTESIAN_POINT ( 'NONE',  ( 0.1866141607673560687, -0.4627399420364231575, -0.9478581782284385415 ) ) ;
#7168 = DIRECTION ( 'NONE',  ( -0.000000000000000000, -0.000000000000000000, -1.000000000000000000 ) ) ;
#7169 = CARTESIAN_POINT ( 'NONE',  ( -0.4637120235676409075, 0.003613084087543588611, -0.8036644345238114218 ) ) ;
#7170 = CARTESIAN_POINT ( 'NONE',  ( 0.05234728418574353948, 0.4534070148485643270, -1.028087797619163801 ) ) ;
#7171 = CARTESIAN_POINT ( 'NONE',  ( 0.4283434557524127828, -0.2660847737624277287, -0.8813109997360514258 ) ) ;
#7172 = CARTESIAN_POINT ( 'NONE',  ( 0.4469338569326924415, -0.1274403930270871510, -0.7710193452382374524 ) ) ;
#7173 = CARTESIAN_POINT ( 'NONE',  ( -0.01532789789390455112, 0.4741153765900383843, -0.4639136904762407032 ) ) ;
#7174 = CARTESIAN_POINT ( 'NONE',  ( 0.4113828032567674597, 0.3162379326279008418, -0.4389698537876150497 ) ) ;
#7175 = CARTESIAN_POINT ( 'NONE',  ( 0.3901666106299910841, -0.3159238008702950906, -0.9441340197651918453 ) ) ;
#7176 = CIRCLE ( 'NONE', #64, 0.3975000000000000755 ) ;
#7177 = CARTESIAN_POINT ( 'NONE',  ( 0.4957074103291596590, 0.1330319266443217296, -0.8653273809524396620 ) ) ;
#7178 = CARTESIAN_POINT ( 'NONE',  ( -0.4858914387025619619, 0.1826905351020498003, -0.4047760292939057147 ) ) ;
#7180 = CARTESIAN_POINT ( 'NONE',  ( 0.4378822044953189496, -0.2718172914601748591, -0.5241710309249885125 ) ) ;
#7179 = CARTESIAN_POINT ( 'NONE',  ( 0.4927062845215321452, -0.1669701318412387947, -0.3686887904192693299 ) ) ;
#7181 = CARTESIAN_POINT ( 'NONE',  ( 0.04845767489246531612, -0.5201748934287487858, -0.2499999999999997502 ) ) ;
#7182 = EDGE_CURVE ( 'NONE', #53, #3417, #6106, .T. ) ;
#7183 = CARTESIAN_POINT ( 'NONE',  ( 0.4386294061208221851, -0.2532622319656883114, -0.8095206487292306852 ) ) ;
#7184 = DIRECTION ( 'NONE',  ( 1.000000000000000000, 0.000000000000000000, 0.000000000000000000 ) ) ;
#7185 = CARTESIAN_POINT ( 'NONE',  ( -0.1873550800185172782, 0.4139496538555942351, -1.102306547619134269 ) ) ;
#7186 = AXIS2_PLACEMENT_3D ( 'NONE', #1899, #3810, #7509 ) ;
#7187 = CARTESIAN_POINT ( 'NONE',  ( 0.2041604243098316396, -0.4071178071906171314, -0.9909897390735972200 ) ) ;
#7188 = CARTESIAN_POINT ( 'NONE',  ( 0.4100306961259970184, -0.2414499239931841845, -0.4078311011905853545 ) ) ;
#7189 = CARTESIAN_POINT ( 'NONE',  ( 0.4679135226361445521, -0.1089097256201927988, -0.2704613095238602161 ) ) ;
#7190 = AXIS2_PLACEMENT_3D ( 'NONE', #202, #826, #7095 ) ;
#7191 = VERTEX_POINT ( 'NONE', #499 ) ;
#7192 = CARTESIAN_POINT ( 'NONE',  ( -0.4067539231330071781, -0.3391411914612175171, -0.3983444940475793783 ) ) ;
#7193 = CARTESIAN_POINT ( 'NONE',  ( -0.4741633541623667680, -0.02699093195119493457, -0.4368489583333167725 ) ) ;
#7194 = CARTESIAN_POINT ( 'NONE',  ( 0.3832303970593456954, -0.2743929485363589826, -0.5517113095238086462 ) ) ;
#7195 = CARTESIAN_POINT ( 'NONE',  ( 0.4668506206615588572, 0.01509297115895780715, -0.6960565476190178069 ) ) ;
#7196 = CARTESIAN_POINT ( 'NONE',  ( 0.4335368016015706538, -0.1962292394889828540, -0.4155505952380711965 ) ) ;
#7197 = ORIENTED_EDGE ( 'NONE', *, *, #6528, .F. ) ;
#7198 = CARTESIAN_POINT ( 'NONE',  ( 0.5052953014234486950, 0.1356325780074320309, -0.3005786701567507158 ) ) ;
#7199 = CARTESIAN_POINT ( 'NONE',  ( 0.5188509212124172709, 0.02143907512929799780, -0.7272135416666338781 ) ) ;
#7200 = DIRECTION ( 'NONE',  ( -0.000000000000000000, -1.047310526070460688E-16, 1.000000000000000000 ) ) ;
#7201 = CARTESIAN_POINT ( 'NONE',  ( 0.4928221387752693694, 0.1673561579697907808, -0.3612517393989178593 ) ) ;
#7202 = CARTESIAN_POINT ( 'NONE',  ( -0.03748331748932193924, 0.4594351734112638308, -0.8829985119047207842 ) ) ;
#7203 = CARTESIAN_POINT ( 'NONE',  ( 0.3827501469287765690, 0.3587654779333272481, -0.5026041666666244412 ) ) ;
#7204 = CARTESIAN_POINT ( 'NONE',  ( 0.4464001874648161894, 0.2583498989596943463, -0.5118880473115149377 ) ) ;
#7205 = CARTESIAN_POINT ( 'NONE',  ( -0.3778530886691092161, -0.3952810785567357765, -0.2413238243805922445 ) ) ;
#7206 = CARTESIAN_POINT ( 'NONE',  ( 0.1640711463283777427, 0.4353891477036082591, -0.7540922619045785646 ) ) ;
#7207 = CARTESIAN_POINT ( 'NONE',  ( 0.007691627741953854618, 0.4586257711541240623, -0.9555431547617722066 ) ) ;
#7208 = CARTESIAN_POINT ( 'NONE',  ( 0.2527785135902881897, -0.4370533310714158071, -0.8868996083229419014 ) ) ;
#7209 = CARTESIAN_POINT ( 'NONE',  ( -0.5068507237299910706, -0.06652989838197043149, -0.6849235295731316286 ) ) ;
#7210 = CARTESIAN_POINT ( 'NONE',  ( 0.4117352130021583179, 0.2112779126134171348, -0.8338913690476311702 ) ) ;
#7211 = CARTESIAN_POINT ( 'NONE',  ( -0.06641132082849374174, -0.4730173447913838536, -0.3587239583333521886 ) ) ;
#7212 = CARTESIAN_POINT ( 'NONE',  ( -0.08491413127758126733, 0.5114174995782826416, -0.4266965294913235840 ) ) ;
#7213 = CARTESIAN_POINT ( 'NONE',  ( 0.1904254240353554228, 0.4659028755387715215, -0.9329823998374684457 ) ) ;
#7214 = CARTESIAN_POINT ( 'NONE',  ( -0.4664519104257628945, 0.2161934665897590757, -0.8375186011905989547 ) ) ;
#7215 = CARTESIAN_POINT ( 'NONE',  ( 0.4914294641137391673, 0.1670894746946239573, -0.4326705311506439111 ) ) ;
#7216 = CARTESIAN_POINT ( 'NONE',  ( 0.5312500000000000000, 1.182924880895401264E-16, 0.000000000000000000 ) ) ;
#7217 = CARTESIAN_POINT ( 'NONE',  ( -0.09608089261906563316, 0.4440232810142965558, -1.104724702380990076 ) ) ;
#7218 = CARTESIAN_POINT ( 'NONE',  ( -0.3082900920699229719, -0.4021334977987313097, -0.8288676756639653531 ) ) ;
#7219 = B_SPLINE_CURVE_WITH_KNOTS ( 'NONE', 3,
 ( #3400, #93, #7061, #877, #1411, #2613, #3898, #5906, #834, #6981, #5167, #254, #3940, #1326, #3281, #3857, #713, #5785, #5129, #6442, #211, #796, #7020, #7645 ),
 .UNSPECIFIED., .F., .F.,
 ( 4, 2, 2, 2, 2, 2, 2, 2, 2, 2, 2, 4 ),
 ( 0.002706725670859571557, 0.003903742348702232863, 0.005100759026544893736, 0.007494792382230216349, 0.009888825737915538094, 0.01108584241575819897, 0.01228285909360085811, 0.01467689244928618159, 0.01707092580497150680, 0.01946495916065683202, 0.02066197583849949115, 0.02185899251634215376 ),
 .UNSPECIFIED. ) ;
#7220 = CARTESIAN_POINT ( 'NONE',  ( -0.3853499091321329062, 0.3375770276010245374, -0.6231547387554460249 ) ) ;
#7221 = CARTESIAN_POINT ( 'NONE',  ( -0.4186646101303202472, 0.1772507950447229919, -1.093843005952397807 ) ) ;
#7222 = CARTESIAN_POINT ( 'NONE',  ( -0.4927545833749693016, -0.1319534141030403729, -0.6934505408081916844 ) ) ;
#7223 = CARTESIAN_POINT ( 'NONE',  ( -0.1633146995318863759, 0.4454844604629927263, -0.4513578869047795150 ) ) ;
#7224 = CARTESIAN_POINT ( 'NONE',  ( 0.4553875700957927264, 0.1465145116436824546, -0.3357514880951867342 ) ) ;
#7225 = ORIENTED_EDGE ( 'NONE', *, *, #4209, .F. ) ;
#7226 = EDGE_CURVE ( 'NONE', #1212, #56, #5347, .T. ) ;
#7227 = CARTESIAN_POINT ( 'NONE',  ( 0.4831257542422902618, -0.2186738986837231946, -0.3753720238094717665 ) ) ;
#7228 = CARTESIAN_POINT ( 'NONE',  ( -0.2968064543340834804, 0.3674609402968596061, -0.5190662202381165491 ) ) ;
#7229 = CARTESIAN_POINT ( 'NONE',  ( 0.4695984194784090238, -0.04256786008334771665, -0.5456659226190081480 ) ) ;
#7230 = CALENDAR_DATE ( 2026, 12, 1 ) ;
#7231 = CARTESIAN_POINT ( 'NONE',  ( 0.003626918144340060112, -0.4665125754975661398, -0.7141927083333688975 ) ) ;
#7232 = CARTESIAN_POINT ( 'NONE',  ( 0.3458737602177038850, 0.3241993887136218055, -0.4735863095238380116 ) ) ;
#7233 = ADVANCED_FACE ( 'NONE', ( #4172, #8084 ), #6682, .T. ) ;
#7234 = ORIENTED_EDGE ( 'NONE', *, *, #3558, .T. ) ;
#7235 = B_SPLINE_CURVE_WITH_KNOTS ( 'NONE', 3,
 ( #4787, #2813, #7181, #7343, #2309, #7915, #5985, #1688, #2267, #7256, #7293, #3441, #5370, #1643, #4829, #916, #3599, #410, #2973, #2853, #453, #2156, #6680, #5947, #6104, #7877, #7801, #1033, #2928, #4675, #294, #4212, #5407, #1606, #6565, #6719, #5326, #990, #7839, #2230, #4169, #4749 ),
 .UNSPECIFIED., .F., .F.,
 ( 4, 2, 2, 2, 2, 2, 2, 2, 2, 2, 2, 2, 2, 2, 2, 2, 2, 2, 2, 2, 4 ),
 ( 0.005250996309335082685, 0.007129246349955022100, 0.008068371370264990072, 0.009007496390574961515, 0.01088574643119489919, 0.01182487145150486890, 0.01276399647181483861, 0.01652049655305470877, 0.01839874659367464471, 0.02027699663429458066, 0.02121612165460454516, 0.02215524667491450966, 0.02403349671553444214, 0.02497262173584440664, 0.02591174675615437462, 0.02778999679677430709, 0.02966824683739423957, 0.03154649687801416857, 0.03342474691863410452, 0.03436387193894406555, 0.03530299695925403353 ),
 .UNSPECIFIED. ) ;
#7236 = CARTESIAN_POINT ( 'NONE',  ( 0.3182508653057686820, 0.4155458418952996391, -0.2931360139842128509 ) ) ;
#7237 = CARTESIAN_POINT ( 'NONE',  ( 0.2730142727646071021, -0.4386604731788516509, -0.8106398809523985838 ) ) ;
#7238 = CARTESIAN_POINT ( 'NONE',  ( -0.1676298169248639225, -0.4939193605639300433, -0.3251436085030214307 ) ) ;
#7239 = CARTESIAN_POINT ( 'NONE',  ( -0.5203268213113479979, 0.03401076224164512052, -0.3300018750473288076 ) ) ;
#7240 = VERTEX_POINT ( 'NONE', #7470 ) ;
#7241 = CARTESIAN_POINT ( 'NONE',  ( -0.3747927913950155343, -0.2734647580708393644, -0.7874813988095059614 ) ) ;
#7242 = CARTESIAN_POINT ( 'NONE',  ( -0.3990271770867837020, -0.3388175692284625118, -0.5388764880952126024 ) ) ;
#7243 = CARTESIAN_POINT ( 'NONE',  ( -0.4110809670513884129, -0.2645012984964775771, -0.9579952090128412978 ) ) ;
#7244 = CARTESIAN_POINT ( 'NONE',  ( -1.238859408283061384E-16, 0.5058027380407166262, -1.066964285714285587 ) ) ;
#7245 = CARTESIAN_POINT ( 'NONE',  ( 0.01497370498182559392, 0.4629161335973414060, -0.8218005952379907608 ) ) ;
#7246 = CARTESIAN_POINT ( 'NONE',  ( 0.4279239067841742461, -0.1568853104126852471, -1.048642113095239692 ) ) ;
#7247 = CARTESIAN_POINT ( 'NONE',  ( -0.04334425467148771832, -0.5884098439115703627, -0.03300125126917646812 ) ) ;
#7248 = CARTESIAN_POINT ( 'NONE',  ( -0.3613152547202141407, -0.3615564002032236601, -0.6774739603857851122 ) ) ;
#7249 = CARTESIAN_POINT ( 'NONE',  ( -0.2330116826110060768, -0.4039516132487387945, -0.7202380952381192136 ) ) ;
#7250 = CARTESIAN_POINT ( 'NONE',  ( -0.4706848312202449591, 0.07790702144308203625, -0.3768601190477311458 ) ) ;
#7251 = CARTESIAN_POINT ( 'NONE',  ( -0.06821316738764419962, 0.5139018927478197218, -0.4270635730216496562 ) ) ;
#7252 = CARTESIAN_POINT ( 'NONE',  ( 0.5022544945534059835, -0.02862648561410810824, -0.9370423927928969166 ) ) ;
#7253 = CARTESIAN_POINT ( 'NONE',  ( -0.5005278571010932653, -0.1083082701170752088, -0.9015997023810675692 ) ) ;
#7254 = DIRECTION ( 'NONE',  ( 0.000000000000000000, 0.000000000000000000, -1.000000000000000000 ) ) ;
#7255 = CARTESIAN_POINT ( 'NONE',  ( -0.2138668593522216332, -0.4735869097803768191, -0.3876555241301133381 ) ) ;
#7256 = CARTESIAN_POINT ( 'NONE',  ( 0.2233222870063680532, -0.4641918097692615541, -0.2499999999999998890 ) ) ;
#7257 = CARTESIAN_POINT ( 'NONE',  ( 0.5064101926489590344, 1.445958606021514314E-15, -0.8035692704840298184 ) ) ;
#7258 = CARTESIAN_POINT ( 'NONE',  ( 0.000000000000000000, 0.000000000000000000, -0.9999999999999998890 ) ) ;
#7259 = CARTESIAN_POINT ( 'NONE',  ( -0.3731153255128226709, -0.3013737070277780483, -0.2869233630952519598 ) ) ;
#7260 = CARTESIAN_POINT ( 'NONE',  ( -0.1317797127001328061, -0.4931843358179771042, -0.6815308344378552263 ) ) ;
#7261 = CARTESIAN_POINT ( 'NONE',  ( -0.2065628871774100317, -0.4280790914355792620, -0.4247581845238507792 ) ) ;
#7262 = CARTESIAN_POINT ( 'NONE',  ( -0.4609137724513531209, 0.1314265489896703221, -0.3067336309523022719 ) ) ;
#7263 = CARTESIAN_POINT ( 'NONE',  ( -0.4849894579215812684, 0.1645074102708653230, -0.6287179434390102184 ) ) ;
#7264 = ORIENTED_EDGE ( 'NONE', *, *, #6730, .F. ) ;
#7265 = CARTESIAN_POINT ( 'NONE',  ( 0.5171855010631206673, -0.1070697020646290687, -0.4442894345237696219 ) ) ;
#7266 = CARTESIAN_POINT ( 'NONE',  ( -0.2557840987039213809, 0.3970636550476045468, -0.5202752976190843093 ) ) ;
#7267 = CARTESIAN_POINT ( 'NONE',  ( -0.05401443835730521115, -0.4678482085103229382, -0.5638020833333071691 ) ) ;
#7268 = CARTESIAN_POINT ( 'NONE',  ( 0.4189803361083245803, 0.2068213108717227577, -0.6912202380952645608 ) ) ;
#7269 = CARTESIAN_POINT ( 'NONE',  ( 0.3152355165268183046, -0.3533021322149232368, -0.4917224702380951773 ) ) ;
#7270 = ORIENTED_EDGE ( 'NONE', *, *, #6531, .F. ) ;
#7271 = CARTESIAN_POINT ( 'NONE',  ( 0.2809511090679637779, -0.3727272453409253283, -0.6980096726191694634 ) ) ;
#7272 = EDGE_CURVE ( 'NONE', #6967, #7191, #7917, .T. ) ;
#7273 = CARTESIAN_POINT ( 'NONE',  ( 0.5004730610665697466, 0.06609861885541899740, -0.8634792261467394425 ) ) ;
#7274 = CARTESIAN_POINT ( 'NONE',  ( -0.3797636665569325554, -0.3496143137231265685, -0.8263578869047515374 ) ) ;
#7275 = EDGE_CURVE ( 'NONE', #937, #6988, #6063, .T. ) ;
#7276 = CARTESIAN_POINT ( 'NONE',  ( -0.2203703785217646371, 0.4862037636530168183, 3.250739043242094489E-16 ) ) ;
#7277 = CARTESIAN_POINT ( 'NONE',  ( 0.3556057866047178107, 0.4081255643923549226, -0.2445383015977778685 ) ) ;
#7278 = VERTEX_POINT ( 'NONE', #4831 ) ;
#7279 = CARTESIAN_POINT ( 'NONE',  ( -0.3393233471536227230, 0.3123947890864379184, -0.8745349702381506329 ) ) ;
#7280 = CARTESIAN_POINT ( 'NONE',  ( 0.4990304205598129483, -0.1605647470719515080, -0.5146949404761976821 ) ) ;
#7281 = CARTESIAN_POINT ( 'NONE',  ( 0.2660000686796113456, -0.4231127891470021218, -0.9465468047302090238 ) ) ;
#7282 = CARTESIAN_POINT ( 'NONE',  ( 4.314832864274900690E-07, 0.4783540252257642011, -0.2499999999999986955 ) ) ;
#7283 = CARTESIAN_POINT ( 'NONE',  ( 0.2049512620542555397, 0.4151740683696415468, -0.8266369047617174726 ) ) ;
#7284 = CARTESIAN_POINT ( 'NONE',  ( -0.02588430707222991525, -0.4545854985639564139, -1.063151041666636099 ) ) ;
#7285 = CARTESIAN_POINT ( 'NONE',  ( 0.000000000000000000, -1.246299526023848019E-16, 1.189999999999999947 ) ) ;
#7286 = CARTESIAN_POINT ( 'NONE',  ( 0.1211942611340344478, 0.4515682062832309107, -0.6815476190475747709 ) ) ;
#7287 = CARTESIAN_POINT ( 'NONE',  ( -0.4714787303068083690, -0.07368786288641741844, -0.3732328869047329967 ) ) ;
#7288 = CARTESIAN_POINT ( 'NONE',  ( -0.3163050165695128202, 0.4120067393015242052, -0.4211231083826278421 ) ) ;
#7289 = DIRECTION ( 'NONE',  ( 0.5000000000000055511, 6.123233995736832596E-17, -0.8660254037844353769 ) ) ;
#7290 = CARTESIAN_POINT ( 'NONE',  ( -0.5091266979470360221, 0.05415268343579697496, -0.9052269345238425080 ) ) ;
#7291 = CARTESIAN_POINT ( 'NONE',  ( 0.3901969718546737798, 0.3425172097047989306, -0.4282143596091827487 ) ) ;
#7292 = CARTESIAN_POINT ( 'NONE',  ( 0.000000000000000000, 0.000000000000000000, 1.189999999999999947 ) ) ;
#7293 = CARTESIAN_POINT ( 'NONE',  ( 0.2341350037998219114, -0.4583210497604668365, -0.2499999999999998335 ) ) ;
#7294 = CARTESIAN_POINT ( 'NONE',  ( 0.2567546052727146533, -0.4441100200193847658, -0.6011761916839192255 ) ) ;
#7295 = CARTESIAN_POINT ( 'NONE',  ( 0.000000000000000000, -2.492599052047696222E-17, 0.2380000000000000171 ) ) ;
#7296 = APPLICATION_CONTEXT ( 'configuration controlled 3d designs of mechanical parts and assemblies' ) ;
#7297 = CARTESIAN_POINT ( 'NONE',  ( 0.3562054075430369782, -0.2877251866661015844, -0.9898623511904517391 ) ) ;
#7298 = CARTESIAN_POINT ( 'NONE',  ( 0.3436361192115821028, -0.3910128803964521005, -0.3846524745179764615 ) ) ;
#7299 = CARTESIAN_POINT ( 'NONE',  ( 0.4733971634823431751, 0.05034462554152243502, -0.4005766369047721320 ) ) ;
#7300 = CARTESIAN_POINT ( 'NONE',  ( -0.3652259252135640066, 0.3101266253360562830, -0.3115699404760943203 ) ) ;
#7302 = CARTESIAN_POINT ( 'NONE',  ( -0.4837833101728477581, 0.1819905388082120046, -0.4761999205861745521 ) ) ;
#7301 = CARTESIAN_POINT ( 'NONE',  ( -0.3380228617653619483, 0.3844832526943134376, -0.6346503261353341196 ) ) ;
#7303 = CARTESIAN_POINT ( 'NONE',  ( -0.5312499999999998890, -0.1033597898285227301, -0.2455395452195268668 ) ) ;
#7304 = CARTESIAN_POINT ( 'NONE',  ( -0.1644493650293918363, 0.4831696779765525251, -0.7105471442250269609 ) ) ;
#7305 = CARTESIAN_POINT ( 'NONE',  ( 0.5072034722328414569, 0.1631860213704046936, -0.2955729166666676844 ) ) ;
#7306 = CIRCLE ( 'NONE', #3772, 0.3750000000000001110 ) ;
#7307 = CARTESIAN_POINT ( 'NONE',  ( -0.3989600787887812028, -0.2621036150775636342, -0.3594680059523732152 ) ) ;
#7308 = CARTESIAN_POINT ( 'NONE',  ( -0.3675141779888690396, 0.2968596920403903661, -0.5166480654761079760 ) ) ;
#7309 = CARTESIAN_POINT ( 'NONE',  ( -0.2616855342706226328, 0.3851245263082282988, -0.7432105654761737012 ) ) ;
#7310 = CARTESIAN_POINT ( 'NONE',  ( -0.4685954259448010806, -0.07755313334241681344, -0.4445684523809396160 ) ) ;
#7311 = VERTEX_POINT ( 'NONE', #6763 ) ;
#7312 = CARTESIAN_POINT ( 'NONE',  ( -0.2701615319605151777, -0.3773204915522977987, -0.7838541666669106567 ) ) ;
#7313 = AXIS2_PLACEMENT_3D ( 'NONE', #4327, #1060, #4368 ) ;
#7314 = CARTESIAN_POINT ( 'NONE',  ( 0.000000000000000000, 0.000000000000000000, 0.9519999999999999574 ) ) ;
#7315 = CARTESIAN_POINT ( 'NONE',  ( 0.4683173446434073517, 0.2315200646472929669, -0.2983504108171927127 ) ) ;
#7316 = CONICAL_SURFACE ( 'NONE', #2864, 0.3749999999999998890, 1.029744258676657642 ) ;
#7317 = CARTESIAN_POINT ( 'NONE',  ( -0.3932688642825385439, -0.3446052194743552399, -0.6123511904760902125 ) ) ;
#7318 = CONICAL_SURFACE ( 'NONE', #6659, 0.5312500000000000000, 1.047197551196600074 ) ;
#7319 = B_SPLINE_CURVE_WITH_KNOTS ( 'NONE', 3,
 ( #7766, #7842, #4751, #2120, #1495, #4019, #6525, #7803 ),
 .UNSPECIFIED., .F., .F.,
 ( 4, 2, 2, 4 ),
 ( 0.02208862069462438904, 0.02406105153688097714, 0.02603348237913756524, 0.02997834406365073798 ),
 .UNSPECIFIED. ) ;
#7320 = DIRECTION ( 'NONE',  ( 0.000000000000000000, 0.000000000000000000, -1.000000000000000000 ) ) ;
#7321 = CARTESIAN_POINT ( 'NONE',  ( 0.3911184763791499264, 0.3435905056406152180, -0.3567731930966451248 ) ) ;
#7322 = ORIENTED_EDGE ( 'NONE', *, *, #422, .F. ) ;
#7323 = AXIS2_PLACEMENT_3D ( 'NONE', #7285, #1634, #5977 ) ;
#7324 = ADVANCED_FACE ( 'NONE', ( #3687 ), #7318, .T. ) ;
#7325 = CARTESIAN_POINT ( 'NONE',  ( 0.2418817215384517216, -0.3965313689783482864, -0.7705543154760902125 ) ) ;
#7326 = AXIS2_PLACEMENT_3D ( 'NONE', #5221, #183, #2045 ) ;
#7327 = CARTESIAN_POINT ( 'NONE',  ( -0.5184609111567504147, -0.08580636338688041320, -0.4735863095237893283 ) ) ;
#7328 = CARTESIAN_POINT ( 'NONE',  ( 0.000000000000000000, 0.000000000000000000, 0.2380000000000000171 ) ) ;
#7329 = CARTESIAN_POINT ( 'NONE',  ( -0.08349824072201439407, -0.5081509750939336989, -0.5375632555853201433 ) ) ;
#7330 = CARTESIAN_POINT ( 'NONE',  ( 0.06667614690824308354, 0.5103584931199115493, -0.5728950254907185791 ) ) ;
#7331 = CARTESIAN_POINT ( 'NONE',  ( -0.4606276116707589963, 0.05318086126399318436, -0.8048735119045732356 ) ) ;
#7332 = ADVANCED_FACE ( 'NONE', ( #3062 ), #3785, .T. ) ;
#7333 = CARTESIAN_POINT ( 'NONE',  ( -0.09254330289686095445, 0.4470543381784815029, -1.024460565476279728 ) ) ;
#7334 = CARTESIAN_POINT ( 'NONE',  ( 0.1324923100162263279, -0.4935038813755112663, -0.6655597099148333751 ) ) ;
#7335 = CARTESIAN_POINT ( 'NONE',  ( -0.3976267783535561984, 0.2425592545970556568, -0.7383742559524104632 ) ) ;
#7336 = CARTESIAN_POINT ( 'NONE',  ( 0.4337833555340891434, -0.2010523885601669114, -0.3442150297618793986 ) ) ;
#7337 = DIRECTION ( 'NONE',  ( 1.000000000000000000, 1.065814103640150121E-14, 0.000000000000000000 ) ) ;
#7338 = ADVANCED_FACE ( 'NONE', ( #412 ), #3515, .T. ) ;
#7339 = CARTESIAN_POINT ( 'NONE',  ( 0.3975000000000000755, 4.867971026610729929E-17, 0.2380000000000000171 ) ) ;
#7340 = CARTESIAN_POINT ( 'NONE',  ( 0.4268335278003021482, -0.2804254119546027990, -0.9463355654763143665 ) ) ;
#7341 = CARTESIAN_POINT ( 'NONE',  ( -0.2601377492601184005, 0.4498994625998665176, -0.4125894373586390107 ) ) ;
#7342 = CARTESIAN_POINT ( 'NONE',  ( 0.4230530755733298842, -0.3025789263303589882, -0.3720305328322639493 ) ) ;
#7343 = CARTESIAN_POINT ( 'NONE',  ( 0.08487929669988461545, -0.5136601564541388720, -0.2499999999999998057 ) ) ;
#7344 = CARTESIAN_POINT ( 'NONE',  ( 0.5130819513288120692, -2.491210602034852502E-15, -0.5892850655644816804 ) ) ;
#7345 = CARTESIAN_POINT ( 'NONE',  ( -0.4440270655460055726, 0.3570755151935114391, -0.2289677940030260539 ) ) ;
#7346 = CARTESIAN_POINT ( 'NONE',  ( 0.1146522682757521450, -0.4430744515509403292, -0.9971168154760978730 ) ) ;
#7347 = CARTESIAN_POINT ( 'NONE',  ( -0.2293704786522932915, -0.4659152255714705260, -0.3980500529787013297 ) ) ;
#7348 = CARTESIAN_POINT ( 'NONE',  ( -0.4714787303052849765, -0.07368786290253687143, -0.3643043154762010127 ) ) ;
#7349 = CARTESIAN_POINT ( 'NONE',  ( 0.1473102881603858549, 0.4578348865607376750, -0.2535342261905069172 ) ) ;
#7351 = CARTESIAN_POINT ( 'NONE',  ( -0.2767049616838467285, 0.4441908297325840027, -0.2693485934051065844 ) ) ;
#7350 = CARTESIAN_POINT ( 'NONE',  ( -0.2984865016715992914, 0.4158814223311305125, -0.6357800065434281445 ) ) ;
#7352 = CARTESIAN_POINT ( 'NONE',  ( 0.4482482396683712400, -0.2588564607542274132, -0.4523755350238722328 ) ) ;
#7353 = CARTESIAN_POINT ( 'NONE',  ( 0.5078232713508478158, 0.03356978524080724696, -0.7313880879114167399 ) ) ;
#7354 = CARTESIAN_POINT ( 'NONE',  ( 0.4831688072166862580, -0.2239413403344417963, -0.3040364583333390880 ) ) ;
#7355 = CARTESIAN_POINT ( 'NONE',  ( -0.01544355844574284674, -0.4774456454677850070, -0.3485863095237396458 ) ) ;
#7356 = CARTESIAN_POINT ( 'NONE',  ( -0.4691593552581351245, 0.07333340496764186034, -0.4392671130952466862 ) ) ;
#7357 = CARTESIAN_POINT ( 'NONE',  ( 0.3007506979835152250, 0.3606979959549107551, -0.6150483630952555680 ) ) ;
#7358 = CARTESIAN_POINT ( 'NONE',  ( -0.4763559061697514863, 0.02712373309393817378, -0.3756510416666956065 ) ) ;
#7359 = EDGE_LOOP ( 'NONE', ( #960, #5800, #7856 ) ) ;
#7360 = CARTESIAN_POINT ( 'NONE',  ( -0.3013979122263552024, 0.3549585357613077585, -0.7330729166666229979 ) ) ;
#7361 = CARTESIAN_POINT ( 'NONE',  ( -0.03415040152760039777, 0.5161629760618887675, -0.4892245984457238572 ) ) ;
#7362 = CARTESIAN_POINT ( 'NONE',  ( 0.2079334664410585620, 0.4603979082670581202, -0.8519414717073169330 ) ) ;
#7363 = CARTESIAN_POINT ( 'NONE',  ( -0.4440953331037806873, 0.2709053366839853094, -0.6981956845238584952 ) ) ;
#7364 = CARTESIAN_POINT ( 'NONE',  ( 0.2566637072231091055, 0.3906653914041606224, -0.6762462797619648303 ) ) ;
#7365 = CARTESIAN_POINT ( 'NONE',  ( 0.1511285198218978165, 0.4329581440946901338, -0.9680989583332925141 ) ) ;
#7366 = CARTESIAN_POINT ( 'NONE',  ( -0.3441822245485622322, 0.3924713744311810748, -0.3389247351049837209 ) ) ;
#7367 = ORIENTED_EDGE ( 'NONE', *, *, #4258, .T. ) ;
#7368 = CARTESIAN_POINT ( 'NONE',  ( -0.4389831815191504449, 0.2884074788495413766, -0.4820498511904823813 ) ) ;
#7369 = CARTESIAN_POINT ( 'NONE',  ( -0.03269678566267456010, -0.5061627490285104392, -0.8121404135728383933 ) ) ;
#7370 = DIRECTION ( 'NONE',  ( 1.000000000000000000, 0.000000000000000000, 0.000000000000000000 ) ) ;
#7371 = CARTESIAN_POINT ( 'NONE',  ( -0.4949854383847360206, -0.1198970414129750667, -1.046409970238113329 ) ) ;
#7372 = CARTESIAN_POINT ( 'NONE',  ( -0.4537548551252998941, 0.1056143331049956557, -0.7347470238095143991 ) ) ;
#7373 = CARTESIAN_POINT ( 'NONE',  ( 0.4547966271630632940, -0.07108851767421066337, -0.9035528273810760069 ) ) ;
#7374 = CARTESIAN_POINT ( 'NONE',  ( -0.1643801644403361240, -0.4844584352405894578, -0.6722558661634310262 ) ) ;
#7375 = CARTESIAN_POINT ( 'NONE',  ( 0.4653753459795494374, 0.06107524033253987350, -0.6235119047619028798 ) ) ;
#7376 = CARTESIAN_POINT ( 'NONE',  ( 0.4684072524251504666, 0.09696369624491714412, -0.3369605654761237412 ) ) ;
#7377 = CARTESIAN_POINT ( 'NONE',  ( 0.1613941420426298068, -0.4283076835073988953, -0.9869791666667248053 ) ) ;
#7378 = CARTESIAN_POINT ( 'NONE',  ( -0.1873550800185172782, 0.4139496538555942351, -1.093377976190562872 ) ) ;
#7379 = CARTESIAN_POINT ( 'NONE',  ( 0.5173680798683696347, 0.01672659818351267952, -0.7250744047618146171 ) ) ;
#7380 = EDGE_CURVE ( 'NONE', #3165, #8097, #3122, .T. ) ;
#7381 = DIRECTION ( 'NONE',  ( -1.000000000000000000, 0.000000000000000000, 0.000000000000000000 ) ) ;
#7382 = CARTESIAN_POINT ( 'NONE',  ( 0.1627794067750256979, 0.4806202827087965312, -0.7794027633607937267 ) ) ;
#7383 = CARTESIAN_POINT ( 'NONE',  ( 0.2079594579712016889, -0.4052683955366738755, -1.066034226190321288 ) ) ;
#7384 = CARTESIAN_POINT ( 'NONE',  ( -0.4435280713828618770, -0.2566461916667556187, -0.6190307131784829053 ) ) ;
#7385 = EDGE_CURVE ( 'NONE', #1016, #5728, #3595, .T. ) ;
#7386 = DIRECTION ( 'NONE',  ( -0.000000000000000000, -0.000000000000000000, -1.000000000000000000 ) ) ;
#7387 = CARTESIAN_POINT ( 'NONE',  ( -0.3862773330288170603, -0.2404114023736464156, -1.082961309523912341 ) ) ;
#7388 = CARTESIAN_POINT ( 'NONE',  ( -0.4839749502361820332, 2.646477743862255079E-15, -0.9621927656160642606 ) ) ;
#7389 = CARTESIAN_POINT ( 'NONE',  ( 0.2786243651315621350, 0.3891403025480121292, -0.3195684523808987598 ) ) ;
#7390 = CARTESIAN_POINT ( 'NONE',  ( -0.4963021363630280569, 0.09471530514340859019, -1.120442708333239112 ) ) ;
#7392 = CARTESIAN_POINT ( 'NONE',  ( -0.03480636967145660926, 0.5228250470612147982, -0.2749353799438114532 ) ) ;
#7391 = CARTESIAN_POINT ( 'NONE',  ( 0.01614963765029926723, 0.5114234905800900677, -0.6432162728448768130 ) ) ;
#7393 = DIRECTION ( 'NONE',  ( -1.000000000000000000, 0.000000000000000000, 0.000000000000000000 ) ) ;
#7394 = CARTESIAN_POINT ( 'NONE',  ( -0.2695683010656255707, 0.4325335781532625989, -0.7079462598466673695 ) ) ;
#7395 = CARTESIAN_POINT ( 'NONE',  ( -0.06910439302005727535, 0.5265511029162683876, -0.3511904761905293992 ) ) ;
#7396 = CARTESIAN_POINT ( 'NONE',  ( 0.4144485232795969698, 0.2390573106357192501, -0.3244047619047611963 ) ) ;
#7397 = CARTESIAN_POINT ( 'NONE',  ( 0.08913612841960169564, -0.4671088344843339901, -0.4175037202381146617 ) ) ;
#7398 = CARTESIAN_POINT ( 'NONE',  ( 0.2379474349434179681, -0.4040983416152418850, -0.6368117559524332227 ) ) ;
#7399 = CARTESIAN_POINT ( 'NONE',  ( -0.4783210788693202375, 0.03154615765816633915, -0.3043154761904569572 ) ) ;
#7400 = ORIENTED_EDGE ( 'NONE', *, *, #830, .F. ) ;
#7401 = CARTESIAN_POINT ( 'NONE',  ( 0.1498168010082922830, -0.4419366975109789153, -0.7016369047619310795 ) ) ;
#7402 = CARTESIAN_POINT ( 'NONE',  ( -0.3684150865154617871, 0.2921609818859494667, -0.5969122023809101396 ) ) ;
#7403 = CARTESIAN_POINT ( 'NONE',  ( 0.3878902805612027271, 0.3405168875497490144, -0.4996428015296466296 ) ) ;
#7404 = CARTESIAN_POINT ( 'NONE',  ( 0.4598443661544842076, 0.2085369770650937482, -0.8601297005654783279 ) ) ;
#7405 = CARTESIAN_POINT ( 'NONE',  ( -0.4969016646295580375, -0.1549625931771699550, -0.6885230654761677060 ) ) ;
#7406 = CARTESIAN_POINT ( 'NONE',  ( -0.4215327827052123277, 0.2034041356248313670, -0.6569010416667391272 ) ) ;
#7407 = CARTESIAN_POINT ( 'NONE',  ( 0.1297098878619842854, 0.4859959583180155640, -0.9215084868751214353 ) ) ;
#7408 = CARTESIAN_POINT ( 'NONE',  ( 0.4547966271663396731, -0.07108851766283037776, -0.9124813988094713224 ) ) ;
#7409 = B_SPLINE_CURVE_WITH_KNOTS ( 'NONE', 3,
 ( #574, #3054, #2518, #5030, #3094, #5562, #8076, #698 ),
 .UNSPECIFIED., .F., .F.,
 ( 4, 2, 2, 4 ),
 ( 0.007883069676311166285, 0.009846408514183550842, 0.01180974735205593366, 0.01573642502780069410 ),
 .UNSPECIFIED. ) ;
#7410 = CARTESIAN_POINT ( 'NONE',  ( -0.5041060334998227477, 0.1350298554719702726, -0.3422629992384963460 ) ) ;
#7411 = ORIENTED_EDGE ( 'NONE', *, *, #6673, .T. ) ;
#7412 = CARTESIAN_POINT ( 'NONE',  ( -0.01707718546148127153, -0.5279631046631020341, -0.3865327380952678915 ) ) ;
#7413 = CARTESIAN_POINT ( 'NONE',  ( 0.2679351239296286491, -0.4299848949811929111, -0.8050687160264401454 ) ) ;
#7414 = DIRECTION ( 'NONE',  ( -0.000000000000000000, -0.000000000000000000, -1.000000000000000000 ) ) ;
#7415 = CARTESIAN_POINT ( 'NONE',  ( -0.1565073352990170863, 0.4864457754328472272, -0.9920014880953925696 ) ) ;
#7416 = CARTESIAN_POINT ( 'NONE',  ( -0.4562669222108082234, -0.05266942885740764219, -0.9361979166667011576 ) ) ;
#7417 = CARTESIAN_POINT ( 'NONE',  ( -0.5122938853034014750, -0.01680882716424898435, -0.6145962480851060450 ) ) ;
#7418 = CARTESIAN_POINT ( 'NONE',  ( -0.4449381781069255970, -0.1387569454388544732, -0.7287016369047119024 ) ) ;
#7419 = CARTESIAN_POINT ( 'NONE',  ( -0.3108796214782351686, -0.4339482278679493432, 3.088002004557016461E-16 ) ) ;
#7420 = PLANE ( 'NONE',  #3519 ) ;
#7421 = DIRECTION ( 'NONE',  ( -0.000000000000000000, -0.000000000000000000, 1.000000000000000000 ) ) ;
#7422 = CARTESIAN_POINT ( 'NONE',  ( 0.3137112653167387633, -0.4085060082673908077, -0.8072916666666436480 ) ) ;
#7423 = CARTESIAN_POINT ( 'NONE',  ( 0.000000000000000000, 0.000000000000000000, -0.9999999999999998890 ) ) ;
#7424 = CARTESIAN_POINT ( 'NONE',  ( 0.4745503906087068513, 0.1788066754155930860, -0.7894492148766888429 ) ) ;
#7425 = CARTESIAN_POINT ( 'NONE',  ( 0.01889129680096089323, -0.4572031365375183731, -0.9995349702380986745 ) ) ;
#7426 = CARTESIAN_POINT ( 'NONE',  ( -0.2560558178282880126, -0.4440886285761778129, -0.6130812947333535989 ) ) ;
#7427 = DIRECTION ( 'NONE',  ( 1.000000000000000000, 0.000000000000000000, 0.000000000000000000 ) ) ;
#7428 = CARTESIAN_POINT ( 'NONE',  ( 0.3246695909092066623, -0.3196603570466646782, -1.062406994047561781 ) ) ;
#7429 = LINE ( 'NONE', #3023, #6923 ) ;
#7430 = CARTESIAN_POINT ( 'NONE',  ( -0.5002943035887735812, 6.126838175216457331E-17, -0.9999999999999998890 ) ) ;
#7431 = ADVANCED_FACE ( 'NONE', ( #2440 ), #6533, .T. ) ;
#7432 = CARTESIAN_POINT ( 'NONE',  ( -0.2562176828747945723, 0.4351255033168923703, -1.130115327381010060 ) ) ;
#7434 = CARTESIAN_POINT ( 'NONE',  ( 0.5055761917259595783, 0.1358188062770187554, -0.2905546921182102782 ) ) ;
#7433 = CARTESIAN_POINT ( 'NONE',  ( 0.5108697445529895020, 0.01665960151145822604, -0.6603369415126746356 ) ) ;
#7435 = CARTESIAN_POINT ( 'NONE',  ( -0.4034211214824618974, 0.3093501190437399906, -0.7752881246504917945 ) ) ;
#7436 = ORIENTED_EDGE ( 'NONE', *, *, #3004, .T. ) ;
#7437 = CARTESIAN_POINT ( 'NONE',  ( -0.1883911757801381703, -0.4999279268775725371, -0.2496279761904460770 ) ) ;
#7438 = CARTESIAN_POINT ( 'NONE',  ( 0.4337833555480723469, -0.2010523885529729438, -0.3352864583333390880 ) ) ;
#7439 = CARTESIAN_POINT ( 'NONE',  ( -0.3911364960181685224, -0.2657706400912432931, -0.5021391369047678577 ) ) ;
#7440 = CARTESIAN_POINT ( 'NONE',  ( 0.4609336352601752229, -0.08796579759214015470, -0.6271391369047161213 ) ) ;
#7441 = CARTESIAN_POINT ( 'NONE',  ( -0.3349588174059395795, -0.3402080572044149376, -0.3659784226190350154 ) ) ;
#7442 = EDGE_LOOP ( 'NONE', ( #3290, #3804, #7322, #5143 ) ) ;
#7443 = CARTESIAN_POINT ( 'NONE',  ( -0.2377617755453520221, -0.4037673559344646113, -0.6399739583334252968 ) ) ;
#7444 = CARTESIAN_POINT ( 'NONE',  ( -0.1665202575151551734, 0.4419110072748826945, -0.5316220238095558104 ) ) ;
#7445 = CARTESIAN_POINT ( 'NONE',  ( -0.4441998644893787040, 0.3569757496770394334, -0.02107407634765177257 ) ) ;
#7446 = CARTESIAN_POINT ( 'NONE',  ( -0.02379638514728984675, 0.4793458892123756976, -0.2499999999999729938 ) ) ;
#7447 = CARTESIAN_POINT ( 'NONE',  ( -0.5181430345519650871, 0.06800888765361851052, -0.6220238095237765608 ) ) ;
#7448 = CARTESIAN_POINT ( 'NONE',  ( 0.3909532425147758117, 0.2518477643606646388, -0.7524181547618281618 ) ) ;
#7449 = DIRECTION ( 'NONE',  ( -0.000000000000000000, -0.000000000000000000, -1.000000000000000000 ) ) ;
#7450 = CARTESIAN_POINT ( 'NONE',  ( 0.4596497490878941328, 0.02616464791435466411, -0.9100632440476712492 ) ) ;
#7451 = CONICAL_SURFACE ( 'NONE', #3506, 0.5002943035887735812, 0.03112503826905463691 ) ;
#7452 = CARTESIAN_POINT ( 'NONE',  ( 0.5023904159683140191, 0.1346638367885472920, -0.3720206484914461709 ) ) ;
#7453 = ORIENTED_EDGE ( 'NONE', *, *, #1538, .T. ) ;
#7454 = CARTESIAN_POINT ( 'NONE',  ( -0.2285281264784627953, -0.4736006323136425777, -0.4627046130952955361 ) ) ;
#7455 = CARTESIAN_POINT ( 'NONE',  ( 0.4617317313976642690, -0.2090340917161569168, -0.7983756322220252333 ) ) ;
#7456 = CARTESIAN_POINT ( 'NONE',  ( 0.1303959755751432636, 0.4886250412283907885, -0.8601015549721846565 ) ) ;
#7457 = CARTESIAN_POINT ( 'NONE',  ( -0.3446912838312202187, 0.3744161768492574871, -1.058500744047565556 ) ) ;
#7458 = CARTESIAN_POINT ( 'NONE',  ( 0.4095163977162286639, -0.2148146366960544951, -0.8358444940477107732 ) ) ;
#7459 = FACE_OUTER_BOUND ( 'NONE', #4314, .T. ) ;
#7460 = AXIS2_PLACEMENT_3D ( 'NONE', #4458, #2716, #7086 ) ;
#7461 = CARTESIAN_POINT ( 'NONE',  ( -0.3868993233429374734, -0.2680000824486824529, -0.5824032738095484829 ) ) ;
#7462 = DIRECTION ( 'NONE',  ( -0.000000000000000000, -0.000000000000000000, 1.000000000000000000 ) ) ;
#7463 = CARTESIAN_POINT ( 'NONE',  ( -0.4168199043064340636, -0.1931814666085405474, -0.9325706845237080600 ) ) ;
#7464 = CARTESIAN_POINT ( 'NONE',  ( -0.2691804543734828692, 0.3689211126622600756, -1.019624255952292780 ) ) ;
#7465 = CARTESIAN_POINT ( 'NONE',  ( -0.5142543590679999888, 0.004006458572332557283, -0.8326822916666688501 ) ) ;
#7466 = FACE_OUTER_BOUND ( 'NONE', #2556, .T. ) ;
#7467 = CARTESIAN_POINT ( 'NONE',  ( -0.4314080047228423531, 0.2680665313236798575, -0.7641525478363543344 ) ) ;
#7468 = CARTESIAN_POINT ( 'NONE',  ( -0.1398358255707485009, 0.4346298733029313466, -1.032180059523890803 ) ) ;
#7469 = CARTESIAN_POINT ( 'NONE',  ( 0.000000000000000000, 0.000000000000000000, 1.189999999999999947 ) ) ;
#7470 = CARTESIAN_POINT ( 'NONE',  ( -0.0003771473581876341069, -0.5236454876309984963, -0.2499999999999998057 ) ) ;
#7471 = CARTESIAN_POINT ( 'NONE',  ( -0.09254330288471340760, 0.4470543381783554371, -1.033389136904692363 ) ) ;
#7472 = DIRECTION ( 'NONE',  ( 0.000000000000000000, 0.000000000000000000, 1.000000000000000000 ) ) ;
#7473 = VECTOR ( 'NONE', #6182, 39.37007874015748854 ) ;
#7474 = CARTESIAN_POINT ( 'NONE',  ( 0.4535456859151760778, -0.1583146137671277709, -0.2627418154761627100 ) ) ;
#7475 = CARTESIAN_POINT ( 'NONE',  ( 0.2131369922840328779, 0.4598572281665406214, -1.069661458333367010 ) ) ;
#7477 = CARTESIAN_POINT ( 'NONE',  ( -0.4543056570837033514, 0.2617886122778099733, -0.2637767478021144085 ) ) ;
#7476 = CARTESIAN_POINT ( 'NONE',  ( 0.4848128231038300040, 0.1648132296523125429, -0.6569829713467298937 ) ) ;
#7478 = CARTESIAN_POINT ( 'NONE',  ( -0.1632807938124372638, 0.4803609744492110534, -0.7819856270523038999 ) ) ;
#7479 = CARTESIAN_POINT ( 'NONE',  ( 0.06588315382707969625, 0.5051381605148107523, -0.7157603609593333749 ) ) ;
#7480 = CARTESIAN_POINT ( 'NONE',  ( -0.2354800904894905622, -0.4770182959381008003, -0.3221726190475898699 ) ) ;
#7481 = CARTESIAN_POINT ( 'NONE',  ( -0.3314905434955286445, 0.3427988497827378911, -0.3751860119047065734 ) ) ;
#7482 = CARTESIAN_POINT ( 'NONE',  ( -0.3967402182584138792, 0.2606547406792499855, -0.4441034226190290757 ) ) ;
#7483 = CARTESIAN_POINT ( 'NONE',  ( -0.4641847468461730020, -0.1201150749191993578, -0.3006882440476164597 ) ) ;
#7484 = EDGE_LOOP ( 'NONE', ( #75, #7610, #7164, #7747 ) ) ;
#7485 = CARTESIAN_POINT ( 'NONE',  ( -0.4599691239179610758, -0.08777362988763502682, -0.6496465773809604327 ) ) ;
#7486 = CARTESIAN_POINT ( 'NONE',  ( -0.4513296087561549097, -0.1330782564494774889, -0.5860305059523832627 ) ) ;
#7487 = CARTESIAN_POINT ( 'NONE',  ( -0.2881677004943798415, 0.4470609615617915367, 3.250405565703805239E-16 ) ) ;
#7488 = CARTESIAN_POINT ( 'NONE',  ( -0.4926603743576886685, 0.1145294459116909108, -0.8318493901943859736 ) ) ;
#7489 = CARTESIAN_POINT ( 'NONE',  ( -0.5078602904670576068, 0.1230239308888262523, -0.6232328869046895869 ) ) ;
#7490 = CARTESIAN_POINT ( 'NONE',  ( -0.3976267783485043505, 0.2425592546069036959, -0.7294456845238583842 ) ) ;
#7491 = ADVANCED_FACE ( 'NONE', ( #1690 ), #615, .T. ) ;
#7492 = CARTESIAN_POINT ( 'NONE',  ( -0.2231189416259489466, 0.4511005678634925631, -0.9133258738004340627 ) ) ;
#7493 = CARTESIAN_POINT ( 'NONE',  ( -0.1300234408995291913, -0.4409414930941523703, -0.9318266369048581188 ) ) ;
#7494 = CARTESIAN_POINT ( 'NONE',  ( -0.1354972506918655784, 0.5036097062847877392, -0.3541468940607150895 ) ) ;
#7495 = VERTEX_POINT ( 'NONE', #4299 ) ;
#7496 = CARTESIAN_POINT ( 'NONE',  ( 0.5252791921876064363, -0.06064452071162007574, -0.3696056547618368215 ) ) ;
#7497 = CARTESIAN_POINT ( 'NONE',  ( 0.06646074651518733833, -0.5021073243484911464, -0.8098992557825852590 ) ) ;
#7498 = CARTESIAN_POINT ( 'NONE',  ( -0.1313451632413019377, 0.4877305298211844220, -0.8541525874226403303 ) ) ;
#7499 = CARTESIAN_POINT ( 'NONE',  ( 0.3634571142349796724, -0.3578487713226913280, -1.022228422619141819 ) ) ;
#7500 = CARTESIAN_POINT ( 'NONE',  ( 0.4094419999678897137, -0.2101100975333782817, -0.9071800595240214760 ) ) ;
#7501 = CARTESIAN_POINT ( 'NONE',  ( -0.4099612764927282882, 0.2825253452477127225, -0.2499999999999998057 ) ) ;
#7502 = CARTESIAN_POINT ( 'NONE',  ( 0.1802575699698116263, -0.4449543186915685955, -0.2813430059523462368 ) ) ;
#7503 = AXIS2_PLACEMENT_3D ( 'NONE', #4783, #1638, #4163 ) ;
#7504 = ORIENTED_EDGE ( 'NONE', *, *, #4411, .T. ) ;
#7505 = CARTESIAN_POINT ( 'NONE',  ( -0.3352676072844235633, -0.3142577089042342120, -0.9289434523809634303 ) ) ;
#7506 = CARTESIAN_POINT ( 'NONE',  ( -0.3271236639851672900, -0.3163322001008276319, -1.071614583333230009 ) ) ;
#7507 = CARTESIAN_POINT ( 'NONE',  ( 0.2682030834770230410, -0.4396807412491567923, -0.8085007440477147700 ) ) ;
#7508 = FACE_OUTER_BOUND ( 'NONE', #7078, .T. ) ;
#7509 = DIRECTION ( 'NONE',  ( 1.000000000000000000, 0.000000000000000000, 0.000000000000000000 ) ) ;
#7510 = CARTESIAN_POINT ( 'NONE',  ( 0.05234728418476197048, 0.4534070148432277070, -1.037016369047640829 ) ) ;
#7511 = CARTESIAN_POINT ( 'NONE',  ( -0.4204030104311459182, -0.3013077550265725324, -0.4650411261709166966 ) ) ;
#7512 = CARTESIAN_POINT ( 'NONE',  ( 0.007691627753234500306, 0.4586257711457897290, -0.9644717261904558470 ) ) ;
#7513 = CARTESIAN_POINT ( 'NONE',  ( -0.4922317394466521057, -0.1672485274567645230, -0.4069873445209640228 ) ) ;
#7514 = CARTESIAN_POINT ( 'NONE',  ( 0.1802575699660081410, -0.4449543186951818718, -0.2724144345238345699 ) ) ;
#7515 = CARTESIAN_POINT ( 'NONE',  ( -0.3420579277320962563, 0.3715557748324603282, -1.127697172618990384 ) ) ;
#7517 = CARTESIAN_POINT ( 'NONE',  ( -0.5312500000000002220, 0.1300819257477931479, -0.008742350993301331238 ) ) ;
#7516 = CARTESIAN_POINT ( 'NONE',  ( -0.4562949969004749806, -0.2250315572060578861, -0.7626499721601823767 ) ) ;
#7518 = CARTESIAN_POINT ( 'NONE',  ( 0.3815146099156585535, 0.3350337450642115744, -0.7953787065588339145 ) ) ;
#7519 = CARTESIAN_POINT ( 'NONE',  ( -0.5037992835552465021, -0.06639177179893208935, -0.7563387712807966290 ) ) ;
#7520 = CARTESIAN_POINT ( 'NONE',  ( -0.5034145795045091853, -0.1845524451167013524, -0.1879650297618829236 ) ) ;
#7521 = CARTESIAN_POINT ( 'NONE',  ( -0.4783210788760401955, 0.03154615765227792440, -0.2953869047618170596 ) ) ;
#7522 = CARTESIAN_POINT ( 'NONE',  ( -0.3652259252019533498, 0.3101266253475487567, -0.3026413690475690532 ) ) ;
#7523 = CARTESIAN_POINT ( 'NONE',  ( 0.04322398378620084108, 0.4768372986087578425, -0.3224516369048124886 ) ) ;
#7524 = ORIENTED_EDGE ( 'NONE', *, *, #6669, .F. ) ;
#7525 = CARTESIAN_POINT ( 'NONE',  ( 0.07672015054133715650, 0.4635138336011931370, -0.6000744047619009924 ) ) ;
#7526 = CARTESIAN_POINT ( 'NONE',  ( -0.3971873550498369876, 0.2558732581465515410, -0.5243675595238093123 ) ) ;
#7527 = ORIENTED_EDGE ( 'NONE', *, *, #2193, .T. ) ;
#7528 = CARTESIAN_POINT ( 'NONE',  ( -0.4113213911741065432, 0.2941213646226547573, -0.8363148938937622345 ) ) ;
#7529 = CARTESIAN_POINT ( 'NONE',  ( 0.1443589901066905934, 0.5062693572899396033, -0.4986979166666696273 ) ) ;
#7530 = CARTESIAN_POINT ( 'NONE',  ( 0.4351093453899110286, 0.1639571997772909517, -0.7548363095238861398 ) ) ;
#7531 = DIRECTION ( 'NONE',  ( -0.000000000000000000, -0.000000000000000000, 1.000000000000000000 ) ) ;
#7532 = CARTESIAN_POINT ( 'NONE',  ( -0.4350529551617312030, -0.1474831427977806031, -0.9427083333334831394 ) ) ;
#7533 = CARTESIAN_POINT ( 'NONE',  ( -0.3803006431845112334, 0.3559327590979977085, -0.3478291322914548456 ) ) ;
#7534 = EDGE_CURVE ( 'NONE', #6503, #6426, #2187, .T. ) ;
#7535 = ORIENTED_EDGE ( 'NONE', *, *, #4105, .F. ) ;
#7536 = ADVANCED_FACE ( 'NONE', ( #2893 ), #5612, .F. ) ;
#7537 = CARTESIAN_POINT ( 'NONE',  ( 0.1454856822618816325, -0.5102498373026496115, -0.3115699404762517499 ) ) ;
#7538 = CARTESIAN_POINT ( 'NONE',  ( 0.000000000000000000, 0.000000000000000000, -0.9999999999999998890 ) ) ;
#7539 = CARTESIAN_POINT ( 'NONE',  ( 0.3323468363945475401, 0.3799023851313776956, -0.8653115573262778470 ) ) ;
#7540 = CARTESIAN_POINT ( 'NONE',  ( -0.4587616843556710511, -0.2213591357908090418, -1.043991815476172036 ) ) ;
#7541 = CARTESIAN_POINT ( 'NONE',  ( -0.1797521681691321427, 0.4245933966665895731, -0.8793712797619491761 ) ) ;
#7542 = CARTESIAN_POINT ( 'NONE',  ( 0.5133940662308125180, -5.139822602142158165E-13, -0.5792605282830836089 ) ) ;
#7543 = CARTESIAN_POINT ( 'NONE',  ( 0.5312500000000000000, -0.3067173305069885725, -0.2025506638403220538 ) ) ;
#7544 = ORIENTED_EDGE ( 'NONE', *, *, #3261, .T. ) ;
#7545 = CARTESIAN_POINT ( 'NONE',  ( -0.1797521681691321427, 0.4245933966665895731, -0.8793712797619491761 ) ) ;
#7546 = CARTESIAN_POINT ( 'NONE',  ( -0.2914412759863150848, -0.3495327758723592582, -1.070405505952458203 ) ) ;
#7547 = CARTESIAN_POINT ( 'NONE',  ( 0.3739076792397666993, 0.3615736522420903154, -0.6452752976190511136 ) ) ;
#7548 = CARTESIAN_POINT ( 'NONE',  ( 0.4363985633712841317, -0.1439089235244436493, -0.9875795426345979067 ) ) ;
#7549 = CARTESIAN_POINT ( 'NONE',  ( -0.4914935307547045884, 0.1317506475247543218, -0.7608121634474210859 ) ) ;
#7550 = CARTESIAN_POINT ( 'NONE',  ( -0.2914412759955364307, -0.3495327758653871131, -1.079334077380872614 ) ) ;
#7551 = CARTESIAN_POINT ( 'NONE',  ( 0.2737414897500289324, -0.4394751496756402753, -0.4479227958208678584 ) ) ;
#7552 = CARTESIAN_POINT ( 'NONE',  ( -0.03748331748932193924, 0.4594351734112638308, -0.8919270833332921811 ) ) ;
#7553 = CARTESIAN_POINT ( 'NONE',  ( 0.3618065550700414468, 0.2922392016569019257, -0.7512090773810745636 ) ) ;
#7554 = CARTESIAN_POINT ( 'NONE',  ( 0.3108071975707136225, -0.3660397282311457778, -0.2687872023809779187 ) ) ;
#7555 = CARTESIAN_POINT ( 'NONE',  ( -0.007845321083974628185, -0.4794679670745699562, -0.2144717214436297759 ) ) ;
#7557 = CARTESIAN_POINT ( 'NONE',  ( 0.2248515235613020857, 0.4573289233542517929, -0.7094536122286763113 ) ) ;
#7556 = CARTESIAN_POINT ( 'NONE',  ( 0.3101231487150174493, -0.4030869420397107383, -0.7425385715719857727 ) ) ;
#7558 = CARTESIAN_POINT ( 'NONE',  ( -0.3769940999190804498, -0.3537270073756163535, -0.4735740935188014755 ) ) ;
#7559 = CARTESIAN_POINT ( 'NONE',  ( -0.3823429415634926332, -0.3577787077579616670, -0.2593058072554929594 ) ) ;
#7560 = CARTESIAN_POINT ( 'NONE',  ( 0.3908679718642691370, 0.2798515610880359383, -0.2518601190476174034 ) ) ;
#7561 = CARTESIAN_POINT ( 'NONE',  ( -0.4436994973514466478, 0.1751372015050240427, -0.3703497023808404731 ) ) ;
#7562 = CARTESIAN_POINT ( 'NONE',  ( -0.3775553579269184667, -0.2993991226255568461, -0.2245163690475485696 ) ) ;
#7563 = ORIENTED_EDGE ( 'NONE', *, *, #2094, .T. ) ;
#7564 = CARTESIAN_POINT ( 'NONE',  ( 0.07221096132726914640, 0.4619779912101990016, -0.6714099702380051937 ) ) ;
#7565 = CARTESIAN_POINT ( 'NONE',  ( -0.4415727032995803158, 0.1618890920870523220, -0.5932849702380654788 ) ) ;
#7566 = ORIENTED_EDGE ( 'NONE', *, *, #7182, .F. ) ;
#7567 = CARTESIAN_POINT ( 'NONE',  ( -0.08272040001064044634, 0.4748109215851633591, -0.2499999999999997224 ) ) ;
#7568 = CARTESIAN_POINT ( 'NONE',  ( -0.4110643130631569386, 0.3259821353955590917, -0.5567336309524189009 ) ) ;
#7569 = CARTESIAN_POINT ( 'NONE',  ( 0.4500685402543199154, -0.1403652720908615259, -0.5480840773809303457 ) ) ;
#7570 = CARTESIAN_POINT ( 'NONE',  ( 0.000000000000000000, 0.000000000000000000, 0.000000000000000000 ) ) ;
#7571 = CARTESIAN_POINT ( 'NONE',  ( 0.06012937423547861510, -0.4581685986766578234, -0.8556547619046973585 ) ) ;
#7572 = CARTESIAN_POINT ( 'NONE',  ( -0.2150573725526199742, 0.4742558509491281993, -0.3522982254113244949 ) ) ;
#7573 = ORIENTED_EDGE ( 'NONE', *, *, #6275, .T. ) ;
#7574 = AXIS2_PLACEMENT_3D ( 'NONE', #7314, #7976, #559 ) ;
#7575 = CIRCLE ( 'NONE', #5994, 0.3749999999999999445 ) ;
#7576 = CARTESIAN_POINT ( 'NONE',  ( -0.1707118453233717748, 0.5035721596931128641, -0.2752976190475721063 ) ) ;
#7577 = CARTESIAN_POINT ( 'NONE',  ( -0.03286277402923399454, -0.5039483048629920248, -0.8835698168371355354 ) ) ;
#7578 = CARTESIAN_POINT ( 'NONE',  ( 0.2229698776551375383, 0.4529453046927034987, -0.8623356661260952460 ) ) ;
#7579 = CARTESIAN_POINT ( 'NONE',  ( -0.5136744496420396766, -0.003993982276291229566, -0.9061569940475182605 ) ) ;
#7580 = CARTESIAN_POINT ( 'NONE',  ( 0.3868104250693833457, 0.2541215481829861011, -0.8237537202380664780 ) ) ;
#7581 = AXIS2_PLACEMENT_3D ( 'NONE', #2095, #2751, #8008 ) ;
#7582 = DIRECTION ( 'NONE',  ( 0.000000000000000000, 0.000000000000000000, -1.000000000000000000 ) ) ;
#7583 = EDGE_CURVE ( 'NONE', #1893, #6696, #6798, .T. ) ;
#7584 = CARTESIAN_POINT ( 'NONE',  ( -0.5002943035887735812, 6.126838175216457331E-17, -0.9999999999999998890 ) ) ;
#7585 = EDGE_LOOP ( 'NONE', ( #3095, #7436, #7848, #6255 ) ) ;
#7586 = CARTESIAN_POINT ( 'NONE',  ( 0.06439026414013998556, 0.4586214145581050672, -0.8140811011903787975 ) ) ;
#7587 = CARTESIAN_POINT ( 'NONE',  ( 0.2036039155147124358, -0.4124626496804958964, -0.9144345238096648343 ) ) ;
#7588 = VECTOR ( 'NONE', #2815, 39.37007874015748854 ) ;
#7589 = CARTESIAN_POINT ( 'NONE',  ( -0.2634083203743654011, -0.4473211980118751430, -0.6779203869046925846 ) ) ;
#7590 = CARTESIAN_POINT ( 'NONE',  ( -0.1342445693338031321, 0.4984704437682327960, -0.4970018307154001058 ) ) ;
#7591 = CARTESIAN_POINT ( 'NONE',  ( 0.2787655185492833865, 0.3759476638673544535, -0.9783990489239603461 ) ) ;
#7592 = CARTESIAN_POINT ( 'NONE',  ( -0.08641113136577219245, 0.4528294133355886819, -0.8907180059524339999 ) ) ;
#7593 = AXIS2_PLACEMENT_3D ( 'NONE', #6546, #2137, #4192 ) ;
#7594 = CARTESIAN_POINT ( 'NONE',  ( 0.5169978008087071641, -0.03374427012347450822, -0.4371407484352224371 ) ) ;
#7595 = CARTESIAN_POINT ( 'NONE',  ( -0.08660329907137719052, -0.4537939246858243569, -0.8592819940474989426 ) ) ;
#7596 = ADVANCED_FACE ( 'NONE', ( #6893 ), #4572, .T. ) ;
#7597 = CARTESIAN_POINT ( 'NONE',  ( 0.1772227033902809834, 0.4374419162185972376, -0.5400855654762088953 ) ) ;
#7598 = CARTESIAN_POINT ( 'NONE',  ( -0.3363714513692241947, 0.3252861460269935723, -0.6605282738095352713 ) ) ;
#7599 = DIRECTION ( 'NONE',  ( -0.5000000000000055511, 0.000000000000000000, -0.8660254037844353769 ) ) ;
#7600 = VECTOR ( 'NONE', #3937, 39.37007874015748854 ) ;
#7601 = CARTESIAN_POINT ( 'NONE',  ( -0.3287277116356433493, -0.3871321815956298984, -1.037016369047614406 ) ) ;
#7602 = CARTESIAN_POINT ( 'NONE',  ( 0.04957590675170506916, -0.4661693740009483222, -0.6416480654762561908 ) ) ;
#7604 = CARTESIAN_POINT ( 'NONE',  ( -0.2257449694046736455, 0.4572525332354141492, -0.6990479710515391520 ) ) ;
#7603 = CARTESIAN_POINT ( 'NONE',  ( 0.2966535178892084068, -0.4130914601194931590, -0.7429114018522690044 ) ) ;
#7605 = CARTESIAN_POINT ( 'NONE',  ( 0.5064101926489590344, 1.445958606021514314E-15, -0.8035692704840298184 ) ) ;
#7606 = CARTESIAN_POINT ( 'NONE',  ( -0.08250672705023311126, -0.5018662930994822746, -0.7418234879859563202 ) ) ;
#7607 = CARTESIAN_POINT ( 'NONE',  ( -0.1249623340506060554, -0.4656084735164295330, -0.2083333333334293769 ) ) ;
#7608 = CARTESIAN_POINT ( 'NONE',  ( 0.08932829611521797553, 0.4680733458473348985, -0.3860677083333485249 ) ) ;
#7609 = CARTESIAN_POINT ( 'NONE',  ( 0.3850039683492381126, -0.3370594453557769765, -0.6688891190385927166 ) ) ;
#7610 = ORIENTED_EDGE ( 'NONE', *, *, #5625, .F. ) ;
#7611 = CARTESIAN_POINT ( 'NONE',  ( -0.3363714513612041102, 0.3252861460358978940, -0.6605282738094877537 ) ) ;
#7612 = CARTESIAN_POINT ( 'NONE',  ( 0.4653356495422137362, 0.1006928089132704679, -0.4082961309523801541 ) ) ;
#7613 = ORIENTED_EDGE ( 'NONE', *, *, #77, .T. ) ;
#7614 = CARTESIAN_POINT ( 'NONE',  ( 0.2434756253645566082, 0.4641560194092167468, -0.5724516369047792930 ) ) ;
#7615 = CARTESIAN_POINT ( 'NONE',  ( 0.4228311039513458769, 0.2040217658019217728, -0.6109561011905093597 ) ) ;
#7616 = DATE_AND_TIME ( #726, #4447 ) ;
#7617 = CARTESIAN_POINT ( 'NONE',  ( -0.3978350014220568553, -0.2342592864977988687, -0.8689546130951791847 ) ) ;
#7618 = CARTESIAN_POINT ( 'NONE',  ( -0.4546533042702668448, -0.1296331936943899976, -0.5146949404761514968 ) ) ;
#7619 = FACE_OUTER_BOUND ( 'NONE', #1344, .T. ) ;
#7620 = ORIENTED_EDGE ( 'NONE', *, *, #7881, .T. ) ;
#7621 = CARTESIAN_POINT ( 'NONE',  ( -0.3225654884259189781, 0.4200355447078839566, -0.3430059523810490840 ) ) ;
#7622 = CARTESIAN_POINT ( 'NONE',  ( 0.2940132854666778206, -0.4098873071772501375, -0.8757523996839507996 ) ) ;
#7623 = CARTESIAN_POINT ( 'NONE',  ( -0.5103542554404237874, 0.06701774599063860249, -0.5450234833350490193 ) ) ;
#7624 = CARTESIAN_POINT ( 'NONE',  ( -0.5043278919620305389, -0.1091305833516943991, -0.8324032738094566675 ) ) ;
#7625 = B_SPLINE_CURVE_WITH_KNOTS ( 'NONE', 3,
 ( #7092, #823, #5694, #704, #3345, #785, #2641, #3225, #2722, #5733, #7049, #1983, #122, #5194, #4506, #5157, #7011, #1357, #7710, #1441, #2020, #2064, #7130, #3967, #5238, #7752, #2142, #7330, #7943, #2256, #2800, #3465, #5357, #7789, #4115, #1594, #5934, #3504, #4775, #1675, #4154, #3546, #4662, #4816, #1631, #4200, #4078, #865, #5311 ),
 .UNSPECIFIED., .F., .F.,
 ( 4, 2, 2, 2, 2, 2, 2, 2, 1, 2, 2, 2, 2, 2, 2, 2, 2, 2, 2, 2, 2, 2, 2, 2, 4 ),
 ( 0.3527664926753231178, 0.3540502604004895915, 0.3553340281256560651, 0.3579015635759890679, 0.3591853313011555415, 0.3604690990263220152, 0.3630366344766550180, 0.3643204022018214916, 0.3656041699269879652, 0.3668879376521544389, 0.3681717053773209125, 0.3707392408276539153, 0.3720230085528203889, 0.3733067762779868626, 0.3758743117283198099, 0.3771580794534863390, 0.3784418471786528126, 0.3810093826289857599, 0.3835769180793187072, 0.3848606858044852363, 0.3861444535296517100, 0.3887119889799846573, 0.3899957567051511864, 0.3912795244303176601, 0.3938470598806506073 ),
 .UNSPECIFIED. ) ;
#7626 = CARTESIAN_POINT ( 'NONE',  ( -0.4390667170831143995, 0.1488522563479869609, -0.7983630952380691426 ) ) ;
#7627 = CARTESIAN_POINT ( 'NONE',  ( 0.3044148299749119824, -0.4239512909078039238, -0.3143432534926506872 ) ) ;
#7628 = CARTESIAN_POINT ( 'NONE',  ( -0.4428883282923178344, -0.2756382236827968346, -0.3229306380275228094 ) ) ;
#7629 = ORIENTED_EDGE ( 'NONE', *, *, #4108, .T. ) ;
#7630 = CARTESIAN_POINT ( 'NONE',  ( 0.1593872012490033796, 0.4347483050402136118, -0.8164992559524780757 ) ) ;
#7631 = CARTESIAN_POINT ( 'NONE',  ( 0.4283486574133865132, 0.1690695009307818519, -0.8975074404762025670 ) ) ;
#7632 = CARTESIAN_POINT ( 'NONE',  ( -0.4534900320262036932, -0.2522526144308231411, -0.6839657738094567785 ) ) ;
#7633 = CARTESIAN_POINT ( 'NONE',  ( 0.01620319805896241680, 0.5158707416707464244, -0.5003484530289050713 ) ) ;
#7634 = CARTESIAN_POINT ( 'NONE',  ( 0.006147295250170119532, 0.4725667404864794530, -0.9738133240349402531 ) ) ;
#7635 = CARTESIAN_POINT ( 'NONE',  ( -0.1826679401790223534, 0.4209143619582492724, -0.9596354166667583341 ) ) ;
#7636 = CONICAL_SURFACE ( 'NONE', #1574, 0.5002943035887735812, 0.03112503826905463691 ) ;
#7637 = CARTESIAN_POINT ( 'NONE',  ( 0.4398142089762571150, -0.2735041600507124859, -0.4427252642479155842 ) ) ;
#7638 = CARTESIAN_POINT ( 'NONE',  ( -0.4202930880976812333, 0.1902349480153222305, -0.8798363095239113418 ) ) ;
#7639 = CARTESIAN_POINT ( 'NONE',  ( 0.2181910150788342329, 0.4159531623017031499, -0.6126302083333159398 ) ) ;
#7640 = CARTESIAN_POINT ( 'NONE',  ( -0.4093199098253073598, -0.2276826586615551817, -0.6460193452380896817 ) ) ;
#7641 = EDGE_CURVE ( 'NONE', #15, #3484, #7903, .T. ) ;
#7642 = PLANE ( 'NONE',  #883 ) ;
#7643 = CARTESIAN_POINT ( 'NONE',  ( 0.02097839101126751024, -0.5077038935522846241, -1.028552827380956103 ) ) ;
#7644 = CARTESIAN_POINT ( 'NONE',  ( 0.4609336352724968666, -0.08796579758077684164, -0.6271391369047060182 ) ) ;
#7646 = CARTESIAN_POINT ( 'NONE',  ( -0.5312500000000002220, 0.05200621430878153012, -0.001104841593726134299 ) ) ;
#7645 = CARTESIAN_POINT ( 'NONE',  ( -0.003985523824253264097, -0.4549792490077159135, -0.9911710109984785966 ) ) ;
#7647 = CARTESIAN_POINT ( 'NONE',  ( -0.01628060926248677334, -0.5150713332119352117, -0.5260471140786694422 ) ) ;
#7648 = EDGE_CURVE ( 'NONE', #7655, #6121, #3704, .T. ) ;
#7649 = CARTESIAN_POINT ( 'NONE',  ( 0.4821512666817791559, -0.1634623284429232715, -0.7258302123071335155 ) ) ;
#7650 = CARTESIAN_POINT ( 'NONE',  ( -0.003740058032980888084, 0.4810492421274675245, -0.2409784226191374057 ) ) ;
#7651 = CARTESIAN_POINT ( 'NONE',  ( -0.1643909829135401512, -0.4483971015564781615, -0.3522135416666478114 ) ) ;
#7652 = CARTESIAN_POINT ( 'NONE',  ( 0.4804283687299635841, -0.008057090531515700635, -0.2680431547619410160 ) ) ;
#7653 = CARTESIAN_POINT ( 'NONE',  ( -0.3675141779990533375, 0.2968596920362831515, -0.5166480654761692604 ) ) ;
#7654 = CARTESIAN_POINT ( 'NONE',  ( 0.08932829610445536250, 0.4680733458464201302, -0.3949962797618322141 ) ) ;
#7655 = VERTEX_POINT ( 'NONE', #2069 ) ;
#7656 = CARTESIAN_POINT ( 'NONE',  ( 0.4274877760889794209, -0.3060806646404277132, -0.5204613095238236342 ) ) ;
#7657 = CARTESIAN_POINT ( 'NONE',  ( 0.02671059109652136263, 0.4690991036313801321, -0.5988653273809853017 ) ) ;
#7658 = CARTESIAN_POINT ( 'NONE',  ( -0.4541719762577920427, -0.09401676733744988856, -0.8012462797618068455 ) ) ;
#7659 = CARTESIAN_POINT ( 'NONE',  ( 0.4228311039483878542, 0.2040217657892808567, -0.6198846726189434220 ) ) ;
#7660 = EDGE_LOOP ( 'NONE', ( #109, #899, #6080, #3242 ) ) ;
#7661 = CARTESIAN_POINT ( 'NONE',  ( 0.04778651869048857609, 0.5271748163903401396, -0.3514694940475892593 ) ) ;
#7662 = CARTESIAN_POINT ( 'NONE',  ( -0.4363339211009489294, -0.2519312601119463313, -0.8947364006801522551 ) ) ;
#7663 = CARTESIAN_POINT ( 'NONE',  ( -0.3393445944313746576, 0.3866990594693979211, -0.5532116148325199045 ) ) ;
#7664 = CARTESIAN_POINT ( 'NONE',  ( -0.4701604632404673967, -0.2127968849488852676, -0.8299851190476860152 ) ) ;
#7665 = CARTESIAN_POINT ( 'NONE',  ( -0.2701615319605151777, -0.3773204915522977987, -0.7838541666669106567 ) ) ;
#7666 = CARTESIAN_POINT ( 'NONE',  ( 0.4175526329656119584, -0.2987921993319112568, -0.5863208463585170005 ) ) ;
#7667 = CARTESIAN_POINT ( 'NONE',  ( 0.4440270655460053506, 0.3570755151935116611, -0.02103220599697374141 ) ) ;
#7668 = ORIENTED_EDGE ( 'NONE', *, *, #5870, .F. ) ;
#7669 = CARTESIAN_POINT ( 'NONE',  ( 0.06392986414277258833, -0.4553992716814694863, -0.9180617559524009152 ) ) ;
#7670 = CARTESIAN_POINT ( 'NONE',  ( 0.1039666368391492096, 0.4466755213795399748, -0.9579613095238296294 ) ) ;
#7671 = CARTESIAN_POINT ( 'NONE',  ( -0.1902950686164209815, 0.4821236623456744974, -0.7033110119048818776 ) ) ;
#7672 = CARTESIAN_POINT ( 'NONE',  ( -0.06773637769821322374, 0.5125689032387772404, -0.4985100044126500873 ) ) ;
#7673 = CARTESIAN_POINT ( 'NONE',  ( -0.3840543116058440232, 0.2871203181921626602, -0.9669023340376016185 ) ) ;
#7674 = CARTESIAN_POINT ( 'NONE',  ( -0.3055571189903447116, 0.3424551926213979525, -0.9560081845238426190 ) ) ;
#7675 = CARTESIAN_POINT ( 'NONE',  ( 0.03515977256662235900, -0.5332407388449618146, -0.2447916666667409591 ) ) ;
#7676 = DIRECTION ( 'NONE',  ( -1.000000000000000000, 0.000000000000000000, 0.000000000000000000 ) ) ;
#7677 = CARTESIAN_POINT ( 'NONE',  ( -0.4511274038549250021, -0.09761819806151597612, -0.8725818452381391976 ) ) ;
#7678 = CARTESIAN_POINT ( 'NONE',  ( 0.4300092688283269071, 0.1992944152361731946, -0.4772135416666480334 ) ) ;
#7679 = CARTESIAN_POINT ( 'NONE',  ( -0.2173050918938033704, 0.4142813702483232885, -0.6641555059523939208 ) ) ;
#7680 = CARTESIAN_POINT ( 'NONE',  ( 0.000000000000000000, 0.000000000000000000, 0.2380000000000000171 ) ) ;
#7681 = CARTESIAN_POINT ( 'NONE',  ( -0.09115533811377622697, -0.5020873094374471712, -0.9596354166665563845 ) ) ;
#7682 = CARTESIAN_POINT ( 'NONE',  ( -0.4549583534395192363, 0.1102094075705652154, -0.6634114583334181914 ) ) ;
#7684 = CARTESIAN_POINT ( 'NONE',  ( 0.2204384543598410240, -0.4861644600495780288, -0.2488784760876626423 ) ) ;
#7683 = CARTESIAN_POINT ( 'NONE',  ( -0.08705013551062124044, 0.5631762418439267837, -0.2289259236523481511 ) ) ;
#7685 = CARTESIAN_POINT ( 'NONE',  ( -0.3975000000000000755, 0.000000000000000000, 0.4759999999999999787 ) ) ;
#7686 = CARTESIAN_POINT ( 'NONE',  ( -0.4557447451868230637, -0.2250291029792693132, -0.7526131804706923667 ) ) ;
#7687 = CARTESIAN_POINT ( 'NONE',  ( 0.5111703305325472346, 8.341900602997107167E-13, -0.6506826913017951242 ) ) ;
#7688 = CARTESIAN_POINT ( 'NONE',  ( 0.3865361488693651038, 0.2820333654704741400, -0.3231956845237467513 ) ) ;
#7689 = DIRECTION ( 'NONE',  ( -1.000000000000000000, 0.000000000000000000, 0.000000000000000000 ) ) ;
#7690 = ADVANCED_FACE ( 'NONE', ( #1403 ), #5614, .T. ) ;
#7691 = CARTESIAN_POINT ( 'NONE',  ( 0.4500685402543199154, -0.1403652720908615259, -0.5480840773809303457 ) ) ;
#7692 = CARTESIAN_POINT ( 'NONE',  ( 0.4335368015890076476, -0.1962292394982510790, -0.4155505952380929569 ) ) ;
#7693 = ORIENTED_EDGE ( 'NONE', *, *, #688, .T. ) ;
#7694 = CARTESIAN_POINT ( 'NONE',  ( 0.3922724779471698509, -0.3500182538193979398, -0.5216703869047457642 ) ) ;
#7695 = CC_DESIGN_PERSON_AND_ORGANIZATION_ASSIGNMENT ( #6077, #305, ( #4171 ) ) ;
#7696 = CARTESIAN_POINT ( 'NONE',  ( -0.4133083228713240187, -0.2250665013708945950, -0.5746837797619086530 ) ) ;
#7697 = CARTESIAN_POINT ( 'NONE',  ( 0.2876446768950755573, 0.3627199255269711320, -0.8290550595237008435 ) ) ;
#7698 = CARTESIAN_POINT ( 'NONE',  ( 0.4695984194784090238, -0.04256786008334771665, -0.5545944940475796558 ) ) ;
#7699 = ORIENTED_EDGE ( 'NONE', *, *, #72, .T. ) ;
#7700 = CARTESIAN_POINT ( 'NONE',  ( -0.3331865803398384451, -0.4124878710314600627, -0.3224516369047912279 ) ) ;
#7701 = FACE_OUTER_BOUND ( 'NONE', #7585, .T. ) ;
#7702 = DIRECTION ( 'NONE',  ( 0.000000000000000000, 0.000000000000000000, 1.000000000000000000 ) ) ;
#7703 = CARTESIAN_POINT ( 'NONE',  ( 0.1690666342861849303, 0.4843493009166762175, -0.9279203869048630038 ) ) ;
#7704 = CARTESIAN_POINT ( 'NONE',  ( 0.5091970520263195965, -0.06728424467942151210, -0.5807506566566629225 ) ) ;
#7705 = CARTESIAN_POINT ( 'NONE',  ( 0.3447783308421639714, -0.3922970282926204200, -0.3032051681447923142 ) ) ;
#7706 = CARTESIAN_POINT ( 'NONE',  ( 0.1087937044168186956, -0.4491477572021081999, -0.8455171130952713332 ) ) ;
#7707 = CARTESIAN_POINT ( 'NONE',  ( -0.4361906603833660689, 0.1360372323804132921, -1.012369791666649199 ) ) ;
#7708 = CARTESIAN_POINT ( 'NONE',  ( -0.08037063691664984855, 0.5142349372730636858, -0.6343936011905001449 ) ) ;
#7709 = CARTESIAN_POINT ( 'NONE',  ( 0.5067222413070850973, -2.746787787379614515E-15, -0.7935468608299357518 ) ) ;
#7710 = CARTESIAN_POINT ( 'NONE',  ( -0.2277881539944429934, 0.4608540541927333978, -0.5662041336222628507 ) ) ;
#7711 = CARTESIAN_POINT ( 'NONE',  ( -0.1365929256007528125, 0.4379992381677751401, -0.9608444940476549290 ) ) ;
#7712 = CIRCLE ( 'NONE', #4285, 0.3754282004472574985 ) ;
#7713 = CARTESIAN_POINT ( 'NONE',  ( -0.5357835501277653512, -0.01732211526704813959, -0.1915922619047998876 ) ) ;
#7714 = CARTESIAN_POINT ( 'NONE',  ( 0.3334288132691025086, -0.3792196598043923172, -0.8846489960145835774 ) ) ;
#7715 = CARTESIAN_POINT ( 'NONE',  ( -0.03062157411032810292, 0.4644212459428480599, -0.7492559523808601796 ) ) ;
#7716 = CARTESIAN_POINT ( 'NONE',  ( -0.2463444463562484699, -0.4038319530174248606, -0.5062313988094966355 ) ) ;
#7717 = CARTESIAN_POINT ( 'NONE',  ( -0.1276401157167062206, 0.4476633465004211665, -0.7379092261905684236 ) ) ;
#7718 = CIRCLE ( 'NONE', #6002, 0.5312500000000000000 ) ;
#7719 = CARTESIAN_POINT ( 'NONE',  ( -0.5312500000000000000, -0.3067173305069887945, -0.04744933615967777962 ) ) ;
#7720 = B_SPLINE_CURVE_WITH_KNOTS ( 'NONE', 3,
 ( #3013, #8037, #5523, #3680, #6185, #2349 ),
 .UNSPECIFIED., .F., .F.,
 ( 4, 2, 4 ),
 ( 2.380729206245106072E-07, 0.003941653874615896024, 0.007883069676311166285 ),
 .UNSPECIFIED. ) ;
#7721 = CARTESIAN_POINT ( 'NONE',  ( 0.008538742740177495891, 0.5091625381378256376, -0.9934895833333917681 ) ) ;
#7722 = CARTESIAN_POINT ( 'NONE',  ( 0.07221096132473014961, 0.4619779912108728515, -0.6803385416666701824 ) ) ;
#7724 = CARTESIAN_POINT ( 'NONE',  ( 0.3975000000000000755, 4.867971026610729929E-17, 0.7139999999999999680 ) ) ;
#7723 = CARTESIAN_POINT ( 'NONE',  ( -0.5155957941283059176, -0.06835984739674781652, -0.3991914722294556683 ) ) ;
#7725 = CARTESIAN_POINT ( 'NONE',  ( 0.3766039987342255091, -0.3521913922686854548, -0.5163724563687215330 ) ) ;
#7726 = CARTESIAN_POINT ( 'NONE',  ( -0.4258818494219398509, -0.3045829178766273904, -0.2607902226295873982 ) ) ;
#7727 = AXIS2_PLACEMENT_3D ( 'NONE', #5815, #163, #1523 ) ;
#7728 = B_SPLINE_CURVE_WITH_KNOTS ( 'NONE', 3,
 ( #1992, #4515, #7723, #1367, #2733, #292, #452, #914, #1531, #4055, #1642, #5945, #2811, #1605, #1072, #5442, #6637, #7255, #409, #2266, #3439, #3598, #5406, #2927, #6103, #5324, #2229, #7953, #7876, #7837, #1568, #2308, #4786, #7799, #333, #4828, #5369, #2154, #4089, #7342, #4673, #2972, #4748, #7179, #6600, #989, #4713, #1687, #4211 ),
 .UNSPECIFIED., .F., .F.,
 ( 4, 2, 2, 2, 1, 2, 2, 2, 2, 2, 2, 2, 2, 2, 2, 2, 2, 2, 2, 2, 2, 2, 2, 2, 4 ),
 ( 0.6844696812117372353, 0.6870686984976037692, 0.6896677157834703031, 0.6909672244264035701, 0.6922667330693368370, 0.6935662417122701040, 0.6948657503552032599, 0.6974647676410697938, 0.6987642762840030608, 0.7000637849269363278, 0.7026628022128028617, 0.7039623108557361286, 0.7052618194986693956, 0.7078608367845359295, 0.7091603454274690854, 0.7104598540704023524, 0.7117593627133356193, 0.7130588713562688863, 0.7156578886421354202, 0.7169573972850686872, 0.7182569059280019541, 0.7208559232138684880, 0.7221554318568016440, 0.7234549404997349109, 0.7260539577856014448 ),
 .UNSPECIFIED. ) ;
#7729 = CARTESIAN_POINT ( 'NONE',  ( 0.3852157702784969051, 0.3380708522947641903, -0.6424986935883945094 ) ) ;
#7730 = CARTESIAN_POINT ( 'NONE',  ( 0.4679135226327824637, -0.1089097256037470235, -0.2615327380952019998 ) ) ;
#7731 = CARTESIAN_POINT ( 'NONE',  ( 0.2402752208567119907, 0.4165440113351952522, -0.2559523809523615023 ) ) ;
#7732 = CARTESIAN_POINT ( 'NONE',  ( -0.05401443834502447916, -0.4678482085063686013, -0.5638020833333164950 ) ) ;
#7733 = CARTESIAN_POINT ( 'NONE',  ( -0.4609312662958693907, -0.1236988388190632532, -0.3720238095237778930 ) ) ;
#7734 = ORIENTED_EDGE ( 'NONE', *, *, #5264, .F. ) ;
#7735 = CARTESIAN_POINT ( 'NONE',  ( 0.5282111162798682757, 0.004107122157678369002, -0.4418712797619447907 ) ) ;
#7736 = CARTESIAN_POINT ( 'NONE',  ( -0.4312868126666686841, -0.1825859027206643004, -0.6472284226190395673 ) ) ;
#7737 = CARTESIAN_POINT ( 'NONE',  ( 0.4644654905788350718, 0.01919143522442669572, -0.7673921130951901759 ) ) ;
#7738 = CARTESIAN_POINT ( 'NONE',  ( -0.4575133049849416933, 0.1183969005812144093, -0.5207403273809414479 ) ) ;
#7739 = ORIENTED_EDGE ( 'NONE', *, *, #1888, .T. ) ;
#7740 = ADVANCED_FACE ( 'NONE', ( #4591 ), #6005, .T. ) ;
#7741 = DIRECTION ( 'NONE',  ( -0.000000000000000000, -0.000000000000000000, -1.000000000000000000 ) ) ;
#7742 = FACE_OUTER_BOUND ( 'NONE', #2795, .T. ) ;
#7743 = CARTESIAN_POINT ( 'NONE',  ( 0.5041978819697771064, 0.01645378929431316403, -0.8746244836102436970 ) ) ;
#7744 = CARTESIAN_POINT ( 'NONE',  ( -0.3417963200921936839, 0.3830698113426834750, -0.9158296130951656400 ) ) ;
#7745 = CARTESIAN_POINT ( 'NONE',  ( -0.2263153630524703808, -0.4603304894340332631, -0.6023095397378241955 ) ) ;
#7746 = CARTESIAN_POINT ( 'NONE',  ( -0.5037280944329044496, -0.1351767200616329212, -0.3262805302152173570 ) ) ;
#7747 = ORIENTED_EDGE ( 'NONE', *, *, #7641, .F. ) ;
#7748 = CARTESIAN_POINT ( 'NONE',  ( -0.04191173636656941176, -0.4623595403530546544, -0.7778087797618917776 ) ) ;
#7749 = CARTESIAN_POINT ( 'NONE',  ( 0.2479114300085366041, -0.3848428299889138926, -0.9845610119047697451 ) ) ;
#7750 = CARTESIAN_POINT ( 'NONE',  ( -0.5221083742107098802, -0.03442566544062178324, -0.5461309523809636524 ) ) ;
#7751 = CARTESIAN_POINT ( 'NONE',  ( 0.1629210501877741968, -0.4712074585340120247, -0.9482247205743793428 ) ) ;
#7752 = CARTESIAN_POINT ( 'NONE',  ( -0.01697856696359459697, 0.5136432030218782696, -0.5710530132303653916 ) ) ;
#7753 = CARTESIAN_POINT ( 'NONE',  ( -0.3397180383279873594, -0.3127473283527885672, -0.8665364583333180493 ) ) ;
#7754 = CARTESIAN_POINT ( 'NONE',  ( -0.1671313522185902400, -0.4234166671451596309, -1.066778273809624977 ) ) ;
#7755 = CARTESIAN_POINT ( 'NONE',  ( -0.4461677158522461828, 0.000000000000000000, -0.9999999999999998890 ) ) ;
#7756 = CARTESIAN_POINT ( 'NONE',  ( 0.1640711463439130380, 0.4353891477054537273, -0.7540922619047900621 ) ) ;
#7757 = CARTESIAN_POINT ( 'NONE',  ( 0.4100306961226807267, -0.2414499239995796243, -0.4167596726191108991 ) ) ;
#7758 = CARTESIAN_POINT ( 'NONE',  ( 0.3415449412321812650, 0.3895984518529777563, -0.4367550037816747555 ) ) ;
#7759 = FACE_OUTER_BOUND ( 'NONE', #7073, .T. ) ;
#7760 = CARTESIAN_POINT ( 'NONE',  ( -0.2989725271235968429, 0.4097514301116852442, -1.057570684523803983 ) ) ;
#7761 = CARTESIAN_POINT ( 'NONE',  ( -0.07636626243892470634, 0.4614244283284252290, -0.6767113095236898523 ) ) ;
#7763 = CARTESIAN_POINT ( 'NONE',  ( -0.3129892840290360301, -0.4087251790196270163, -0.5431359806180774408 ) ) ;
#7762 = FACE_OUTER_BOUND ( 'NONE', #4582, .T. ) ;
#7764 = CARTESIAN_POINT ( 'NONE',  ( 0.000000000000000000, 0.000000000000000000, 0.7139999999999999680 ) ) ;
#7765 = CARTESIAN_POINT ( 'NONE',  ( -0.5012517903340162340, -0.06628646838116820927, -0.8377828951332579877 ) ) ;
#7766 = CARTESIAN_POINT ( 'NONE',  ( -0.5312500000000000000, -1.707404996040164512E-16, -0.2499999999999998057 ) ) ;
#7767 = CARTESIAN_POINT ( 'NONE',  ( -0.3014269447293219106, -0.3731685632143712517, -0.2845052083333195481 ) ) ;
#7768 = CARTESIAN_POINT ( 'NONE',  ( -0.3364130811465282922, -0.3837358126984855011, -0.6867543576707466624 ) ) ;
#7769 = CARTESIAN_POINT ( 'NONE',  ( 0.1442882829535801492, -0.4484683378376805862, -0.5589657738094137018 ) ) ;
#7770 = CARTESIAN_POINT ( 'NONE',  ( -0.3649475543879596162, -0.3042835598299576949, -0.4385230654761904656 ) ) ;
#7771 = ORIENTED_EDGE ( 'NONE', *, *, #1538, .F. ) ;
#7772 = CARTESIAN_POINT ( 'NONE',  ( -0.2746905284436033656, -0.4503005077711227377, -0.4660528273809259048 ) ) ;
#7773 = CARTESIAN_POINT ( 'NONE',  ( 0.4488204398608831025, 0.1521504592034197689, -0.4694940476190282985 ) ) ;
#7774 = CARTESIAN_POINT ( 'NONE',  ( 0.4593603078842214971, 0.1069108120262781264, -0.5420386904761678171 ) ) ;
#7775 = DATE_TIME_ROLE ( 'classification_date' ) ;
#7776 = CARTESIAN_POINT ( 'NONE',  ( -0.4093199098253073598, -0.2276826586615551817, -0.6549479166666611896 ) ) ;
#7777 = CARTESIAN_POINT ( 'NONE',  ( -0.06595092082979303605, 0.4697952019133269097, -0.4627046130952371938 ) ) ;
#7778 = ORIENTED_EDGE ( 'NONE', *, *, #2649, .T. ) ;
#7779 = CARTESIAN_POINT ( 'NONE',  ( 0.3369083257745354443, 0.3847852080785965079, -0.6510328596509420418 ) ) ;
#7780 = CARTESIAN_POINT ( 'NONE',  ( 0.1345165511199105379, -0.5004055567543208571, -0.4612990880385092196 ) ) ;
#7781 = CARTESIAN_POINT ( 'NONE',  ( -0.4881690279005353461, 0.1655731933954227297, -0.5472643772907110904 ) ) ;
#7782 = CARTESIAN_POINT ( 'NONE',  ( -0.5147003359746273876, 0.05942325157573059152, -0.7646949404762166669 ) ) ;
#7783 = CARTESIAN_POINT ( 'NONE',  ( -0.5208657735350371576, 1.155029600233740671E-12, -0.3392834943546642612 ) ) ;
#7784 = CARTESIAN_POINT ( 'NONE',  ( 0.4947597168197444550, -0.1678384224025187277, -0.2972646857121659103 ) ) ;
#7785 = EDGE_CURVE ( 'NONE', #8027, #1543, #2587, .T. ) ;
#7786 = CARTESIAN_POINT ( 'NONE',  ( -0.3039417934637683727, 0.3468638396171263016, -0.8757440476191105105 ) ) ;
#7787 = CARTESIAN_POINT ( 'NONE',  ( 0.1559690667621936311, -0.5001289269587412267, -0.5255766369047467634 ) ) ;
#7788 = CARTESIAN_POINT ( 'NONE',  ( -0.3659916844921904389, -0.3257485468697108866, -0.9568585337119553946 ) ) ;
#7789 = CARTESIAN_POINT ( 'NONE',  ( 0.2568138380285837630, 0.4459055757059630087, -0.5773676880186505711 ) ) ;
#7790 = CARTESIAN_POINT ( 'NONE',  ( 0.3213849812365348058, -0.3323487259079870304, -0.8484002976189440881 ) ) ;
#7791 = CARTESIAN_POINT ( 'NONE',  ( -0.2305711380446860692, 0.3915716612393011498, -1.092168898809577016 ) ) ;
#7792 = CARTESIAN_POINT ( 'NONE',  ( -0.4656047613887791536, -0.1929826845338818986, -0.9062371995451884432 ) ) ;
#7793 = CARTESIAN_POINT ( 'NONE',  ( -0.3381340436910639791, 0.3169554774675998332, -0.8121279761905439987 ) ) ;
#7794 = CARTESIAN_POINT ( 'NONE',  ( -0.2968064543442678893, 0.3674609402927523916, -0.5279947916667492303 ) ) ;
#7795 = CARTESIAN_POINT ( 'NONE',  ( 0.3899258978852017665, 0.3423463950597772087, -0.4382294098565657214 ) ) ;
#7796 = CARTESIAN_POINT ( 'NONE',  ( 0.3870279034629751092, 0.3204026447288472190, -0.9385599104186687081 ) ) ;
#7797 = CARTESIAN_POINT ( 'NONE',  ( 0.5123044541731941459, -0.02917034459021624129, -0.8689546130952352510 ) ) ;
#7798 = CARTESIAN_POINT ( 'NONE',  ( -0.1180954704686004442, 0.5051335630901774287, -0.4159354822663898776 ) ) ;
#7800 = CARTESIAN_POINT ( 'NONE',  ( -0.4417987140400964630, 0.2550716392769416530, -0.6923570183606597706 ) ) ;
#7799 = CARTESIAN_POINT ( 'NONE',  ( 0.2749971355594733602, -0.4413197851829613882, -0.3764986587560995024 ) ) ;
#7801 = CARTESIAN_POINT ( 'NONE',  ( 0.4934734032494322853, -0.03733822213919977401, -0.2499999999999998057 ) ) ;
#7802 = CARTESIAN_POINT ( 'NONE',  ( -0.5053098204383476011, -0.01664947741894273053, -0.8389111339388126698 ) ) ;
#7803 = CARTESIAN_POINT ( 'NONE',  ( -0.5312500000000001110, 0.3067173305069886280, -0.2025506638403220261 ) ) ;
#7804 = CARTESIAN_POINT ( 'NONE',  ( -0.04804219676818140272, 0.4517137979572007911, -1.105933685946968614 ) ) ;
#7805 = B_SPLINE_CURVE_WITH_KNOTS ( 'NONE', 3,
 ( #971, #3499, #4770, #7277, #1625, #4148, #6661, #1669 ),
 .UNSPECIFIED., .F., .F.,
 ( 4, 2, 2, 4 ),
 ( 0.007883069676311159346, 0.009846408514183542168, 0.01180974735205592499, 0.01573642502780069063 ),
 .UNSPECIFIED. ) ;
#7806 = DIRECTION ( 'NONE',  ( -1.000000000000000000, 0.000000000000000000, 0.000000000000000000 ) ) ;
#7807 = CARTESIAN_POINT ( 'NONE',  ( 0.4733218740077459463, -0.05034462554152614039, -0.4029947916666566377 ) ) ;
#7808 = CARTESIAN_POINT ( 'NONE',  ( 0.3865361488753859542, 0.2820333654634965548, -0.3321242559522730176 ) ) ;
#7809 = ORIENTED_EDGE ( 'NONE', *, *, #2285, .T. ) ;
#7810 = CARTESIAN_POINT ( 'NONE',  ( -0.4925010720205901249, -0.1943911428384193230, -0.4019717261905116912 ) ) ;
#7811 = CARTESIAN_POINT ( 'NONE',  ( -0.4546533042721534468, -0.1296331937069264417, -0.5057663690475472373 ) ) ;
#7812 = CARTESIAN_POINT ( 'NONE',  ( -0.1511859145324370712, -0.4459504594288997148, -0.5662202380952642278 ) ) ;
#7813 = APPROVAL_DATE_TIME ( #2205, #483 ) ;
#7814 = CARTESIAN_POINT ( 'NONE',  ( 0.3192285488116181624, -0.3405706837457476155, -0.7057291666666719587 ) ) ;
#7815 = CARTESIAN_POINT ( 'NONE',  ( 0.1409209652894989895, -0.4518771180489856154, -0.4965587797619757660 ) ) ;
#7816 = ORIENTED_EDGE ( 'NONE', *, *, #2898, .T. ) ;
#7817 = CARTESIAN_POINT ( 'NONE',  ( 0.5219893714501191440, 0.01708104999722279138, -0.3031956654273825214 ) ) ;
#7818 = CARTESIAN_POINT ( 'NONE',  ( 0.3629482581054995216, 0.3686366029973023872, -0.7900855654762191094 ) ) ;
#7819 = PLANE ( 'NONE',  #1004 ) ;
#7820 = CARTESIAN_POINT ( 'NONE',  ( 0.1672210791450699230, 0.4932081780338964383, -0.3508347578142411161 ) ) ;
#7821 = ORIENTED_EDGE ( 'NONE', *, *, #422, .T. ) ;
#7822 = CARTESIAN_POINT ( 'NONE',  ( -0.3089398539713575920, -0.3462343894229457653, -0.7850632440476364993 ) ) ;
#7823 = CARTESIAN_POINT ( 'NONE',  ( -0.2726658082991629817, -0.4469813252948126592, -0.5352492559523561733 ) ) ;
#7824 = CARTESIAN_POINT ( 'NONE',  ( 0.01375923224910032688, -0.4961494672789740212, -0.9504644702399568379 ) ) ;
#7825 = CARTESIAN_POINT ( 'NONE',  ( 0.2656249999999998335, 0.4600759957604829697, 0.000000000000000000 ) ) ;
#7826 = CARTESIAN_POINT ( 'NONE',  ( 0.4469338569257897964, -0.1274403930379102989, -0.7710193452380335044 ) ) ;
#7827 = CARTESIAN_POINT ( 'NONE',  ( 0.1511285198096112559, 0.4329581440977198770, -0.9591703869048630038 ) ) ;
#7828 = CARTESIAN_POINT ( 'NONE',  ( -0.5002943035887735812, 6.126838175216457331E-17, -0.9999999999999998890 ) ) ;
#7829 = CARTESIAN_POINT ( 'NONE',  ( -0.2259864737365662180, -0.4589154663630807263, -0.6737508724576246610 ) ) ;
#7830 = B_SPLINE_CURVE_WITH_KNOTS ( 'NONE', 3,
 ( #2053, #3958, #1510, #968, #4035, #5962, #6544, #2209, #4655, #7977, #1666, #1586, #4071, #5925, #4106, #1011, #4730, #3494, #895, #5303, #3457, #3577, #5424, #2286, #4766, #2828, #6699, #7857, #2909, #3538, #4805, #310, #4144, #391, #6041, #7236, #932, #273, #2791, #1550, #7160, #7935, #7315, #6582, #6616, #7198, #4190, #1053, #2948, #7817, #6083 ),
 .UNSPECIFIED., .F., .F.,
 ( 4, 2, 2, 2, 2, 2, 2, 2, 2, 2, 2, 2, 2, 2, 2, 2, 2, 2, 2, 2, 1, 2, 2, 2, 2, 4 ),
 ( 0.02091031628751070098, 0.02221630218636513193, 0.02352228808521956288, 0.02482827398407399730, 0.02613425988292842825, 0.02874623168063729362, 0.03005221757949173150, 0.03135820347834616939, 0.03397017527605503129, 0.03527616117490947611, 0.03658214707376390706, 0.03919411887147277590, 0.04180609066918164474, 0.04311207656803607569, 0.04441806246689050663, 0.04703003426459936853, 0.04833602016345380642, 0.04964200606230823737, 0.05225397786001710621, 0.05355996375887153715, 0.05486594965772596810, 0.05617193555658039905, 0.05747792145543483000, 0.06008989325314369884, 0.06139587915199812979, 0.06270186505085256767 ),
 .UNSPECIFIED. ) ;
#7831 = CARTESIAN_POINT ( 'NONE',  ( 0.4563428359894587949, -0.07553327966101942847, -0.8411458333334611570 ) ) ;
#7832 = CARTESIAN_POINT ( 'NONE',  ( -0.3967402182584138792, 0.2606547406792499855, -0.4530319940476004725 ) ) ;
#7833 = CARTESIAN_POINT ( 'NONE',  ( 0.4587325628600086858, -0.2257793217324337576, -0.6558898400959188857 ) ) ;
#7834 = LINE ( 'NONE', #1528, #2643 ) ;
#7835 = CARTESIAN_POINT ( 'NONE',  ( 0.07141724820853283251, 0.5086744256232018646, -0.8520275297619087640 ) ) ;
#7836 = CARTESIAN_POINT ( 'NONE',  ( 0.4399837504540624611, 0.2739856447561517805, -0.4300693063574235753 ) ) ;
#7838 = CARTESIAN_POINT ( 'NONE',  ( 0.3555716815197026981, -0.4081452549723690315, -0.2454778260505931509 ) ) ;
#7837 = CARTESIAN_POINT ( 'NONE',  ( 0.1836171264694203831, -0.4864098421816974160, -0.3787215552000893215 ) ) ;
#7839 = CARTESIAN_POINT ( 'NONE',  ( 0.3728509428844981599, 0.3026668500673100892, -0.2499999999999999167 ) ) ;
#7840 = CARTESIAN_POINT ( 'NONE',  ( -0.3800217375208882475, -0.3338353341029905996, -0.8310868818962132698 ) ) ;
#7841 = EDGE_CURVE ( 'NONE', #1222, #1460, #1444, .T. ) ;
#7842 = CARTESIAN_POINT ( 'NONE',  ( -0.5312500000000000000, 0.02595035142969489075, -0.2499999999999996947 ) ) ;
#7843 = CARTESIAN_POINT ( 'NONE',  ( -0.3972730311470706321, 0.2209906052545841104, -1.095052083333328818 ) ) ;
#7844 = CONICAL_SURFACE ( 'NONE', #2713, 0.5002943035887735812, 0.03112503826905463691 ) ;
#7845 = DIRECTION ( 'NONE',  ( 0.000000000000000000, 0.000000000000000000, 1.000000000000000000 ) ) ;
#7846 = CARTESIAN_POINT ( 'NONE',  ( -0.4436994973524109320, 0.1751372015145876149, -0.3703497023809744215 ) ) ;
#7847 = CARTESIAN_POINT ( 'NONE',  ( -0.1202178361403814927, -0.4645500700879629519, -0.2885974702381347567 ) ) ;
#7848 = ORIENTED_EDGE ( 'NONE', *, *, #583, .F. ) ;
#7849 = CARTESIAN_POINT ( 'NONE',  ( -0.4708035482361671020, 0.2415978450231757724, -0.4116443452380960655 ) ) ;
#7850 = CARTESIAN_POINT ( 'NONE',  ( -0.2511398023891530662, -0.4034996199346191359, -0.4259672619047608633 ) ) ;
#7851 = AXIS2_PLACEMENT_3D ( 'NONE', #7859, #1711, #1097 ) ;
#7852 = CARTESIAN_POINT ( 'NONE',  ( 0.4453283897284283088, 0.1554379278579909041, -0.5408296130952313652 ) ) ;
#7853 = COORDINATED_UNIVERSAL_TIME_OFFSET ( 6, 0, .BEHIND. ) ;
#7854 = CARTESIAN_POINT ( 'NONE',  ( -0.4658933036791854665, 0.007813448679076698267, -0.7323288690477277596 ) ) ;
#7855 = CARTESIAN_POINT ( 'NONE',  ( 0.4338152240932365844, 0.1963465172272696735, -0.4058779761904793282 ) ) ;
#7856 = ORIENTED_EDGE ( 'NONE', *, *, #7785, .F. ) ;
#7857 = CARTESIAN_POINT ( 'NONE',  ( 0.06766832398591118847, 0.5183712886312100698, -0.2871861898699483162 ) ) ;
#7858 = CARTESIAN_POINT ( 'NONE',  ( 0.2702278036247021675, -0.4429999237253360311, -0.7393043154761341773 ) ) ;
#7859 = CARTESIAN_POINT ( 'NONE',  ( 0.000000000000000000, 0.000000000000000000, -0.9999999999999998890 ) ) ;
#7860 = AXIS2_PLACEMENT_3D ( 'NONE', #3051, #7582, #4372 ) ;
#7861 = CARTESIAN_POINT ( 'NONE',  ( 0.03374035080199281472, 0.5206139602528602195, -0.3478573734024359432 ) ) ;
#7862 = CARTESIAN_POINT ( 'NONE',  ( 0.2008630142379565220, -0.4162847952189066558, -0.8430989583333917681 ) ) ;
#7863 = CARTESIAN_POINT ( 'NONE',  ( -0.2324117412419202389, 0.4708205304798031010, -0.4880952380951976144 ) ) ;
#7864 = CARTESIAN_POINT ( 'NONE',  ( -0.2506893967497321740, -0.4230363371099345460, -0.9545945338243676526 ) ) ;
#7865 = DIRECTION ( 'NONE',  ( -1.000000000000000000, 0.000000000000000000, 0.000000000000000000 ) ) ;
#7866 = CARTESIAN_POINT ( 'NONE',  ( -0.1747991561031948526, 0.4314808931628380528, -0.7456287202380122991 ) ) ;
#7867 = CARTESIAN_POINT ( 'NONE',  ( -0.2671573113354467344, 0.3731382553651437228, -0.9482886904761500535 ) ) ;
#7868 = CARTESIAN_POINT ( 'NONE',  ( -0.1615253025145450827, -0.4771905368501305200, -0.8965639714042346053 ) ) ;
#7869 = CARTESIAN_POINT ( 'NONE',  ( -0.4930294650766871567, -0.1321292182911993074, -0.6834197849834847682 ) ) ;
#7870 = CARTESIAN_POINT ( 'NONE',  ( 0.1530425632045132045, -0.4384658757926093164, -0.7819010416667665497 ) ) ;
#7871 = CARTESIAN_POINT ( 'NONE',  ( -0.3963305701267182402, 0.2693096164712072693, -0.3103608630951714686 ) ) ;
#7872 = CARTESIAN_POINT ( 'NONE',  ( -0.2302561962140780294, 0.4655325602189530620, -0.4233395655153682768 ) ) ;
#7873 = CARTESIAN_POINT ( 'NONE',  ( 0.4895886031367895908, -0.1127192150484204181, -0.9389766487389051841 ) ) ;
#7874 = CARTESIAN_POINT ( 'NONE',  ( 0.5047341981744289940, -0.07889373534135268873, -0.9414992559525852123 ) ) ;
#7875 = CARTESIAN_POINT ( 'NONE',  ( -0.5189308187448404830, 0.03385709628901614754, -0.4014305636161219493 ) ) ;
#7876 = CARTESIAN_POINT ( 'NONE',  ( 0.1676789211706860572, -0.4921215507144174328, -0.3790951030326769056 ) ) ;
#7877 = CARTESIAN_POINT ( 'NONE',  ( 0.4928723794973029482, -0.04963308291125061861, -0.2499999999999996669 ) ) ;
#7878 = CARTESIAN_POINT ( 'NONE',  ( -0.4703627747433514750, -0.2317774797254857355, -0.2626522393156519031 ) ) ;
#7879 = CARTESIAN_POINT ( 'NONE',  ( -0.5122821948178707396, 6.035676661001981246E-15, -0.6149717242552179552 ) ) ;
#7880 = CARTESIAN_POINT ( 'NONE',  ( -0.4532473783789178201, 0.03698641744789613051, -1.090215773809542377 ) ) ;
#7881 = EDGE_CURVE ( 'NONE', #7087, #4142, #2726, .T. ) ;
#7882 = CARTESIAN_POINT ( 'NONE',  ( -0.2970586944228023607, -0.4149967092359072018, -0.6856266227472407326 ) ) ;
#7883 = CARTESIAN_POINT ( 'NONE',  ( 0.08472363206901215027, 0.4666596383348569077, -0.4574032738095082373 ) ) ;
#7884 = EDGE_CURVE ( 'NONE', #1873, #1876, #3667, .T. ) ;
#7885 = CARTESIAN_POINT ( 'NONE',  ( 0.1905723301354586285, 0.4391076952256523502, -0.3260788690476515428 ) ) ;
#7886 = ORIENTED_EDGE ( 'NONE', *, *, #7983, .T. ) ;
#7887 = CARTESIAN_POINT ( 'NONE',  ( 0.09933944105624842313, -0.5205758276808849505, -0.3862537202380695311 ) ) ;
#7888 = CARTESIAN_POINT ( 'NONE',  ( 0.3458737602288813884, 0.3241993887075514946, -0.4646577380952110481 ) ) ;
#7889 = CARTESIAN_POINT ( 'NONE',  ( 0.4099769621175533563, -0.2280572604167540318, -0.6218377976190279099 ) ) ;
#7890 = PERSON_AND_ORGANIZATION_ROLE ( 'design_supplier' ) ;
#7891 = CARTESIAN_POINT ( 'NONE',  ( -0.1428578307900459365, -0.4439964220262317407, -0.7178199404761667068 ) ) ;
#7892 = CARTESIAN_POINT ( 'NONE',  ( 0.4651851351680970637, -0.1006683850601932523, -0.4131324404762148350 ) ) ;
#7893 = ORIENTED_EDGE ( 'NONE', *, *, #6118, .T. ) ;
#7894 = CARTESIAN_POINT ( 'NONE',  ( -0.4541719762509816016, -0.09401676734967266691, -0.7923177083331975901 ) ) ;
#7895 = CARTESIAN_POINT ( 'NONE',  ( 0.5037171029564389002, 0.03298458431124891288, -0.8642243440852741543 ) ) ;
#7896 = CARTESIAN_POINT ( 'NONE',  ( -0.3451790550626636089, -0.3868490081508094702, -0.7538132440477762763 ) ) ;
#7897 = CARTESIAN_POINT ( 'NONE',  ( -0.3975000000000000755, 0.000000000000000000, 0.7139999999999999680 ) ) ;
#7898 = CARTESIAN_POINT ( 'NONE',  ( -0.3178496723469579899, 0.4140178050572330681, -0.3396751030985459274 ) ) ;
#7899 = ORIENTED_EDGE ( 'NONE', *, *, #278, .T. ) ;
#7900 = CARTESIAN_POINT ( 'NONE',  ( -0.4202930880976812333, 0.1902349480153222305, -0.8709077380953398340 ) ) ;
#7901 = CARTESIAN_POINT ( 'NONE',  ( -0.4850631731283527315, -0.1965066468290433410, -0.5425037202380824652 ) ) ;
#7902 = CARTESIAN_POINT ( 'NONE',  ( 0.4890879975165894344, 0.1661289251509885101, -0.5141287500385340881 ) ) ;
#7903 = B_SPLINE_CURVE_WITH_KNOTS ( 'NONE', 3,
 ( #2023, #7013, #7053, #6935, #4548, #1, #751, #1945, #1240, #7511, #5655, #2526, #5038, #3274, #1360, #706, #6974, #584, #5777, #3102, #5160, #5077, #8128, #4421, #3850, #627, #1280, #2486, #3769, #3227, #5121, #6272, #7551, #3148, #3729, #1901, #3812, #6232, #6314, #7637, #126, #667, #3188, #5696, #39, #2645, #2563, #7594, #1319, #6352 ),
 .UNSPECIFIED., .F., .F.,
 ( 4, 2, 2, 2, 2, 2, 2, 2, 2, 2, 2, 2, 2, 2, 2, 2, 2, 2, 2, 2, 2, 2, 2, 2, 4 ),
 ( 0.6015549802798566548, 0.6041430946155347259, 0.6054371517833737615, 0.6067312089512127971, 0.6093193232868908682, 0.6106133804547299038, 0.6119074376225689393, 0.6144955519582470105, 0.6170836662939251926, 0.6183777234617642282, 0.6196717806296032638, 0.6222598949652813349, 0.6235539521331203705, 0.6248480093009594061, 0.6274361236366374772, 0.6287301808044765128, 0.6300242379723155484, 0.6313182951401545839, 0.6326123523079936195, 0.6352004666436716906, 0.6364945238115108372, 0.6377885809793498728, 0.6403766953150279440, 0.6416707524828669795, 0.6429648096507060151 ),
 .UNSPECIFIED. ) ;
#7904 = CARTESIAN_POINT ( 'NONE',  ( -0.2097997392141102146, 0.4635386064930194783, -1.062127976190571088 ) ) ;
#7905 = CARTESIAN_POINT ( 'NONE',  ( -0.1310225047188643688, 0.4443578260477310526, -0.8181733630954298730 ) ) ;
#7906 = CARTESIAN_POINT ( 'NONE',  ( 0.1613941420426298068, -0.4283076835073988953, -0.9869791666667248053 ) ) ;
#7907 = CARTESIAN_POINT ( 'NONE',  ( -0.06640792192188976761, -0.5073281240947467019, -0.6700275465880913828 ) ) ;
#7908 = CARTESIAN_POINT ( 'NONE',  ( -0.4640954173275393391, -0.04206107905665728425, -0.7311197916667167007 ) ) ;
#7909 = CARTESIAN_POINT ( 'NONE',  ( 0.4338152240932365844, 0.1963465172272696735, -0.4058779761904793282 ) ) ;
#7910 = CARTESIAN_POINT ( 'NONE',  ( 0.4428848958726178675, -0.2554234300759180010, -0.6566348694816334097 ) ) ;
#7911 = CARTESIAN_POINT ( 'NONE',  ( 0.3769710130846350982, 0.3321991746400588807, -0.9382118448295291291 ) ) ;
#7912 = CARTESIAN_POINT ( 'NONE',  ( -0.09588563596964568003, 0.5024773355863928481, -0.9197358630952915393 ) ) ;
#7913 = PLANE ( 'NONE',  #5868 ) ;
#7914 = DIRECTION ( 'NONE',  ( 0.000000000000000000, 1.000000000000000000, 1.048122702880362466E-16 ) ) ;
#7915 = CARTESIAN_POINT ( 'NONE',  ( 0.1210084983041375684, -0.5049420771043565681, -0.2499999999999998057 ) ) ;
#7916 = CARTESIAN_POINT ( 'NONE',  ( 0.4173354348607644093, -0.2985599415856874383, -0.5963462525131788539 ) ) ;
#7917 = LINE ( 'NONE', #2975, #4440 ) ;
#7918 = CARTESIAN_POINT ( 'NONE',  ( 0.1613941420520303982, -0.4283076835003438165, -0.9959077380952300329 ) ) ;
#7919 = B_SPLINE_CURVE_WITH_KNOTS ( 'NONE', 3,
 ( #2426, #6840, #3585, #1185, #6091, #6217, #1144, #439, #3714, #5473, #6879, #3629, #3754, #5597, #8112, #1224, #7988, #2471, #525, #4899, #2341, #6257, #4985, #7369, #4856, #6136, #7497, #1715, #6749, #5516, #1101, #1847, #8029, #7413, #1758, #6795, #3047, #3673, #6178, #5556, #8070, #4939, #7455, #1306, #8156, #6339, #5763, #3298, #1346, #5802 ),
 .UNSPECIFIED., .F., .F.,
 ( 4, 2, 2, 2, 2, 2, 2, 2, 2, 1, 2, 2, 2, 2, 2, 2, 2, 2, 2, 2, 1, 2, 2, 2, 2, 4 ),
 ( 0.1924065580798588193, 0.1936723772966104928, 0.1949381965133621664, 0.1962040157301138121, 0.1974698349468654857, 0.2000014733803688327, 0.2025331118138721798, 0.2050647502473755268, 0.2063305694641272003, 0.2075963886808788739, 0.2088622078976305474, 0.2101280271143822209, 0.2126596655478855680, 0.2139254847646372415, 0.2151913039813889150, 0.2177229424148922621, 0.2189887616316439356, 0.2202545808483956091, 0.2227862192818989562, 0.2240520384986506297, 0.2253178577154023032, 0.2265836769321539768, 0.2278494961489056503, 0.2303811345824089973, 0.2316469537991606709, 0.2329127730159123444 ),
 .UNSPECIFIED. ) ;
#7920 = CARTESIAN_POINT ( 'NONE',  ( -0.003985523824253264097, -0.4549792490077159135, -0.9911710109984785966 ) ) ;
#7921 = CARTESIAN_POINT ( 'NONE',  ( 0.2312159862388558917, -0.4156718753222393148, -0.4138764880952510716 ) ) ;
#7922 = CARTESIAN_POINT ( 'NONE',  ( 0.3108071975747871973, -0.3660397282288739285, -0.2777157738095327177 ) ) ;
#7924 = CARTESIAN_POINT ( 'NONE',  ( -0.5167185674195318157, 0.01697459136920227013, -0.4724838704078789253 ) ) ;
#7923 = CARTESIAN_POINT ( 'NONE',  ( -0.4988789936391347379, 0.1158919372641062512, -0.6275874308131922374 ) ) ;
#7925 = CARTESIAN_POINT ( 'NONE',  ( 0.4915563947984953885, -0.1143876212836481415, -0.8675685689347465424 ) ) ;
#7926 = CARTESIAN_POINT ( 'NONE',  ( -0.5088914951752625537, 0.03355606577532824208, -0.6971747589437891079 ) ) ;
#7927 = CARTESIAN_POINT ( 'NONE',  ( 0.5217089518094806255, 0.1079979970062025230, -0.2967819940476474905 ) ) ;
#7928 = CARTESIAN_POINT ( 'NONE',  ( 0.1884553644838282138, -0.4342497733639032464, -0.4864211309523613913 ) ) ;
#7929 = CARTESIAN_POINT ( 'NONE',  ( 0.4488204398668007578, 0.1521504591951594598, -0.4694940476190271328 ) ) ;
#7930 = ADVANCED_FACE ( 'NONE', ( #1880 ), #5224, .T. ) ;
#7931 = CARTESIAN_POINT ( 'NONE',  ( -0.3976267783535561984, 0.2425592545970556568, -0.7383742559524104632 ) ) ;
#7932 = CARTESIAN_POINT ( 'NONE',  ( 0.03866553435351635648, -0.4739241292308580267, -0.4276413690476117413 ) ) ;
#7933 = ORIENTED_EDGE ( 'NONE', *, *, #1080, .T. ) ;
#7934 = CARTESIAN_POINT ( 'NONE',  ( -0.2215903425319322717, 0.4069248920476897791, -0.8068266369048038289 ) ) ;
#7935 = CARTESIAN_POINT ( 'NONE',  ( 0.4521906495158878325, 0.2616689983428550637, -0.2976008197660183763 ) ) ;
#7936 = CARTESIAN_POINT ( 'NONE',  ( 0.1302123649245658932, 0.5031726075659795905, -0.7127046130952005010 ) ) ;
#7937 = CARTESIAN_POINT ( 'NONE',  ( -0.4141437158282560427, -0.3181382954075770431, -0.3318365166913298525 ) ) ;
#7938 = CARTESIAN_POINT ( 'NONE',  ( -0.5043887067754502240, 0.1352036958706475667, -0.3322356364322273659 ) ) ;
#7939 = ORIENTED_EDGE ( 'NONE', *, *, #3430, .F. ) ;
#7940 = CARTESIAN_POINT ( 'NONE',  ( -0.1382012522290479439, -0.4431296003181054433, -0.7802269345238331821 ) ) ;
#7941 = CARTESIAN_POINT ( 'NONE',  ( -0.2291457566503750376, 0.4748989535548965857, -0.4167596726190009870 ) ) ;
#7942 = FACE_OUTER_BOUND ( 'NONE', #6615, .T. ) ;
#7943 = CARTESIAN_POINT ( 'NONE',  ( 0.1162312784384482017, 0.5005146435582371600, -0.5740210641681906534 ) ) ;
#7944 = CARTESIAN_POINT ( 'NONE',  ( -0.1276401157282769372, 0.4476633464962732623, -0.7468377976191421519 ) ) ;
#7945 = CARTESIAN_POINT ( 'NONE',  ( 0.4514234494393812303, -0.06337973580001418639, -1.046223958333331705 ) ) ;
#7946 = CARTESIAN_POINT ( 'NONE',  ( 0.03391581496478488639, -0.5097851320374982009, -0.6677877495748879566 ) ) ;
#7947 = CARTESIAN_POINT ( 'NONE',  ( -0.3173178189689613848, -0.3446708368489641017, -0.6513206845237682341 ) ) ;
#7948 = CARTESIAN_POINT ( 'NONE',  ( -0.2519336454960511840, 0.4047901593248467988, -0.3865327380952860437 ) ) ;
#7949 = CARTESIAN_POINT ( 'NONE',  ( 0.5002093835853141934, 0.1342079339094638946, -0.4434471620965816929 ) ) ;
#7950 = CARTESIAN_POINT ( 'NONE',  ( 0.5178421557854078205, 7.371186427599397289E-15, -0.4363963481838039615 ) ) ;
#7951 = CARTESIAN_POINT ( 'NONE',  ( 0.4544107766463701403, -0.2331858758495820028, -0.9451264880953337277 ) ) ;
#7952 = CARTESIAN_POINT ( 'NONE',  ( -0.5312500000000001110, 0.3067173305069886280, -0.04744933615967781432 ) ) ;
#7953 = CARTESIAN_POINT ( 'NONE',  ( 0.1351808123602399880, -0.5019978137093027426, -0.3798425350721639226 ) ) ;
#7954 = CARTESIAN_POINT ( 'NONE',  ( -0.3975000000000000755, 0.000000000000000000, 0.2380000000000000171 ) ) ;
#7955 = CARTESIAN_POINT ( 'NONE',  ( -0.1326210977795329871, -0.4961146682406222808, -0.6101089601966130926 ) ) ;
#7956 = DIRECTION ( 'NONE',  ( -0.000000000000000000, -1.047310526070460688E-16, 1.000000000000000000 ) ) ;
#7957 = CARTESIAN_POINT ( 'NONE',  ( 0.3119846375643576808, 0.3328309672187281798, -1.044270833333229342 ) ) ;
#7958 = DIRECTION ( 'NONE',  ( -0.000000000000000000, -0.000000000000000000, 1.000000000000000000 ) ) ;
#7959 = AXIS2_PLACEMENT_3D ( 'NONE', #3016, #1195, #5609 ) ;
#7960 = CARTESIAN_POINT ( 'NONE',  ( -0.3314905434955286445, 0.3427988497827378911, -0.3751860119047065734 ) ) ;
#7961 = CARTESIAN_POINT ( 'NONE',  ( -0.3731153255206193231, -0.3013737070212550440, -0.2958519345237806131 ) ) ;
#7963 = CARTESIAN_POINT ( 'NONE',  ( -0.3460187164087853429, 0.3937861383336931920, -0.2674964973103193810 ) ) ;
#7962 = CARTESIAN_POINT ( 'NONE',  ( -0.3794144604942424337, -0.3735484674924944293, -0.2523251488094698236 ) ) ;
#7964 = CARTESIAN_POINT ( 'NONE',  ( 0.000000000000000000, -4.528468093915398346E-17, 1.185470590824565962 ) ) ;
#7965 = EDGE_CURVE ( 'NONE', #56, #1212, #4433, .T. ) ;
#7966 = CARTESIAN_POINT ( 'NONE',  ( -0.4046768785183116335, 0.3100344091033199190, -0.7038536613458629132 ) ) ;
#7967 = CARTESIAN_POINT ( 'NONE',  ( -0.3693291941314636451, 0.3819276559006382632, -0.3439360119047065734 ) ) ;
#7968 = CIRCLE ( 'NONE', #4033, 0.5312500000000000000 ) ;
#7969 = CARTESIAN_POINT ( 'NONE',  ( 0.3135224198577192256, -0.3577972322781668435, -0.4114583333333205473 ) ) ;
#7970 = CARTESIAN_POINT ( 'NONE',  ( 0.1341349443613534531, 0.4548850585095686738, -0.4586123511905311756 ) ) ;
#7971 = CARTESIAN_POINT ( 'NONE',  ( 0.4562120130463628853, 0.1105048907535909342, -0.6223028273810565780 ) ) ;
#7972 = CARTESIAN_POINT ( 'NONE',  ( 0.1425292919294200433, 0.4570074801881156001, -0.3248697916666162255 ) ) ;
#7973 = ORIENTED_EDGE ( 'NONE', *, *, #4624, .T. ) ;
#7974 = CARTESIAN_POINT ( 'NONE',  ( -0.4205939910214304134, 0.1949394399361805419, -0.7995721726190386791 ) ) ;
#7975 = CIRCLE ( 'NONE', #7581, 0.5312500000000000000 ) ;
#7976 = DIRECTION ( 'NONE',  ( -0.000000000000000000, -0.000000000000000000, -1.000000000000000000 ) ) ;
#7977 = CARTESIAN_POINT ( 'NONE',  ( -0.4699850272254519901, 0.2318338609549295548, -0.2730661928828433949 ) ) ;
#7978 = CARTESIAN_POINT ( 'NONE',  ( 0.1106678887858734694, -0.5114320148139773758, -0.6002604166666715146 ) ) ;
#7979 = CARTESIAN_POINT ( 'NONE',  ( 0.4307052034568280008, -0.1744934964489394391, -0.7632998511905240147 ) ) ;
#7980 = AXIS2_PLACEMENT_3D ( 'NONE', #7295, #7956, #6192 ) ;
#7981 = CARTESIAN_POINT ( 'NONE',  ( 0.4406733887456544263, 0.1256470377414860562, -0.9789806547619340771 ) ) ;
#7982 = DIRECTION ( 'NONE',  ( 0.000000000000000000, 0.000000000000000000, 1.000000000000000000 ) ) ;
#7983 = EDGE_CURVE ( 'NONE', #4486, #2237, #2409, .T. ) ;
#7984 = ORIENTED_EDGE ( 'NONE', *, *, #1437, .F. ) ;
#7985 = VECTOR ( 'NONE', #4596, 39.37007874015748854 ) ;
#7986 = EDGE_CURVE ( 'NONE', #2093, #1434, #5171, .T. ) ;
#7987 = CARTESIAN_POINT ( 'NONE',  ( 0.5147361027845752668, 0.1113828809788999369, -0.4373139880952376379 ) ) ;
#7988 = CARTESIAN_POINT ( 'NONE',  ( -0.2526850944414207878, -0.4386829044358148688, -0.8173365123978327818 ) ) ;
#7989 = CARTESIAN_POINT ( 'NONE',  ( -0.2574973859799807863, -0.4467679921941648535, -0.5416597298568197605 ) ) ;
#7990 = CARTESIAN_POINT ( 'NONE',  ( -0.4687894470155708482, 0.1984717205102837223, -1.053664434523827964 ) ) ;
#7991 = CARTESIAN_POINT ( 'NONE',  ( -0.4640954173325321230, -0.04206107904571049216, -0.7311197916667677710 ) ) ;
#7992 = CARTESIAN_POINT ( 'NONE',  ( -0.3626543540051173076, -0.2784990276713028567, -1.001488095238179943 ) ) ;
#7993 = CARTESIAN_POINT ( 'NONE',  ( 0.5312499999999998890, 0.3067173305069887390, -0.2025506638403220816 ) ) ;
#7994 = CARTESIAN_POINT ( 'NONE',  ( 0.4595079833254043233, -0.08342528696798920396, -0.6984747023809820821 ) ) ;
#7995 = CARTESIAN_POINT ( 'NONE',  ( -0.06202110642831716592, 0.4725820932751774728, -0.3913690476189975453 ) ) ;
#7996 = CARTESIAN_POINT ( 'NONE',  ( 4.314832864274900690E-07, 0.4783540252257642011, -0.2499999999999986955 ) ) ;
#7997 = FACE_OUTER_BOUND ( 'NONE', #2277, .T. ) ;
#7998 = CARTESIAN_POINT ( 'NONE',  ( -0.4456384602403144490, -0.2570482682136917552, -0.8266369047617372345 ) ) ;
#7999 = CARTESIAN_POINT ( 'NONE',  ( 0.5089462933812949341, 9.618271207786930720E-13, -0.7221145364173472414 ) ) ;
#8000 = CARTESIAN_POINT ( 'NONE',  ( 0.3086565561035043426, 0.4026233171994715865, -0.7831250124783765143 ) ) ;
#8001 = CARTESIAN_POINT ( 'NONE',  ( -0.4452016403742610207, -0.1036154195291944524, -1.015252976190455181 ) ) ;
#8002 = CARTESIAN_POINT ( 'NONE',  ( -0.3121694085206946356, -0.4075715555524117018, -0.6145768855458048074 ) ) ;
#8003 = DIRECTION ( 'NONE',  ( -1.224646799147354440E-16, 1.000000000000000000, 0.000000000000000000 ) ) ;
#8004 = CARTESIAN_POINT ( 'NONE',  ( 0.1465185981385398462, 0.4321829747317679216, -1.039434523809581901 ) ) ;
#8005 = CARTESIAN_POINT ( 'NONE',  ( 0.5197537368049262030, 1.049043684718248397E-12, -0.3749999999999770184 ) ) ;
#8006 = CARTESIAN_POINT ( 'NONE',  ( -0.4487126691577789650, -0.1690833152474671142, -0.2905505952380333934 ) ) ;
#8007 = CARTESIAN_POINT ( 'NONE',  ( -0.4414431533436574684, 0.2455605610217122536, -1.124069940476109641 ) ) ;
#8009 = CARTESIAN_POINT ( 'NONE',  ( 0.4686635543710248597, 0.2315304678335755872, -0.2883251189934094016 ) ) ;
#8008 = DIRECTION ( 'NONE',  ( -1.000000000000000000, 0.000000000000000000, 0.000000000000000000 ) ) ;
#8010 = CARTESIAN_POINT ( 'NONE',  ( 0.2136964125903874079, -0.4712098161611784075, -0.4594395576979865559 ) ) ;
#8011 = CARTESIAN_POINT ( 'NONE',  ( -0.4145798042967401287, 0.2966747875312817362, -0.7034812366883613777 ) ) ;
#8012 = CARTESIAN_POINT ( 'NONE',  ( -0.1208975749051582338, 0.5194544922444098711, -0.2786458333333606818 ) ) ;
#8013 = CARTESIAN_POINT ( 'NONE',  ( -0.06187146716905435329, -0.4713807722117417942, -0.4211309523809683708 ) ) ;
#8014 = CARTESIAN_POINT ( 'NONE',  ( -0.06187146715684228165, -0.4713807722156309055, -0.4211309523809597666 ) ) ;
#8015 = CARTESIAN_POINT ( 'NONE',  ( -0.4133083228779353413, -0.2250665013625290922, -0.5836123511904790506 ) ) ;
#8016 = CARTESIAN_POINT ( 'NONE',  ( 0.3108071975795533848, -0.3660397282206937497, -0.2777157738096013850 ) ) ;
#8017 = VERTEX_POINT ( 'NONE', #4448 ) ;
#8018 = CARTESIAN_POINT ( 'NONE',  ( 0.003626918155652164577, -0.4665125755006199748, -0.7052641369046730446 ) ) ;
#8019 = CARTESIAN_POINT ( 'NONE',  ( -0.1345908078938743424, 0.4995783105941840607, -0.4869723866423963377 ) ) ;
#8020 = CARTESIAN_POINT ( 'NONE',  ( 0.2230815671522234089, 0.4532389217394445224, -0.8523164683189652369 ) ) ;
#8021 = B_SPLINE_CURVE_WITH_KNOTS ( 'NONE', 3,
 ( #5372, #1644, #411, #4213, #6105, #375 ),
 .UNSPECIFIED., .F., .F.,
 ( 4, 2, 4 ),
 ( 0.01420428813140484255, 0.01814645441328572098, 0.02208862069516659768 ),
 .UNSPECIFIED. ) ;
#8022 = CARTESIAN_POINT ( 'NONE',  ( 0.2191268927014788648, -0.4728000382398501733, -0.6691778273807347244 ) ) ;
#8023 = CARTESIAN_POINT ( 'NONE',  ( -0.09456193685961040984, -0.4567661636010593718, -0.7076822916667553365 ) ) ;
#8024 = CARTESIAN_POINT ( 'NONE',  ( 0.3316787303802751774, 0.3790130126925145837, -0.9267146499857508157 ) ) ;
#8025 = CARTESIAN_POINT ( 'NONE',  ( 0.4542534307077708000, 0.07517939155609451585, -0.9088541666666544172 ) ) ;
#8026 = CARTESIAN_POINT ( 'NONE',  ( 0.2142802007066896275, 0.4742757397196188940, -0.3619589918910676163 ) ) ;
#8027 = VERTEX_POINT ( 'NONE', #5758 ) ;
#8028 = CARTESIAN_POINT ( 'NONE',  ( -0.2337590877974300430, -0.4735319491789722890, -0.3913690476190873624 ) ) ;
#8029 = CARTESIAN_POINT ( 'NONE',  ( 0.2537405147615630630, -0.4385035968048388577, -0.8054371865386666940 ) ) ;
#8030 = CARTESIAN_POINT ( 'NONE',  ( 0.1618819858026457059, 0.4791050002193549262, -0.8608485929560711902 ) ) ;
#8031 = CARTESIAN_POINT ( 'NONE',  ( -0.5093302957622224403, 0.04616911179751675975, -0.9787016369047193409 ) ) ;
#8032 = CARTESIAN_POINT ( 'NONE',  ( -0.4511274038550107113, -0.09761819804989876892, -0.8636532738094565564 ) ) ;
#8033 = CARTESIAN_POINT ( 'NONE',  ( -0.4928142193638556101, 0.1140112973144417480, -0.2499999999999998335 ) ) ;
#8034 = CARTESIAN_POINT ( 'NONE',  ( -0.3790481608732159668, -0.2713887279114199358, -0.7250744047619123167 ) ) ;
#8035 = ADVANCED_FACE ( 'NONE', ( #6956 ), #3385, .T. ) ;
#8036 = CARTESIAN_POINT ( 'NONE',  ( -0.4440270655460055171, -0.3570755151935116056, -0.02103220599697377957 ) ) ;
#8037 = CARTESIAN_POINT ( 'NONE',  ( 0.04345277033434379738, -0.5883471923644090218, -0.03296507938155264494 ) ) ;
#8038 = CARTESIAN_POINT ( 'NONE',  ( 0.4556513776643146274, -0.01473877823778929966, -1.045014880952456426 ) ) ;
#8039 = CARTESIAN_POINT ( 'NONE',  ( -0.2582661784442349395, -0.4477339482941800619, -0.7492559523810315980 ) ) ;
#8040 = DIRECTION ( 'NONE',  ( -0.03112001302225914090, 3.811102433713360910E-18, 0.9995156550997559286 ) ) ;
#8041 = CARTESIAN_POINT ( 'NONE',  ( 0.4386544656257533314, 0.1524920609730186505, -0.9827895451312881336 ) ) ;
#8042 = CARTESIAN_POINT ( 'NONE',  ( -0.3626543540071602290, -0.2784990276741241555, -1.010416666666671626 ) ) ;
#8043 = CARTESIAN_POINT ( 'NONE',  ( -0.5111622534695443587, -0.03368953387795685372, -0.6242460987013024321 ) ) ;
#8044 = CARTESIAN_POINT ( 'NONE',  ( -0.4877972296656563067, 0.3318047991565570287, -0.2170349206184471469 ) ) ;
#8045 = CARTESIAN_POINT ( 'NONE',  ( 0.2079594579615855199, -0.4052683955447871078, -1.066034226190565981 ) ) ;
#8046 = CARTESIAN_POINT ( 'NONE',  ( -0.4492981690210758328, -0.2600097026091652830, -0.4047466022685050069 ) ) ;
#8047 = CARTESIAN_POINT ( 'NONE',  ( 0.000000000000000000, -4.528468093915398346E-17, 1.185470590824565962 ) ) ;
#8048 = CARTESIAN_POINT ( 'NONE',  ( 0.5014764605040231693, -0.07040671986955875095, -1.084170386904758976 ) ) ;
#8050 = CARTESIAN_POINT ( 'NONE',  ( -0.2619068388680571569, 0.4530550583506142703, -0.2697230019913490207 ) ) ;
#8049 = CARTESIAN_POINT ( 'NONE',  ( 0.4137596366252497271, -0.2959171422649765071, -0.7391929583776279955 ) ) ;
#8051 = CARTESIAN_POINT ( 'NONE',  ( -0.4554657061033094978, 0.2241504371393668316, -0.7730514565000334848 ) ) ;
#8052 = CARTESIAN_POINT ( 'NONE',  ( 0.3712589497535334626, 0.3484608279261359187, -0.7235744818456992800 ) ) ;
#8053 = CARTESIAN_POINT ( 'NONE',  ( -0.4413522751461743110, 0.2999016583746147990, -0.2701822916667536156 ) ) ;
#8054 = CARTESIAN_POINT ( 'NONE',  ( -0.3662806059871313025, 0.3054054089896123259, -0.3739769345237077269 ) ) ;
#8055 = CARTESIAN_POINT ( 'NONE',  ( 0.2312159862458575132, -0.4156718753158084034, -0.4138764880952334746 ) ) ;
#8056 = CARTESIAN_POINT ( 'NONE',  ( -0.003669654017050326487, -0.4709803568830904785, -0.5715215773809533273 ) ) ;
#8057 = CARTESIAN_POINT ( 'NONE',  ( 0.4553875700993446074, 0.1465145116517972690, -0.3357514880952724434 ) ) ;
#8058 = ORIENTED_EDGE ( 'NONE', *, *, #278, .F. ) ;
#8059 = CARTESIAN_POINT ( 'NONE',  ( 0.4100470490533333345, -0.2232996099155920011, -0.6931733630952973124 ) ) ;
#8060 = CARTESIAN_POINT ( 'NONE',  ( 0.3741838904386874387, 0.2873532507804938407, -0.5461309523809251276 ) ) ;
#8061 = CARTESIAN_POINT ( 'NONE',  ( -0.4102437656201340377, 0.3142613957942286262, -0.4795417725242060447 ) ) ;
#8062 = CARTESIAN_POINT ( 'NONE',  ( 0.000000000000000000, 0.000000000000000000, 0.000000000000000000 ) ) ;
#8063 = CARTESIAN_POINT ( 'NONE',  ( 0.08061658035446210568, 0.5157569138373018225, -0.6401599702380051937 ) ) ;
#8064 = CARTESIAN_POINT ( 'NONE',  ( -0.4658933036737353262, 0.007813448667480583573, -0.7234002976190556655 ) ) ;
#8065 = CARTESIAN_POINT ( 'NONE',  ( 3.549150903161243875E-17, -0.6134346610139772560, -0.04744933615967770330 ) ) ;
#8066 = CARTESIAN_POINT ( 'NONE',  ( -0.1826679401876576680, 0.4209143619496791278, -0.9596354166666255514 ) ) ;
#8067 = FACE_OUTER_BOUND ( 'NONE', #4187, .T. ) ;
#8068 = VERTEX_POINT ( 'NONE', #2704 ) ;
#8069 = CARTESIAN_POINT ( 'NONE',  ( 0.4796412749531569486, -0.2223064152090943046, -0.3732328869047773501 ) ) ;
#8070 = CARTESIAN_POINT ( 'NONE',  ( 0.4388914124127242800, -0.2534346756618498508, -0.7994925049262083805 ) ) ;
#8071 = CARTESIAN_POINT ( 'NONE',  ( 0.4008455379422937170, 0.3079667422440027780, -0.8675513847633243847 ) ) ;
#8072 = CARTESIAN_POINT ( 'NONE',  ( -0.1403728341518341305, -0.4922894417631839548, -0.9629836309523841509 ) ) ;
#8073 = CARTESIAN_POINT ( 'NONE',  ( 0.1084982212405301294, 0.4478940975840469685, -0.8866257440475205920 ) ) ;
#8074 = CARTESIAN_POINT ( 'NONE',  ( -0.5066331369774549342, 0.04492596462052671213, -0.2499999999999998890 ) ) ;
#8075 = CARTESIAN_POINT ( 'NONE',  ( 0.3986192172263814948, 0.2480928977887840170, -0.6186755952381035595 ) ) ;
#8076 = CARTESIAN_POINT ( 'NONE',  ( 0.4879057453285123302, -0.3317421476093956878, -0.03300125126917648199 ) ) ;
#8077 = CARTESIAN_POINT ( 'NONE',  ( -0.4562669222108082234, -0.05266942885740764219, -0.9361979166667011576 ) ) ;
#8078 = CARTESIAN_POINT ( 'NONE',  ( -0.09254330288471340760, 0.4470543381783554371, -1.024460565476120966 ) ) ;
#8079 = CARTESIAN_POINT ( 'NONE',  ( -0.2900924303227200851, 0.4269303952561744886, -0.7722284226191309386 ) ) ;
#8080 = DIRECTION ( 'NONE',  ( -1.000000000000000000, 0.000000000000000000, 0.000000000000000000 ) ) ;
#8081 = CARTESIAN_POINT ( 'NONE',  ( 0.5035484236565490601, 0.06604428391626369910, -0.7920551701029814318 ) ) ;
#8082 = CARTESIAN_POINT ( 'NONE',  ( -0.2570542990213560142, -0.3782946609963347417, -1.006789434523887250 ) ) ;
#8083 = FACE_OUTER_BOUND ( 'NONE', #3542, .T. ) ;
#8084 = FACE_BOUND ( 'NONE', #1298, .T. ) ;
#8085 = CARTESIAN_POINT ( 'NONE',  ( 0.07032053193048809492, -0.4499346381665196293, -1.069661458333297732 ) ) ;
#8086 = DIRECTION ( 'NONE',  ( -1.000000000000000000, 0.000000000000000000, 0.000000000000000000 ) ) ;
#8087 = DIRECTION ( 'NONE',  ( -1.000000000000000000, 0.000000000000000000, 0.000000000000000000 ) ) ;
#8088 = CARTESIAN_POINT ( 'NONE',  ( -0.2897014660748410408, 0.3843358081076241883, -0.2426525297619698818 ) ) ;
#8090 = CARTESIAN_POINT ( 'NONE',  ( 0.5181255351839848533, 0.06839152826354333303, -0.2920507282226459389 ) ) ;
#8089 = CARTESIAN_POINT ( 'NONE',  ( -0.5067374970867200012, -0.03311610634793370894, -0.7671153834418175110 ) ) ;
#8091 = CARTESIAN_POINT ( 'NONE',  ( -0.2957272098045445885, 0.4123795153903387911, -0.7786359793737410717 ) ) ;
#8092 = CARTESIAN_POINT ( 'NONE',  ( 0.4038141149815395736, 0.3100945855453554056, -0.7246903118328650306 ) ) ;
#8093 = CARTESIAN_POINT ( 'NONE',  ( -0.5326349697876772149, 0.03512780590500391709, -0.2641369047618170596 ) ) ;
#8094 = CARTESIAN_POINT ( 'NONE',  ( 0.4733971634823431751, 0.05034462554152243502, -0.4005766369047721320 ) ) ;
#8095 = CARTESIAN_POINT ( 'NONE',  ( 0.2267757687473665185, 0.4164304798832468291, -0.4610305059523260307 ) ) ;
#8096 = CARTESIAN_POINT ( 'NONE',  ( -0.4487126691493087960, -0.1690833152571100673, -0.2994791666667263597 ) ) ;
#8097 = VERTEX_POINT ( 'NONE', #4528 ) ;
#8098 = CARTESIAN_POINT ( 'NONE',  ( 0.3176703582369727608, -0.3450655280236231692, -0.6254650297618342680 ) ) ;
#8099 = CARTESIAN_POINT ( 'NONE',  ( 0.4509156542960844893, -0.1450840594675164852, -0.4856770833333402537 ) ) ;
#8100 = AXIS2_PLACEMENT_3D ( 'NONE', #4293, #6808, #3725 ) ;
#8101 = CARTESIAN_POINT ( 'NONE',  ( 0.2204384543598408575, 0.4861644600495780844, -0.001121523912337084707 ) ) ;
#8102 = CARTESIAN_POINT ( 'NONE',  ( -0.3088006290534241471, 0.4013269205596185496, -0.8396579026972031956 ) ) ;
#8103 = CARTESIAN_POINT ( 'NONE',  ( -0.03420322235146773526, 0.5187351368567765242, -0.7090773809523182036 ) ) ;
#8104 = CARTESIAN_POINT ( 'NONE',  ( 0.4638154768799727101, -0.03058960743805837906, -0.7596726190476771334 ) ) ;
#8105 = CARTESIAN_POINT ( 'NONE',  ( 0.3993952674268984593, 0.3067183664372397089, -0.9289503584726973573 ) ) ;
#8106 = CARTESIAN_POINT ( 'NONE',  ( -0.3039417934637683727, 0.3468638396171263016, -0.8846726190476819074 ) ) ;
#8107 = CIRCLE ( 'NONE', #1126, 0.3975000000000000755 ) ;
#8108 = CARTESIAN_POINT ( 'NONE',  ( 0.06736766454253248493, 0.5170277668291497486, -0.3586042067305241776 ) ) ;
#8109 = ORIENTED_EDGE ( 'NONE', *, *, #1494, .T. ) ;
#8110 = VECTOR ( 'NONE', #5029, 39.37007874015748143 ) ;
#8111 = CARTESIAN_POINT ( 'NONE',  ( -0.07343830488821039004, -0.5230703558470288783, -0.3877418154762597990 ) ) ;
#8112 = CARTESIAN_POINT ( 'NONE',  ( -0.3085288781916620815, -0.4023486246943985267, -0.8188429767217678679 ) ) ;
#8113 = CARTESIAN_POINT ( 'NONE',  ( -0.4923673034166178852, 0.1144120176976448494, -0.8418756211427526059 ) ) ;
#8114 = CARTESIAN_POINT ( 'NONE',  ( -0.4829945186848912941, -0.1685853130199345684, -0.9738653273810511379 ) ) ;
#8115 = B_SPLINE_CURVE_WITH_KNOTS ( 'NONE', 3,
 ( #3766, #6312, #665, #496, #3017, #5527, #8041, #1155, #540, #3186, #6469, #6508, #4545, #7591, #3887, #3308, #82, #6389, #5074, #1942, #2681, #1479, #4464, #7634, #4628, #2561, #3848, #1399, #5851, #747, #37, #4004, #2106, #4587, #5118, #5774, #7673, #6972, #6432, #3930, #2603, #5812, #1317, #3270, #160, #198, #6350 ),
 .UNSPECIFIED., .F., .F.,
 ( 4, 2, 2, 2, 2, 2, 2, 1, 2, 2, 2, 2, 2, 2, 2, 2, 2, 2, 2, 2, 2, 2, 2, 4 ),
 ( 0.008936295771393636816, 0.01011641800248958348, 0.01129654023358553014, 0.01365678469577742520, 0.01601702915796932025, 0.01837727362016121357, 0.01955739585125716024, 0.02073751808235311037, 0.02191764031344906050, 0.02309776254454500716, 0.02545800700673691089, 0.02663812923783286102, 0.02781825146892881115, 0.03017849593112071488, 0.03135861816221666154, 0.03253874039331261514, 0.03489898485550451540, 0.03725922931769641566, 0.03843935154879236926, 0.03961947377988830898, 0.04197971824208021618, 0.04315984047317616978, 0.04433996270427210951, 0.04670020716646401671 ),
 .UNSPECIFIED. ) ;
#8116 = CARTESIAN_POINT ( 'NONE',  ( 0.4445480726680189898, -0.1193102246552584372, -0.9047619047616927146 ) ) ;
#8117 = CARTESIAN_POINT ( 'NONE',  ( -0.4313056514421108045, -0.2939926463048548322, -0.2499999999999998335 ) ) ;
#8118 = CIRCLE ( 'NONE', #4574, 0.5020336960870686038 ) ;
#8119 = CARTESIAN_POINT ( 'NONE',  ( 0.4714963402008199855, 0.007899405044683309104, -0.5533854166666895003 ) ) ;
#8120 = CARTESIAN_POINT ( 'NONE',  ( 0.4679135226327824637, -0.1089097256037470235, -0.2704613095237733966 ) ) ;
#8121 = ORIENTED_EDGE ( 'NONE', *, *, #1681, .F. ) ;
#8122 = CARTESIAN_POINT ( 'NONE',  ( -0.4370771897664423311, 0.1406316020885895468, -0.9410342261905445538 ) ) ;
#8123 = CARTESIAN_POINT ( 'NONE',  ( 0.4086563819360740646, -0.2017338667064844659, -1.049851190476188911 ) ) ;
#8124 = CARTESIAN_POINT ( 'NONE',  ( 0.5092389644370035606, -0.09245368320364413806, -0.7274925595239001286 ) ) ;
#8125 = DIRECTION ( 'NONE',  ( -1.000000000000000000, 0.000000000000000000, 0.000000000000000000 ) ) ;
#8126 = CARTESIAN_POINT ( 'NONE',  ( 0.4399771649863091216, 0.2539610348538124951, -0.7875931937411736472 ) ) ;
#8127 = CARTESIAN_POINT ( 'NONE',  ( -0.4361906603813965333, 0.1360372323916693160, -1.021298363095300532 ) ) ;
#8128 = CARTESIAN_POINT ( 'NONE',  ( -0.03361926370282843080, -0.5172756572658218088, -0.4549898560780229473 ) ) ;
#8129 = CARTESIAN_POINT ( 'NONE',  ( -0.4370771897642651838, 0.1406316021005212524, -0.9499627976190209155 ) ) ;
#8130 = FACE_OUTER_BOUND ( 'NONE', #6289, .T. ) ;
#8131 = AXIS2_PLACEMENT_3D ( 'NONE', #8062, #6831, #2419 ) ;
#8132 = CARTESIAN_POINT ( 'NONE',  ( -0.1691972618052309252, -0.4489924714806788897, -0.2808779761904460770 ) ) ;
#8133 = CARTESIAN_POINT ( 'NONE',  ( -0.4618568412246792931, 0.1361906960858922933, -0.2353980654760988722 ) ) ;
#8135 = CARTESIAN_POINT ( 'NONE',  ( -0.2554065886903183480, 0.4413978805057423016, -0.6982935323181026499 ) ) ;
#8134 = CARTESIAN_POINT ( 'NONE',  ( -0.2955180408534667791, -0.4133562232335622477, -0.7570495713455327458 ) ) ;
#8136 = CARTESIAN_POINT ( 'NONE',  ( 0.3085216772685987485, 0.4023321795343708374, -0.7931453751686926568 ) ) ;
#8137 = CARTESIAN_POINT ( 'NONE',  ( -0.1630348927835247874, -0.4825781575071189655, -0.7436742941354089753 ) ) ;
#8138 = CARTESIAN_POINT ( 'NONE',  ( 0.3155065423440533978, 0.4323979453915101079, -0.2169828869047951136 ) ) ;
#8139 = ADVANCED_FACE ( 'NONE', ( #3913 ), #2061, .T. ) ;
#8140 = CARTESIAN_POINT ( 'NONE',  ( -0.1119205938903099495, -0.4620226092796959616, -0.4223400297618636889 ) ) ;
#8141 = CARTESIAN_POINT ( 'NONE',  ( 0.08533776995712619162, -0.4700870620955706625, -0.3461681547619101518 ) ) ;
#8142 = CARTESIAN_POINT ( 'NONE',  ( -0.4609137724556989224, 0.1314265489818675914, -0.3067336309524004156 ) ) ;
#8143 = ADVANCED_FACE ( 'NONE', ( #3371 ), #1535, .T. ) ;
#8144 = VERTEX_POINT ( 'NONE', #1966 ) ;
#8145 = CARTESIAN_POINT ( 'NONE',  ( 0.3986192172318833160, 0.2480928977793868673, -0.6097470238095421546 ) ) ;
#8146 = CARTESIAN_POINT ( 'NONE',  ( 0.4453283897271003711, 0.1554379278439151912, -0.5497581845238015408 ) ) ;
#8147 = CARTESIAN_POINT ( 'NONE',  ( -0.3886675828902382279, 0.3405489844780827946, -0.4802902173796521623 ) ) ;
#8148 = CARTESIAN_POINT ( 'NONE',  ( 0.3074924338055888273, 0.4017183471934583361, -0.8545421624246968273 ) ) ;
#8149 = CARTESIAN_POINT ( 'NONE',  ( -0.5035390442344380713, -0.1484731191369483283, -0.5458519345238057596 ) ) ;
#8150 = CARTESIAN_POINT ( 'NONE',  ( 0.4595079833279323567, -0.08342528698077175675, -0.6895461309525747762 ) ) ;
#8151 = CARTESIAN_POINT ( 'NONE',  ( -0.4002691811555563750, 0.3066317182856717616, -0.9081120799524886600 ) ) ;
#8152 = CARTESIAN_POINT ( 'NONE',  ( -0.1365929255893281180, 0.4379992381705017923, -0.9608444940476229545 ) ) ;
#8153 = CARTESIAN_POINT ( 'NONE',  ( -0.3918713358398278057, 0.3431662464833299397, -0.3474540686173464010 ) ) ;
#8154 = EDGE_LOOP ( 'NONE', ( #5954, #3826 ) ) ;
#8155 = CARTESIAN_POINT ( 'NONE',  ( -0.2871819655209829625, -0.4457881855097093338, -0.3212425595237949350 ) ) ;
#8156 = CARTESIAN_POINT ( 'NONE',  ( 0.4904068902075291447, -0.1314010863252658423, -0.7965200506939585923 ) ) ;
#8157 = CARTESIAN_POINT ( 'NONE',  ( 0.5002943035887735812, 0.000000000000000000, -0.9999999999999998890 ) ) ;
#8158 = CARTESIAN_POINT ( 'NONE',  ( -0.5074989403801382082, 0.04141303812368402060, -1.050037202380857293 ) ) ;
#8159 = CARTESIAN_POINT ( 'NONE',  ( 0.1583109178566771691, -0.4318356639403941322, -0.9156436011904560690 ) ) ;
#8160 = CARTESIAN_POINT ( 'NONE',  ( -0.5033865768248381167, 2.731847993664262725E-16, -0.9006820624695167643 ) ) ;
#8161 = CARTESIAN_POINT ( 'NONE',  ( 4.314832864274900690E-07, 0.4783540252257642011, -0.2499999999999986955 ) ) ;
#8162 = ORIENTED_EDGE ( 'NONE', *, *, #7881, .F. ) ;
#8163 = CARTESIAN_POINT ( 'NONE',  ( 0.3227893367320808782, -0.3278590082609909029, -0.9108072916666883900 ) ) ;
#8164 = CARTESIAN_POINT ( 'NONE',  ( -0.3078242984522201464, 0.3343705486311037145, -1.089750744047583764 ) ) ;
#8165 = CARTESIAN_POINT ( 'NONE',  ( 0.3240520749657040955, 0.4011791005871972460, -0.7867373511905260131 ) ) ;
#8166 = LINE ( 'NONE', #6146, #1775 ) ;
#8167 = CARTESIAN_POINT ( 'NONE',  ( 0.4555972640982096644, 0.2246237705972027876, -0.7883298677561221268 ) ) ;
#8168 = CARTESIAN_POINT ( 'NONE',  ( 0.3570247645355015265, -0.2831283719292867485, -1.061197916666472674 ) ) ;
ENDSEC;
END-ISO-10303-21;
