ISO-10303-21;
HEADER;
/****************************************************************
 * Generated by software with PDElib inside                    *
 * PDElib Version v51a, created Wed 07/06/2011                  *
 * ITI Transcendata (http://www.transcendata.com/)              *
 ****************************************************************/
FILE_DESCRIPTION((''),'2;1');
FILE_NAME('C:\\Engineering Vault\\Relief Valve.stp','2012-08-30T14:57:59',('dereksg'),(''),'Autodesk Inventor 2012','Autodesk Inventor 2012','');
FILE_SCHEMA(('AUTOMOTIVE_DESIGN { 1 0 10303 214 1 1 1 1 }'));
ENDSEC;
DATA;
#5=APPLICATION_CONTEXT('automotive design');
#6=APPLICATION_PROTOCOL_DEFINITION('International Standard','automotive_design',2001,#5);
#7=PRODUCT_CONTEXT('',#5,'mechanical');
#8=PRODUCT('Relief Valve','Relief Valve',$,(#7));
#9=PRODUCT_RELATED_PRODUCT_CATEGORY('part',$,(#8));
#10=PRODUCT_DEFINITION_FORMATION('',$,#8);
#11=PRODUCT_DEFINITION_CONTEXT('part definition',#5,'design');
#12=PRODUCT_DEFINITION('',$,#10,#11);
#18=(NAMED_UNIT(*)PLANE_ANGLE_UNIT()SI_UNIT($,.RADIAN.));
#19=DIMENSIONAL_EXPONENTS(0.0,0.0,0.0,0.0,0.0,0.0,0.0);
#20=PLANE_ANGLE_MEASURE_WITH_UNIT(PLANE_ANGLE_MEASURE(0.0174532925),#18);
#24=(CONVERSION_BASED_UNIT('DEGREE',#20)NAMED_UNIT(#19)PLANE_ANGLE_UNIT());
#28=(NAMED_UNIT(*)SI_UNIT($,.STERADIAN.)SOLID_ANGLE_UNIT());
#32=(LENGTH_UNIT()NAMED_UNIT(*)SI_UNIT(.CENTI.,.METRE.));
#33=DIMENSIONAL_EXPONENTS(1.0,0.0,0.0,0.0,0.0,0.0,0.0);
#34=LENGTH_MEASURE_WITH_UNIT(LENGTH_MEASURE(2.54),#32);
#38=(CONVERSION_BASED_UNIT('INCH',#34)LENGTH_UNIT()NAMED_UNIT(#33));
#40=UNCERTAINTY_MEASURE_WITH_UNIT(LENGTH_MEASURE(0.000393700787402),#38,'DISTANCE_ACCURACY_VALUE','');
#42=(GEOMETRIC_REPRESENTATION_CONTEXT(3)GLOBAL_UNCERTAINTY_ASSIGNED_CONTEXT((#40))GLOBAL_UNIT_ASSIGNED_CONTEXT((#24,#28,#38))REPRESENTATION_CONTEXT('None','None'));
#43=AXIS2_PLACEMENT_3D('',#44,#45,#46);
#44=CARTESIAN_POINT('',(0.0,0.0,0.0));
#45=DIRECTION('',(0.0,0.0,1.0));
#46=DIRECTION('',(1.0,0.0,0.0));
#47=SHAPE_REPRESENTATION('',(#43,#730,#2302,#2601,#3403,#4283,#4536),#42);
#48=PRODUCT_DEFINITION_SHAPE('','',#12);
#49=SHAPE_DEFINITION_REPRESENTATION(#48,#47);
#50=APPLICATION_CONTEXT('automotive design');
#51=APPLICATION_PROTOCOL_DEFINITION('International Standard','automotive_design',2001,#50);
#52=PRODUCT_CONTEXT('',#50,'mechanical');
#53=PRODUCT('B_F1458','B_F1458',$,(#52));
#54=PRODUCT_RELATED_PRODUCT_CATEGORY('part',$,(#53));
#55=PRODUCT_DEFINITION_FORMATION('',$,#53);
#56=PRODUCT_DEFINITION_CONTEXT('part definition',#50,'design');
#57=PRODUCT_DEFINITION('',$,#55,#56);
#63=(NAMED_UNIT(*)PLANE_ANGLE_UNIT()SI_UNIT($,.RADIAN.));
#64=DIMENSIONAL_EXPONENTS(0.0,0.0,0.0,0.0,0.0,0.0,0.0);
#65=PLANE_ANGLE_MEASURE_WITH_UNIT(PLANE_ANGLE_MEASURE(0.0174532925),#63);
#69=(CONVERSION_BASED_UNIT('DEGREE',#65)NAMED_UNIT(#64)PLANE_ANGLE_UNIT());
#73=(NAMED_UNIT(*)SI_UNIT($,.STERADIAN.)SOLID_ANGLE_UNIT());
#77=(LENGTH_UNIT()NAMED_UNIT(*)SI_UNIT(.CENTI.,.METRE.));
#78=DIMENSIONAL_EXPONENTS(1.0,0.0,0.0,0.0,0.0,0.0,0.0);
#79=LENGTH_MEASURE_WITH_UNIT(LENGTH_MEASURE(2.54),#77);
#83=(CONVERSION_BASED_UNIT('INCH',#79)LENGTH_UNIT()NAMED_UNIT(#78));
#85=UNCERTAINTY_MEASURE_WITH_UNIT(LENGTH_MEASURE(0.000393700787402),#83,'DISTANCE_ACCURACY_VALUE','');
#87=(GEOMETRIC_REPRESENTATION_CONTEXT(3)GLOBAL_UNCERTAINTY_ASSIGNED_CONTEXT((#85))GLOBAL_UNIT_ASSIGNED_CONTEXT((#69,#73,#83))REPRESENTATION_CONTEXT('None','None'));
#88=AXIS2_PLACEMENT_3D('',#89,#90,#91);
#89=CARTESIAN_POINT('',(0.0,0.0,0.0));
#90=DIRECTION('',(0.0,0.0,1.0));
#91=DIRECTION('',(1.0,0.0,0.0));
#92=SHAPE_REPRESENTATION('',(#88),#87);
#93=PRODUCT_DEFINITION_SHAPE('','',#57);
#94=SHAPE_DEFINITION_REPRESENTATION(#93,#92);
#100=(NAMED_UNIT(*)PLANE_ANGLE_UNIT()SI_UNIT($,.RADIAN.));
#101=DIMENSIONAL_EXPONENTS(0.0,0.0,0.0,0.0,0.0,0.0,0.0);
#102=PLANE_ANGLE_MEASURE_WITH_UNIT(PLANE_ANGLE_MEASURE(0.0174532925),#100);
#106=(CONVERSION_BASED_UNIT('DEGREE',#102)NAMED_UNIT(#101)PLANE_ANGLE_UNIT());
#110=(NAMED_UNIT(*)SI_UNIT($,.STERADIAN.)SOLID_ANGLE_UNIT());
#114=(LENGTH_UNIT()NAMED_UNIT(*)SI_UNIT(.MILLI.,.METRE.));
#116=UNCERTAINTY_MEASURE_WITH_UNIT(LENGTH_MEASURE(0.000001),#114,'DISTANCE_ACCURACY_VALUE','');
#118=(GEOMETRIC_REPRESENTATION_CONTEXT(3)GLOBAL_UNCERTAINTY_ASSIGNED_CONTEXT((#116))GLOBAL_UNIT_ASSIGNED_CONTEXT((#106,#110,#114))REPRESENTATION_CONTEXT('','3D'));
#119=CARTESIAN_POINT('',(0.0,0.175,0.0));
#120=DIRECTION('',(0.0,1.0,0.0));
#121=DIRECTION('',(1.0,0.0,0.0));
#122=AXIS2_PLACEMENT_3D('',#119,#120,#121);
#123=PLANE('',#122);
#124=CARTESIAN_POINT('',(0.1305,0.175,0.0));
#125=VERTEX_POINT('',#124);
#126=CARTESIAN_POINT('',(0.0,0.175,0.0));
#127=DIRECTION('',(0.0,1.0,0.0));
#128=DIRECTION('',(1.0,0.0,0.0));
#129=AXIS2_PLACEMENT_3D('',#126,#127,#128);
#130=CIRCLE('',#129,0.1305);
#131=EDGE_CURVE('',#125,#125,#130,.T.);
#132=ORIENTED_EDGE('',*,*,#131,.T.);
#133=EDGE_LOOP('',(#132));
#134=FACE_OUTER_BOUND('',#133,.T.);
#135=CARTESIAN_POINT('',(-0.0945,0.175,1.157253E-017));
#136=VERTEX_POINT('',#135);
#137=CARTESIAN_POINT('',(0.0,0.175,0.0));
#138=DIRECTION('',(0.0,1.0,0.0));
#139=DIRECTION('',(1.0,0.0,0.0));
#140=AXIS2_PLACEMENT_3D('',#137,#138,#139);
#141=CIRCLE('',#140,0.0945);
#142=EDGE_CURVE('',#136,#136,#141,.T.);
#143=ORIENTED_EDGE('',*,*,#142,.F.);
#144=EDGE_LOOP('',(#143));
#145=FACE_BOUND('',#144,.T.);
#146=ADVANCED_FACE('',(#134,#145),#123,.T.);
#147=CARTESIAN_POINT('',(0.0,0.545,0.0));
#148=DIRECTION('',(0.0,1.0,0.0));
#149=DIRECTION('',(1.0,0.0,0.0));
#150=AXIS2_PLACEMENT_3D('',#147,#148,#149);
#151=CYLINDRICAL_SURFACE('',#150,0.1305);
#152=CARTESIAN_POINT('',(0.1305,0.915,0.0));
#153=VERTEX_POINT('',#152);
#154=CARTESIAN_POINT('',(0.0,0.915,0.0));
#155=DIRECTION('',(0.0,-1.0,0.0));
#156=DIRECTION('',(1.0,0.0,0.0));
#157=AXIS2_PLACEMENT_3D('',#154,#155,#156);
#158=CIRCLE('',#157,0.1305);
#159=EDGE_CURVE('',#153,#153,#158,.T.);
#160=ORIENTED_EDGE('',*,*,#159,.F.);
#161=EDGE_LOOP('',(#160));
#162=FACE_OUTER_BOUND('',#161,.T.);
#163=ORIENTED_EDGE('',*,*,#131,.F.);
#164=EDGE_LOOP('',(#163));
#165=FACE_BOUND('',#164,.T.);
#166=ADVANCED_FACE('',(#162,#165),#151,.F.);
#167=CARTESIAN_POINT('',(0.0,-0.267619549982157,0.0));
#168=DIRECTION('',(0.0,1.0,0.0));
#169=DIRECTION('',(1.0,0.0,0.0));
#170=AXIS2_PLACEMENT_3D('',#167,#168,#169);
#171=CYLINDRICAL_SURFACE('',#170,0.0945);
#172=CARTESIAN_POINT('',(-0.0945,0.081451398786009,1.157253E-017));
#173=VERTEX_POINT('',#172);
#174=CARTESIAN_POINT('',(0.0,0.081451398786009,0.0));
#175=DIRECTION('',(0.0,1.0,0.0));
#176=DIRECTION('',(1.0,0.0,0.0));
#177=AXIS2_PLACEMENT_3D('',#174,#175,#176);
#178=CIRCLE('',#177,0.0945);
#179=EDGE_CURVE('',#173,#173,#178,.T.);
#180=ORIENTED_EDGE('',*,*,#179,.F.);
#181=EDGE_LOOP('',(#180));
#182=FACE_OUTER_BOUND('',#181,.T.);
#183=ORIENTED_EDGE('',*,*,#142,.T.);
#184=EDGE_LOOP('',(#183));
#185=FACE_BOUND('',#184,.T.);
#186=ADVANCED_FACE('',(#182,#185),#171,.F.);
#187=CARTESIAN_POINT('',(0.154576955664063,0.27,-0.232264859110521));
#188=DIRECTION('',(-0.866025403784438,0.0,0.500000000000001));
#189=DIRECTION('',(0.500000000000001,0.0,0.866025403784438));
#190=AXIS2_PLACEMENT_3D('',#187,#188,#189);
#191=PLANE('',#190);
#192=CARTESIAN_POINT('',(0.278435746228157,0.51,-0.017735140889479));
#193=VERTEX_POINT('',#192);
#194=CARTESIAN_POINT('',(0.154576955664063,0.51,-0.232264859110521));
#195=VERTEX_POINT('',#194);
#196=CARTESIAN_POINT('',(0.278435746228156,0.51,-0.017735140889479));
#197=DIRECTION('',(-0.500000000000001,0.0,-0.866025403784438));
#198=VECTOR('',#197,0.247717581128187);
#199=LINE('',#196,#198);
#200=EDGE_CURVE('',#193,#195,#199,.T.);
#201=ORIENTED_EDGE('',*,*,#200,.F.);
#202=CARTESIAN_POINT('',(0.278435746228157,0.27,-0.017735140889479));
#203=VERTEX_POINT('',#202);
#204=CARTESIAN_POINT('',(0.278435746228157,0.27,-0.017735140889479));
#205=DIRECTION('',(0.0,1.0,0.0));
#206=VECTOR('',#205,0.24);
#207=LINE('',#204,#206);
#208=EDGE_CURVE('',#203,#193,#207,.T.);
#209=ORIENTED_EDGE('',*,*,#208,.F.);
#210=CARTESIAN_POINT('',(0.154576955664063,0.27,-0.232264859110521));
#211=VERTEX_POINT('',#210);
#212=CARTESIAN_POINT('',(0.154576955664063,0.27,-0.232264859110521));
#213=DIRECTION('',(0.500000000000001,0.0,0.866025403784438));
#214=VECTOR('',#213,0.247717581128187);
#215=LINE('',#212,#214);
#216=EDGE_CURVE('',#211,#203,#215,.T.);
#217=ORIENTED_EDGE('',*,*,#216,.F.);
#218=CARTESIAN_POINT('',(0.154576955664063,0.51,-0.232264859110521));
#219=DIRECTION('',(0.0,-1.0,0.0));
#220=VECTOR('',#219,0.24);
#221=LINE('',#218,#220);
#222=EDGE_CURVE('',#195,#211,#221,.T.);
#223=ORIENTED_EDGE('',*,*,#222,.F.);
#224=EDGE_LOOP('',(#201,#209,#217,#223));
#225=FACE_OUTER_BOUND('',#224,.T.);
#226=ADVANCED_FACE('',(#225),#191,.F.);
#227=CARTESIAN_POINT('',(-0.123858790564094,0.27,-0.25));
#228=DIRECTION('',(0.0,0.0,1.0));
#229=DIRECTION('',(1.0,0.0,0.0));
#230=AXIS2_PLACEMENT_3D('',#227,#228,#229);
#231=PLANE('',#230);
#232=CARTESIAN_POINT('',(0.123858790564093,0.51,-0.25));
#233=VERTEX_POINT('',#232);
#234=CARTESIAN_POINT('',(-0.123858790564094,0.51,-0.25));
#235=VERTEX_POINT('',#234);
#236=CARTESIAN_POINT('',(0.123858790564093,0.51,-0.25));
#237=DIRECTION('',(-1.0,0.0,0.0));
#238=VECTOR('',#237,0.247717581128187);
#239=LINE('',#236,#238);
#240=EDGE_CURVE('',#233,#235,#239,.T.);
#241=ORIENTED_EDGE('',*,*,#240,.F.);
#242=CARTESIAN_POINT('',(0.123858790564093,0.27,-0.25));
#243=VERTEX_POINT('',#242);
#244=CARTESIAN_POINT('',(0.123858790564093,0.27,-0.25));
#245=DIRECTION('',(0.0,1.0,0.0));
#246=VECTOR('',#245,0.24);
#247=LINE('',#244,#246);
#248=EDGE_CURVE('',#243,#233,#247,.T.);
#249=ORIENTED_EDGE('',*,*,#248,.F.);
#250=CARTESIAN_POINT('',(-0.123858790564094,0.27,-0.25));
#251=VERTEX_POINT('',#250);
#252=CARTESIAN_POINT('',(-0.123858790564094,0.27,-0.25));
#253=DIRECTION('',(1.0,0.0,0.0));
#254=VECTOR('',#253,0.247717581128187);
#255=LINE('',#252,#254);
#256=EDGE_CURVE('',#251,#243,#255,.T.);
#257=ORIENTED_EDGE('',*,*,#256,.F.);
#258=CARTESIAN_POINT('',(-0.123858790564094,0.51,-0.25));
#259=DIRECTION('',(0.0,-1.0,0.0));
#260=VECTOR('',#259,0.24);
#261=LINE('',#258,#260);
#262=EDGE_CURVE('',#235,#251,#261,.T.);
#263=ORIENTED_EDGE('',*,*,#262,.F.);
#264=EDGE_LOOP('',(#241,#249,#257,#263));
#265=FACE_OUTER_BOUND('',#264,.T.);
#266=ADVANCED_FACE('',(#265),#231,.F.);
#267=CARTESIAN_POINT('',(0.123858790564094,0.27,0.25));
#268=DIRECTION('',(0.0,0.0,-1.0));
#269=DIRECTION('',(-1.0,0.0,0.0));
#270=AXIS2_PLACEMENT_3D('',#267,#268,#269);
#271=PLANE('',#270);
#272=CARTESIAN_POINT('',(-0.123858790564094,0.51,0.25));
#273=VERTEX_POINT('',#272);
#274=CARTESIAN_POINT('',(0.123858790564094,0.51,0.25));
#275=VERTEX_POINT('',#274);
#276=CARTESIAN_POINT('',(-0.123858790564094,0.51,0.25));
#277=DIRECTION('',(1.0,0.0,0.0));
#278=VECTOR('',#277,0.247717581128187);
#279=LINE('',#276,#278);
#280=EDGE_CURVE('',#273,#275,#279,.T.);
#281=ORIENTED_EDGE('',*,*,#280,.F.);
#282=CARTESIAN_POINT('',(-0.123858790564094,0.27,0.25));
#283=VERTEX_POINT('',#282);
#284=CARTESIAN_POINT('',(-0.123858790564094,0.27,0.25));
#285=DIRECTION('',(0.0,1.0,0.0));
#286=VECTOR('',#285,0.24);
#287=LINE('',#284,#286);
#288=EDGE_CURVE('',#283,#273,#287,.T.);
#289=ORIENTED_EDGE('',*,*,#288,.F.);
#290=CARTESIAN_POINT('',(0.123858790564094,0.27,0.25));
#291=VERTEX_POINT('',#290);
#292=CARTESIAN_POINT('',(0.123858790564094,0.27,0.25));
#293=DIRECTION('',(-1.0,0.0,0.0));
#294=VECTOR('',#293,0.247717581128187);
#295=LINE('',#292,#294);
#296=EDGE_CURVE('',#291,#283,#295,.T.);
#297=ORIENTED_EDGE('',*,*,#296,.F.);
#298=CARTESIAN_POINT('',(0.123858790564094,0.51,0.25));
#299=DIRECTION('',(0.0,-1.0,0.0));
#300=VECTOR('',#299,0.24);
#301=LINE('',#298,#300);
#302=EDGE_CURVE('',#275,#291,#301,.T.);
#303=ORIENTED_EDGE('',*,*,#302,.F.);
#304=EDGE_LOOP('',(#281,#289,#297,#303));
#305=FACE_OUTER_BOUND('',#304,.T.);
#306=ADVANCED_FACE('',(#305),#271,.F.);
#307=CARTESIAN_POINT('',(-0.278435746228157,0.27,-0.017735140889478));
#308=DIRECTION('',(0.866025403784439,0.0,0.5));
#309=DIRECTION('',(0.5,0.0,-0.866025403784439));
#310=AXIS2_PLACEMENT_3D('',#307,#308,#309);
#311=PLANE('',#310);
#312=CARTESIAN_POINT('',(-0.154576955664063,0.51,-0.232264859110521));
#313=VERTEX_POINT('',#312);
#314=CARTESIAN_POINT('',(-0.278435746228157,0.51,-0.017735140889478));
#315=VERTEX_POINT('',#314);
#316=CARTESIAN_POINT('',(-0.154576955664063,0.51,-0.232264859110521));
#317=DIRECTION('',(-0.5,0.0,0.866025403784439));
#318=VECTOR('',#317,0.247717581128187);
#319=LINE('',#316,#318);
#320=EDGE_CURVE('',#313,#315,#319,.T.);
#321=ORIENTED_EDGE('',*,*,#320,.F.);
#322=CARTESIAN_POINT('',(-0.154576955664063,0.27,-0.232264859110521));
#323=VERTEX_POINT('',#322);
#324=CARTESIAN_POINT('',(-0.154576955664063,0.27,-0.232264859110521));
#325=DIRECTION('',(0.0,1.0,0.0));
#326=VECTOR('',#325,0.24);
#327=LINE('',#324,#326);
#328=EDGE_CURVE('',#323,#313,#327,.T.);
#329=ORIENTED_EDGE('',*,*,#328,.F.);
#330=CARTESIAN_POINT('',(-0.278435746228157,0.27,-0.017735140889478));
#331=VERTEX_POINT('',#330);
#332=CARTESIAN_POINT('',(-0.278435746228156,0.27,-0.017735140889478));
#333=DIRECTION('',(0.5,0.0,-0.866025403784439));
#334=VECTOR('',#333,0.247717581128187);
#335=LINE('',#332,#334);
#336=EDGE_CURVE('',#331,#323,#335,.T.);
#337=ORIENTED_EDGE('',*,*,#336,.F.);
#338=CARTESIAN_POINT('',(-0.278435746228157,0.51,-0.017735140889478));
#339=DIRECTION('',(0.0,-1.0,0.0));
#340=VECTOR('',#339,0.24);
#341=LINE('',#338,#340);
#342=EDGE_CURVE('',#315,#331,#341,.T.);
#343=ORIENTED_EDGE('',*,*,#342,.F.);
#344=EDGE_LOOP('',(#321,#329,#337,#343));
#345=FACE_OUTER_BOUND('',#344,.T.);
#346=ADVANCED_FACE('',(#345),#311,.F.);
#347=CARTESIAN_POINT('',(0.278435746228157,0.27,0.017735140889478));
#348=DIRECTION('',(-0.866025403784439,0.0,-0.5));
#349=DIRECTION('',(-0.5,0.0,0.866025403784439));
#350=AXIS2_PLACEMENT_3D('',#347,#348,#349);
#351=PLANE('',#350);
#352=CARTESIAN_POINT('',(0.154576955664063,0.51,0.232264859110522));
#353=VERTEX_POINT('',#352);
#354=CARTESIAN_POINT('',(0.278435746228157,0.51,0.017735140889478));
#355=VERTEX_POINT('',#354);
#356=CARTESIAN_POINT('',(0.154576955664063,0.51,0.232264859110522));
#357=DIRECTION('',(0.5,0.0,-0.866025403784439));
#358=VECTOR('',#357,0.247717581128188);
#359=LINE('',#356,#358);
#360=EDGE_CURVE('',#353,#355,#359,.T.);
#361=ORIENTED_EDGE('',*,*,#360,.F.);
#362=CARTESIAN_POINT('',(0.154576955664063,0.27,0.232264859110522));
#363=VERTEX_POINT('',#362);
#364=CARTESIAN_POINT('',(0.154576955664063,0.27,0.232264859110522));
#365=DIRECTION('',(0.0,1.0,0.0));
#366=VECTOR('',#365,0.24);
#367=LINE('',#364,#366);
#368=EDGE_CURVE('',#363,#353,#367,.T.);
#369=ORIENTED_EDGE('',*,*,#368,.F.);
#370=CARTESIAN_POINT('',(0.278435746228157,0.27,0.017735140889478));
#371=VERTEX_POINT('',#370);
#372=CARTESIAN_POINT('',(0.278435746228156,0.27,0.017735140889478));
#373=DIRECTION('',(-0.5,0.0,0.866025403784439));
#374=VECTOR('',#373,0.247717581128188);
#375=LINE('',#372,#374);
#376=EDGE_CURVE('',#371,#363,#375,.T.);
#377=ORIENTED_EDGE('',*,*,#376,.F.);
#378=CARTESIAN_POINT('',(0.278435746228157,0.51,0.017735140889478));
#379=DIRECTION('',(0.0,-1.0,0.0));
#380=VECTOR('',#379,0.24);
#381=LINE('',#378,#380);
#382=EDGE_CURVE('',#355,#371,#381,.T.);
#383=ORIENTED_EDGE('',*,*,#382,.F.);
#384=EDGE_LOOP('',(#361,#369,#377,#383));
#385=FACE_OUTER_BOUND('',#384,.T.);
#386=ADVANCED_FACE('',(#385),#351,.F.);
#387=CARTESIAN_POINT('',(-0.154576955664063,0.27,0.232264859110522));
#388=DIRECTION('',(0.866025403784439,0.0,-0.5));
#389=DIRECTION('',(-0.5,0.0,-0.866025403784439));
#390=AXIS2_PLACEMENT_3D('',#387,#388,#389);
#391=PLANE('',#390);
#392=CARTESIAN_POINT('',(-0.278435746228157,0.51,0.017735140889479));
#393=VERTEX_POINT('',#392);
#394=CARTESIAN_POINT('',(-0.154576955664063,0.51,0.232264859110522));
#395=VERTEX_POINT('',#394);
#396=CARTESIAN_POINT('',(-0.278435746228156,0.51,0.017735140889479));
#397=DIRECTION('',(0.5,0.0,0.866025403784439));
#398=VECTOR('',#397,0.247717581128187);
#399=LINE('',#396,#398);
#400=EDGE_CURVE('',#393,#395,#399,.T.);
#401=ORIENTED_EDGE('',*,*,#400,.F.);
#402=CARTESIAN_POINT('',(-0.278435746228157,0.27,0.017735140889479));
#403=VERTEX_POINT('',#402);
#404=CARTESIAN_POINT('',(-0.278435746228157,0.27,0.017735140889479));
#405=DIRECTION('',(0.0,1.0,0.0));
#406=VECTOR('',#405,0.24);
#407=LINE('',#404,#406);
#408=EDGE_CURVE('',#403,#393,#407,.T.);
#409=ORIENTED_EDGE('',*,*,#408,.F.);
#410=CARTESIAN_POINT('',(-0.154576955664063,0.27,0.232264859110522));
#411=VERTEX_POINT('',#410);
#412=CARTESIAN_POINT('',(-0.154576955664063,0.27,0.232264859110522));
#413=DIRECTION('',(-0.5,0.0,-0.866025403784438));
#414=VECTOR('',#413,0.247717581128187);
#415=LINE('',#412,#414);
#416=EDGE_CURVE('',#411,#403,#415,.T.);
#417=ORIENTED_EDGE('',*,*,#416,.F.);
#418=CARTESIAN_POINT('',(-0.154576955664063,0.51,0.232264859110522));
#419=DIRECTION('',(0.0,-1.0,0.0));
#420=VECTOR('',#419,0.24);
#421=LINE('',#418,#420);
#422=EDGE_CURVE('',#395,#411,#421,.T.);
#423=ORIENTED_EDGE('',*,*,#422,.F.);
#424=EDGE_LOOP('',(#401,#409,#417,#423));
#425=FACE_OUTER_BOUND('',#424,.T.);
#426=ADVANCED_FACE('',(#425),#391,.F.);
#427=CARTESIAN_POINT('',(0.24125,0.51,0.0));
#428=DIRECTION('',(0.0,1.0,0.0));
#429=DIRECTION('',(0.0,0.0,1.0));
#430=AXIS2_PLACEMENT_3D('',#427,#428,#429);
#431=PLANE('',#430);
#432=ORIENTED_EDGE('',*,*,#200,.T.);
#433=CARTESIAN_POINT('',(0.0,0.51,0.0));
#434=DIRECTION('',(0.0,-1.0,0.0));
#435=DIRECTION('',(1.0,0.0,0.0));
#436=AXIS2_PLACEMENT_3D('',#433,#434,#435);
#437=CIRCLE('',#436,0.279);
#438=EDGE_CURVE('',#233,#195,#437,.T.);
#439=ORIENTED_EDGE('',*,*,#438,.F.);
#440=ORIENTED_EDGE('',*,*,#240,.T.);
#441=CARTESIAN_POINT('',(0.0,0.51,0.0));
#442=DIRECTION('',(0.0,-1.0,0.0));
#443=DIRECTION('',(1.0,0.0,0.0));
#444=AXIS2_PLACEMENT_3D('',#441,#442,#443);
#445=CIRCLE('',#444,0.279);
#446=EDGE_CURVE('',#313,#235,#445,.T.);
#447=ORIENTED_EDGE('',*,*,#446,.F.);
#448=ORIENTED_EDGE('',*,*,#320,.T.);
#449=CARTESIAN_POINT('',(0.0,0.51,0.0));
#450=DIRECTION('',(0.0,-1.0,0.0));
#451=DIRECTION('',(1.0,0.0,0.0));
#452=AXIS2_PLACEMENT_3D('',#449,#450,#451);
#453=CIRCLE('',#452,0.279);
#454=EDGE_CURVE('',#393,#315,#453,.T.);
#455=ORIENTED_EDGE('',*,*,#454,.F.);
#456=ORIENTED_EDGE('',*,*,#400,.T.);
#457=CARTESIAN_POINT('',(0.0,0.51,0.0));
#458=DIRECTION('',(0.0,-1.0,0.0));
#459=DIRECTION('',(1.0,0.0,0.0));
#460=AXIS2_PLACEMENT_3D('',#457,#458,#459);
#461=CIRCLE('',#460,0.279);
#462=EDGE_CURVE('',#273,#395,#461,.T.);
#463=ORIENTED_EDGE('',*,*,#462,.F.);
#464=ORIENTED_EDGE('',*,*,#280,.T.);
#465=CARTESIAN_POINT('',(0.0,0.51,0.0));
#466=DIRECTION('',(0.0,-1.0,0.0));
#467=DIRECTION('',(1.0,0.0,0.0));
#468=AXIS2_PLACEMENT_3D('',#465,#466,#467);
#469=CIRCLE('',#468,0.279);
#470=EDGE_CURVE('',#353,#275,#469,.T.);
#471=ORIENTED_EDGE('',*,*,#470,.F.);
#472=ORIENTED_EDGE('',*,*,#360,.T.);
#473=CARTESIAN_POINT('',(0.0,0.51,0.0));
#474=DIRECTION('',(0.0,-1.0,0.0));
#475=DIRECTION('',(1.0,0.0,0.0));
#476=AXIS2_PLACEMENT_3D('',#473,#474,#475);
#477=CIRCLE('',#476,0.279);
#478=EDGE_CURVE('',#193,#355,#477,.T.);
#479=ORIENTED_EDGE('',*,*,#478,.F.);
#480=EDGE_LOOP('',(#432,#439,#440,#447,#448,#455,#456,#463,#464,#471,#472,#479));
#481=FACE_OUTER_BOUND('',#480,.T.);
#482=CARTESIAN_POINT('',(0.2035,0.51,0.0));
#483=VERTEX_POINT('',#482);
#484=CARTESIAN_POINT('',(0.0,0.51,0.0));
#485=DIRECTION('',(0.0,-1.0,0.0));
#486=DIRECTION('',(1.0,0.0,0.0));
#487=AXIS2_PLACEMENT_3D('',#484,#485,#486);
#488=CIRCLE('',#487,0.2035);
#489=EDGE_CURVE('',#483,#483,#488,.T.);
#490=ORIENTED_EDGE('',*,*,#489,.T.);
#491=EDGE_LOOP('',(#490));
#492=FACE_BOUND('',#491,.T.);
#493=ADVANCED_FACE('',(#481,#492),#431,.T.);
#494=CARTESIAN_POINT('',(0.0,0.39,0.0));
#495=DIRECTION('',(0.0,-1.0,0.0));
#496=DIRECTION('',(1.0,0.0,0.0));
#497=AXIS2_PLACEMENT_3D('',#494,#495,#496);
#498=CYLINDRICAL_SURFACE('',#497,0.279);
#499=ORIENTED_EDGE('',*,*,#342,.T.);
#500=CARTESIAN_POINT('',(0.0,0.27,0.0));
#501=DIRECTION('',(0.0,-1.0,0.0));
#502=DIRECTION('',(1.0,0.0,0.0));
#503=AXIS2_PLACEMENT_3D('',#500,#501,#502);
#504=CIRCLE('',#503,0.279);
#505=EDGE_CURVE('',#403,#331,#504,.T.);
#506=ORIENTED_EDGE('',*,*,#505,.F.);
#507=ORIENTED_EDGE('',*,*,#408,.T.);
#508=ORIENTED_EDGE('',*,*,#454,.T.);
#509=EDGE_LOOP('',(#499,#506,#507,#508));
#510=FACE_OUTER_BOUND('',#509,.T.);
#511=ADVANCED_FACE('',(#510),#498,.T.);
#512=CARTESIAN_POINT('',(0.0,0.39,0.0));
#513=DIRECTION('',(0.0,-1.0,0.0));
#514=DIRECTION('',(1.0,0.0,0.0));
#515=AXIS2_PLACEMENT_3D('',#512,#513,#514);
#516=CYLINDRICAL_SURFACE('',#515,0.279);
#517=ORIENTED_EDGE('',*,*,#302,.T.);
#518=CARTESIAN_POINT('',(0.0,0.27,0.0));
#519=DIRECTION('',(0.0,-1.0,0.0));
#520=DIRECTION('',(1.0,0.0,0.0));
#521=AXIS2_PLACEMENT_3D('',#518,#519,#520);
#522=CIRCLE('',#521,0.279);
#523=EDGE_CURVE('',#363,#291,#522,.T.);
#524=ORIENTED_EDGE('',*,*,#523,.F.);
#525=ORIENTED_EDGE('',*,*,#368,.T.);
#526=ORIENTED_EDGE('',*,*,#470,.T.);
#527=EDGE_LOOP('',(#517,#524,#525,#526));
#528=FACE_OUTER_BOUND('',#527,.T.);
#529=ADVANCED_FACE('',(#528),#516,.T.);
#530=CARTESIAN_POINT('',(0.0,0.39,0.0));
#531=DIRECTION('',(0.0,-1.0,0.0));
#532=DIRECTION('',(1.0,0.0,0.0));
#533=AXIS2_PLACEMENT_3D('',#530,#531,#532);
#534=CYLINDRICAL_SURFACE('',#533,0.279);
#535=ORIENTED_EDGE('',*,*,#288,.T.);
#536=ORIENTED_EDGE('',*,*,#462,.T.);
#537=ORIENTED_EDGE('',*,*,#422,.T.);
#538=CARTESIAN_POINT('',(0.0,0.27,0.0));
#539=DIRECTION('',(0.0,-1.0,0.0));
#540=DIRECTION('',(1.0,0.0,0.0));
#541=AXIS2_PLACEMENT_3D('',#538,#539,#540);
#542=CIRCLE('',#541,0.279);
#543=EDGE_CURVE('',#283,#411,#542,.T.);
#544=ORIENTED_EDGE('',*,*,#543,.F.);
#545=EDGE_LOOP('',(#535,#536,#537,#544));
#546=FACE_OUTER_BOUND('',#545,.T.);
#547=ADVANCED_FACE('',(#546),#534,.T.);
#548=CARTESIAN_POINT('',(0.0,0.39,0.0));
#549=DIRECTION('',(0.0,-1.0,0.0));
#550=DIRECTION('',(1.0,0.0,0.0));
#551=AXIS2_PLACEMENT_3D('',#548,#549,#550);
#552=CYLINDRICAL_SURFACE('',#551,0.279);
#553=ORIENTED_EDGE('',*,*,#262,.T.);
#554=CARTESIAN_POINT('',(0.0,0.27,0.0));
#555=DIRECTION('',(0.0,-1.0,0.0));
#556=DIRECTION('',(1.0,0.0,0.0));
#557=AXIS2_PLACEMENT_3D('',#554,#555,#556);
#558=CIRCLE('',#557,0.279);
#559=EDGE_CURVE('',#323,#251,#558,.T.);
#560=ORIENTED_EDGE('',*,*,#559,.F.);
#561=ORIENTED_EDGE('',*,*,#328,.T.);
#562=ORIENTED_EDGE('',*,*,#446,.T.);
#563=EDGE_LOOP('',(#553,#560,#561,#562));
#564=FACE_OUTER_BOUND('',#563,.T.);
#565=ADVANCED_FACE('',(#564),#552,.T.);
#566=CARTESIAN_POINT('',(0.0,0.39,0.0));
#567=DIRECTION('',(0.0,-1.0,0.0));
#568=DIRECTION('',(1.0,0.0,0.0));
#569=AXIS2_PLACEMENT_3D('',#566,#567,#568);
#570=CYLINDRICAL_SURFACE('',#569,0.279);
#571=ORIENTED_EDGE('',*,*,#222,.T.);
#572=CARTESIAN_POINT('',(0.0,0.27,0.0));
#573=DIRECTION('',(0.0,-1.0,0.0));
#574=DIRECTION('',(1.0,0.0,0.0));
#575=AXIS2_PLACEMENT_3D('',#572,#573,#574);
#576=CIRCLE('',#575,0.279);
#577=EDGE_CURVE('',#243,#211,#576,.T.);
#578=ORIENTED_EDGE('',*,*,#577,.F.);
#579=ORIENTED_EDGE('',*,*,#248,.T.);
#580=ORIENTED_EDGE('',*,*,#438,.T.);
#581=EDGE_LOOP('',(#571,#578,#579,#580));
#582=FACE_OUTER_BOUND('',#581,.T.);
#583=ADVANCED_FACE('',(#582),#570,.T.);
#584=CARTESIAN_POINT('',(0.2615,0.27,0.0));
#585=DIRECTION('',(0.0,-1.0,0.0));
#586=DIRECTION('',(0.0,0.0,-1.0));
#587=AXIS2_PLACEMENT_3D('',#584,#585,#586);
#588=PLANE('',#587);
#589=ORIENTED_EDGE('',*,*,#216,.T.);
#590=CARTESIAN_POINT('',(0.0,0.27,0.0));
#591=DIRECTION('',(0.0,-1.0,0.0));
#592=DIRECTION('',(1.0,0.0,0.0));
#593=AXIS2_PLACEMENT_3D('',#590,#591,#592);
#594=CIRCLE('',#593,0.279);
#595=EDGE_CURVE('',#203,#371,#594,.T.);
#596=ORIENTED_EDGE('',*,*,#595,.T.);
#597=ORIENTED_EDGE('',*,*,#376,.T.);
#598=ORIENTED_EDGE('',*,*,#523,.T.);
#599=ORIENTED_EDGE('',*,*,#296,.T.);
#600=ORIENTED_EDGE('',*,*,#543,.T.);
#601=ORIENTED_EDGE('',*,*,#416,.T.);
#602=ORIENTED_EDGE('',*,*,#505,.T.);
#603=ORIENTED_EDGE('',*,*,#336,.T.);
#604=ORIENTED_EDGE('',*,*,#559,.T.);
#605=ORIENTED_EDGE('',*,*,#256,.T.);
#606=ORIENTED_EDGE('',*,*,#577,.T.);
#607=EDGE_LOOP('',(#589,#596,#597,#598,#599,#600,#601,#602,#603,#604,#605,#606));
#608=FACE_OUTER_BOUND('',#607,.T.);
#609=CARTESIAN_POINT('',(0.244,0.27,0.0));
#610=VERTEX_POINT('',#609);
#611=CARTESIAN_POINT('',(0.0,0.27,0.0));
#612=DIRECTION('',(0.0,-1.0,0.0));
#613=DIRECTION('',(1.0,0.0,0.0));
#614=AXIS2_PLACEMENT_3D('',#611,#612,#613);
#615=CIRCLE('',#614,0.244);
#616=EDGE_CURVE('',#610,#610,#615,.T.);
#617=ORIENTED_EDGE('',*,*,#616,.F.);
#618=EDGE_LOOP('',(#617));
#619=FACE_BOUND('',#618,.T.);
#620=ADVANCED_FACE('',(#608,#619),#588,.T.);
#621=CARTESIAN_POINT('',(0.0,-0.15,0.0));
#622=DIRECTION('',(0.0,0.0,1.0));
#623=DIRECTION('',(1.0,0.0,0.0));
#624=AXIS2_PLACEMENT_3D('',#621,#622,#623);
#625=SPHERICAL_SURFACE('',#624,0.25);
#626=ORIENTED_EDGE('',*,*,#179,.T.);
#627=EDGE_LOOP('',(#626));
#628=FACE_OUTER_BOUND('',#627,.T.);
#629=CARTESIAN_POINT('',(0.2,4.004533E-018,0.0));
#630=VERTEX_POINT('',#629);
#631=CARTESIAN_POINT('',(0.0,4.004533E-018,0.0));
#632=DIRECTION('',(0.0,-1.0,0.0));
#633=DIRECTION('',(1.0,0.0,0.0));
#634=AXIS2_PLACEMENT_3D('',#631,#632,#633);
#635=CIRCLE('',#634,0.2);
#636=EDGE_CURVE('',#630,#630,#635,.T.);
#637=ORIENTED_EDGE('',*,*,#636,.T.);
#638=EDGE_LOOP('',(#637));
#639=FACE_BOUND('',#638,.T.);
#640=ADVANCED_FACE('',(#628,#639),#625,.F.);
#641=CARTESIAN_POINT('',(0.0875,0.915,0.0));
#642=DIRECTION('',(0.0,1.0,0.0));
#643=DIRECTION('',(0.0,0.0,1.0));
#644=AXIS2_PLACEMENT_3D('',#641,#642,#643);
#645=PLANE('',#644);
#646=CARTESIAN_POINT('',(0.175,0.915,0.0));
#647=VERTEX_POINT('',#646);
#648=CARTESIAN_POINT('',(0.0,0.915,0.0));
#649=DIRECTION('',(0.0,-1.0,0.0));
#650=DIRECTION('',(1.0,0.0,0.0));
#651=AXIS2_PLACEMENT_3D('',#648,#649,#650);
#652=CIRCLE('',#651,0.175);
#653=EDGE_CURVE('',#647,#647,#652,.T.);
#654=ORIENTED_EDGE('',*,*,#653,.F.);
#655=EDGE_LOOP('',(#654));
#656=FACE_OUTER_BOUND('',#655,.T.);
#657=ORIENTED_EDGE('',*,*,#159,.T.);
#658=EDGE_LOOP('',(#657));
#659=FACE_BOUND('',#658,.T.);
#660=ADVANCED_FACE('',(#656,#659),#645,.T.);
#661=CARTESIAN_POINT('',(0.0,0.7125,0.0));
#662=DIRECTION('',(0.0,-1.0,0.0));
#663=DIRECTION('',(1.0,0.0,0.0));
#664=AXIS2_PLACEMENT_3D('',#661,#662,#663);
#665=CONICAL_SURFACE('',#664,0.18925,4.02528957982739);
#666=ORIENTED_EDGE('',*,*,#489,.F.);
#667=EDGE_LOOP('',(#666));
#668=FACE_OUTER_BOUND('',#667,.T.);
#669=ORIENTED_EDGE('',*,*,#653,.T.);
#670=EDGE_LOOP('',(#669));
#671=FACE_BOUND('',#670,.T.);
#672=ADVANCED_FACE('',(#668,#671),#665,.T.);
#673=CARTESIAN_POINT('',(0.0,0.39,0.0));
#674=DIRECTION('',(0.0,-1.0,0.0));
#675=DIRECTION('',(1.0,0.0,0.0));
#676=AXIS2_PLACEMENT_3D('',#673,#674,#675);
#677=CYLINDRICAL_SURFACE('',#676,0.279);
#678=ORIENTED_EDGE('',*,*,#208,.T.);
#679=ORIENTED_EDGE('',*,*,#478,.T.);
#680=ORIENTED_EDGE('',*,*,#382,.T.);
#681=ORIENTED_EDGE('',*,*,#595,.F.);
#682=EDGE_LOOP('',(#678,#679,#680,#681));
#683=FACE_OUTER_BOUND('',#682,.T.);
#684=ADVANCED_FACE('',(#683),#677,.T.);
#685=CARTESIAN_POINT('',(0.0,0.135,0.0));
#686=DIRECTION('',(0.0,-1.0,0.0));
#687=DIRECTION('',(1.0,0.0,0.0));
#688=AXIS2_PLACEMENT_3D('',#685,#686,#687);
#689=CYLINDRICAL_SURFACE('',#688,0.244);
#690=CARTESIAN_POINT('',(0.244,9.392979E-018,0.0));
#691=VERTEX_POINT('',#690);
#692=CARTESIAN_POINT('',(0.0,9.392979E-018,0.0));
#693=DIRECTION('',(0.0,-1.0,0.0));
#694=DIRECTION('',(1.0,0.0,0.0));
#695=AXIS2_PLACEMENT_3D('',#692,#693,#694);
#696=CIRCLE('',#695,0.244);
#697=EDGE_CURVE('',#691,#691,#696,.T.);
#698=ORIENTED_EDGE('',*,*,#697,.F.);
#699=EDGE_LOOP('',(#698));
#700=FACE_OUTER_BOUND('',#699,.T.);
#701=ORIENTED_EDGE('',*,*,#616,.T.);
#702=EDGE_LOOP('',(#701));
#703=FACE_BOUND('',#702,.T.);
#704=ADVANCED_FACE('',(#700,#703),#689,.T.);
#705=CARTESIAN_POINT('',(0.222,6.698756E-018,0.0));
#706=DIRECTION('',(0.0,-1.0,0.0));
#707=DIRECTION('',(0.0,0.0,-1.0));
#708=AXIS2_PLACEMENT_3D('',#705,#706,#707);
#709=PLANE('',#708);
#710=ORIENTED_EDGE('',*,*,#697,.T.);
#711=EDGE_LOOP('',(#710));
#712=FACE_OUTER_BOUND('',#711,.T.);
#713=ORIENTED_EDGE('',*,*,#636,.F.);
#714=EDGE_LOOP('',(#713));
#715=FACE_BOUND('',#714,.T.);
#716=ADVANCED_FACE('',(#712,#715),#709,.T.);
#717=CLOSED_SHELL('',(#146,#166,#186,#226,#266,#306,#346,#386,#426,#493,#511,#529,#547,#565,#583,#620,#640,#660,#672,#684,#704,#716));
#718=MANIFOLD_SOLID_BREP('Solid1',#717);
#719=DRAUGHTING_PRE_DEFINED_COLOUR('white');
#720=FILL_AREA_STYLE_COLOUR('Chrome',#719);
#721=FILL_AREA_STYLE('Chrome',(#720));
#722=SURFACE_STYLE_FILL_AREA(#721);
#723=SURFACE_SIDE_STYLE('Chrome',(#722));
#724=SURFACE_STYLE_USAGE(.BOTH.,#723);
#725=PRESENTATION_STYLE_ASSIGNMENT((#724));
#726=STYLED_ITEM('',(#725),#718);
#727=MECHANICAL_DESIGN_GEOMETRIC_PRESENTATION_REPRESENTATION('',(#726,#2299,#2598,#3400,#4280,#4533),#42);
#728=ADVANCED_BREP_SHAPE_REPRESENTATION('ABSR',(#718),#87);
#729=SHAPE_REPRESENTATION_RELATIONSHIP('SRR','None',#728,#92);
#730=AXIS2_PLACEMENT_3D('',#731,#732,#733);
#731=CARTESIAN_POINT('',(0.0,0.0,0.0));
#732=DIRECTION('',(0.0,0.0,1.0));
#733=DIRECTION('',(1.0,0.0,0.0));
#734=NEXT_ASSEMBLY_USAGE_OCCURRENCE('B_F1458:1','B_F1458:1','B_F1458:1',#12,#57,'B_F1458:1');
#735=PRODUCT_DEFINITION_SHAPE('B_F1458:1','B_F1458:1',#734);
#736=ITEM_DEFINED_TRANSFORMATION('B_F1458:1','B_F1458:1',#88,#730);
#740=(REPRESENTATION_RELATIONSHIP('B_F1458:1','B_F1458:1',#92,#47)REPRESENTATION_RELATIONSHIP_WITH_TRANSFORMATION(#736)SHAPE_REPRESENTATION_RELATIONSHIP());
#741=CONTEXT_DEPENDENT_SHAPE_REPRESENTATION(#740,#735);
#742=APPLICATION_CONTEXT('automotive design');
#743=APPLICATION_PROTOCOL_DEFINITION('International Standard','automotive_design',2001,#742);
#744=PRODUCT_CONTEXT('',#742,'mechanical');
#745=PRODUCT('C_F1458','C_F1458',$,(#744));
#746=PRODUCT_RELATED_PRODUCT_CATEGORY('part',$,(#745));
#747=PRODUCT_DEFINITION_FORMATION('',$,#745);
#748=PRODUCT_DEFINITION_CONTEXT('part definition',#742,'design');
#749=PRODUCT_DEFINITION('',$,#747,#748);
#755=(NAMED_UNIT(*)PLANE_ANGLE_UNIT()SI_UNIT($,.RADIAN.));
#756=DIMENSIONAL_EXPONENTS(0.0,0.0,0.0,0.0,0.0,0.0,0.0);
#757=PLANE_ANGLE_MEASURE_WITH_UNIT(PLANE_ANGLE_MEASURE(0.0174532925),#755);
#761=(CONVERSION_BASED_UNIT('DEGREE',#757)NAMED_UNIT(#756)PLANE_ANGLE_UNIT());
#765=(NAMED_UNIT(*)SI_UNIT($,.STERADIAN.)SOLID_ANGLE_UNIT());
#769=(LENGTH_UNIT()NAMED_UNIT(*)SI_UNIT(.CENTI.,.METRE.));
#770=DIMENSIONAL_EXPONENTS(1.0,0.0,0.0,0.0,0.0,0.0,0.0);
#771=LENGTH_MEASURE_WITH_UNIT(LENGTH_MEASURE(2.54),#769);
#775=(CONVERSION_BASED_UNIT('INCH',#771)LENGTH_UNIT()NAMED_UNIT(#770));
#777=UNCERTAINTY_MEASURE_WITH_UNIT(LENGTH_MEASURE(0.000393700787402),#775,'DISTANCE_ACCURACY_VALUE','');
#779=(GEOMETRIC_REPRESENTATION_CONTEXT(3)GLOBAL_UNCERTAINTY_ASSIGNED_CONTEXT((#777))GLOBAL_UNIT_ASSIGNED_CONTEXT((#761,#765,#775))REPRESENTATION_CONTEXT('None','None'));
#780=AXIS2_PLACEMENT_3D('',#781,#782,#783);
#781=CARTESIAN_POINT('',(0.0,0.0,0.0));
#782=DIRECTION('',(0.0,0.0,1.0));
#783=DIRECTION('',(1.0,0.0,0.0));
#784=SHAPE_REPRESENTATION('',(#780),#779);
#785=PRODUCT_DEFINITION_SHAPE('','',#749);
#786=SHAPE_DEFINITION_REPRESENTATION(#785,#784);
#792=(NAMED_UNIT(*)PLANE_ANGLE_UNIT()SI_UNIT($,.RADIAN.));
#793=DIMENSIONAL_EXPONENTS(0.0,0.0,0.0,0.0,0.0,0.0,0.0);
#794=PLANE_ANGLE_MEASURE_WITH_UNIT(PLANE_ANGLE_MEASURE(0.0174532925),#792);
#798=(CONVERSION_BASED_UNIT('DEGREE',#794)NAMED_UNIT(#793)PLANE_ANGLE_UNIT());
#802=(NAMED_UNIT(*)SI_UNIT($,.STERADIAN.)SOLID_ANGLE_UNIT());
#806=(LENGTH_UNIT()NAMED_UNIT(*)SI_UNIT(.MILLI.,.METRE.));
#808=UNCERTAINTY_MEASURE_WITH_UNIT(LENGTH_MEASURE(0.000001),#806,'DISTANCE_ACCURACY_VALUE','');
#810=(GEOMETRIC_REPRESENTATION_CONTEXT(3)GLOBAL_UNCERTAINTY_ASSIGNED_CONTEXT((#808))GLOBAL_UNIT_ASSIGNED_CONTEXT((#798,#802,#806))REPRESENTATION_CONTEXT('','3D'));
#811=CARTESIAN_POINT('',(0.0,0.66,0.0));
#812=DIRECTION('',(0.0,-1.0,0.0));
#813=DIRECTION('',(0.0,0.0,-1.0));
#814=AXIS2_PLACEMENT_3D('',#811,#812,#813);
#815=PLANE('',#814);
#816=CARTESIAN_POINT('',(0.077428192539926,0.66,0.077428192539927));
#817=VERTEX_POINT('',#816);
#818=CARTESIAN_POINT('',(0.1095,0.66,8.090849E-016));
#819=VERTEX_POINT('',#818);
#820=CARTESIAN_POINT('',(0.077481680036416,0.659999870870785,0.077481349115991));
#821=CARTESIAN_POINT('',(0.077487885345062,0.65999986968425,0.077475105179151));
#822=CARTESIAN_POINT('',(0.097716954318839,0.659996003592763,0.057115029912392));
#823=CARTESIAN_POINT('',(0.109517050733621,0.660000443059024,0.028673250090664));
#824=CARTESIAN_POINT('',(0.109514058257712,0.660000440953233,1.042937E-015));
#825=B_SPLINE_CURVE_WITH_KNOTS('',3,(#820,#821,#822,#823,#824),.UNSPECIFIED.,.F.,.U.,(4,1,4),(62.046213942760566,62.04645490839841,62.831853071795855),.UNSPECIFIED.);
#826=EDGE_CURVE('',#817,#819,#825,.T.);
#827=ORIENTED_EDGE('',*,*,#826,.T.);
#828=CARTESIAN_POINT('',(0.0695,0.66,4.257104E-016));
#829=VERTEX_POINT('',#828);
#830=CARTESIAN_POINT('',(0.0695,0.66,4.257104E-016));
#831=DIRECTION('',(1.0,0.0,0.0));
#832=VECTOR('',#831,0.04);
#833=LINE('',#830,#832);
#834=EDGE_CURVE('',#829,#819,#833,.T.);
#835=ORIENTED_EDGE('',*,*,#834,.F.);
#836=CARTESIAN_POINT('',(0.077428192539926,0.66,0.077428192539927));
#837=CARTESIAN_POINT('',(0.073099306834822,0.66,0.081757078245032));
#838=CARTESIAN_POINT('',(0.068405061233047,0.659999999999998,0.085725274261972));
#839=CARTESIAN_POINT('',(0.055159682683035,0.659999999999998,0.095129099593806));
#840=CARTESIAN_POINT('',(0.046159891741276,0.66,0.099806927772237));
#841=CARTESIAN_POINT('',(0.027581846554919,0.66,0.106403725858804));
#842=CARTESIAN_POINT('',(0.018128537917688,0.66,0.108413811253555));
#843=CARTESIAN_POINT('',(-0.005233741302112,0.66,0.110225148401791));
#844=CARTESIAN_POINT('',(-0.0190906302601,0.66,0.108666738800827));
#845=CARTESIAN_POINT('',(-0.044976728922355,0.66,0.100549576706188));
#846=CARTESIAN_POINT('',(-0.056843449545242,0.66,0.094233561955487));
#847=CARTESIAN_POINT('',(-0.077594791879622,0.66,0.077490357323261));
#848=CARTESIAN_POINT('',(-0.086291748395352,0.66,0.067195378773912));
#849=CARTESIAN_POINT('',(-0.098959620290742,0.66,0.044224666017677));
#850=CARTESIAN_POINT('',(-0.102967164134914,0.66,0.031834528249793));
#851=CARTESIAN_POINT('',(-0.105819717374214,0.66,0.006397443035618));
#852=CARTESIAN_POINT('',(-0.104627607619956,0.66,-0.00573390125783));
#853=CARTESIAN_POINT('',(-0.098417005391493,0.66,-0.027141638381761));
#854=CARTESIAN_POINT('',(-0.093714818374836,0.66,-0.035719117675875));
#855=CARTESIAN_POINT('',(-0.085788135193819,0.66,-0.045700443223043));
#856=CARTESIAN_POINT('',(-0.082764499264138,0.66,-0.04851904545974));
#857=CARTESIAN_POINT('',(-0.078746962522475,0.66,-0.051224949775406));
#858=CARTESIAN_POINT('',(-0.077465171877313,0.66,-0.051878849737538));
#859=CARTESIAN_POINT('',(-0.075744117572683,0.66,-0.052419968462276));
#860=CARTESIAN_POINT('',(-0.075108123648453,0.66,-0.052552337108383));
#861=CARTESIAN_POINT('',(-0.074113008997667,0.66,-0.052546803591598));
#862=CARTESIAN_POINT('',(-0.073734750469388,0.66,-0.052493193523964));
#863=CARTESIAN_POINT('',(-0.07306072290132,0.66,-0.052246646363366));
#864=CARTESIAN_POINT('',(-0.072776080645785,0.66,-0.052074945995642));
#865=CARTESIAN_POINT('',(-0.07223431196633,0.66,-0.051574791768941));
#866=CARTESIAN_POINT('',(-0.072012347594006,0.66,-0.051243720041863));
#867=CARTESIAN_POINT('',(-0.0715872084242,0.66,-0.050337950147213));
#868=CARTESIAN_POINT('',(-0.071439031920295,0.66,-0.049699649534207));
#869=CARTESIAN_POINT('',(-0.071053153065385,0.66,-0.046488452993532));
#870=CARTESIAN_POINT('',(-0.07162741318421,0.659999999999999,-0.042770128732597));
#871=CARTESIAN_POINT('',(-0.073705068900597,0.659999999999999,-0.030443799548248));
#872=CARTESIAN_POINT('',(-0.075611403829751,0.660000000000005,-0.019991464645085));
#873=CARTESIAN_POINT('',(-0.074441965503327,0.660000000000005,0.005003507297199));
#874=CARTESIAN_POINT('',(-0.071551201650702,0.66,0.014499184968342));
#875=CARTESIAN_POINT('',(-0.065673372250436,0.66,0.029288686408386));
#876=CARTESIAN_POINT('',(-0.061071046194042,0.66,0.036993209970356));
#877=CARTESIAN_POINT('',(-0.049911761148839,0.66,0.049956217855992));
#878=CARTESIAN_POINT('',(-0.043630715366852,0.66,0.055264955926282));
#879=CARTESIAN_POINT('',(-0.030070074636633,0.66,0.063304979016759));
#880=CARTESIAN_POINT('',(-0.022991208606725,0.659999999999972,0.066136248302628));
#881=CARTESIAN_POINT('',(-0.006432546907231,0.659999999999972,0.069853578471183));
#882=CARTESIAN_POINT('',(0.003028042261798,0.659999999999998,0.070073708700981));
#883=CARTESIAN_POINT('',(0.017804048239122,0.659999999999998,0.067417410729112));
#884=CARTESIAN_POINT('',(0.023203762101483,0.66,0.065754148565616));
#885=CARTESIAN_POINT('',(0.036234256655528,0.66,0.059932986987252));
#886=CARTESIAN_POINT('',(0.043396196885934,0.66,0.054969701927949));
#887=CARTESIAN_POINT('',(0.055822458859748,0.66,0.042379291231555));
#888=CARTESIAN_POINT('',(0.060860728591301,0.66,0.03475806314761));
#889=CARTESIAN_POINT('',(0.067732347371858,0.66,0.018013338333999));
#890=CARTESIAN_POINT('',(0.0695,0.66,0.009049930300131));
#891=CARTESIAN_POINT('',(0.0695,0.66,6.583754E-016));
#892=B_SPLINE_CURVE_WITH_KNOTS('',3,(#836,#837,#838,#839,#840,#841,#842,#843,#844,#845,#846,#847,#848,#849,#850,#851,#852,#853,#854,#855,#856,#857,#858,#859,#860,#861,#862,#863,#864,#865,#866,#867,#868,#869,#870,#871,#872,#873,#874,#875,#876,#877,#878,#879,#880,#881,#882,#883,#884,#885,#886,#887,#888,#889,#890,#891),.UNSPECIFIED.,.F.,.U.,(4,2,2,2,2,2,2,2,2,2,2,2,2,2,2,2,2,2,2,2,2,2,2,2,2,2,2,4),(-1.148319077296472,-1.123137964975452,-1.08180946357916,-1.042416171215543,-0.985858620525243,-0.93129320725039,-0.876585299843435,-0.823694810683752,-0.771444258912181,-0.720573347938593,-0.689518438120809,-0.673475559940627,-0.665148712149836,-0.660024545337512,-0.655448439500492,-0.650061914380756,-0.641927815975379,-0.611255590426424,-0.559019516829867,-0.505980670473727,-0.438128510719414,-0.375888441824292,-0.318136590636729,-0.246660320029124,-0.203757047300636,-0.137920937773988,-0.068960468886995,0.0),.UNSPECIFIED.);
#893=EDGE_CURVE('',#817,#829,#892,.T.);
#894=ORIENTED_EDGE('',*,*,#893,.F.);
#895=EDGE_LOOP('',(#827,#835,#894));
#896=FACE_OUTER_BOUND('',#895,.T.);
#897=ADVANCED_FACE('',(#896),#815,.F.);
#898=CARTESIAN_POINT('',(0.0895,0.66,6.173976E-016));
#899=DIRECTION('',(0.0,0.0,-1.0));
#900=DIRECTION('',(-1.0,0.0,0.0));
#901=AXIS2_PLACEMENT_3D('',#898,#899,#900);
#902=PLANE('',#901);
#903=ORIENTED_EDGE('',*,*,#834,.T.);
#904=CARTESIAN_POINT('',(0.0895,0.66,6.173976E-016));
#905=DIRECTION('',(0.0,0.0,1.0));
#906=DIRECTION('',(-1.0,0.0,0.0));
#907=AXIS2_PLACEMENT_3D('',#904,#905,#906);
#908=CIRCLE('',#907,0.02);
#909=EDGE_CURVE('',#829,#819,#908,.T.);
#910=ORIENTED_EDGE('',*,*,#909,.F.);
#911=EDGE_LOOP('',(#903,#910));
#912=FACE_OUTER_BOUND('',#911,.T.);
#913=ADVANCED_FACE('',(#912),#902,.T.);
#914=CARTESIAN_POINT('',(0.0,0.0,0.0));
#915=DIRECTION('',(0.0,-1.0,0.0));
#916=DIRECTION('',(0.0,0.0,-1.0));
#917=AXIS2_PLACEMENT_3D('',#914,#915,#916);
#918=PLANE('',#917);
#919=CARTESIAN_POINT('',(0.1095,2.449294E-018,0.0));
#920=VERTEX_POINT('',#919);
#921=CARTESIAN_POINT('',(0.0695,0.0,0.0));
#922=VERTEX_POINT('',#921);
#923=CARTESIAN_POINT('',(0.1095,-2.449294E-018,-1.365924E-018));
#924=CARTESIAN_POINT('',(0.1095,-2.449294E-018,-0.008019624547174));
#925=CARTESIAN_POINT('',(0.108618981124964,-2.449213E-018,-0.016015034100882));
#926=CARTESIAN_POINT('',(0.105126636495571,-2.449213E-018,-0.031669459689198));
#927=CARTESIAN_POINT('',(0.102525855761357,-2.449213E-018,-0.039281207698836));
#928=CARTESIAN_POINT('',(0.093062829920335,-2.449213E-018,-0.059434649020853));
#929=CARTESIAN_POINT('',(0.084550004141698,3.767107E-018,-0.071024394366665));
#930=CARTESIAN_POINT('',(0.06692305079814,3.766513E-018,-0.087208682473329));
#931=CARTESIAN_POINT('',(0.058951287206525,3.068788E-017,-0.092783629836561));
#932=CARTESIAN_POINT('',(0.042537237715104,3.067271E-017,-0.101282860328433));
#933=CARTESIAN_POINT('',(0.034263178977838,3.653295E-018,-0.104372552494981));
#934=CARTESIAN_POINT('',(0.014230561702543,3.694576E-018,-0.109207059170766));
#935=CARTESIAN_POINT('',(0.002373614550937,-9.573797E-020,-0.110099921455647));
#936=CARTESIAN_POINT('',(-0.022339896178227,-2.533305E-019,-0.107929814222057));
#937=CARTESIAN_POINT('',(-0.034989326320545,-3.073329E-018,-0.104473491213918));
#938=CARTESIAN_POINT('',(-0.058779246253197,-3.073329E-018,-0.093012801148272));
#939=CARTESIAN_POINT('',(-0.069659797684511,-8.746134E-019,-0.084962362808995));
#940=CARTESIAN_POINT('',(-0.087609938581182,-4.939830E-019,-0.065311711532867));
#941=CARTESIAN_POINT('',(-0.094573396858466,-5.463696E-018,-0.053931500654563));
#942=CARTESIAN_POINT('',(-0.103426421059675,-5.463696E-018,-0.029675793596224));
#943=CARTESIAN_POINT('',(-0.105448895601092,-2.731848E-018,-0.017087975222653));
#944=CARTESIAN_POINT('',(-0.104385004876417,-2.731848E-018,0.007589740687402));
#945=CARTESIAN_POINT('',(-0.101535726340834,-2.749195E-017,0.018816482160552));
#946=CARTESIAN_POINT('',(-0.093341331171771,-2.717565E-017,0.036328197820889));
#947=CARTESIAN_POINT('',(-0.088862838730329,-5.620337E-018,0.042401326532958));
#948=CARTESIAN_POINT('',(-0.082431067868085,-5.377851E-018,0.048721056393386));
#949=CARTESIAN_POINT('',(-0.080236707379503,-5.510438E-018,0.050375202959114));
#950=CARTESIAN_POINT('',(-0.07744766808588,-5.442533E-018,0.051845244630559));
#951=CARTESIAN_POINT('',(-0.07646321545433,-2.716870E-018,0.052261884694576));
#952=CARTESIAN_POINT('',(-0.075017626741742,-2.739398E-018,0.052541450776564));
#953=CARTESIAN_POINT('',(-0.074508835241064,4.754135E-021,0.052582116745446));
#954=CARTESIAN_POINT('',(-0.073677050769495,-3.330379E-021,0.052472349250738));
#955=CARTESIAN_POINT('',(-0.073346867422071,-2.733712E-018,0.052375861420868));
#956=CARTESIAN_POINT('',(-0.072739656883924,-2.729996E-018,0.05205005823619));
#957=CARTESIAN_POINT('',(-0.072482139119322,2.730046E-018,0.051832303851276));
#958=CARTESIAN_POINT('',(-0.071973652376489,2.734274E-018,0.051206944545206));
#959=CARTESIAN_POINT('',(-0.071772557444124,-8.195544E-018,0.050780110308565));
#960=CARTESIAN_POINT('',(-0.071367265409431,-8.195544E-018,0.049515860621527));
#961=CARTESIAN_POINT('',(-0.071267609591722,2.731848E-018,0.048502846543911));
#962=CARTESIAN_POINT('',(-0.071299113429262,2.731848E-018,0.043721936798137));
#963=CARTESIAN_POINT('',(-0.072415273151057,1.121706E-016,0.038459781142331));
#964=CARTESIAN_POINT('',(-0.074473025521394,1.118386E-016,0.02530495916407));
#965=CARTESIAN_POINT('',(-0.075472375937124,-4.998940E-015,0.01701995413712));
#966=CARTESIAN_POINT('',(-0.074441965503328,-4.999739E-015,-0.005003507297178));
#967=CARTESIAN_POINT('',(-0.07155120165071,-5.463696E-018,-0.01449918496832));
#968=CARTESIAN_POINT('',(-0.065673372250436,-5.463696E-018,-0.029288686408386));
#969=CARTESIAN_POINT('',(-0.061071046194043,1.365924E-017,-0.036993209970355));
#970=CARTESIAN_POINT('',(-0.04991176114884,1.365924E-017,-0.049956217855991));
#971=CARTESIAN_POINT('',(-0.043630715366853,1.024443E-017,-0.055264955926281));
#972=CARTESIAN_POINT('',(-0.030070074636634,1.024443E-017,-0.063304979016759));
#973=CARTESIAN_POINT('',(-0.022991208606727,2.824141E-014,-0.066136248302628));
#974=CARTESIAN_POINT('',(-0.006432546907232,2.824162E-014,-0.069853578471183));
#975=CARTESIAN_POINT('',(0.003028042261798,1.633933E-015,-0.070073708700981));
#976=CARTESIAN_POINT('',(0.017804048239122,1.633882E-015,-0.067417410729112));
#977=CARTESIAN_POINT('',(0.023203762101482,2.841740E-018,-0.065754148565616));
#978=CARTESIAN_POINT('',(0.036234256655528,2.860729E-018,-0.059932986987252));
#979=CARTESIAN_POINT('',(0.043396196885934,0.0,-0.054969701927949));
#980=CARTESIAN_POINT('',(0.055822458859748,0.0,-0.042379291231555));
#981=CARTESIAN_POINT('',(0.060860728591301,0.0,-0.03475806314761));
#982=CARTESIAN_POINT('',(0.067732347371859,0.0,-0.018013338333999));
#983=CARTESIAN_POINT('',(0.0695,0.0,-0.00904993030013));
#984=CARTESIAN_POINT('',(0.0695,0.0,0.0));
#985=B_SPLINE_CURVE_WITH_KNOTS('',3,(#923,#924,#925,#926,#927,#928,#929,#930,#931,#932,#933,#934,#935,#936,#937,#938,#939,#940,#941,#942,#943,#944,#945,#946,#947,#948,#949,#950,#951,#952,#953,#954,#955,#956,#957,#958,#959,#960,#961,#962,#963,#964,#965,#966,#967,#968,#969,#970,#971,#972,#973,#974,#975,#976,#977,#978,#979,#980,#981,#982,#983,#984),.UNSPECIFIED.,.F.,.U.,(4,2,2,2,2,2,2,2,2,2,2,2,2,2,2,2,2,2,2,2,2,2,2,2,2,2,2,2,2,2,4),(-1.473870373780612,-1.428987607214387,-1.384104840648162,-1.304381466127031,-1.250178284658508,-1.200931376702141,-1.134838134929735,-1.062058748675633,-0.986969784900378,-0.912927877402083,-0.842137382682404,-0.774122118099401,-0.718121824298226,-0.68743158942511,-0.673536054571765,-0.666531742876174,-0.661625064470632,-0.656750228037644,-0.650187948941669,-0.637893739978603,-0.598740052038226,-0.559019516830048,-0.505980670473735,-0.438128510719421,-0.375888441824298,-0.318136590636735,-0.246660320029126,-0.203757047300638,-0.137920937773989,-0.068960468886994,0.0),.UNSPECIFIED.);
#986=EDGE_CURVE('',#920,#922,#985,.T.);
#987=ORIENTED_EDGE('',*,*,#986,.F.);
#988=CARTESIAN_POINT('',(0.0695,0.0,0.0));
#989=DIRECTION('',(1.0,0.0,0.0));
#990=VECTOR('',#989,0.04);
#991=LINE('',#988,#990);
#992=EDGE_CURVE('',#922,#920,#991,.T.);
#993=ORIENTED_EDGE('',*,*,#992,.F.);
#994=EDGE_LOOP('',(#987,#993));
#995=FACE_OUTER_BOUND('',#994,.T.);
#996=ADVANCED_FACE('',(#995),#918,.T.);
#997=CARTESIAN_POINT('',(0.0895,0.0,0.0));
#998=DIRECTION('',(0.0,0.0,-1.0));
#999=DIRECTION('',(-1.0,0.0,0.0));
#1000=AXIS2_PLACEMENT_3D('',#997,#998,#999);
#1001=PLANE('',#1000);
#1002=ORIENTED_EDGE('',*,*,#992,.T.);
#1003=CARTESIAN_POINT('',(0.0895,0.0,0.0));
#1004=DIRECTION('',(0.0,0.0,-1.0));
#1005=DIRECTION('',(-1.0,0.0,0.0));
#1006=AXIS2_PLACEMENT_3D('',#1003,#1004,#1005);
#1007=CIRCLE('',#1006,0.02);
#1008=EDGE_CURVE('',#922,#920,#1007,.T.);
#1009=ORIENTED_EDGE('',*,*,#1008,.F.);
#1010=EDGE_LOOP('',(#1002,#1009));
#1011=FACE_OUTER_BOUND('',#1010,.T.);
#1012=ADVANCED_FACE('',(#1011),#1001,.F.);
#1013=CARTESIAN_POINT('',(0.109514058257712,0.000000440953234,0.0));
#1014=CARTESIAN_POINT('',(0.109514348313459,-0.005967534062193,0.0));
#1015=CARTESIAN_POINT('',(0.103775352434831,-0.017917113800831,0.0));
#1016=CARTESIAN_POINT('',(0.084413095799347,-0.022304889689564,0.0));
#1017=CARTESIAN_POINT('',(0.068853537837077,-0.009941965105791,0.0));
#1018=CARTESIAN_POINT('',(0.068887958044946,0.009927111602485,0.0));
#1019=CARTESIAN_POINT('',(0.084398419047342,0.022339040808159,0.0));
#1020=CARTESIAN_POINT('',(0.103773612100346,0.017890736291729,0.0));
#1021=CARTESIAN_POINT('',(0.109513768201964,0.005968415968661,0.0));
#1022=CARTESIAN_POINT('',(0.109514058257712,0.000000440953234,0.0));
#1023=CARTESIAN_POINT('',(0.109516272795509,0.00000044389543,-0.02867040129158));
#1024=CARTESIAN_POINT('',(0.109514076343234,-0.005967560780051,-0.028671778106587));
#1025=CARTESIAN_POINT('',(0.103766015095251,-0.017917266952453,-0.02717471512517));
#1026=CARTESIAN_POINT('',(0.084412051460323,-0.02230490035446,-0.022099778539678));
#1027=CARTESIAN_POINT('',(0.068839611069931,-0.009942057389043,-0.018030437448157));
#1028=CARTESIAN_POINT('',(0.068889476564027,0.009927127774673,-0.018034100796569));
#1029=CARTESIAN_POINT('',(0.084410893598046,0.022339211054634,-0.022088154743673));
#1030=CARTESIAN_POINT('',(0.103779193808904,0.017890761100431,-0.027166454235127));
#1031=CARTESIAN_POINT('',(0.109518469247784,0.005968448570911,-0.028669024476573));
#1032=CARTESIAN_POINT('',(0.109516272795509,0.00000044389543,-0.02867040129158));
#1033=CARTESIAN_POINT('',(0.085951006751062,-0.00002534874115,-0.085811530515322));
#1034=CARTESIAN_POINT('',(0.085998802880876,-0.005992845058371,-0.085784979527598));
#1035=CARTESIAN_POINT('',(0.08159284711941,-0.017941419027619,-0.081232433143793));
#1036=CARTESIAN_POINT('',(0.066423551681425,-0.022328958824866,-0.066046256741635));
#1037=CARTESIAN_POINT('',(0.054127541132758,-0.00996692500164,-0.05390433484187));
#1038=CARTESIAN_POINT('',(0.053990116219502,0.009900551138475,-0.054021529677361));
#1039=CARTESIAN_POINT('',(0.066060291338675,0.022311419617893,-0.066233509711102));
#1040=CARTESIAN_POINT('',(0.081306070340522,0.017863558875705,-0.081391739070138));
#1041=CARTESIAN_POINT('',(0.085903210621247,0.00594214757607,-0.085838081503047));
#1042=CARTESIAN_POINT('',(0.085951006751062,-0.00002534874115,-0.085811530515322));
#1043=CARTESIAN_POINT('',(-0.000078830939839,0.000084279827702,-0.121467033274458));
#1044=CARTESIAN_POINT('',(-0.000234273213108,-0.005884999847479,-0.121562524005212));
#1045=CARTESIAN_POINT('',(-0.000542648899073,-0.017837206853756,-0.115388528446307));
#1046=CARTESIAN_POINT('',(-0.000639474902595,-0.022225905274899,-0.09398079938674));
#1047=CARTESIAN_POINT('',(-0.000313968014478,-0.009860309970055,-0.076528730911823));
#1048=CARTESIAN_POINT('',(0.000207260273102,0.010013112487082,-0.07624914385756));
#1049=CARTESIAN_POINT('',(0.000521125391428,0.022427775692631,-0.093253431336924));
#1050=CARTESIAN_POINT('',(0.000390004740545,0.017978471197328,-0.114815584061786));
#1051=CARTESIAN_POINT('',(0.000076611333431,0.006053559502883,-0.121371542543705));
#1052=CARTESIAN_POINT('',(-0.000078830939839,0.000084279827702,-0.121467033274458));
#1053=CARTESIAN_POINT('',(-0.07147448225513,0.003781334195598,-0.091791145138236));
#1054=CARTESIAN_POINT('',(-0.071961788343643,-0.002167299053797,-0.091508682001021));
#1055=CARTESIAN_POINT('',(-0.069191422454664,-0.014078155410681,-0.086132326693252));
#1056=CARTESIAN_POINT('',(-0.056913349220381,-0.01845170024819,-0.069695881006177));
#1057=CARTESIAN_POINT('',(-0.045746041230267,-0.006128852214132,-0.057238884674667));
#1058=CARTESIAN_POINT('',(-0.044148871791821,0.013675830910751,-0.058209662007657));
#1059=CARTESIAN_POINT('',(-0.053258920616886,0.026047539928334,-0.071798066301428));
#1060=CARTESIAN_POINT('',(-0.066267585923587,0.021613644085688,-0.087827105516542));
#1061=CARTESIAN_POINT('',(-0.070987176166617,0.009729967444993,-0.092073608275451));
#1062=CARTESIAN_POINT('',(-0.07147448225513,0.003781334195598,-0.091791145138236));
#1063=CARTESIAN_POINT('',(-0.099703536294406,0.008184953363392,-0.049022653534931));
#1064=CARTESIAN_POINT('',(-0.100007070091925,0.002255621161741,-0.048402949912722));
#1065=CARTESIAN_POINT('',(-0.095388941176371,-0.009616569599987,-0.044592529932973));
#1066=CARTESIAN_POINT('',(-0.077985176707311,-0.013975971504403,-0.035470326064601));
#1067=CARTESIAN_POINT('',(-0.063192295543475,-0.001693065008316,-0.029789464902634));
#1068=CARTESIAN_POINT('',(-0.062212555231726,0.018047356657718,-0.031867875975171));
#1069=CARTESIAN_POINT('',(-0.075703482052182,0.030378897453713,-0.040100519565417));
#1070=CARTESIAN_POINT('',(-0.093567738391262,0.025959423609921,-0.048310751666227));
#1071=CARTESIAN_POINT('',(-0.099400002496888,0.014114285565043,-0.04964235715714));
#1072=CARTESIAN_POINT('',(-0.099703536294406,0.008184953363392,-0.049022653534931));
#1073=CARTESIAN_POINT('',(-0.108123776300937,0.010999619497129,-0.021521218416409));
#1074=CARTESIAN_POINT('',(-0.108272642278945,0.005076471698207,-0.020802287020295));
#1075=CARTESIAN_POINT('',(-0.102904698164016,-0.006783368367117,-0.018235262449707));
#1076=CARTESIAN_POINT('',(-0.08389592616861,-0.01113814438781,-0.013900752556855));
#1077=CARTESIAN_POINT('',(-0.068225542984327,0.00113188206625,-0.012332682880217));
#1078=CARTESIAN_POINT('',(-0.067766221684739,0.020851718774086,-0.014733559497144));
#1079=CARTESIAN_POINT('',(-0.082769813530261,0.033170441940953,-0.019276378975313));
#1080=CARTESIAN_POINT('',(-0.102011502295969,0.028755518426419,-0.022548850826393));
#1081=CARTESIAN_POINT('',(-0.10797491032293,0.016922767296052,-0.022240149812524));
#1082=CARTESIAN_POINT('',(-0.108123776300937,0.010999619497129,-0.021521218416409));
#1083=CARTESIAN_POINT('',(-0.109489863556811,0.01246731033762,-0.007173280458678));
#1084=CARTESIAN_POINT('',(-0.109538121280927,0.006545582676464,-0.006431618314807));
#1085=CARTESIAN_POINT('',(-0.103895994282235,-0.005311390437143,-0.004570616326172));
#1086=CARTESIAN_POINT('',(-0.084574248807629,-0.009665179765144,-0.002757191020875));
#1087=CARTESIAN_POINT('',(-0.06891941604082,0.002601954810929,-0.003274175599802));
#1088=CARTESIAN_POINT('',(-0.068793053839945,0.022317060085242,-0.005745844019428));
#1089=CARTESIAN_POINT('',(-0.084200935736437,0.034632797422442,-0.008304355981093));
#1090=CARTESIAN_POINT('',(-0.10360644793754,0.030218975529789,-0.009020589189393));
#1091=CARTESIAN_POINT('',(-0.109441605832695,0.018389037998775,-0.007914942602548));
#1092=CARTESIAN_POINT('',(-0.109489863556811,0.01246731033762,-0.007173280458678));
#1093=CARTESIAN_POINT('',(-0.109657459472731,0.015950309585631,0.026933987706932));
#1094=CARTESIAN_POINT('',(-0.109475795766525,0.010028544274726,0.027676080090045));
#1095=CARTESIAN_POINT('',(-0.103365416891409,-0.001828515101919,0.027750418922246));
#1096=CARTESIAN_POINT('',(-0.083843056530533,-0.006182305455761,0.023533879594114));
#1097=CARTESIAN_POINT('',(-0.068639186510747,0.006084883903257,0.018169658214472));
#1098=CARTESIAN_POINT('',(-0.069280670370617,0.025800116099384,0.015708057410022));
#1099=CARTESIAN_POINT('',(-0.085189236287751,0.038115946728021,0.017979419404645));
#1100=CARTESIAN_POINT('',(-0.104455399128646,0.033702076763513,0.023297864623568));
#1101=CARTESIAN_POINT('',(-0.109839123178937,0.021872074896536,0.026191895323819));
#1102=CARTESIAN_POINT('',(-0.109657459472731,0.015950309585631,0.026933987706932));
#1103=CARTESIAN_POINT('',(-0.092894995246797,0.020350500684521,0.069633157131203));
#1104=CARTESIAN_POINT('',(-0.092423682467618,0.014428756751061,0.070262324785374));
#1105=CARTESIAN_POINT('',(-0.086611148761838,0.002571747002052,0.067872590769971));
#1106=CARTESIAN_POINT('',(-0.069841015777193,-0.001782044356417,0.056023902707612));
#1107=CARTESIAN_POINT('',(-0.057620051163605,0.01048511527895,0.044827823918309));
#1108=CARTESIAN_POINT('',(-0.05921847664862,0.030200275315362,0.042755381492113));
#1109=CARTESIAN_POINT('',(-0.073356251593741,0.042516052080838,0.051309480173445));
#1110=CARTESIAN_POINT('',(-0.089439025436909,0.038102210602812,0.064097584844947));
#1111=CARTESIAN_POINT('',(-0.093366308025975,0.026272244617981,0.069003989477032));
#1112=CARTESIAN_POINT('',(-0.092894995246797,0.020350500684521,0.069633157131203));
#1113=CARTESIAN_POINT('',(-0.038771447697332,0.026950405148876,0.107728874333996));
#1114=CARTESIAN_POINT('',(-0.038042384265678,0.021028650589111,0.107991549949165));
#1115=CARTESIAN_POINT('',(-0.034550746284602,0.009171616203365,0.102871549285268));
#1116=CARTESIAN_POINT('',(-0.027159502772511,0.00481782526542,0.08401769283763));
#1117=CARTESIAN_POINT('',(-0.023161106294819,0.017084999744492,0.0681680176707));
#1118=CARTESIAN_POINT('',(-0.025601322214822,0.036800195645413,0.067328535358728));
#1119=CARTESIAN_POINT('',(-0.032608800654182,0.049115999140858,0.082040366759746));
#1120=CARTESIAN_POINT('',(-0.038925126874523,0.04470214356196,0.101295495594259));
#1121=CARTESIAN_POINT('',(-0.039500511128985,0.032872159708642,0.107466198718828));
#1122=CARTESIAN_POINT('',(-0.038771447697332,0.026950405148876,0.107728874333996));
#1123=CARTESIAN_POINT('',(0.022607652136303,0.033000459654922,0.113851491016699));
#1124=CARTESIAN_POINT('',(0.02337848120376,0.027078711144946,0.113698797435502));
#1125=CARTESIAN_POINT('',(0.023737140679476,0.015221690776391,0.107426096341477));
#1126=CARTESIAN_POINT('',(0.020306537826372,0.010867899621202,0.087184629126311));
#1127=CARTESIAN_POINT('',(0.015497553156309,0.023135065630121,0.071325947208437));
#1128=CARTESIAN_POINT('',(0.012938857878283,0.042850241113896,0.071870866032742));
#1129=CARTESIAN_POINT('',(0.014537636776185,0.055166029403848,0.08831391888524));
#1130=CARTESIAN_POINT('',(0.019112166274731,0.050752181836245,0.108342257828661));
#1131=CARTESIAN_POINT('',(0.021836823068845,0.038922208164897,0.114004184597896));
#1132=CARTESIAN_POINT('',(0.022607652136303,0.033000459654922,0.113851491016699));
#1133=CARTESIAN_POINT('',(0.082078463500366,0.039600425848959,0.082045887604623));
#1134=CARTESIAN_POINT('',(0.082634048199177,0.033678673568669,0.081490458215234));
#1135=CARTESIAN_POINT('',(0.079444742851827,0.021821644427792,0.076078379398642));
#1136=CARTESIAN_POINT('',(0.065341559022324,0.017467853497709,0.061163961315289));
#1137=CARTESIAN_POINT('',(0.052529642853747,0.029735024707224,0.050657991403886));
#1138=CARTESIAN_POINT('',(0.050706313053441,0.049450212920552,0.052533790189089));
#1139=CARTESIAN_POINT('',(0.0611761212596,0.061766010737232,0.06530950044552));
#1140=CARTESIAN_POINT('',(0.076111234658962,0.057352158109529,0.079410955734977));
#1141=CARTESIAN_POINT('',(0.081522878801555,0.045522178129248,0.082601316994012));
#1142=CARTESIAN_POINT('',(0.082078463500366,0.039600425848959,0.082045887604623));
#1143=CARTESIAN_POINT('',(0.113813421215538,0.046200443603005,0.02264876486905));
#1144=CARTESIAN_POINT('',(0.113967058239209,0.040278693316293,0.021878389640753));
#1145=CARTESIAN_POINT('',(0.108309802380403,0.028421668839868,0.01914885933294));
#1146=CARTESIAN_POINT('',(0.088300094275514,0.024067877726974,0.014578119391353));
#1147=CARTESIAN_POINT('',(0.071811995646954,0.036335046242181,0.012956266918192));
#1148=CARTESIAN_POINT('',(0.071337339484426,0.056050227720907,0.015528332783399));
#1149=CARTESIAN_POINT('',(0.08713778700398,0.068366020464399,0.020338400990113));
#1150=CARTESIAN_POINT('',(0.10738798023838,0.063952170560138,0.023771110702723));
#1151=CARTESIAN_POINT('',(0.113659784191868,0.052122193889717,0.023419140097347));
#1152=CARTESIAN_POINT('',(0.113813421215538,0.046200443603005,0.02264876486905));
#1153=CARTESIAN_POINT('',(0.107222905826616,0.052800434402037,-0.044415373580747));
#1154=CARTESIAN_POINT('',(0.106922515024652,0.046878683075462,-0.045141332490781));
#1155=CARTESIAN_POINT('',(0.100701537906713,0.035021656153273,-0.044267112480795));
#1156=CARTESIAN_POINT('',(0.081523328228036,0.030667865166994,-0.036948059971305));
#1157=CARTESIAN_POINT('',(0.066912182423449,0.042935035060349,-0.029134005090587));
#1158=CARTESIAN_POINT('',(0.067946879381323,0.062650220053733,-0.026731411667355));
#1159=CARTESIAN_POINT('',(0.083758188320027,0.074966015461011,-0.031512397755153));
#1160=CARTESIAN_POINT('',(0.102503882718496,0.07055216411272,-0.039911359020586));
#1161=CARTESIAN_POINT('',(0.10752329662858,0.058722185728611,-0.043689414670712));
#1162=CARTESIAN_POINT('',(0.107222905826616,0.052800434402037,-0.044415373580747));
#1163=CARTESIAN_POINT('',(0.064472840844914,0.059400439158107,-0.096491726698969));
#1164=CARTESIAN_POINT('',(0.063819825237981,0.053478688372482,-0.096928420489434));
#1165=CARTESIAN_POINT('',(0.059133321434673,0.041621662729098,-0.092745722504353));
#1166=CARTESIAN_POINT('',(0.047254183560805,0.037267871661049,-0.076006703884553));
#1167=CARTESIAN_POINT('',(0.039447101507749,0.049535040851323,-0.061393221251764));
#1168=CARTESIAN_POINT('',(0.041642021630241,0.069250224015401,-0.059970530275015));
#1169=CARTESIAN_POINT('',(0.052131754994603,0.081566018028002,-0.072728957791927));
#1170=CARTESIAN_POINT('',(0.063051415076269,0.077152167442851,-0.090125559761566));
#1171=CARTESIAN_POINT('',(0.065125856451847,0.065322189943733,-0.096055032908504));
#1172=CARTESIAN_POINT('',(0.064472840844914,0.059400439158107,-0.096491726698969));
#1173=CARTESIAN_POINT('',(0.000001285757456,0.066000436700899,-0.116053347851452));
#1174=CARTESIAN_POINT('',(-0.000784327908855,0.060078685633995,-0.116053665469368));
#1175=CARTESIAN_POINT('',(-0.002357416342616,0.048221659322292,-0.1099720027568));
#1176=CARTESIAN_POINT('',(-0.002935226918357,0.043867868305036,-0.089453599245965));
#1177=CARTESIAN_POINT('',(-0.001307963343726,0.056135037853687,-0.07296493500826));
#1178=CARTESIAN_POINT('',(0.001307560411876,0.075850221969441,-0.073001371062191));
#1179=CARTESIAN_POINT('',(0.002941622204398,0.088166016711887,-0.089437971014462));
#1180=CARTESIAN_POINT('',(0.002356265655248,0.083752165723713,-0.1099700970493));
#1181=CARTESIAN_POINT('',(0.000786899423766,0.071922187767802,-0.116053030233535));
#1182=CARTESIAN_POINT('',(0.000001285757456,0.066000436700899,-0.116053347851452));
#1183=CARTESIAN_POINT('',(-0.064475754526793,0.072600437970278,-0.09649336668438));
#1184=CARTESIAN_POINT('',(-0.065129125737276,0.066678687049631,-0.096057158856526));
#1185=CARTESIAN_POINT('',(-0.063058214429541,0.054821661087205,-0.090126579695922));
#1186=CARTESIAN_POINT('',(-0.052139041271769,0.050467870039198,-0.072745511210228));
#1187=CARTESIAN_POINT('',(-0.041625305283637,0.062735039405283,-0.059940066647848));
#1188=CARTESIAN_POINT('',(-0.039470877222093,0.082450223025937,-0.06142350466208));
#1189=CARTESIAN_POINT('',(-0.04724408116452,0.094766017386446,-0.075997579815907));
#1190=CARTESIAN_POINT('',(-0.059137987166643,0.09035216661109,-0.09274382666305));
#1191=CARTESIAN_POINT('',(-0.06382238331631,0.078522188890926,-0.096929574512235));
#1192=CARTESIAN_POINT('',(-0.064475754526793,0.072600437970278,-0.09649336668438));
#1193=CARTESIAN_POINT('',(-0.107217936390681,0.079200437314538,-0.044411618670247));
#1194=CARTESIAN_POINT('',(-0.10751886052386,0.073278686317835,-0.043685935869892));
#1195=CARTESIAN_POINT('',(-0.10250215691561,0.061421660172847,-0.039905325097619));
#1196=CARTESIAN_POINT('',(-0.083766890742795,0.057067869143113,-0.031519667949555));
#1197=CARTESIAN_POINT('',(-0.067910769558205,0.069335038602149,-0.026713282711007));
#1198=CARTESIAN_POINT('',(-0.066943551747251,0.089050222480399,-0.029143635081069));
#1199=CARTESIAN_POINT('',(-0.081503558294928,0.101366017040806,-0.036943126520633));
#1200=CARTESIAN_POINT('',(-0.100696612116534,0.096952166153067,-0.044259421899752));
#1201=CARTESIAN_POINT('',(-0.106917012257502,0.085122188311242,-0.045137301470603));
#1202=CARTESIAN_POINT('',(-0.107217936390681,0.079200437314538,-0.044411618670247));
#1203=CARTESIAN_POINT('',(-0.11382250655066,0.085800437653281,0.022640764664859));
#1204=CARTESIAN_POINT('',(-0.113669542928294,0.079878686696132,0.023411334617597));
#1205=CARTESIAN_POINT('',(-0.107397885972475,0.068021660646581,0.023767640215865));
#1206=CARTESIAN_POINT('',(-0.087161208865713,0.063667869606143,0.020331202253505));
#1207=CARTESIAN_POINT('',(-0.071307012876894,0.075935039017882,0.015518290361309));
#1208=CARTESIAN_POINT('',(-0.071853048063146,0.095650222762092,0.012960160316222));
#1209=CARTESIAN_POINT('',(-0.088292467289973,0.107966017217861,0.014564304446429));
#1210=CARTESIAN_POINT('',(-0.108315667706674,0.103552166389471,0.019144220499439));
#1211=CARTESIAN_POINT('',(-0.113975470173027,0.091722188610429,0.021870194712122));
#1212=CARTESIAN_POINT('',(-0.11382250655066,0.085800437653281,0.022640764664859));
#1213=CARTESIAN_POINT('',(-0.082061277236533,0.092400437478293,0.082061203481106));
#1214=CARTESIAN_POINT('',(-0.081505989562397,0.086478686500571,0.082616925765501));
#1215=CARTESIAN_POINT('',(-0.076093357792767,0.074621660401121,0.079428850539514));
#1216=CARTESIAN_POINT('',(-0.061176384813092,0.070267869366882,0.065328713710883));
#1217=CARTESIAN_POINT('',(-0.050668028062616,0.082535038802673,0.052518849164327));
#1218=CARTESIAN_POINT('',(-0.052543252225846,0.102250222616639,0.050695206782687));
#1219=CARTESIAN_POINT('',(-0.06532088871351,0.11456601712719,0.061162215685553));
#1220=CARTESIAN_POINT('',(-0.07942508383758,0.110152166267457,0.076094516833144));
#1221=CARTESIAN_POINT('',(-0.082616564910668,0.098322188456016,0.081505481196711));
#1222=CARTESIAN_POINT('',(-0.082061277236533,0.092400437478293,0.082061203481106));
#1223=CARTESIAN_POINT('',(-0.022640770459711,0.099000437568688,0.11382235541943));
#1224=CARTESIAN_POINT('',(-0.021870321497036,0.093078686601668,0.11397592092417));
#1225=CARTESIAN_POINT('',(-0.019141075541142,0.081221660528311,0.108318029289367));
#1226=CARTESIAN_POINT('',(-0.014571668416716,0.076867869490516,0.088306740684205));
#1227=CARTESIAN_POINT('',(-0.012951060781773,0.089135038914084,0.071817574089041));
#1228=CARTESIAN_POINT('',(-0.015523418537886,0.108850222691743,0.071343087599904));
#1229=CARTESIAN_POINT('',(-0.020332490010363,0.121166017173609,0.087144982590106));
#1230=CARTESIAN_POINT('',(-0.023763769317195,0.11675216633043,0.107396636260924));
#1231=CARTESIAN_POINT('',(-0.023411219422387,0.104922188535708,0.113668789914689));
#1232=CARTESIAN_POINT('',(-0.022640770459711,0.099000437568688,0.11382235541943));
#1233=CARTESIAN_POINT('',(0.0444112381441,0.105600437521992,0.107218287513032));
#1234=CARTESIAN_POINT('',(0.045137158754708,0.099678686549404,0.106917933733567));
#1235=CARTESIAN_POINT('',(0.044263084139045,0.087821660462401,0.100697284474746));
#1236=CARTESIAN_POINT('',(0.036944723951945,0.08346786942663,0.081519893602175));
#1237=CARTESIAN_POINT('',(0.029131315780991,0.095735038856405,0.066909303382215));
#1238=CARTESIAN_POINT('',(0.026728870235162,0.115450222652964,0.067943908638341));
#1239=CARTESIAN_POINT('',(0.03150934294369,0.127766017149852,0.083754470457009));
#1240=CARTESIAN_POINT('',(0.039907560475397,0.123352166297929,0.102499407151537));
#1241=CARTESIAN_POINT('',(0.043685317533492,0.11152218849458,0.107518641292497));
#1242=CARTESIAN_POINT('',(0.0444112381441,0.105600437521992,0.107218287513032));
#1243=CARTESIAN_POINT('',(0.096493864168618,0.112200437546114,0.064475227543936));
#1244=CARTESIAN_POINT('',(0.096930577847312,0.106278686576423,0.063822192787585));
#1245=CARTESIAN_POINT('',(0.092747805624348,0.094421660496558,0.059135519997945));
#1246=CARTESIAN_POINT('',(0.076008427667419,0.090067869459642,0.047255958008934));
#1247=CARTESIAN_POINT('',(0.061394609302794,0.102335038886267,0.039448586933847));
#1248=CARTESIAN_POINT('',(0.059971843492839,0.122050222672987,0.041643556541871));
#1249=CARTESIAN_POINT('',(0.072730535170892,0.134366017162006,0.052133675387097));
#1250=CARTESIAN_POINT('',(0.090127523552183,0.129952166314702,0.06305372853605));
#1251=CARTESIAN_POINT('',(0.096057150489924,0.118122188515805,0.065128262300287));
#1252=CARTESIAN_POINT('',(0.096493864168618,0.112200437546114,0.064475227543936));
#1253=CARTESIAN_POINT('',(0.116052243237359,0.118800437533653,0.00000005239177));
#1254=CARTESIAN_POINT('',(0.116052550527433,0.112878686562455,-0.0007855513712));
#1255=CARTESIAN_POINT('',(0.109970925696629,0.101021660478855,-0.002358552719006));
#1256=CARTESIAN_POINT('',(0.089452708676609,0.096667869442584,-0.002936143614758));
#1257=CARTESIAN_POINT('',(0.072964218717401,0.108935038870806,-0.00130872967321));
#1258=CARTESIAN_POINT('',(0.073000692603509,0.128650222662649,0.001306767402889));
#1259=CARTESIAN_POINT('',(0.089437156670104,0.14096601715579,0.002940630325648));
#1260=CARTESIAN_POINT('',(0.109969081956185,0.136552166306046,0.002355069858811));
#1261=CARTESIAN_POINT('',(0.116051935947285,0.124722188504852,0.000785656154739));
#1262=CARTESIAN_POINT('',(0.116052243237359,0.118800437533653,0.00000005239177));
#1263=CARTESIAN_POINT('',(0.096493937519038,0.12540043754009,-0.064475117167266));
#1264=CARTESIAN_POINT('',(0.09605773505483,0.119478686569676,-0.065128493499323));
#1265=CARTESIAN_POINT('',(0.090127136573845,0.107621660488031,-0.063057627066825));
#1266=CARTESIAN_POINT('',(0.072745971296669,0.103267869451398,-0.05213856770285));
#1267=CARTESIAN_POINT('',(0.059940436260718,0.115535038878812,-0.041624909954102));
#1268=CARTESIAN_POINT('',(0.061423855168525,0.135250222667986,-0.039470467519645));
#1269=CARTESIAN_POINT('',(0.075998000211397,0.147566017158968,-0.047243568870372));
#1270=CARTESIAN_POINT('',(0.092744351359092,0.143152166310513,-0.059137369074486));
#1271=CARTESIAN_POINT('',(0.096930139983246,0.131322188510504,-0.06382174083521));
#1272=CARTESIAN_POINT('',(0.096493937519038,0.12540043754009,-0.064475117167266));
#1273=CARTESIAN_POINT('',(0.044411323677812,0.132000437536765,-0.107218265757013));
#1274=CARTESIAN_POINT('',(0.04368563809163,0.126078686565943,-0.107519187241491));
#1275=CARTESIAN_POINT('',(0.039905037168165,0.114221660483275,-0.102502460510844));
#1276=CARTESIAN_POINT('',(0.031519430260695,0.109867869446843,-0.083767135389658));
#1277=CARTESIAN_POINT('',(0.026713091994157,0.122135038874666,-0.067910973490198));
#1278=CARTESIAN_POINT('',(0.029143454002832,0.14185022266523,-0.066943763416874));
#1279=CARTESIAN_POINT('',(0.036942909501837,0.154166017157344,-0.081503822886731));
#1280=CARTESIAN_POINT('',(0.044259150685256,0.149752166308208,-0.100696931603978));
#1281=CARTESIAN_POINT('',(0.045137009263994,0.137922188507587,-0.106917344272535));
#1282=CARTESIAN_POINT('',(0.044411323677812,0.132000437536765,-0.107218265757013));
#1283=CARTESIAN_POINT('',(-0.022640612218951,0.138600437538483,-0.113822336343904));
#1284=CARTESIAN_POINT('',(-0.023411180724607,0.132678686567873,-0.113669374091392));
#1285=CARTESIAN_POINT('',(-0.023767491340836,0.12082166048574,-0.107397729048731));
#1286=CARTESIAN_POINT('',(-0.020331079458901,0.116467869449197,-0.087161082480723));
#1287=CARTESIAN_POINT('',(-0.015518191956041,0.128735038876813,-0.071306907682152));
#1288=CARTESIAN_POINT('',(-0.012960066767538,0.148450222666653,-0.071852938705587));
#1289=CARTESIAN_POINT('',(-0.014564192417719,0.160766017158174,-0.088292330633474));
#1290=CARTESIAN_POINT('',(-0.019144080306898,0.156352166309398,-0.108315502563807));
#1291=CARTESIAN_POINT('',(-0.021870043713295,0.144522188509092,-0.113975298596417));
#1292=CARTESIAN_POINT('',(-0.022640612218951,0.138600437538483,-0.113822336343904));
#1293=CARTESIAN_POINT('',(-0.08206128226369,0.145200437537595,-0.082061365194946));
#1294=CARTESIAN_POINT('',(-0.082617005299841,0.139278686566875,-0.081506076812325));
#1295=CARTESIAN_POINT('',(-0.079428927518541,0.127421660484462,-0.076093438905235));
#1296=CARTESIAN_POINT('',(-0.065328777149801,0.123067869447981,-0.061176450103688));
#1297=CARTESIAN_POINT('',(-0.052518899938149,0.135335038875701,-0.050668082323237));
#1298=CARTESIAN_POINT('',(-0.050695255112553,0.155050222665919,-0.052543308724684));
#1299=CARTESIAN_POINT('',(-0.061162273516367,0.16736601715775,-0.065320959293439));
#1300=CARTESIAN_POINT('',(-0.07609458930163,0.162952166308784,-0.07942516920096));
#1301=CARTESIAN_POINT('',(-0.081505559227538,0.151122188508316,-0.082616653577567));
#1302=CARTESIAN_POINT('',(-0.08206128226369,0.145200437537595,-0.082061365194946));
#1303=CARTESIAN_POINT('',(-0.11382231470279,0.151800437538054,-0.022640725004804));
#1304=CARTESIAN_POINT('',(-0.113975879816954,0.145878686567391,-0.021870276408579));
#1305=CARTESIAN_POINT('',(-0.108317989482795,0.134021660485125,-0.019141033614376));
#1306=CARTESIAN_POINT('',(-0.088306707908247,0.129667869448609,-0.014571634687661));
#1307=CARTESIAN_POINT('',(-0.071817547890826,0.141935038876277,-0.012951032794766));
#1308=CARTESIAN_POINT('',(-0.071343062629919,0.161650222666298,-0.015523389348118));
#1309=CARTESIAN_POINT('',(-0.087144952735852,0.173966017157967,-0.020332453557703));
#1310=CARTESIAN_POINT('',(-0.107396598797812,0.1695521663091,-0.023763725191726));
#1311=CARTESIAN_POINT('',(-0.113668749588626,0.157722188508716,-0.023411173601029));
#1312=CARTESIAN_POINT('',(-0.11382231470279,0.151800437538054,-0.022640725004804));
#1313=CARTESIAN_POINT('',(-0.107218308560833,0.158400437537817,0.044411214653945));
#1314=CARTESIAN_POINT('',(-0.106917954984311,0.152478686567124,0.045137135454124));
#1315=CARTESIAN_POINT('',(-0.100697305063581,0.140621660484781,0.044263062467101));
#1316=CARTESIAN_POINT('',(-0.081519910539389,0.136267869448285,0.036944706527743));
#1317=CARTESIAN_POINT('',(-0.0669093169024,0.148535038875979,0.029131301346337));
#1318=CARTESIAN_POINT('',(-0.067943921542035,0.168250222666102,0.026728855154442));
#1319=CARTESIAN_POINT('',(-0.083754485871937,0.180566017157856,0.031509324116973));
#1320=CARTESIAN_POINT('',(-0.102499426522714,0.176152166308937,0.039907537666029));
#1321=CARTESIAN_POINT('',(-0.107518662137355,0.16432218850851,0.043685293853766));
#1322=CARTESIAN_POINT('',(-0.107218308560833,0.158400437537817,0.044411214653945));
#1323=CARTESIAN_POINT('',(-0.064475216655122,0.165000437537939,0.096493876307773));
#1324=CARTESIAN_POINT('',(-0.063822181793318,0.159078686567262,0.096930589888345));
#1325=CARTESIAN_POINT('',(-0.05913550934088,0.147221660484959,0.092747816826435));
#1326=CARTESIAN_POINT('',(-0.047255949249939,0.142867869448453,0.076008436668291));
#1327=CARTESIAN_POINT('',(-0.039448579951019,0.155135038876133,0.061394616747122));
#1328=CARTESIAN_POINT('',(-0.041643549868297,0.174850222666203,0.059971851284198));
#1329=CARTESIAN_POINT('',(-0.052133667421226,0.187166017157913,0.072730544894304));
#1330=CARTESIAN_POINT('',(-0.0630537185117,0.182752166309021,0.090127535343001));
#1331=CARTESIAN_POINT('',(-0.065128251516925,0.170922188508616,0.0960571627272));
#1332=CARTESIAN_POINT('',(-0.064475216655122,0.165000437537939,0.096493876307773));
#1333=CARTESIAN_POINT('',(-0.000000058041281,0.171600437537876,0.116052236964404));
#1334=CARTESIAN_POINT('',(0.000785545666903,0.165678686567191,0.116052544305366));
#1335=CARTESIAN_POINT('',(0.002358547187474,0.153821660484867,0.109970919906827));
#1336=CARTESIAN_POINT('',(0.002936139072377,0.149467869448366,0.089452704027674));
#1337=CARTESIAN_POINT('',(0.0013087260559,0.161735038876053,0.072964214878725));
#1338=CARTESIAN_POINT('',(-0.001306770864713,0.181450222666151,0.073000688578175));
#1339=CARTESIAN_POINT('',(-0.002940634455014,0.193766017157884,0.089437151648223));
#1340=CARTESIAN_POINT('',(-0.002355075061627,0.189352166308978,0.109969075861056));
#1341=CARTESIAN_POINT('',(-0.000785661749464,0.177522188508561,0.116051929623443));
#1342=CARTESIAN_POINT('',(-0.000000058041281,0.171600437537876,0.116052236964404));
#1343=CARTESIAN_POINT('',(0.064475120129928,0.178200437537909,0.096493940760015));
#1344=CARTESIAN_POINT('',(0.065128496490422,0.172278686567228,0.096057738269224));
#1345=CARTESIAN_POINT('',(0.063057629967346,0.160421660484915,0.090127139565255));
#1346=CARTESIAN_POINT('',(0.052138570083088,0.15606786944841,0.072745973696541));
#1347=CARTESIAN_POINT('',(0.041624911849158,0.168335038876095,0.059940438239301));
#1348=CARTESIAN_POINT('',(0.039470469335456,0.188050222666178,0.061423857248125));
#1349=CARTESIAN_POINT('',(0.047243571036025,0.200366017157898,0.075998002805202));
#1350=CARTESIAN_POINT('',(0.059137371804385,0.195952166309,0.092744354510001));
#1351=CARTESIAN_POINT('',(0.063821743769435,0.18412218850859,0.096930143250806));
#1352=CARTESIAN_POINT('',(0.064475120129928,0.178200437537909,0.096493940760015));
#1353=CARTESIAN_POINT('',(0.107218264142679,0.184800437537892,0.044411322004526));
#1354=CARTESIAN_POINT('',(0.107519185612452,0.178878686567209,0.0436856364326));
#1355=CARTESIAN_POINT('',(0.102502458933341,0.16702166048489,0.039905035624693));
#1356=CARTESIAN_POINT('',(0.083767134095003,0.162667869448387,0.031519429024338));
#1357=CARTESIAN_POINT('',(0.067910972456473,0.174935038876073,0.026713090975812));
#1358=CARTESIAN_POINT('',(0.066943762425807,0.194650222666164,0.029143452928557));
#1359=CARTESIAN_POINT('',(0.081503821702575,0.206966017157891,0.03694290816184));
#1360=CARTESIAN_POINT('',(0.100696930114705,0.202552166308989,0.04425914905625));
#1361=CARTESIAN_POINT('',(0.106917342672907,0.190722188508575,0.045137007576452));
#1362=CARTESIAN_POINT('',(0.107218264142679,0.184800437537892,0.044411322004526));
#1363=CARTESIAN_POINT('',(0.113822337339281,0.1914004375379,-0.022640611357379));
#1364=CARTESIAN_POINT('',(0.113669375094263,0.185478686567218,-0.023411179871387));
#1365=CARTESIAN_POINT('',(0.107397730014647,0.173621660484903,-0.023767490548545));
#1366=CARTESIAN_POINT('',(0.087161083275354,0.169267869448399,-0.020331078826806));
#1367=CARTESIAN_POINT('',(0.071306908324106,0.181535038876085,-0.015518191434716));
#1368=CARTESIAN_POINT('',(0.071852939320157,0.201250222666171,-0.012960066212794));
#1369=CARTESIAN_POINT('',(0.088292331373149,0.213566017157895,-0.014564191724869));
#1370=CARTESIAN_POINT('',(0.108315503484756,0.209152166308995,-0.019144079464497));
#1371=CARTESIAN_POINT('',(0.113975299584299,0.197322188508582,-0.021870042843371));
#1372=CARTESIAN_POINT('',(0.113822337339281,0.1914004375379,-0.022640611357379));
#1373=CARTESIAN_POINT('',(0.082061364368739,0.198000437537896,-0.082061282702784));
#1374=CARTESIAN_POINT('',(0.081506075982514,0.192078686567213,-0.082617005732724));
#1375=CARTESIAN_POINT('',(0.076093438115123,0.180221660484896,-0.079428927917281));
#1376=CARTESIAN_POINT('',(0.061176449449679,0.175867869448393,-0.065328777463553));
#1377=CARTESIAN_POINT('',(0.050668081781639,0.188135038876078,-0.052518900199641));
#1378=CARTESIAN_POINT('',(0.05254330820865,0.207850222666168,-0.050695255398622));
#1379=CARTESIAN_POINT('',(0.065320958662936,0.220166017157893,-0.061162273875755));
#1380=CARTESIAN_POINT('',(0.079425168432478,0.215752166308992,-0.076094589737643));
#1381=CARTESIAN_POINT('',(0.082616652754965,0.203922188508579,-0.081505559672845));
#1382=CARTESIAN_POINT('',(0.082061364368739,0.198000437537896,-0.082061282702784));
#1383=CARTESIAN_POINT('',(0.022640726035306,0.204600437537898,-0.113822314487811));
#1384=CARTESIAN_POINT('',(0.02187027744039,0.198678686567216,-0.11397587960885));
#1385=CARTESIAN_POINT('',(0.019141034585463,0.1868216604849,-0.108317989297643));
#1386=CARTESIAN_POINT('',(0.014571635496847,0.182467869448396,-0.088306707770913));
#1387=CARTESIAN_POINT('',(0.012951033481529,0.194735038876082,-0.071817547770147));
#1388=CARTESIAN_POINT('',(0.015523389999009,0.214450222666169,-0.071343062483163));
#1389=CARTESIAN_POINT('',(0.020332454364606,0.226766017157894,-0.087144952547206));
#1390=CARTESIAN_POINT('',(0.023763726154956,0.222352166308993,-0.107396598571405));
#1391=CARTESIAN_POINT('',(0.023411174630221,0.21052218850858,-0.113668749366771));
#1392=CARTESIAN_POINT('',(0.022640726035306,0.204600437537898,-0.113822314487811));
#1393=CARTESIAN_POINT('',(-0.044411216354703,0.211200437537897,-0.107218308648798));
#1394=CARTESIAN_POINT('',(-0.045137137154468,0.205278686567215,-0.106917955061629));
#1395=CARTESIAN_POINT('',(-0.044263064058061,0.193421660484898,-0.100697305118672));
#1396=CARTESIAN_POINT('',(-0.036944707858085,0.189067869448395,-0.081519910562429));
#1397=CARTESIAN_POINT('',(-0.029131302489175,0.20133503887608,-0.066909316937264));
#1398=CARTESIAN_POINT('',(-0.026728856234577,0.221050222666169,-0.067943921615839));
#1399=CARTESIAN_POINT('',(-0.031509325465439,0.233366017157893,-0.083754485975261));
#1400=CARTESIAN_POINT('',(-0.039907539259468,0.228952166308993,-0.102499426641681));
#1401=CARTESIAN_POINT('',(-0.043685295554937,0.21712218850858,-0.107518662235966));
#1402=CARTESIAN_POINT('',(-0.044411216354703,0.211200437537897,-0.107218308648798));
#1403=CARTESIAN_POINT('',(-0.096493873167597,0.217800437537898,-0.064475216654467));
#1404=CARTESIAN_POINT('',(-0.096930586750503,0.211878686567215,-0.063822181811895));
#1405=CARTESIAN_POINT('',(-0.092747813896206,0.200021660484899,-0.05913550939107));
#1406=CARTESIAN_POINT('',(-0.076008434215102,0.195667869448396,-0.047255949330766));
#1407=CARTESIAN_POINT('',(-0.061394614631172,0.207935038876081,-0.039448579985951));
#1408=CARTESIAN_POINT('',(-0.059971849286294,0.227650222666169,-0.041643549834073));
#1409=CARTESIAN_POINT('',(-0.072730542394271,0.239966017157893,-0.052133667356425));
#1410=CARTESIAN_POINT('',(-0.09012753239877,0.235552166308993,-0.063053718446507));
#1411=CARTESIAN_POINT('',(-0.096057159584691,0.22372218850858,-0.06512825149704));
#1412=CARTESIAN_POINT('',(-0.096493873167597,0.217800437537898,-0.064475216654467));
#1413=CARTESIAN_POINT('',(-0.116052242964205,0.224400437537897,-0.000000057954859));
#1414=CARTESIAN_POINT('',(-0.11605255029985,0.218478686567215,0.000785545789838));
#1415=CARTESIAN_POINT('',(-0.109970925501516,0.206621660484898,0.002358547365762));
#1416=CARTESIAN_POINT('',(-0.089452708713238,0.202267869448395,0.002936139293622));
#1417=CARTESIAN_POINT('',(-0.072964218924867,0.214535038876081,0.001308726176232));
#1418=CARTESIAN_POINT('',(-0.073000692397462,0.234250222666169,-0.001306770874832));
#1419=CARTESIAN_POINT('',(-0.089437156430606,0.246566017157894,-0.002940634510664));
#1420=CARTESIAN_POINT('',(-0.109969081487646,0.242152166308993,-0.002355075102419));
#1421=CARTESIAN_POINT('',(-0.11605193562856,0.23032218850858,-0.000785661699556));
#1422=CARTESIAN_POINT('',(-0.116052242964205,0.224400437537897,-0.000000057954859));
#1423=CARTESIAN_POINT('',(-0.096493929187014,0.231000437537897,0.064475119917271));
#1424=CARTESIAN_POINT('',(-0.096057726706934,0.225078686567215,0.065128496207451));
#1425=CARTESIAN_POINT('',(-0.090127128775799,0.213221660484898,0.063057629580177));
#1426=CARTESIAN_POINT('',(-0.072745964659418,0.208867869448395,0.052138569621365));
#1427=CARTESIAN_POINT('',(-0.059940430432945,0.22113503887608,0.04162491158922));
#1428=CARTESIAN_POINT('',(-0.061423849880065,0.240850222666169,0.039470469326042));
#1429=CARTESIAN_POINT('',(-0.075997993577443,0.253166017157893,0.047243571107776));
#1430=CARTESIAN_POINT('',(-0.092744343656279,0.248752166308992,0.059137371839099));
#1431=CARTESIAN_POINT('',(-0.096930131667094,0.23692218850858,0.063821743627091));
#1432=CARTESIAN_POINT('',(-0.096493929187014,0.231000437537897,0.064475119917271));
#1433=CARTESIAN_POINT('',(-0.044411344384956,0.237600437537897,0.107218264577868));
#1434=CARTESIAN_POINT('',(-0.043685658792073,0.231678686567215,0.107519186183563));
#1435=CARTESIAN_POINT('',(-0.03990505648872,0.219821660484899,0.102502459704734));
#1436=CARTESIAN_POINT('',(-0.031519446500328,0.215467869448395,0.083767135006029));
#1437=CARTESIAN_POINT('',(-0.026713106073037,0.22773503887608,0.067910972973251));
#1438=CARTESIAN_POINT('',(-0.029143467177818,0.247450222666169,0.06694376245902));
#1439=CARTESIAN_POINT('',(-0.036942926008553,0.259766017157893,0.081503821582135));
#1440=CARTESIAN_POINT('',(-0.044259170046016,0.255352166308993,0.100696930070568));
#1441=CARTESIAN_POINT('',(-0.045137029977838,0.243522188508579,0.106917342972174));
#1442=CARTESIAN_POINT('',(-0.044411344384956,0.237600437537897,0.107218264577868));
#1443=CARTESIAN_POINT('',(0.022640654667417,0.244200437537897,0.113822336484503));
#1444=CARTESIAN_POINT('',(0.023411223140732,0.238278686567215,0.113669373976468));
#1445=CARTESIAN_POINT('',(0.023767530923422,0.226421660484898,0.107397728509692));
#1446=CARTESIAN_POINT('',(0.020331112645669,0.222067869448395,0.087161081502974));
#1447=CARTESIAN_POINT('',(0.015518220650923,0.234335038876081,0.071306907317334));
#1448=CARTESIAN_POINT('',(0.012960093787893,0.254050222666169,0.071852939248094));
#1449=CARTESIAN_POINT('',(0.014564226262285,0.266366017157894,0.088292331596985));
#1450=CARTESIAN_POINT('',(0.01914412008353,0.261952166308993,0.108315503557903));
#1451=CARTESIAN_POINT('',(0.021870086194102,0.25012218850858,0.113975298992538));
#1452=CARTESIAN_POINT('',(0.022640654667417,0.244200437537897,0.113822336484503));
#1453=CARTESIAN_POINT('',(0.082061198875305,0.250800437537897,0.082061366030392));
#1454=CARTESIAN_POINT('',(0.082616921984102,0.244878686567215,0.081506078153258));
#1455=CARTESIAN_POINT('',(0.079428849771332,0.233021660484899,0.07609344103539));
#1456=CARTESIAN_POINT('',(0.065328712006579,0.228667869448395,0.061176452885229));
#1457=CARTESIAN_POINT('',(0.05251884365091,0.240935038876081,0.050668083732815));
#1458=CARTESIAN_POINT('',(0.05069520202628,0.260650222666169,0.052543308352372));
#1459=CARTESIAN_POINT('',(0.061162207027262,0.272966017157893,0.065320958234226));
#1460=CARTESIAN_POINT('',(0.076094511118549,0.268552166308993,0.079425168298195));
#1461=CARTESIAN_POINT('',(0.081505475766508,0.256722188508579,0.082616653907526));
#1462=CARTESIAN_POINT('',(0.082061198875305,0.250800437537897,0.082061366030392));
#1463=CARTESIAN_POINT('',(0.113822476741857,0.257400437537897,0.022640722811461));
#1464=CARTESIAN_POINT('',(0.113976041710144,0.251478686567215,0.021870273231105));
#1465=CARTESIAN_POINT('',(0.108318140554099,0.239621660484898,0.019141028924684));
#1466=CARTESIAN_POINT('',(0.088306834467402,0.235267869448395,0.014571628842127));
#1467=CARTESIAN_POINT('',(0.071817657224267,0.24753503887608,0.012951029703929));
#1468=CARTESIAN_POINT('',(0.071343165789289,0.267250222666169,0.015523389716648));
#1469=CARTESIAN_POINT('',(0.087145081937943,0.279566017157893,0.020332455190669));
#1470=CARTESIAN_POINT('',(0.107396750744376,0.275152166308993,0.023763726406819));
#1471=CARTESIAN_POINT('',(0.11366891177357,0.26332218850858,0.023411172391817));
#1472=CARTESIAN_POINT('',(0.113822476741857,0.257400437537897,0.022640722811461));
#1473=CARTESIAN_POINT('',(0.107217994626982,0.264000437537897,-0.044411210079081));
#1474=CARTESIAN_POINT('',(0.106917641335852,0.258078686567215,-0.045137128971517));
#1475=CARTESIAN_POINT('',(0.100697012383238,0.246221660484899,-0.044263053065171));
#1476=CARTESIAN_POINT('',(0.081519665358268,0.241867869448395,-0.036944694952821));
#1477=CARTESIAN_POINT('',(0.066909105102242,0.254135038876081,-0.029131295164302));
#1478=CARTESIAN_POINT('',(0.067943721679434,0.273850222666169,-0.026728855666709));
#1479=CARTESIAN_POINT('',(0.083754235553584,0.286166017157893,-0.031509327041193));
#1480=CARTESIAN_POINT('',(0.102499132130019,0.281752166308992,-0.039907539710555));
#1481=CARTESIAN_POINT('',(0.107518347918112,0.26992218850858,-0.043685291186645));
#1482=CARTESIAN_POINT('',(0.107217994626982,0.264000437537897,-0.044411210079081));
#1483=CARTESIAN_POINT('',(0.064475824047161,0.270600437537897,-0.096493885630643));
#1484=CARTESIAN_POINT('',(0.063822788629125,0.264678686567215,-0.096930602903138));
#1485=CARTESIAN_POINT('',(0.059136075597768,0.252821660484898,-0.092747835475369));
#1486=CARTESIAN_POINT('',(0.047256423608426,0.248467869448395,-0.076008459420213));
#1487=CARTESIAN_POINT('',(0.039448989732465,0.26073503887608,-0.061394628972768));
#1488=CARTESIAN_POINT('',(0.041643936564327,0.280450222666169,-0.059971850584039));
#1489=CARTESIAN_POINT('',(0.052134151749292,0.292766017157893,-0.072730539580381));
#1490=CARTESIAN_POINT('',(0.063054288105985,0.288352166308993,-0.090127531840399));
#1491=CARTESIAN_POINT('',(0.065128859465197,0.27652218850858,-0.096057168358148));
#1492=CARTESIAN_POINT('',(0.064475824047161,0.270600437537897,-0.096493885630643));
#1493=CARTESIAN_POINT('',(-0.000001113374399,0.277200437537897,-0.116052215791175));
#1494=CARTESIAN_POINT('',(-0.000786715984147,0.271278686567215,-0.116052516010485));
#1495=CARTESIAN_POINT('',(-0.002359639160519,0.259421660484899,-0.10997088087393));
#1496=CARTESIAN_POINT('',(-0.002937053860802,0.255067869448395,-0.089452657720123));
#1497=CARTESIAN_POINT('',(-0.001309516414432,0.267335038876081,-0.072964189443336));
#1498=CARTESIAN_POINT('',(0.00130602503038,0.287050222666168,-0.073000687943322));
#1499=CARTESIAN_POINT('',(0.002939700229956,0.299366017157894,-0.089437159512142));
#1500=CARTESIAN_POINT('',(0.002353976497965,0.294952166308993,-0.109969079558072));
#1501=CARTESIAN_POINT('',(0.000784489235348,0.283122188508579,-0.116051915571866));
#1502=CARTESIAN_POINT('',(-0.000001113374399,0.277200437537897,-0.116052215791175));
#1503=CARTESIAN_POINT('',(-0.064472895556689,0.283800437537897,-0.096494011543922));
#1504=CARTESIAN_POINT('',(-0.065126274237317,0.277878686567215,-0.096057822580158));
#1505=CARTESIAN_POINT('',(-0.063055557224351,0.266021660484898,-0.090127242862513));
#1506=CARTESIAN_POINT('',(-0.05213683343663,0.261667869448395,-0.072746085017691));
#1507=CARTESIAN_POINT('',(-0.041623410459171,0.273935038876081,-0.059940504912446));
#1508=CARTESIAN_POINT('',(-0.039469052475858,0.293650222666169,-0.061423877558906));
#1509=CARTESIAN_POINT('',(-0.047241795567862,0.305966017157893,-0.075998011039554));
#1510=CARTESIAN_POINT('',(-0.05913528514058,0.301552166308993,-0.092744376645096));
#1511=CARTESIAN_POINT('',(-0.06381951687606,0.28972218850858,-0.096930200507685));
#1512=CARTESIAN_POINT('',(-0.064472895556689,0.283800437537897,-0.096494011543922));
#1513=CARTESIAN_POINT('',(-0.107222144827797,0.290400437537897,-0.044410893594088));
#1514=CARTESIAN_POINT('',(-0.107523059996508,0.284478686567214,-0.043685184450761));
#1515=CARTESIAN_POINT('',(-0.102506065886796,0.272621660484898,-0.039904565671433));
#1516=CARTESIAN_POINT('',(-0.083770157527087,0.268267869448395,-0.031519000748948));
#1517=CARTESIAN_POINT('',(-0.067913595045819,0.28053503887608,-0.026712787477515));
#1518=CARTESIAN_POINT('',(-0.066946238689066,0.300250222666168,-0.029143226328537));
#1519=CARTESIAN_POINT('',(-0.081506931112233,0.312566017157893,-0.036942660593878));
#1520=CARTESIAN_POINT('',(-0.100700574874533,0.308152166308992,-0.044258820531394));
#1521=CARTESIAN_POINT('',(-0.106921229659087,0.296322188508579,-0.045136602737415));
#1522=CARTESIAN_POINT('',(-0.107222144827797,0.290400437537897,-0.044410893594088));
#1523=CARTESIAN_POINT('',(-0.113820994878623,0.297000437537898,0.022636795340987));
#1524=CARTESIAN_POINT('',(-0.113668061021295,0.291078686567215,0.023407356564236));
#1525=CARTESIAN_POINT('',(-0.10739658038674,0.279221660484898,0.023763855485065));
#1526=CARTESIAN_POINT('',(-0.087160114106713,0.274867869448396,0.020328105272282));
#1527=CARTESIAN_POINT('',(-0.071305972838895,0.287135038876081,0.015515791387659));
#1528=CARTESIAN_POINT('',(-0.071852030037327,0.306850222666169,0.012957681539212));
#1529=CARTESIAN_POINT('',(-0.088291121923346,0.319166017157893,0.014561277804915));
#1530=CARTESIAN_POINT('',(-0.108314183530709,0.314752166308993,0.019140488145571));
#1531=CARTESIAN_POINT('',(-0.113973928735952,0.30292218850858,0.021866234117738));
#1532=CARTESIAN_POINT('',(-0.113820994878623,0.297000437537898,0.022636795340987));
#1533=CARTESIAN_POINT('',(-0.082061180816431,0.303600437537897,0.082063128434946));
#1534=CARTESIAN_POINT('',(-0.081505879102182,0.297678686567215,0.082618849986471));
#1535=CARTESIAN_POINT('',(-0.07609321416839,0.285821660484898,0.079430675107121));
#1536=CARTESIAN_POINT('',(-0.0611762692038,0.281467869448395,0.065330192233345));
#1537=CARTESIAN_POINT('',(-0.050667979444505,0.293735038876081,0.052520042652726));
#1538=CARTESIAN_POINT('',(-0.052543219193772,0.313450222666169,0.05069641635133));
#1539=CARTESIAN_POINT('',(-0.065320885061,0.325766017157893,0.061163695731542));
#1540=CARTESIAN_POINT('',(-0.079425024453885,0.321352166308992,0.07609634579797));
#1541=CARTESIAN_POINT('',(-0.08261648253068,0.309522188508579,0.081507406883421));
#1542=CARTESIAN_POINT('',(-0.082061180816431,0.303600437537897,0.082063128434946));
#1543=CARTESIAN_POINT('',(-0.022641066793001,0.310200437537898,0.113821412023873));
#1544=CARTESIAN_POINT('',(-0.021870624731921,0.304278686567215,0.113974979437371));
#1545=CARTESIAN_POINT('',(-0.019141381366178,0.292421660484898,0.108317138300545));
#1546=CARTESIAN_POINT('',(-0.014571917776685,0.288067869448395,0.088306023480115));
#1547=CARTESIAN_POINT('',(-0.012951244491246,0.300335038876081,0.071816996676024));
#1548=CARTESIAN_POINT('',(-0.015523591866572,0.320050222666169,0.071342492806484));
#1549=CARTESIAN_POINT('',(-0.020332685065227,0.332366017157893,0.087144253993166));
#1550=CARTESIAN_POINT('',(-0.023764033732658,0.327952166308993,0.107395733819555));
#1551=CARTESIAN_POINT('',(-0.023411508854081,0.31612218850858,0.113667844610374));
#1552=CARTESIAN_POINT('',(-0.022641066793001,0.310200437537898,0.113821412023873));
#1553=CARTESIAN_POINT('',(0.044411717355468,0.316800437537897,0.107218697167457));
#1554=CARTESIAN_POINT('',(0.045137641059276,0.310878686567215,0.106918340323033));
#1555=CARTESIAN_POINT('',(0.044263549497121,0.299021660484898,0.100697666527111));
#1556=CARTESIAN_POINT('',(0.036945102567433,0.294667869448395,0.081520194643833));
#1557=CARTESIAN_POINT('',(0.02913161680862,0.30693503887608,0.066909543467487));
#1558=CARTESIAN_POINT('',(0.026729166039427,0.326650222666169,0.067944169762725));
#1559=CARTESIAN_POINT('',(0.031509697481525,0.338966017157894,0.083754791776593));
#1560=CARTESIAN_POINT('',(0.039908007274272,0.334552166308992,0.102499807593656));
#1561=CARTESIAN_POINT('',(0.04368579365166,0.322722188508579,0.107519054011881));
#1562=CARTESIAN_POINT('',(0.044411717355468,0.316800437537897,0.107218697167457));
#1563=CARTESIAN_POINT('',(0.096493001498052,0.323400437537897,0.064475164321957));
#1564=CARTESIAN_POINT('',(0.096929714500843,0.317478686567215,0.063822135081197));
#1565=CARTESIAN_POINT('',(0.092746985707307,0.305621660484898,0.059135472194408));
#1566=CARTESIAN_POINT('',(0.076007760900373,0.301267869448395,0.047255934737506));
#1567=CARTESIAN_POINT('',(0.061394064746992,0.313535038876081,0.039448572972267));
#1568=CARTESIAN_POINT('',(0.059971301565859,0.333250222666169,0.04164350970518));
#1569=CARTESIAN_POINT('',(0.072729873056346,0.345566017157893,0.052133614222463));
#1570=CARTESIAN_POINT('',(0.090126707690561,0.341152166308993,0.063053647638969));
#1571=CARTESIAN_POINT('',(0.096056288495261,0.32932218850858,0.065128193562717));
#1572=CARTESIAN_POINT('',(0.096493001498052,0.323400437537897,0.064475164321957));
#1573=CARTESIAN_POINT('',(0.116053872342963,0.330000437537897,-0.000000201077083));
#1574=CARTESIAN_POINT('',(0.11605417816967,0.324078686567215,-0.000785815244798));
#1575=CARTESIAN_POINT('',(0.109972463698569,0.312221660484898,-0.00235881642605));
#1576=CARTESIAN_POINT('',(0.089453959964671,0.307867869448395,-0.002936386363677));
#1577=CARTESIAN_POINT('',(0.072965249941085,0.32013503887608,-0.00130893396206));
#1578=CARTESIAN_POINT('',(0.073001721447082,0.339850222666169,0.001306621881072));
#1579=CARTESIAN_POINT('',(0.089438421110071,0.352166017157894,0.002940459979423));
#1580=CARTESIAN_POINT('',(0.109970628738326,0.347752166308992,0.002354868580237));
#1581=CARTESIAN_POINT('',(0.116053566516256,0.335922188508579,0.000785413090631));
#1582=CARTESIAN_POINT('',(0.116053872342963,0.330000437537897,-0.000000201077083));
#1583=CARTESIAN_POINT('',(0.096490857428455,0.336600437537898,-0.064474443093002));
#1584=CARTESIAN_POINT('',(0.096054659222623,0.330678686567215,-0.065127799806245));
#1585=CARTESIAN_POINT('',(0.09012423522892,0.318821660484899,-0.06305694375935));
#1586=CARTESIAN_POINT('',(0.07274360888636,0.314467869448395,-0.052137958928858));
#1587=CARTESIAN_POINT('',(0.059938481780193,0.326735038876081,-0.04162440335368));
#1588=CARTESIAN_POINT('',(0.061421906594028,0.346450222666169,-0.039470070105131));
#1589=CARTESIAN_POINT('',(0.0759956003343,0.358766017157893,-0.047243097150534));
#1590=CARTESIAN_POINT('',(0.092741424463916,0.354352166308993,-0.059136803479889));
#1591=CARTESIAN_POINT('',(0.096927055634288,0.34252218850858,-0.063821086379758));
#1592=CARTESIAN_POINT('',(0.096490857428455,0.336600437537898,-0.064474443093002));
#1593=CARTESIAN_POINT('',(0.044416742212414,0.343200437537897,-0.107219554717986));
#1594=CARTESIAN_POINT('',(0.043691048221478,0.337278686567215,-0.107520510478065));
#1595=CARTESIAN_POINT('',(0.039910134882002,0.325421660484897,-0.102503758350634));
#1596=CARTESIAN_POINT('',(0.031523586727203,0.321067869448395,-0.083768286486242));
#1597=CARTESIAN_POINT('',(0.026716542883897,0.33333503887608,-0.067911931625482));
#1598=CARTESIAN_POINT('',(0.029146885318994,0.353050222666168,-0.066944527915781));
#1599=CARTESIAN_POINT('',(0.036947141619029,0.365366017157893,-0.081504734912597));
#1600=CARTESIAN_POINT('',(0.044264298827616,0.360952166308992,-0.100698023790159));
#1601=CARTESIAN_POINT('',(0.04514243620335,0.349122188508579,-0.106918598957907));
#1602=CARTESIAN_POINT('',(0.044416742212414,0.343200437537897,-0.107219554717986));
#1603=CARTESIAN_POINT('',(-0.022645659400138,0.349800437537897,-0.113822991844861));
#1604=CARTESIAN_POINT('',(-0.023416231289872,0.343878686567215,-0.113669997321075));
#1605=CARTESIAN_POINT('',(-0.023772261656572,0.332021660484899,-0.107398266139521));
#1606=CARTESIAN_POINT('',(-0.020335006332745,0.327667869448395,-0.08716145198629));
#1607=CARTESIAN_POINT('',(-0.015521461158765,0.339935038876082,-0.071307231966367));
#1608=CARTESIAN_POINT('',(-0.012963248114587,0.359650222666169,-0.071853401764643));
#1609=CARTESIAN_POINT('',(-0.014568112384606,0.371966017157894,-0.088292936066461));
#1610=CARTESIAN_POINT('',(-0.019148830318169,0.367552166308993,-0.108316233282234));
#1611=CARTESIAN_POINT('',(-0.021875087510404,0.35572218850858,-0.113975986368646));
#1612=CARTESIAN_POINT('',(-0.022645659400138,0.349800437537897,-0.113822991844861));
#1613=CARTESIAN_POINT('',(-0.082055357579253,0.356400437537897,-0.08206668321149));
#1614=CARTESIAN_POINT('',(-0.08261111735318,0.350478686567214,-0.081511433203325));
#1615=CARTESIAN_POINT('',(-0.079423442038759,0.338621660484898,-0.076098580166686));
#1616=CARTESIAN_POINT('',(-0.065324328367127,0.334267869448395,-0.06118070797085));
#1617=CARTESIAN_POINT('',(-0.052515160750251,0.34653503887608,-0.050671527788229));
#1618=CARTESIAN_POINT('',(-0.050691456891038,0.366250222666169,-0.052546593818432));
#1619=CARTESIAN_POINT('',(-0.061157534569416,0.378566017157893,-0.065324935952784));
#1620=CARTESIAN_POINT('',(-0.076088883395197,0.374152166308993,-0.079430080215675));
#1621=CARTESIAN_POINT('',(-0.081499597805326,0.362322188508579,-0.082621933219655));
#1622=CARTESIAN_POINT('',(-0.082055357579253,0.356400437537897,-0.08206668321149));
#1623=CARTESIAN_POINT('',(-0.113827286905941,0.363000437537897,-0.022631488722868));
#1624=CARTESIAN_POINT('',(-0.113980789661175,0.357078686567215,-0.021861009162369));
#1625=CARTESIAN_POINT('',(-0.108322498801644,0.345221660484899,-0.019132217192961));
#1626=CARTESIAN_POINT('',(-0.088310322369264,0.340867869448395,-0.014564367610721));
#1627=CARTESIAN_POINT('',(-0.071820642382075,0.353135038876081,-0.012945077200948));
#1628=CARTESIAN_POINT('',(-0.071346304837994,0.372850222666169,-0.015517619581335));
#1629=CARTESIAN_POINT('',(-0.087149049488055,0.385166017157893,-0.020325400627757));
#1630=CARTESIAN_POINT('',(-0.107401482270241,0.380752166308993,-0.023755094555951));
#1631=CARTESIAN_POINT('',(-0.113673784150707,0.368922188508579,-0.023401968283366));
#1632=CARTESIAN_POINT('',(-0.113827286905941,0.363000437537897,-0.022631488722868));
#1633=CARTESIAN_POINT('',(-0.10829860650687,0.368500437537898,0.033222041395759));
#1634=CARTESIAN_POINT('',(-0.108074000693116,0.362578686567215,0.033955251585157));
#1635=CARTESIAN_POINT('',(-0.101948447595726,0.350721660484898,0.033682248790717));
#1636=CARTESIAN_POINT('',(-0.082635648499266,0.346367869448395,0.028347418011857));
#1637=CARTESIAN_POINT('',(-0.067714502652059,0.358635038876081,0.022108473285703));
#1638=CARTESIAN_POINT('',(-0.068497445401397,0.378350222666169,0.019678301998959));
#1639=CARTESIAN_POINT('',(-0.08430341852367,0.390666017157894,0.022858751681897));
#1640=CARTESIAN_POINT('',(-0.10329608247825,0.386252166308993,0.029282987654334));
#1641=CARTESIAN_POINT('',(-0.108523212320624,0.37442218850858,0.032488831206362));
#1642=CARTESIAN_POINT('',(-0.10829860650687,0.368500437537898,0.033222041395759));
#1643=CARTESIAN_POINT('',(-0.085861520160368,0.372900437537896,0.07046930984704));
#1644=CARTESIAN_POINT('',(-0.085384711435461,0.366978686567214,0.071050720488951));
#1645=CARTESIAN_POINT('',(-0.079929996982359,0.355121660484898,0.068521545990246));
#1646=CARTESIAN_POINT('',(-0.064398929049228,0.350767869448395,0.056489910626801));
#1647=CARTESIAN_POINT('',(-0.05318825707103,0.36303503887608,0.045273845945909));
#1648=CARTESIAN_POINT('',(-0.054803240550795,0.382750222666168,0.043360764238173));
#1649=CARTESIAN_POINT('',(-0.067955978990436,0.395066017157893,0.052132607745182));
#1650=CARTESIAN_POINT('',(-0.082790849331805,0.390652166308993,0.065033082138778));
#1651=CARTESIAN_POINT('',(-0.086338328885276,0.378822188508579,0.069887899205128));
#1652=CARTESIAN_POINT('',(-0.085861520160368,0.372900437537896,0.07046930984704));
#1653=CARTESIAN_POINT('',(-0.053719887306909,0.377300437537898,0.099734705221559));
#1654=CARTESIAN_POINT('',(-0.053044886657472,0.371378686567216,0.100098628852659));
#1655=CARTESIAN_POINT('',(-0.048877977889641,0.359521660484899,0.095600340680056));
#1656=CARTESIAN_POINT('',(-0.038883718676427,0.355167869448395,0.078234282379212));
#1657=CARTESIAN_POINT('',(-0.032649674415339,0.367435038876081,0.063310648497226));
#1658=CARTESIAN_POINT('',(-0.03491454176227,0.387150222666169,0.062131500158632));
#1659=CARTESIAN_POINT('',(-0.043926920021252,0.399466017157895,0.075500483436229));
#1660=CARTESIAN_POINT('',(-0.052927981786262,0.395052166308993,0.093416798893461));
#1661=CARTESIAN_POINT('',(-0.054394887956346,0.38322218850858,0.09937078159046));
#1662=CARTESIAN_POINT('',(-0.053719887306909,0.377300437537898,0.099734705221559));
#1663=CARTESIAN_POINT('',(-0.000005655303384,0.382800437537897,0.11606347831137));
#1664=CARTESIAN_POINT('',(0.000780025349864,0.376878686567214,0.116063818948657));
#1665=CARTESIAN_POINT('',(0.002353511392554,0.365021660484898,0.109981630012067));
#1666=CARTESIAN_POINT('',(0.002932073954545,0.360667869448395,0.089461540916409));
#1667=CARTESIAN_POINT('',(0.00130517402266,0.37293503887608,0.072971471045972));
#1668=CARTESIAN_POINT('',(-0.001310442472383,0.392650222666168,0.073007718960477));
#1669=CARTESIAN_POINT('',(-0.002945309623332,0.404966017157893,0.089445762554222));
#1670=CARTESIAN_POINT('',(-0.00236057252693,0.400552166308992,0.109979586188347));
#1671=CARTESIAN_POINT('',(-0.000791335956631,0.388722188508579,0.116063137674083));
#1672=CARTESIAN_POINT('',(-0.000005655303384,0.382800437537897,0.11606347831137));
#1673=CARTESIAN_POINT('',(0.064477925484369,0.389400437537897,0.096488301365701));
#1674=CARTESIAN_POINT('',(0.065131263200998,0.383478686567215,0.09605208206939));
#1675=CARTESIAN_POINT('',(0.063060153948383,0.371621660484898,0.090121764883273));
#1676=CARTESIAN_POINT('',(0.0521406070071,0.367267869448396,0.072741541792671));
#1677=CARTESIAN_POINT('',(0.041626690144239,0.379535038876081,0.059936803207145));
#1678=CARTESIAN_POINT('',(0.039472309360862,0.399250222666169,0.06142033116812));
#1679=CARTESIAN_POINT('',(0.047245913840811,0.411566017157894,0.075993686079426));
#1680=CARTESIAN_POINT('',(0.059140127648606,0.407152166308992,0.092739080661137));
#1681=CARTESIAN_POINT('',(0.063824587767739,0.39532218850858,0.096924520662012));
#1682=CARTESIAN_POINT('',(0.064477925484369,0.389400437537897,0.096488301365701));
#1683=CARTESIAN_POINT('',(0.107216823558688,0.396000437537897,0.0444142188324));
#1684=CARTESIAN_POINT('',(0.107517764901441,0.390078686567214,0.043688541945317));
#1685=CARTESIAN_POINT('',(0.102501162819613,0.378221660484898,0.039907797337091));
#1686=CARTESIAN_POINT('',(0.083766088297136,0.373867869448395,0.031521705012914));
#1687=CARTESIAN_POINT('',(0.067910060124786,0.38613503887608,0.026714955766403));
#1688=CARTESIAN_POINT('',(0.0669428176436,0.405850222666168,0.029145263796833));
#1689=CARTESIAN_POINT('',(0.08150261882029,0.418166017157893,0.03694512409378));
#1690=CARTESIAN_POINT('',(0.1006955147631,0.413752166308993,0.044261858659586));
#1691=CARTESIAN_POINT('',(0.106915882215936,0.401922188508579,0.045139895719483));
#1692=CARTESIAN_POINT('',(0.107216823558688,0.396000437537897,0.0444142188324));
#1693=CARTESIAN_POINT('',(0.113823080615176,0.402600437537897,-0.022642106518167));
#1694=CARTESIAN_POINT('',(0.113670108100745,0.396678686567215,-0.02341267954233));
#1695=CARTESIAN_POINT('',(0.107398398755576,0.384821660484898,-0.023768916429389));
#1696=CARTESIAN_POINT('',(0.087161622761396,0.380467869448395,-0.020332253239927));
#1697=CARTESIAN_POINT('',(0.071307378607014,0.392735038876081,-0.015519152618793));
#1698=CARTESIAN_POINT('',(0.071853426737351,0.412450222666169,-0.01296100065707));
#1699=CARTESIAN_POINT('',(0.088292951919345,0.424766017157893,-0.014565334666309));
#1700=CARTESIAN_POINT('',(0.108316233842158,0.420352166308993,-0.019145478284409));
#1701=CARTESIAN_POINT('',(0.113976053129606,0.40852218850858,-0.021871533494003));
#1702=CARTESIAN_POINT('',(0.113823080615176,0.402600437537897,-0.022642106518167));
#1703=CARTESIAN_POINT('',(0.082060980726868,0.409200437537896,-0.082060510262305));
#1704=CARTESIAN_POINT('',(0.08150569765248,0.403278686567214,-0.082616230948773));
#1705=CARTESIAN_POINT('',(0.076093092949288,0.391421660484898,-0.079428191027648));
#1706=CARTESIAN_POINT('',(0.061176171057892,0.387067869448395,-0.065328170900652));
#1707=CARTESIAN_POINT('',(0.050667839286907,0.39933503887608,-0.052518404324402));
#1708=CARTESIAN_POINT('',(0.052543056649242,0.419050222666169,-0.05069477275048));
#1709=CARTESIAN_POINT('',(0.065320638405146,0.431366017157893,-0.061161683815136));
#1710=CARTESIAN_POINT('',(0.07942479139561,0.426952166308993,-0.076093866908841));
#1711=CARTESIAN_POINT('',(0.082616263801255,0.415122188508579,-0.081504789575837));
#1712=CARTESIAN_POINT('',(0.082060980726868,0.409200437537896,-0.082060510262305));
#1713=CARTESIAN_POINT('',(0.02264092364813,0.415800437537897,-0.113822713622162));
#1714=CARTESIAN_POINT('',(0.021870472305447,0.409878686567215,-0.113976279958599));
#1715=CARTESIAN_POINT('',(0.019141212362521,0.398021660484899,-0.108318370183244));
#1716=CARTESIAN_POINT('',(0.014571778837527,0.393667869448395,-0.088307021091458));
#1717=CARTESIAN_POINT('',(0.01295115824291,0.405935038876081,-0.071817803622507));
#1718=CARTESIAN_POINT('',(0.015523519573744,0.425650222666168,-0.071343311822132));
#1719=CARTESIAN_POINT('',(0.020332619325196,0.437966017157894,-0.087145257231591));
#1720=CARTESIAN_POINT('',(0.023763920418618,0.433552166308993,-0.107396972164621));
#1721=CARTESIAN_POINT('',(0.023411374990813,0.42172218850858,-0.113669147285725));
#1722=CARTESIAN_POINT('',(0.02264092364813,0.415800437537897,-0.113822713622162));
#1723=CARTESIAN_POINT('',(-0.044411317291263,0.422400437537896,-0.107218102412294));
#1724=CARTESIAN_POINT('',(-0.045137236670303,0.416478686567214,-0.106917748199859));
#1725=CARTESIAN_POINT('',(-0.044263154826209,0.404621660484898,-0.100697108260891));
#1726=CARTESIAN_POINT('',(-0.036944780995465,0.400267869448395,-0.081519748742282));
#1727=CARTESIAN_POINT('',(-0.029131366099875,0.41253503887608,-0.066909184943911));
#1728=CARTESIAN_POINT('',(-0.026728922433375,0.432250222666169,-0.067943792799721));
#1729=CARTESIAN_POINT('',(-0.031509409753935,0.444566017157893,-0.083754328636465));
#1730=CARTESIAN_POINT('',(-0.039907638551969,0.440152166308993,-0.102499233535502));
#1731=CARTESIAN_POINT('',(-0.043685397912223,0.428322188508579,-0.107518456624729));
#1732=CARTESIAN_POINT('',(-0.044411317291263,0.422400437537896,-0.107218102412294));
#1733=CARTESIAN_POINT('',(-0.096493823275514,0.429000437537897,-0.064475323195911));
#1734=CARTESIAN_POINT('',(-0.096930537591531,0.423078686567215,-0.063822288664992));
#1735=CARTESIAN_POINT('',(-0.092747769104253,0.411221660484899,-0.059135611087993));
#1736=CARTESIAN_POINT('',(-0.076008398198401,0.406867869448396,-0.047256032844937));
#1737=CARTESIAN_POINT('',(-0.061394583323474,0.419135038876081,-0.039448648046078));
#1738=CARTESIAN_POINT('',(-0.059971816525365,0.438850222666169,-0.041643616387437));
#1739=CARTESIAN_POINT('',(-0.072730500653125,0.451166017157893,-0.052133748620769));
#1740=CARTESIAN_POINT('',(-0.090127483208154,0.446752166308993,-0.06305381827351));
#1741=CARTESIAN_POINT('',(-0.096057108959498,0.434922188508579,-0.065128357726831));
#1742=CARTESIAN_POINT('',(-0.096493823275514,0.429000437537897,-0.064475323195911));
#1743=CARTESIAN_POINT('',(-0.116052264365761,0.435600437537897,-2.962526E-009));
#1744=CARTESIAN_POINT('',(-0.116052571326013,0.429678686567214,0.000785600917833));
#1745=CARTESIAN_POINT('',(-0.109970944564565,0.417821660484897,0.002358599806933));
#1746=CARTESIAN_POINT('',(-0.089452723900493,0.413467869448395,0.002936182275853));
#1747=CARTESIAN_POINT('',(-0.072964232130167,0.42573503887608,0.001308761205192));
#1748=CARTESIAN_POINT('',(-0.073000706535913,0.445450222666169,-0.001306736484836));
#1749=CARTESIAN_POINT('',(-0.089437174503906,0.457766017157893,-0.002940592509376));
#1750=CARTESIAN_POINT('',(-0.10996910280305,0.453352166308992,-0.002355023475221));
#1751=CARTESIAN_POINT('',(-0.116051957405508,0.441522188508579,-0.000785606842885));
#1752=CARTESIAN_POINT('',(-0.116052264365761,0.435600437537897,-2.962526E-009));
#1753=CARTESIAN_POINT('',(-0.09649392660252,0.442200437537897,0.06447509162381));
#1754=CARTESIAN_POINT('',(-0.096057724309007,0.436278686567214,0.06512846789473));
#1755=CARTESIAN_POINT('',(-0.090127126825814,0.424421660484898,0.063057602724756));
#1756=CARTESIAN_POINT('',(-0.072745963431924,0.420067869448396,0.052138547729993));
#1757=CARTESIAN_POINT('',(-0.059940429336,0.43233503887608,0.041624893685041));
#1758=CARTESIAN_POINT('',(-0.061423847970519,0.452050222666169,0.039470451546323));
#1759=CARTESIAN_POINT('',(-0.075997990997439,0.464366017157893,0.047243549342986));
#1760=CARTESIAN_POINT('',(-0.092744340586895,0.459952166308994,0.059137345099239));
#1761=CARTESIAN_POINT('',(-0.096930128896033,0.44812218850858,0.063821715352891));
#1762=CARTESIAN_POINT('',(-0.09649392660252,0.442200437537897,0.06447509162381));
#1763=CARTESIAN_POINT('',(-0.044411329318104,0.448800437537896,0.107218278957435));
#1764=CARTESIAN_POINT('',(-0.043685643643576,0.442878686567214,0.107519200473757));
#1765=CARTESIAN_POINT('',(-0.039905042204418,0.431021660484898,0.102502473094925));
#1766=CARTESIAN_POINT('',(-0.031519434323651,0.426667869448394,0.083767145708129));
#1767=CARTESIAN_POINT('',(-0.026713095569185,0.43893503887608,0.067910981884177));
#1768=CARTESIAN_POINT('',(-0.029143457721595,0.458650222666167,0.066943771669422));
#1769=CARTESIAN_POINT('',(-0.03694291426231,0.470966017157892,0.081503832970284));
#1770=CARTESIAN_POINT('',(-0.044259156251588,0.466552166308992,0.100696943996991));
#1771=CARTESIAN_POINT('',(-0.045137014992633,0.454722188508578,0.106917357441113));
#1772=CARTESIAN_POINT('',(-0.044411329318104,0.448800437537896,0.107218278957435));
#1773=CARTESIAN_POINT('',(0.022640615133118,0.455400437537899,0.113822329521544));
#1774=CARTESIAN_POINT('',(0.023411183593043,0.449478686567216,0.113669367252442));
#1775=CARTESIAN_POINT('',(0.023767493942722,0.437621660484899,0.107397722542524));
#1776=CARTESIAN_POINT('',(0.020331081557802,0.433267869448397,0.087161077149518));
#1777=CARTESIAN_POINT('',(0.015518193801701,0.445535038876082,0.071306903351111));
#1778=CARTESIAN_POINT('',(0.012960068688781,0.465250222666171,0.071852934441592));
#1779=CARTESIAN_POINT('',(0.014564194877272,0.477566017157896,0.088292325426166));
#1780=CARTESIAN_POINT('',(0.019144083183176,0.473152166308995,0.108315496157137));
#1781=CARTESIAN_POINT('',(0.021870046673194,0.461322188508581,0.113975291790646));
#1782=CARTESIAN_POINT('',(0.022640615133118,0.455400437537899,0.113822329521544));
#1783=CARTESIAN_POINT('',(0.082061280758088,0.462000437537894,0.082061368722048));
#1784=CARTESIAN_POINT('',(0.082617003817922,0.456078686567211,0.08150608034807));
#1785=CARTESIAN_POINT('',(0.079428926174432,0.444221660484895,0.076093442270149));
#1786=CARTESIAN_POINT('',(0.065328776065579,0.439867869448392,0.061176452858972));
#1787=CARTESIAN_POINT('',(0.052518898985293,0.452135038876077,0.050668084558507));
#1788=CARTESIAN_POINT('',(0.050695254119985,0.471850222666165,0.052543310928519));
#1789=CARTESIAN_POINT('',(0.061162272245585,0.484166017157889,0.065320961983369));
#1790=CARTESIAN_POINT('',(0.076094587815424,0.479752166308989,0.079425172514012));
#1791=CARTESIAN_POINT('',(0.081505557698253,0.467922188508576,0.082616657096025));
#1792=CARTESIAN_POINT('',(0.082061280758088,0.462000437537894,0.082061368722048));
#1793=CARTESIAN_POINT('',(0.113822315480528,0.468600437537905,0.022640723179221));
#1794=CARTESIAN_POINT('',(0.11397588058241,0.462678686567222,0.021870274578491));
#1795=CARTESIAN_POINT('',(0.108317990176933,0.450821660484904,0.019141031872081));
#1796=CARTESIAN_POINT('',(0.0883067084682,0.446467869448402,0.014571633262061));
#1797=CARTESIAN_POINT('',(0.071817548382787,0.458735038876088,0.012951031639889));
#1798=CARTESIAN_POINT('',(0.071343063142671,0.478450222666176,0.015523388207761));
#1799=CARTESIAN_POINT('',(0.087144953392468,0.490766017157902,0.020332452166589));
#1800=CARTESIAN_POINT('',(0.10739659956564,0.486352166309,0.023763723476457));
#1801=CARTESIAN_POINT('',(0.113668750378646,0.474522188508587,0.02341117177995));
#1802=CARTESIAN_POINT('',(0.113822315480528,0.468600437537905,0.022640723179221));
#1803=CARTESIAN_POINT('',(0.10721830815933,0.475200437537883,-0.04441121370499));
#1804=CARTESIAN_POINT('',(0.10691795458921,0.469278686567201,-0.045137134502821));
#1805=CARTESIAN_POINT('',(0.100697304705518,0.457421660484885,-0.044263061561113));
#1806=CARTESIAN_POINT('',(0.081519910250426,0.453067869448382,-0.036944705787011));
#1807=CARTESIAN_POINT('',(0.066909316648331,0.465335038876067,-0.029131300747183));
#1808=CARTESIAN_POINT('',(0.067943921277218,0.485050222666154,-0.026728854561836));
#1809=CARTESIAN_POINT('',(0.083754485532588,0.497366017157878,-0.031509323394455));
#1810=CARTESIAN_POINT('',(0.102499426126239,0.492952166308978,-0.039907536774129));
#1811=CARTESIAN_POINT('',(0.10751866172945,0.481122188508565,-0.043685292907159));
#1812=CARTESIAN_POINT('',(0.10721830815933,0.475200437537883,-0.04441121370499));
#1813=CARTESIAN_POINT('',(0.064475216861921,0.481800437537925,-0.096493876808864));
#1814=CARTESIAN_POINT('',(0.063822181996717,0.475878686567242,-0.09693059039066));
#1815=CARTESIAN_POINT('',(0.059135509524796,0.464021660484924,-0.092747817304963));
#1816=CARTESIAN_POINT('',(0.047255949398617,0.459667869448421,-0.076008437059191));
#1817=CARTESIAN_POINT('',(0.039448580082362,0.471935038876107,-0.061394617062784));
#1818=CARTESIAN_POINT('',(0.041643550004937,0.491650222666197,-0.059971851597053));
#1819=CARTESIAN_POINT('',(0.052133667596742,0.503966017157923,-0.072730545275555));
#1820=CARTESIAN_POINT('',(0.063053718716014,0.499552166309022,-0.090127535814183));
#1821=CARTESIAN_POINT('',(0.065128251727124,0.487722188508607,-0.096057163227067));
#1822=CARTESIAN_POINT('',(0.064475216861921,0.481800437537925,-0.096493876808864));
#1823=CARTESIAN_POINT('',(0.000000057935687,0.488400437537844,-0.11605223668477));
#1824=CARTESIAN_POINT('',(-0.000785545770572,0.482478686567162,-0.116052544025092));
#1825=CARTESIAN_POINT('',(-0.002358547280428,0.470621660484849,-0.109970919639818));
#1826=CARTESIAN_POINT('',(-0.002936139148017,0.466267869448346,-0.089452703809795));
#1827=CARTESIAN_POINT('',(-0.001308726124034,0.478535038876029,-0.072964214703105));
#1828=CARTESIAN_POINT('',(0.00130677079446,0.498250222666115,-0.073000688403581));
#1829=CARTESIAN_POINT('',(0.002940634363987,0.510566017157836,-0.089437151435504));
#1830=CARTESIAN_POINT('',(0.002355074957126,0.506152166308938,-0.109969075597882));
#1831=CARTESIAN_POINT('',(0.000785661641946,0.494322188508525,-0.116051929344447));
#1832=CARTESIAN_POINT('',(0.000000057935687,0.488400437537844,-0.11605223668477));
#1833=CARTESIAN_POINT('',(-0.064475120077778,0.495000437537999,-0.096493940944533));
#1834=CARTESIAN_POINT('',(-0.065128496439584,0.489078686567315,-0.096057738454077));
#1835=CARTESIAN_POINT('',(-0.06305762992327,0.477221660484993,-0.090127139741229));
#1836=CARTESIAN_POINT('',(-0.05213857004627,0.472867869448491,-0.072745973839949));
#1837=CARTESIAN_POINT('',(-0.04162491181339,0.485135038876179,-0.059940438354701));
#1838=CARTESIAN_POINT('',(-0.039470469299817,0.504850222666273,-0.061423857363416));
#1839=CARTESIAN_POINT('',(-0.047243570988353,0.517166017158004,-0.075998002945768));
#1840=CARTESIAN_POINT('',(-0.059137371752434,0.512752166309099,-0.092744354683964));
#1841=CARTESIAN_POINT('',(-0.063821743715972,0.500922188508684,-0.096930143434989));
#1842=CARTESIAN_POINT('',(-0.064475120077778,0.495000437537999,-0.096493940944533));
#1843=CARTESIAN_POINT('',(-0.107218264164993,0.501600437537699,-0.044411321831762));
#1844=CARTESIAN_POINT('',(-0.107519185633478,0.49567868656702,-0.043685636259659));
#1845=CARTESIAN_POINT('',(-0.102502458948547,0.483821660484714,-0.039905035460354));
#1846=CARTESIAN_POINT('',(-0.083767134109649,0.479467869448209,-0.031519428890538));
#1847=CARTESIAN_POINT('',(-0.06791097247599,0.491735038875891,-0.026713090868171));
#1848=CARTESIAN_POINT('',(-0.066943762442946,0.511450222665966,-0.02914345282043));
#1849=CARTESIAN_POINT('',(-0.081503821728389,0.523766017157681,-0.036942908029745));
#1850=CARTESIAN_POINT('',(-0.100696930137639,0.519352166308786,-0.044259148892976));
#1851=CARTESIAN_POINT('',(-0.106917342696509,0.507522188508378,-0.045137007403866));
#1852=CARTESIAN_POINT('',(-0.107218264164993,0.501600437537699,-0.044411321831762));
#1853=CARTESIAN_POINT('',(-0.11382233733665,0.508200437538279,0.022640611118315));
#1854=CARTESIAN_POINT('',(-0.113669375093468,0.50227868656759,0.023411179632227));
#1855=CARTESIAN_POINT('',(-0.107397730021278,0.490421660485255,0.023767490321682));
#1856=CARTESIAN_POINT('',(-0.087161083276256,0.486067869448757,0.020331078642091));
#1857=CARTESIAN_POINT('',(-0.071306908312178,0.498335038876448,0.015518191285887));
#1858=CARTESIAN_POINT('',(-0.071852939313765,0.51805022266656,0.012960066062931));
#1859=CARTESIAN_POINT('',(-0.088292331357624,0.530366017158307,0.014564191541397));
#1860=CARTESIAN_POINT('',(-0.108315503480365,0.525952166309392,0.019144079238215));
#1861=CARTESIAN_POINT('',(-0.113975299579831,0.514122188508968,0.021870042604404));
#1862=CARTESIAN_POINT('',(-0.11382233733665,0.508200437538279,0.022640611118315));
#1863=CARTESIAN_POINT('',(-0.082061364353001,0.514800437537157,0.082061283116149));
#1864=CARTESIAN_POINT('',(-0.081506075963573,0.508878686566488,0.082617006146145));
#1865=CARTESIAN_POINT('',(-0.076093438083952,0.497021660484207,0.079428928309041));
#1866=CARTESIAN_POINT('',(-0.061176449432817,0.492667869447694,0.06532877778273));
#1867=CARTESIAN_POINT('',(-0.050668081791034,0.504935038875369,0.052518900457328));
#1868=CARTESIAN_POINT('',(-0.052543308207189,0.52465022266541,0.050695255657989));
#1869=CARTESIAN_POINT('',(-0.065320958674999,0.536966017157095,0.061162274193706));
#1870=CARTESIAN_POINT('',(-0.07942516842052,0.53255216630822,0.076094590129065));
#1871=CARTESIAN_POINT('',(-0.082616652742429,0.520722188507826,0.081505560086153));
#1872=CARTESIAN_POINT('',(-0.082061364353001,0.514800437537157,0.082061283116149));
#1873=CARTESIAN_POINT('',(-0.022640726076302,0.521400437539329,0.113822313713383));
#1874=CARTESIAN_POINT('',(-0.021870277487376,0.51547868656862,0.113975878834386));
#1875=CARTESIAN_POINT('',(-0.019141034654718,0.503621660486236,0.108317988564174));
#1876=CARTESIAN_POINT('',(-0.014571635537305,0.499267869449752,0.0883067071729));
#1877=CARTESIAN_POINT('',(-0.012951033471077,0.511535038877459,0.071817547286441));
#1878=CARTESIAN_POINT('',(-0.015523390008982,0.531250222667637,0.071343061996997));
#1879=CARTESIAN_POINT('',(-0.020332454350919,0.543566017159437,0.087144951950763));
#1880=CARTESIAN_POINT('',(-0.023763726188278,0.539152166310488,0.107396597838157));
#1881=CARTESIAN_POINT('',(-0.023411174665229,0.527322188510038,0.11366874859238));
#1882=CARTESIAN_POINT('',(-0.022640726076302,0.521400437539329,0.113822313713383));
#1883=CARTESIAN_POINT('',(0.044411216439055,0.528000437535124,0.107218310134184));
#1884=CARTESIAN_POINT('',(0.045137137250255,0.522078686564492,0.106917956547042));
#1885=CARTESIAN_POINT('',(0.044263064195667,0.510221660482306,0.100697306524897));
#1886=CARTESIAN_POINT('',(0.036944707940452,0.50586786944577,0.081519911709771));
#1887=CARTESIAN_POINT('',(0.029131302474185,0.518135038873412,0.066909317866872));
#1888=CARTESIAN_POINT('',(0.02672885625756,0.537850222663327,0.067943922548662));
#1889=CARTESIAN_POINT('',(0.031509325444631,0.550166017154907,0.083754487120333));
#1890=CARTESIAN_POINT('',(0.03990753932847,0.545752166306097,0.102499428047749));
#1891=CARTESIAN_POINT('',(0.043685295627856,0.533922188505756,0.107518663721327));
#1892=CARTESIAN_POINT('',(0.044411216439055,0.528000437535124,0.107218310134184));
#1893=CARTESIAN_POINT('',(0.096493873002569,0.534600437543264,0.064475213786989));
#1894=CARTESIAN_POINT('',(0.096930586563518,0.528678686572485,0.063822178944403));
#1895=CARTESIAN_POINT('',(0.092747813629997,0.51682166048992,0.059135506677365));
#1896=CARTESIAN_POINT('',(0.076008434053542,0.512467869453479,0.047255947115129));
#1897=CARTESIAN_POINT('',(0.061394614655115,0.524735038881249,0.039448578187908));
#1898=CARTESIAN_POINT('',(0.059971849239921,0.544450222671668,0.041643548032744));
#1899=CARTESIAN_POINT('',(0.072730542430296,0.55676601716367,0.052133665144131));
#1900=CARTESIAN_POINT('',(0.0901275322643,0.552352166314597,0.063053715732878));
#1901=CARTESIAN_POINT('',(0.096057159441619,0.540522188514044,0.065128248629574));
#1902=CARTESIAN_POINT('',(0.096493873002569,0.534600437543264,0.064475213786989));
#1903=CARTESIAN_POINT('',(0.116052243282969,0.541200437527507,0.000000063500062));
#1904=CARTESIAN_POINT('',(0.116052550660846,0.535278686557011,-0.000785540244657));
#1905=CARTESIAN_POINT('',(0.109970926012972,0.52342166047517,-0.00235854211963));
#1906=CARTESIAN_POINT('',(0.089452709027119,0.519067869438555,-0.002936135007512));
#1907=CARTESIAN_POINT('',(0.072964218885603,0.531335038866071,-0.001308722692601));
#1908=CARTESIAN_POINT('',(0.073000692488162,0.551050222655523,0.001306774359284));
#1909=CARTESIAN_POINT('',(0.089437156365545,0.56336601714672,0.002940638792081));
#1910=CARTESIAN_POINT('',(0.109969081745712,0.558952166298146,0.002355080348684));
#1911=CARTESIAN_POINT('',(0.116051935905093,0.547122188498003,0.000785667244781));
#1912=CARTESIAN_POINT('',(0.116052243282969,0.541200437527507,0.000000063500062));
#1913=CARTESIAN_POINT('',(0.09649392857332,0.547800437558008,-0.064475130645778));
#1914=CARTESIAN_POINT('',(0.096057726011967,0.541878686586967,-0.06512850693584));
#1915=CARTESIAN_POINT('',(0.090127127794862,0.530021660503743,-0.063057639726906));
#1916=CARTESIAN_POINT('',(0.072745964051143,0.525667869467445,-0.052138577916635));
#1917=CARTESIAN_POINT('',(0.059940430496861,0.537935038895464,-0.041624918341434));
#1918=CARTESIAN_POINT('',(0.061423849704084,0.557650222686773,-0.039470476069392));
#1919=CARTESIAN_POINT('',(0.075997993696291,0.569966017179505,-0.047243579397209));
#1920=CARTESIAN_POINT('',(0.092744343162976,0.565552166329986,-0.059137381986535));
#1921=CARTESIAN_POINT('',(0.096930131134672,0.553722188529048,-0.063821754355716));
#1922=CARTESIAN_POINT('',(0.09649392857332,0.547800437558008,-0.064475130645778));
#1923=CARTESIAN_POINT('',(0.044411345565527,0.55440043749897,-0.107218243818296));
#1924=CARTESIAN_POINT('',(0.043685660129082,0.548478686528975,-0.107519165424354));
#1925=CARTESIAN_POINT('',(0.039905058369416,0.536621660448393,-0.102502440076828));
#1926=CARTESIAN_POINT('',(0.031519447678318,0.532267869411521,-0.083767118949496));
#1927=CARTESIAN_POINT('',(0.026713105971478,0.544535038838543,-0.067910959884551));
#1928=CARTESIAN_POINT('',(0.029143467518553,0.56425022262629,-0.066943749407208));
#1929=CARTESIAN_POINT('',(0.036942925791,0.576566017116092,-0.081503805530827));
#1930=CARTESIAN_POINT('',(0.044259170988089,0.572152166268362,-0.100696910440482));
#1931=CARTESIAN_POINT('',(0.045137031001972,0.560322188468964,-0.106917322212239));
#1932=CARTESIAN_POINT('',(0.044411345565527,0.55440043749897,-0.107218243818296));
#1933=CARTESIAN_POINT('',(-0.022640656938242,0.561000437613246,-0.113822376655745));
#1934=CARTESIAN_POINT('',(-0.023411225712718,0.555078686641243,-0.113669414146755));
#1935=CARTESIAN_POINT('',(-0.023767534529246,0.543221660555613,-0.107397766479902));
#1936=CARTESIAN_POINT('',(-0.020331114926578,0.538867869519776,-0.087161112583434));
#1937=CARTESIAN_POINT('',(-0.015518220495861,0.551135038948773,-0.071306932688735));
#1938=CARTESIAN_POINT('',(-0.01296009444728,0.570850222743355,-0.071852964510854));
#1939=CARTESIAN_POINT('',(-0.014564225864332,0.583166017238749,-0.088292362678764));
#1940=CARTESIAN_POINT('',(-0.01914412188239,0.578752166387633,-0.108315541533843));
#1941=CARTESIAN_POINT('',(-0.021870088163766,0.56692218858525,-0.113975339164735));
#1942=CARTESIAN_POINT('',(-0.022640656938242,0.561000437613246,-0.113822376655745));
#1943=CARTESIAN_POINT('',(-0.082061194506772,0.567600437392048,-0.082061288294681));
#1944=CARTESIAN_POINT('',(-0.082616917035731,0.561678686423904,-0.081506000419871));
#1945=CARTESIAN_POINT('',(-0.079428842856825,0.549821660347919,-0.076093367580019));
#1946=CARTESIAN_POINT('',(-0.065328707590048,0.545467869310219,-0.061176392722427));
#1947=CARTESIAN_POINT('',(-0.052518843872583,0.557735038735314,-0.050668034553646));
#1948=CARTESIAN_POINT('',(-0.050695200750178,0.577450222516772,-0.052543259453774));
#1949=CARTESIAN_POINT('',(-0.061162207753791,0.589766017001496,-0.065320898047289));
#1950=CARTESIAN_POINT('',(-0.076094507683073,0.585352166156787,-0.079425094828881));
#1951=CARTESIAN_POINT('',(-0.081505471977813,0.573522188360193,-0.082616576169492));
#1952=CARTESIAN_POINT('',(-0.082061194506772,0.567600437392048,-0.082061288294681));
#1953=CARTESIAN_POINT('',(-0.113822485150448,0.574200437820207,-0.022640873242507));
#1954=CARTESIAN_POINT('',(-0.113976051235263,0.568278686844649,-0.021870423656735));
#1955=CARTESIAN_POINT('',(-0.108318153818713,0.556421660750233,-0.019141171032753));
#1956=CARTESIAN_POINT('',(-0.088306843021926,0.55206786971587,-0.014571745302021));
#1957=CARTESIAN_POINT('',(-0.071817656945688,0.564335039148672,-0.012951125029489));
#1958=CARTESIAN_POINT('',(-0.071343168261153,0.58405022295533,-0.015523484366717));
#1959=CARTESIAN_POINT('',(-0.08714508061697,0.596366017460416,-0.02033257173812));
#1960=CARTESIAN_POINT('',(-0.107396757309823,0.591952166603583,-0.02376386854738));
#1961=CARTESIAN_POINT('',(-0.113668919065633,0.580122188795765,-0.023411322828278));
#1962=CARTESIAN_POINT('',(-0.113822485150448,0.574200437820207,-0.022640873242507));
#1963=CARTESIAN_POINT('',(-0.107217978403661,0.580800436991448,0.044411501214885));
#1964=CARTESIAN_POINT('',(-0.106917622962151,0.574878686030134,0.0451374200949));
#1965=CARTESIAN_POINT('',(-0.100696986897884,0.563021659970944,0.044263328017912));
#1966=CARTESIAN_POINT('',(-0.081519648759982,0.55866786893063,0.036944920407866));
#1967=CARTESIAN_POINT('',(-0.066909105333364,0.570935038348223,0.029131479944246));
#1968=CARTESIAN_POINT('',(-0.067943716868575,0.590650222106487,0.026729038891534));
#1969=CARTESIAN_POINT('',(-0.083754237921677,0.60296601657271,0.031509552743993));
#1970=CARTESIAN_POINT('',(-0.102499119546949,0.598552165738824,0.03990781473782));
#1971=CARTESIAN_POINT('',(-0.107518333845172,0.586722187952761,0.04368558233487));
#1972=CARTESIAN_POINT('',(-0.107217978403661,0.580800436991448,0.044411501214885));
#1973=CARTESIAN_POINT('',(-0.06447585571026,0.587400438595623,0.096493321929998));
#1974=CARTESIAN_POINT('',(-0.063822824435935,0.581478687606935,0.096930039232286));
#1975=CARTESIAN_POINT('',(-0.059136124914309,0.569621661480411,0.09274730325215));
#1976=CARTESIAN_POINT('',(-0.047256456097354,0.565267870450658,0.076008022781641));
#1977=CARTESIAN_POINT('',(-0.03944899010359,0.577535039898238,0.061394270666654));
#1978=CARTESIAN_POINT('',(-0.041643946150646,0.59725022374945,0.059971495736355));
#1979=CARTESIAN_POINT('',(-0.05213414779599,0.609566018289862,0.072730102301539));
#1980=CARTESIAN_POINT('',(-0.06305431256026,0.605152167412535,0.090126999438417));
#1981=CARTESIAN_POINT('',(-0.065128886984585,0.59332218958431,0.096056604627709));
#1982=CARTESIAN_POINT('',(-0.06447585571026,0.587400438595623,0.096493321929998));
#1983=CARTESIAN_POINT('',(0.000001178686167,0.594000435490536,0.116053309674723));
#1984=CARTESIAN_POINT('',(0.000786789297846,0.588078684554459,0.116053609804483));
#1985=CARTESIAN_POINT('',(0.00235973796954,0.576221658556665,0.10997191337711));
#1986=CARTESIAN_POINT('',(0.00293712023154,0.571867867508278,0.089453505121894));
#1987=CARTESIAN_POINT('',(0.00130952101365,0.584135036896779,0.072964885610784));
#1988=CARTESIAN_POINT('',(-0.001306003750149,0.603850220569451,0.073001376724084));
#1989=CARTESIAN_POINT('',(-0.002939703992446,0.616166014968215,0.089438008596));
#1990=CARTESIAN_POINT('',(-0.002353925700536,0.611752164173128,0.109970112598547));
#1991=CARTESIAN_POINT('',(-0.000784431925513,0.599922186426613,0.116053009544962));
#1992=CARTESIAN_POINT('',(0.000001178686167,0.594000435490536,0.116053309674723));
#1993=CARTESIAN_POINT('',(0.064472726893459,0.600600441500713,0.096491865027626));
#1994=CARTESIAN_POINT('',(0.065126089967343,0.594678690463514,0.096055676507769));
#1995=CARTESIAN_POINT('',(0.063055326586804,0.58282166421958,0.090125217701069));
#1996=CARTESIAN_POINT('',(0.052136670860999,0.578467873203846,0.072744423108497));
#1997=CARTESIAN_POINT('',(0.041623371203787,0.590735042708655,0.059939138320328));
#1998=CARTESIAN_POINT('',(0.039468984466362,0.610450226724313,0.061422525347126));
#1999=CARTESIAN_POINT('',(0.047241768919133,0.622766021393555,0.075996343567847));
#2000=CARTESIAN_POINT('',(0.059135148143496,0.618352170442775,0.092742348820209));
#2001=CARTESIAN_POINT('',(0.063819363819574,0.606522192537912,0.096928053547483));
#2002=CARTESIAN_POINT('',(0.064472726893459,0.600600441500713,0.096491865027626));
#2003=CARTESIAN_POINT('',(0.107222895100933,0.607200429868628,0.044415338048063));
#2004=CARTESIAN_POINT('',(0.107523842141334,0.601278679025795,0.04368962541083));
#2005=CARTESIAN_POINT('',(0.102506914228154,0.5894216532525,0.03990875294648));
#2006=CARTESIAN_POINT('',(0.083770810146493,0.585067862180044,0.031522429868418));
#2007=CARTESIAN_POINT('',(0.067913957957347,0.59733503145604,0.026715609844234));
#2008=CARTESIAN_POINT('',(0.066946636429592,0.617050214812803,0.029146030436562));
#2009=CARTESIAN_POINT('',(0.081507311756084,0.629366008965558,0.036946120316954));
#2010=CARTESIAN_POINT('',(0.100701231985749,0.6249521583095,0.044263028769874));
#2011=CARTESIAN_POINT('',(0.106921948060532,0.613122180711462,0.045141050685295));
#2012=CARTESIAN_POINT('',(0.107222895100933,0.607200429868628,0.044415338048063));
#2013=CARTESIAN_POINT('',(0.113813378756563,0.613800452369947,-0.022648375094809));
#2014=CARTESIAN_POINT('',(0.113660367335664,0.607878701153698,-0.023418891186164));
#2015=CARTESIAN_POINT('',(0.10738911469969,0.596021674480948,-0.023774674746508));
#2016=CARTESIAN_POINT('',(0.087153970152511,0.591667883505856,-0.020336881457708));
#2017=CARTESIAN_POINT('',(0.071301124827036,0.603935053231558,-0.015523068112343));
#2018=CARTESIAN_POINT('',(0.071847378103342,0.623650237853505,-0.01296505019766));
#2019=CARTESIAN_POINT('',(0.088285574278464,0.635966032992009,-0.014570405206899));
#2020=CARTESIAN_POINT('',(0.108307183225083,0.631552181778442,-0.01915157819838));
#2021=CARTESIAN_POINT('',(0.113966390177461,0.619722203586196,-0.021877859003455));
#2022=CARTESIAN_POINT('',(0.113813378756563,0.613800452369947,-0.022648375094809));
#2023=CARTESIAN_POINT('',(0.082078670922017,0.620400408954914,-0.082046336818918));
#2024=CARTESIAN_POINT('',(0.081523476720539,0.614478658454141,-0.082602161289353));
#2025=CARTESIAN_POINT('',(0.076110074413998,0.602621633495486,-0.079415102642488));
#2026=CARTESIAN_POINT('',(0.061190193068494,0.598267842356607,-0.065317605299466));
#2027=CARTESIAN_POINT('',(0.050679268638885,0.610535011200835,-0.052509498862755));
#2028=CARTESIAN_POINT('',(0.052554054708935,0.630250193399993,-0.050685657959694));
#2029=CARTESIAN_POINT('',(0.065334023497204,0.64256598666257,-0.061150303839937));
#2030=CARTESIAN_POINT('',(0.079441239622867,0.638152136500121,-0.076080155819881));
#2031=CARTESIAN_POINT('',(0.082633865123495,0.626322159455686,-0.081490512348484));
#2032=CARTESIAN_POINT('',(0.082078670922017,0.620400408954914,-0.082046336818918));
#2033=CARTESIAN_POINT('',(0.022607529124029,0.627000491619779,-0.113850464000364));
#2034=CARTESIAN_POINT('',(0.021836903987702,0.621078739766748,-0.114003833872952));
#2035=CARTESIAN_POINT('',(0.01910914239807,0.609221711587131,-0.108344009697206));
#2036=CARTESIAN_POINT('',(0.014545280787235,0.604867920711999,-0.088327740319048));
#2037=CARTESIAN_POINT('',(0.012929559906198,0.617135091262111,-0.071835272238818));
#2038=CARTESIAN_POINT('',(0.015502766996756,0.636850278037661,-0.071361148944386));
#2039=CARTESIAN_POINT('',(0.020307366671695,0.649166074819999,-0.087167524471104));
#2040=CARTESIAN_POINT('',(0.02373289321603,0.644752222705317,-0.107423790461676));
#2041=CARTESIAN_POINT('',(0.023378154260356,0.63292224347281,-0.113697094127775));
#2042=CARTESIAN_POINT('',(0.022607529124029,0.627000491619779,-0.113850464000364));
#2043=CARTESIAN_POINT('',(-0.038770993619766,0.633050358307937,-0.10773038343083));
#2044=CARTESIAN_POINT('',(-0.039500384537706,0.627128608623405,-0.107468167455472));
#2045=CARTESIAN_POINT('',(-0.038928989762199,0.615271585586782,-0.101297110635504));
#2046=CARTESIAN_POINT('',(-0.032610122684651,0.610917794343051,-0.082057087390396));
#2047=CARTESIAN_POINT('',(-0.025590562528092,0.623184962110261,-0.067294405377171));
#2048=CARTESIAN_POINT('',(-0.023175123014095,0.642900141550266,-0.068202535536198));
#2049=CARTESIAN_POINT('',(-0.027149343674056,0.655215932718834,-0.084006217667811));
#2050=CARTESIAN_POINT('',(-0.034552644254558,0.650802083693977,-0.102870406487651));
#2051=CARTESIAN_POINT('',(-0.038041602701826,0.63897210799247,-0.107992599406188));
#2052=CARTESIAN_POINT('',(-0.038770993619766,0.633050358307937,-0.10773038343083));
#2053=CARTESIAN_POINT('',(-0.092895601721821,0.639650592333637,-0.069630378054215));
#2054=CARTESIAN_POINT('',(-0.093367172120751,0.633728838842894,-0.069001804296017));
#2055=CARTESIAN_POINT('',(-0.089442567866606,0.621871806771493,-0.064093848545672));
#2056=CARTESIAN_POINT('',(-0.073365441956003,0.617518016193491,-0.051320971043054));
#2057=CARTESIAN_POINT('',(-0.05919111217535,0.629785188829,-0.042731012260148));
#2058=CARTESIAN_POINT('',(-0.057650507102097,0.649500381145665,-0.044845747978588));
#2059=CARTESIAN_POINT('',(-0.069827349358741,0.661816182178228,-0.056015257580276));
#2060=CARTESIAN_POINT('',(-0.086613145473025,0.657402327715946,-0.067865291094865));
#2061=CARTESIAN_POINT('',(-0.092424031322891,0.645572345824379,-0.070258951812414));
#2062=CARTESIAN_POINT('',(-0.092895601721821,0.639650592333637,-0.069630378054215));
#2063=CARTESIAN_POINT('',(-0.109656057074109,0.644050121978829,-0.026939941419215));
#2064=CARTESIAN_POINT('',(-0.109838769646133,0.638128376128123,-0.026197525080487));
#2065=CARTESIAN_POINT('',(-0.10445793794608,0.626271362226635,-0.023299203889032));
#2066=CARTESIAN_POINT('',(-0.085203964984638,0.621917570227053,-0.017990102654992));
#2067=CARTESIAN_POINT('',(-0.069245523158549,0.634184733164913,-0.015699817311374));
#2068=CARTESIAN_POINT('',(-0.06867370553725,0.653899899629793,-0.018180969153549));
#2069=CARTESIAN_POINT('',(-0.083824413425134,0.666215680814826,-0.023540500565611));
#2070=CARTESIAN_POINT('',(-0.103361662513933,0.661801837330875,-0.027753701921401));
#2071=CARTESIAN_POINT('',(-0.109473344502084,0.649971867829536,-0.027682357757943));
#2072=CARTESIAN_POINT('',(-0.109656057074109,0.644050121978829,-0.026939941419215));
#2073=CARTESIAN_POINT('',(-0.109492136866482,0.647534299415954,0.007182814388909));
#2074=CARTESIAN_POINT('',(-0.109443736908497,0.641612540306241,0.007923741856665));
#2075=CARTESIAN_POINT('',(-0.103608134810329,0.629755495199419,0.009030925299276));
#2076=CARTESIAN_POINT('',(-0.08421451385903,0.625401704863446,0.008305578276738));
#2077=CARTESIAN_POINT('',(-0.06875955682848,0.637668885330875,0.005749411041922));
#2078=CARTESIAN_POINT('',(-0.068955266596749,0.65738409661311,0.003285673825633));
#2079=CARTESIAN_POINT('',(-0.08456424715321,0.66969991179099,0.002761955886173));
#2080=CARTESIAN_POINT('',(-0.103898534558235,0.665286049857695,0.00458536049274));
#2081=CARTESIAN_POINT('',(-0.109540536824466,0.653456058525667,0.006441886921153));
#2082=CARTESIAN_POINT('',(-0.109492136866482,0.647534299415954,0.007182814388909));
#2083=CARTESIAN_POINT('',(-0.108111564080282,0.648997226538309,0.021468679976533));
#2084=CARTESIAN_POINT('',(-0.107966858368169,0.643074240367287,0.022191782171239));
#2085=CARTESIAN_POINT('',(-0.102011164207875,0.631214749045611,0.022514393861643));
#2086=CARTESIAN_POINT('',(-0.082790024405533,0.62686003030458,0.01925034917471));
#2087=CARTESIAN_POINT('',(-0.067729734875618,0.639129775536819,0.014703775299714));
#2088=CARTESIAN_POINT('',(-0.068246850864745,0.65884907050229,0.012302134639161));
#2089=CARTESIAN_POINT('',(-0.083860059345677,0.671167422909283,0.013839096849147));
#2090=CARTESIAN_POINT('',(-0.102879398480551,0.666752666071746,0.018175780693407));
#2091=CARTESIAN_POINT('',(-0.108256269792394,0.654920212709331,0.020745577781827));
#2092=CARTESIAN_POINT('',(-0.108111564080282,0.648997226538309,0.021468679976533));
#2093=CARTESIAN_POINT('',(-0.099732676584857,0.651825558473188,0.049146986148815));
#2094=CARTESIAN_POINT('',(-0.099421505034583,0.645895857577798,0.049757656958763));
#2095=CARTESIAN_POINT('',(-0.093571605894674,0.63402290499894,0.048404684623523));
#2096=CARTESIAN_POINT('',(-0.075709521042444,0.629663289823995,0.040164254417521));
#2097=CARTESIAN_POINT('',(-0.062184954760679,0.64194690975495,0.031915459124374));
#2098=CARTESIAN_POINT('',(-0.063253203978622,0.661688562322376,0.029899264467762));
#2099=CARTESIAN_POINT('',(-0.078025908653588,0.674020902414745,0.035590092276099));
#2100=CARTESIAN_POINT('',(-0.095438635196314,0.66960111037128,0.044740659763833));
#2101=CARTESIAN_POINT('',(-0.10004384813513,0.657755259368578,0.048536315338867));
#2102=CARTESIAN_POINT('',(-0.099732676584857,0.651825558473188,0.049146986148815));
#2103=CARTESIAN_POINT('',(-0.07948574029256,0.654942514640099,0.079334872958088));
#2104=CARTESIAN_POINT('',(-0.079064972348613,0.649000054536437,0.079730547185484));
#2105=CARTESIAN_POINT('',(-0.074056327085785,0.637101565888365,0.076364829924956));
#2106=CARTESIAN_POINT('',(-0.05969439378269,0.632732541737317,0.062629191521831));
#2107=CARTESIAN_POINT('',(-0.049273410585047,0.645042617443758,0.050538350275361));
#2108=CARTESIAN_POINT('',(-0.050699389043654,0.664826747360733,0.049246482470387));
#2109=CARTESIAN_POINT('',(-0.062832941135906,0.677185607658568,0.059660296959623));
#2110=CARTESIAN_POINT('',(-0.076580934749468,0.672756326510337,0.073990784560578));
#2111=CARTESIAN_POINT('',(-0.079906508236507,0.660884974743761,0.078939198730692));
#2112=CARTESIAN_POINT('',(-0.07948574029256,0.654942514640099,0.079334872958088));
#2113=CARTESIAN_POINT('',(-0.030794900768397,0.658654745567211,0.112204281077303));
#2114=CARTESIAN_POINT('',(-0.030449641612886,0.652692088807005,0.112224048284752));
#2115=CARTESIAN_POINT('',(-0.028145189066173,0.640753159226735,0.106383190024404));
#2116=CARTESIAN_POINT('',(-0.022444909706864,0.636369289746038,0.086559224735469));
#2117=CARTESIAN_POINT('',(-0.018784554586516,0.648721200533596,0.070578179646905));
#2118=CARTESIAN_POINT('',(-0.019945397334841,0.668572571048607,0.070548044902498));
#2119=CARTESIAN_POINT('',(-0.025024000853741,0.680973437513616,0.086398846432625));
#2120=CARTESIAN_POINT('',(-0.030216743999243,0.676529099787972,0.106264586779714));
#2121=CARTESIAN_POINT('',(-0.031140159923909,0.664617402327418,0.112184513869855));
#2122=CARTESIAN_POINT('',(-0.030794900768397,0.658654745567211,0.112204281077303));
#2123=CARTESIAN_POINT('',(0.030741881529045,0.660013817379372,0.112117671326365));
#2124=CARTESIAN_POINT('',(0.030779678312216,0.654045308167179,0.112071852083866));
#2125=CARTESIAN_POINT('',(0.029245853891355,0.642094647613481,0.106103815543654));
#2126=CARTESIAN_POINT('',(0.023834638246399,0.637706506421383,0.086248212749774));
#2127=CARTESIAN_POINT('',(0.019387682902643,0.650070513715959,0.070410743135232));
#2128=CARTESIAN_POINT('',(0.019274829769473,0.669941370538414,0.070601666858239));
#2129=CARTESIAN_POINT('',(0.023548080071616,0.682354426178372,0.086577152360361));
#2130=CARTESIAN_POINT('',(0.029019073192331,0.67790570288664,0.106378730998648));
#2131=CARTESIAN_POINT('',(0.030704084745874,0.665982326591565,0.112163490568864));
#2132=CARTESIAN_POINT('',(0.030741881529045,0.660013817379372,0.112117671326365));
#2133=CARTESIAN_POINT('',(0.091822334973736,0.659993785902094,0.071322834633066));
#2134=CARTESIAN_POINT('',(0.091810054233316,0.654026038816629,0.071339670540149));
#2135=CARTESIAN_POINT('',(0.086969882755054,0.642076944243097,0.067635867820692));
#2136=CARTESIAN_POINT('',(0.070733558476246,0.637689265397464,0.055036389066865));
#2137=CARTESIAN_POINT('',(0.057715780943523,0.650051779233972,0.04487641211406));
#2138=CARTESIAN_POINT('',(0.057780325671827,0.669920092930715,0.044838420713796));
#2139=CARTESIAN_POINT('',(0.070815572261957,0.682331508432841,0.054904572458542));
#2140=CARTESIAN_POINT('',(0.087043567197572,0.677883426755885,0.067534852378195));
#2141=CARTESIAN_POINT('',(0.091834615714155,0.665961532987559,0.071305998725983));
#2142=CARTESIAN_POINT('',(0.091822334973736,0.659993785902094,0.071322834633066));
#2143=CARTESIAN_POINT('',(0.109517050733621,0.660000443059024,0.028673250090664));
#2144=CARTESIAN_POINT('',(0.109518466022693,0.654032446815277,0.028672108714553));
#2145=CARTESIAN_POINT('',(0.103786686481911,0.642082776585352,0.027166337281926));
#2146=CARTESIAN_POINT('',(0.084413263379331,0.637695102677347,0.022098674617649));
#2147=CARTESIAN_POINT('',(0.068847274351447,0.650057968845157,0.018014426805846));
#2148=CARTESIAN_POINT('',(0.068887601223169,0.669927123177258,0.018035688785341));
#2149=CARTESIAN_POINT('',(0.084389124453732,0.68233916265712,0.022100234575981));
#2150=CARTESIAN_POINT('',(0.103778194747481,0.677890754047836,0.027173185538593));
#2151=CARTESIAN_POINT('',(0.10951563544455,0.665968439302771,0.028674391466775));
#2152=CARTESIAN_POINT('',(0.109517050733621,0.660000443059024,0.028673250090664));
#2153=CARTESIAN_POINT('',(0.109514058257712,0.660000440953233,1.042937E-015));
#2154=CARTESIAN_POINT('',(0.109514348313459,0.654032465937807,1.042939E-015));
#2155=CARTESIAN_POINT('',(0.103775352434831,0.642082886199168,9.882852E-016));
#2156=CARTESIAN_POINT('',(0.084413095799347,0.637695110310436,8.038924E-016));
#2157=CARTESIAN_POINT('',(0.068853537837077,0.650058034894209,6.557138E-016));
#2158=CARTESIAN_POINT('',(0.068887958044946,0.669927111602485,6.560416E-016));
#2159=CARTESIAN_POINT('',(0.084398419047342,0.682339040808159,8.037526E-016));
#2160=CARTESIAN_POINT('',(0.103773612100346,0.677890736291728,9.882687E-016));
#2161=CARTESIAN_POINT('',(0.109513768201964,0.66596841596866,1.042934E-015));
#2162=CARTESIAN_POINT('',(0.109514058257712,0.660000440953233,1.042937E-015));
#2163=B_SPLINE_SURFACE_WITH_KNOTS('',3,3,((#1013,#1023,#1033,#1043,#1053,#1063,#1073,#1083,#1093,#1103,#1113,#1123,#1133,#1143,#1153,#1163,#1173,#1183,#1193,#1203,#1213,#1223,#1233,#1243,#1253,#1263,#1273,#1283,#1293,#1303,#1313,#1323,#1333,#1343,#1353,#1363,#1373,#1383,#1393,#1403,#1413,#1423,#1433,#1443,#1453,#1463,#1473,#1483,#1493,#1503,#1513,#1523,#1533,#1543,#1553,#1563,#1573,#1583,#1593,#1603,#1613,#1623,#1633,#1643,#1653,#1663,#1673,#1683,#1693,#1703,#1713,#1723,#1733,#1743,#1753,#1763,#1773,#1783,#1793,#1803,#1813,#1823,#1833,#1843,#1853,#1863,#1873,#1883,#1893,#1903,#1913,#1923,#1933,#1943,#1953,#1963,#1973,#1983,#1993,#2003,#2013,#2023,#2033,#2043,#2053,#2063,#2073,#2083,#2093,#2103,#2113,#2123,#2133,#2143,#2153),(#1014,#1024,#1034,#1044,#1054,#1064,#1074,#1084,#1094,#1104,#1114,#1124,#1134,#1144,#1154,#1164,#1174,#1184,#1194,#1204,#1214,#1224,#1234,#1244,#1254,#1264,#1274,#1284,#1294,#1304,#1314,#1324,#1334,#1344,#1354,#1364,#1374,#1384,#1394,#1404,#1414,#1424,#1434,#1444,#1454,#1464,#1474,#1484,#1494,#1504,#1514,#1524,#1534,#1544,#1554,#1564,#1574,#1584,#1594,#1604,#1614,#1624,#1634,#1644,#1654,#1664,#1674,#1684,#1694,#1704,#1714,#1724,#1734,#1744,#1754,#1764,#1774,#1784,#1794,#1804,#1814,#1824,#1834,#1844,#1854,#1864,#1874,#1884,#1894,#1904,#1914,#1924,#1934,#1944,#1954,#1964,#1974,#1984,#1994,#2004,#2014,#2024,#2034,#2044,#2054,#2064,#2074,#2084,#2094,#2104,#2114,#2124,#2134,#2144,#2154),(#1015,#1025,#1035,#1045,#1055,#1065,#1075,#1085,#1095,#1105,#1115,#1125,#1135,#1145,#1155,#1165,#1175,#1185,#1195,#1205,#1215,#1225,#1235,#1245,#1255,#1265,#1275,#1285,#1295,#1305,#1315,#1325,#1335,#1345,#1355,#1365,#1375,#1385,#1395,#1405,#1415,#1425,#1435,#1445,#1455,#1465,#1475,#1485,#1495,#1505,#1515,#1525,#1535,#1545,#1555,#1565,#1575,#1585,#1595,#1605,#1615,#1625,#1635,#1645,#1655,#1665,#1675,#1685,#1695,#1705,#1715,#1725,#1735,#1745,#1755,#1765,#1775,#1785,#1795,#1805,#1815,#1825,#1835,#1845,#1855,#1865,#1875,#1885,#1895,#1905,#1915,#1925,#1935,#1945,#1955,#1965,#1975,#1985,#1995,#2005,#2015,#2025,#2035,#2045,#2055,#2065,#2075,#2085,#2095,#2105,#2115,#2125,#2135,#2145,#2155),(#1016,#1026,#1036,#1046,#1056,#1066,#1076,#1086,#1096,#1106,#1116,#1126,#1136,#1146,#1156,#1166,#1176,#1186,#1196,#1206,#1216,#1226,#1236,#1246,#1256,#1266,#1276,#1286,#1296,#1306,#1316,#1326,#1336,#1346,#1356,#1366,#1376,#1386,#1396,#1406,#1416,#1426,#1436,#1446,#1456,#1466,#1476,#1486,#1496,#1506,#1516,#1526,#1536,#1546,#1556,#1566,#1576,#1586,#1596,#1606,#1616,#1626,#1636,#1646,#1656,#1666,#1676,#1686,#1696,#1706,#1716,#1726,#1736,#1746,#1756,#1766,#1776,#1786,#1796,#1806,#1816,#1826,#1836,#1846,#1856,#1866,#1876,#1886,#1896,#1906,#1916,#1926,#1936,#1946,#1956,#1966,#1976,#1986,#1996,#2006,#2016,#2026,#2036,#2046,#2056,#2066,#2076,#2086,#2096,#2106,#2116,#2126,#2136,#2146,#2156),(#1017,#1027,#1037,#1047,#1057,#1067,#1077,#1087,#1097,#1107,#1117,#1127,#1137,#1147,#1157,#1167,#1177,#1187,#1197,#1207,#1217,#1227,#1237,#1247,#1257,#1267,#1277,#1287,#1297,#1307,#1317,#1327,#1337,#1347,#1357,#1367,#1377,#1387,#1397,#1407,#1417,#1427,#1437,#1447,#1457,#1467,#1477,#1487,#1497,#1507,#1517,#1527,#1537,#1547,#1557,#1567,#1577,#1587,#1597,#1607,#1617,#1627,#1637,#1647,#1657,#1667,#1677,#1687,#1697,#1707,#1717,#1727,#1737,#1747,#1757,#1767,#1777,#1787,#1797,#1807,#1817,#1827,#1837,#1847,#1857,#1867,#1877,#1887,#1897,#1907,#1917,#1927,#1937,#1947,#1957,#1967,#1977,#1987,#1997,#2007,#2017,#2027,#2037,#2047,#2057,#2067,#2077,#2087,#2097,#2107,#2117,#2127,#2137,#2147,#2157),(#1018,#1028,#1038,#1048,#1058,#1068,#1078,#1088,#1098,#1108,#1118,#1128,#1138,#1148,#1158,#1168,#1178,#1188,#1198,#1208,#1218,#1228,#1238,#1248,#1258,#1268,#1278,#1288,#1298,#1308,#1318,#1328,#1338,#1348,#1358,#1368,#1378,#1388,#1398,#1408,#1418,#1428,#1438,#1448,#1458,#1468,#1478,#1488,#1498,#1508,#1518,#1528,#1538,#1548,#1558,#1568,#1578,#1588,#1598,#1608,#1618,#1628,#1638,#1648,#1658,#1668,#1678,#1688,#1698,#1708,#1718,#1728,#1738,#1748,#1758,#1768,#1778,#1788,#1798,#1808,#1818,#1828,#1838,#1848,#1858,#1868,#1878,#1888,#1898,#1908,#1918,#1928,#1938,#1948,#1958,#1968,#1978,#1988,#1998,#2008,#2018,#2028,#2038,#2048,#2058,#2068,#2078,#2088,#2098,#2108,#2118,#2128,#2138,#2148,#2158),(#1019,#1029,#1039,#1049,#1059,#1069,#1079,#1089,#1099,#1109,#1119,#1129,#1139,#1149,#1159,#1169,#1179,#1189,#1199,#1209,#1219,#1229,#1239,#1249,#1259,#1269,#1279,#1289,#1299,#1309,#1319,#1329,#1339,#1349,#1359,#1369,#1379,#1389,#1399,#1409,#1419,#1429,#1439,#1449,#1459,#1469,#1479,#1489,#1499,#1509,#1519,#1529,#1539,#1549,#1559,#1569,#1579,#1589,#1599,#1609,#1619,#1629,#1639,#1649,#1659,#1669,#1679,#1689,#1699,#1709,#1719,#1729,#1739,#1749,#1759,#1769,#1779,#1789,#1799,#1809,#1819,#1829,#1839,#1849,#1859,#1869,#1879,#1889,#1899,#1909,#1919,#1929,#1939,#1949,#1959,#1969,#1979,#1989,#1999,#2009,#2019,#2029,#2039,#2049,#2059,#2069,#2079,#2089,#2099,#2109,#2119,#2129,#2139,#2149,#2159),(#1020,#1030,#1040,#1050,#1060,#1070,#1080,#1090,#1100,#1110,#1120,#1130,#1140,#1150,#1160,#1170,#1180,#1190,#1200,#1210,#1220,#1230,#1240,#1250,#1260,#1270,#1280,#1290,#1300,#1310,#1320,#1330,#1340,#1350,#1360,#1370,#1380,#1390,#1400,#1410,#1420,#1430,#1440,#1450,#1460,#1470,#1480,#1490,#1500,#1510,#1520,#1530,#1540,#1550,#1560,#1570,#1580,#1590,#1600,#1610,#1620,#1630,#1640,#1650,#1660,#1670,#1680,#1690,#1700,#1710,#1720,#1730,#1740,#1750,#1760,#1770,#1780,#1790,#1800,#1810,#1820,#1830,#1840,#1850,#1860,#1870,#1880,#1890,#1900,#1910,#1920,#1930,#1940,#1950,#1960,#1970,#1980,#1990,#2000,#2010,#2020,#2030,#2040,#2050,#2060,#2070,#2080,#2090,#2100,#2110,#2120,#2130,#2140,#2150,#2160),(#1021,#1031,#1041,#1051,#1061,#1071,#1081,#1091,#1101,#1111,#1121,#1131,#1141,#1151,#1161,#1171,#1181,#1191,#1201,#1211,#1221,#1231,#1241,#1251,#1261,#1271,#1281,#1291,#1301,#1311,#1321,#1331,#1341,#1351,#1361,#1371,#1381,#1391,#1401,#1411,#1421,#1431,#1441,#1451,#1461,#1471,#1481,#1491,#1501,#1511,#1521,#1531,#1541,#1551,#1561,#1571,#1581,#1591,#1601,#1611,#1621,#1631,#1641,#1651,#1661,#1671,#1681,#1691,#1701,#1711,#1721,#1731,#1741,#1751,#1761,#1771,#1781,#1791,#1801,#1811,#1821,#1831,#1841,#1851,#1861,#1871,#1881,#1891,#1901,#1911,#1921,#1931,#1941,#1951,#1961,#1971,#1981,#1991,#2001,#2011,#2021,#2031,#2041,#2051,#2061,#2071,#2081,#2091,#2101,#2111,#2121,#2131,#2141,#2151,#2161),(#1022,#1032,#1042,#1052,#1062,#1072,#1082,#1092,#1102,#1112,#1122,#1132,#1142,#1152,#1162,#1172,#1182,#1192,#1202,#1212,#1222,#1232,#1242,#1252,#1262,#1272,#1282,#1292,#1302,#1312,#1322,#1332,#1342,#1352,#1362,#1372,#1382,#1392,#1402,#1412,#1422,#1432,#1442,#1452,#1462,#1472,#1482,#1492,#1502,#1512,#1522,#1532,#1542,#1552,#1562,#1572,#1582,#1592,#1602,#1612,#1622,#1632,#1642,#1652,#1662,#1672,#1682,#1692,#1702,#1712,#1722,#1732,#1742,#1752,#1762,#1772,#1782,#1792,#1802,#1812,#1822,#1832,#1842,#1852,#1862,#1872,#1882,#1892,#1902,#1912,#1922,#1932,#1942,#1952,#1962,#1972,#1982,#1992,#2002,#2012,#2022,#2032,#2042,#2052,#2062,#2072,#2082,#2092,#2102,#2112,#2122,#2132,#2142,#2152,#2162)),.UNSPECIFIED.,.T.,.F.,.F.,(4,1,1,1,1,1,1,4),(4,1,1,1,1,1,2,1,1,1,1,1,1,1,1,1,1,1,1,1,1,1,1,1,1,1,1,1,1,1,1,1,1,1,1,1,1,1,1,1,1,1,1,1,1,1,1,1,1,1,1,1,1,1,1,1,1,1,1,1,1,1,1,1,1,1,1,1,1,1,1,1,1,1,1,1,1,1,1,1,1,1,1,1,1,1,1,1,1,1,1,1,1,1,1,1,1,1,1,1,1,1,1,2,1,1,1,1,1,1,4),(-3.141592653589793,-2.243994752564138,-1.346396851538483,-0.448798950512828,0.448798950512828,1.346396851538483,2.243994752564138,3.141592653589793),(0.0,0.785398163397448,1.570796326794897,2.356194490192345,2.748893571891069,2.945243112740431,3.141592653589793,3.877903431774901,4.319689898685965,4.908738521234051,5.497787143782137,6.086835766330223,6.675884388878309,7.264933011426395,7.853981633974482,8.443030256522569,9.032078879070655,9.621127501618741,10.210176124166827,10.799224746714913,11.388273369262999,11.977321991811085,12.566370614359171,13.155419236907257,13.744467859455344,14.33351648200343,14.922565104551516,15.511613727099602,16.100662349647688,16.689710972195776,17.27875959474386,17.867808217291945,18.456856839840032,19.04590546238812,19.634954084936204,20.224002707484289,20.813051330032376,21.402099952580464,21.991148575128548,22.580197197676632,23.16924582022472,23.758294442772808,24.347343065320892,24.936391687868976,25.525440310417064,26.114488932965152,26.703537555513236,27.29258617806132,27.881634800609408,28.470683423157496,29.05973204570558,29.648780668253664,30.237829290801752,30.82687791334984,31.415926535897924,32.004975158446008,32.594023780994092,33.183072403542184,33.772121026090268,34.361169648638352,34.950218271186444,35.244742582460489,35.539266893734528,36.128315516282612,36.717364138830696,37.30641276137878,37.895461383926872,38.484510006474956,39.07355862902304,39.662607251571131,40.251655874119216,40.8407044966673,41.429753119215384,42.018801741763468,42.60785036431156,43.196898986859644,43.785947609407728,44.374996231955819,44.964044854503904,45.553093477051988,46.142142099600079,46.731190722148163,47.320239344696247,47.909287967244339,48.498336589792423,49.087385212340507,49.676433834888599,50.265482457436683,50.854531079984767,51.443579702532858,52.032628325080942,52.621676947629027,53.210725570177118,53.799774192725202,54.388822815273286,54.977871437821378,55.566920060369462,56.155968682917546,56.745017305465637,57.334065928013722,57.923114550561806,58.512163173109897,58.953949640020966,59.690260418206066,59.886609959055427,60.082959499904788,60.475658581603511,60.868357663302234,61.653755826699687,62.04645490839841,62.831853071795855),.UNSPECIFIED.);
#2164=ORIENTED_EDGE('',*,*,#893,.T.);
#2165=ORIENTED_EDGE('',*,*,#909,.T.);
#2166=ORIENTED_EDGE('',*,*,#826,.F.);
#2167=CARTESIAN_POINT('',(0.109514058257712,0.000000440953234,0.0));
#2168=CARTESIAN_POINT('',(0.109516272795509,0.00000044389543,-0.02867040129158));
#2169=CARTESIAN_POINT('',(0.085951006751062,-0.00002534874115,-0.085811530515322));
#2170=CARTESIAN_POINT('',(-0.000078830939839,0.000084279827702,-0.121467033274458));
#2171=CARTESIAN_POINT('',(-0.07147448225513,0.003781334195598,-0.091791145138236));
#2172=CARTESIAN_POINT('',(-0.099703536294406,0.008184953363392,-0.049022653534931));
#2173=CARTESIAN_POINT('',(-0.108123776300937,0.010999619497129,-0.021521218416409));
#2174=CARTESIAN_POINT('',(-0.109489863556811,0.01246731033762,-0.007173280458678));
#2175=CARTESIAN_POINT('',(-0.109657459472731,0.015950309585631,0.026933987706932));
#2176=CARTESIAN_POINT('',(-0.092894995246797,0.020350500684521,0.069633157131203));
#2177=CARTESIAN_POINT('',(-0.038771447697332,0.026950405148876,0.107728874333996));
#2178=CARTESIAN_POINT('',(0.022607652136303,0.033000459654922,0.113851491016699));
#2179=CARTESIAN_POINT('',(0.082078463500366,0.039600425848959,0.082045887604623));
#2180=CARTESIAN_POINT('',(0.113813421215538,0.046200443603005,0.02264876486905));
#2181=CARTESIAN_POINT('',(0.107222905826616,0.052800434402037,-0.044415373580747));
#2182=CARTESIAN_POINT('',(0.064472840844914,0.059400439158107,-0.096491726698969));
#2183=CARTESIAN_POINT('',(0.000001285757456,0.066000436700899,-0.116053347851452));
#2184=CARTESIAN_POINT('',(-0.064475754526793,0.072600437970278,-0.09649336668438));
#2185=CARTESIAN_POINT('',(-0.107217936390681,0.079200437314538,-0.044411618670247));
#2186=CARTESIAN_POINT('',(-0.11382250655066,0.085800437653281,0.022640764664859));
#2187=CARTESIAN_POINT('',(-0.082061277236533,0.092400437478293,0.082061203481106));
#2188=CARTESIAN_POINT('',(-0.022640770459711,0.099000437568688,0.11382235541943));
#2189=CARTESIAN_POINT('',(0.0444112381441,0.105600437521992,0.107218287513032));
#2190=CARTESIAN_POINT('',(0.096493864168618,0.112200437546114,0.064475227543936));
#2191=CARTESIAN_POINT('',(0.116052243237359,0.118800437533653,0.00000005239177));
#2192=CARTESIAN_POINT('',(0.096493937519038,0.12540043754009,-0.064475117167266));
#2193=CARTESIAN_POINT('',(0.044411323677812,0.132000437536765,-0.107218265757013));
#2194=CARTESIAN_POINT('',(-0.022640612218951,0.138600437538483,-0.113822336343904));
#2195=CARTESIAN_POINT('',(-0.08206128226369,0.145200437537595,-0.082061365194946));
#2196=CARTESIAN_POINT('',(-0.11382231470279,0.151800437538054,-0.022640725004804));
#2197=CARTESIAN_POINT('',(-0.107218308560833,0.158400437537817,0.044411214653945));
#2198=CARTESIAN_POINT('',(-0.064475216655122,0.165000437537939,0.096493876307773));
#2199=CARTESIAN_POINT('',(-0.000000058041281,0.171600437537876,0.116052236964404));
#2200=CARTESIAN_POINT('',(0.064475120129928,0.178200437537909,0.096493940760015));
#2201=CARTESIAN_POINT('',(0.107218264142679,0.184800437537892,0.044411322004526));
#2202=CARTESIAN_POINT('',(0.113822337339281,0.1914004375379,-0.022640611357379));
#2203=CARTESIAN_POINT('',(0.082061364368739,0.198000437537896,-0.082061282702784));
#2204=CARTESIAN_POINT('',(0.022640726035306,0.204600437537898,-0.113822314487811));
#2205=CARTESIAN_POINT('',(-0.044411216354703,0.211200437537897,-0.107218308648798));
#2206=CARTESIAN_POINT('',(-0.096493873167597,0.217800437537898,-0.064475216654467));
#2207=CARTESIAN_POINT('',(-0.116052242964205,0.224400437537897,-0.000000057954859));
#2208=CARTESIAN_POINT('',(-0.096493929187014,0.231000437537897,0.064475119917271));
#2209=CARTESIAN_POINT('',(-0.044411344384956,0.237600437537897,0.107218264577868));
#2210=CARTESIAN_POINT('',(0.022640654667417,0.244200437537897,0.113822336484503));
#2211=CARTESIAN_POINT('',(0.082061198875305,0.250800437537897,0.082061366030392));
#2212=CARTESIAN_POINT('',(0.113822476741857,0.257400437537897,0.022640722811461));
#2213=CARTESIAN_POINT('',(0.107217994626982,0.264000437537897,-0.044411210079081));
#2214=CARTESIAN_POINT('',(0.064475824047161,0.270600437537897,-0.096493885630643));
#2215=CARTESIAN_POINT('',(-0.000001113374399,0.277200437537897,-0.116052215791175));
#2216=CARTESIAN_POINT('',(-0.064472895556689,0.283800437537897,-0.096494011543922));
#2217=CARTESIAN_POINT('',(-0.107222144827797,0.290400437537897,-0.044410893594088));
#2218=CARTESIAN_POINT('',(-0.113820994878623,0.297000437537898,0.022636795340987));
#2219=CARTESIAN_POINT('',(-0.082061180816431,0.303600437537897,0.082063128434946));
#2220=CARTESIAN_POINT('',(-0.022641066793001,0.310200437537898,0.113821412023873));
#2221=CARTESIAN_POINT('',(0.044411717355468,0.316800437537897,0.107218697167457));
#2222=CARTESIAN_POINT('',(0.096493001498052,0.323400437537897,0.064475164321957));
#2223=CARTESIAN_POINT('',(0.116053872342963,0.330000437537897,-0.000000201077083));
#2224=CARTESIAN_POINT('',(0.096490857428455,0.336600437537898,-0.064474443093002));
#2225=CARTESIAN_POINT('',(0.044416742212414,0.343200437537897,-0.107219554717986));
#2226=CARTESIAN_POINT('',(-0.022645659400138,0.349800437537897,-0.113822991844861));
#2227=CARTESIAN_POINT('',(-0.082055357579253,0.356400437537897,-0.08206668321149));
#2228=CARTESIAN_POINT('',(-0.113827286905941,0.363000437537897,-0.022631488722868));
#2229=CARTESIAN_POINT('',(-0.10829860650687,0.368500437537898,0.033222041395759));
#2230=CARTESIAN_POINT('',(-0.085861520160368,0.372900437537896,0.07046930984704));
#2231=CARTESIAN_POINT('',(-0.053719887306909,0.377300437537898,0.099734705221559));
#2232=CARTESIAN_POINT('',(-0.000005655303384,0.382800437537897,0.11606347831137));
#2233=CARTESIAN_POINT('',(0.064477925484369,0.389400437537897,0.096488301365701));
#2234=CARTESIAN_POINT('',(0.107216823558688,0.396000437537897,0.0444142188324));
#2235=CARTESIAN_POINT('',(0.113823080615176,0.402600437537897,-0.022642106518167));
#2236=CARTESIAN_POINT('',(0.082060980726868,0.409200437537896,-0.082060510262305));
#2237=CARTESIAN_POINT('',(0.02264092364813,0.415800437537897,-0.113822713622162));
#2238=CARTESIAN_POINT('',(-0.044411317291263,0.422400437537896,-0.107218102412294));
#2239=CARTESIAN_POINT('',(-0.096493823275514,0.429000437537897,-0.064475323195911));
#2240=CARTESIAN_POINT('',(-0.116052264365761,0.435600437537897,-2.962526E-009));
#2241=CARTESIAN_POINT('',(-0.09649392660252,0.442200437537897,0.06447509162381));
#2242=CARTESIAN_POINT('',(-0.044411329318104,0.448800437537896,0.107218278957435));
#2243=CARTESIAN_POINT('',(0.022640615133118,0.455400437537899,0.113822329521544));
#2244=CARTESIAN_POINT('',(0.082061280758088,0.462000437537894,0.082061368722048));
#2245=CARTESIAN_POINT('',(0.113822315480528,0.468600437537905,0.022640723179221));
#2246=CARTESIAN_POINT('',(0.10721830815933,0.475200437537883,-0.04441121370499));
#2247=CARTESIAN_POINT('',(0.064475216861921,0.481800437537925,-0.096493876808864));
#2248=CARTESIAN_POINT('',(0.000000057935687,0.488400437537844,-0.11605223668477));
#2249=CARTESIAN_POINT('',(-0.064475120077778,0.495000437537999,-0.096493940944533));
#2250=CARTESIAN_POINT('',(-0.107218264164993,0.501600437537699,-0.044411321831762));
#2251=CARTESIAN_POINT('',(-0.11382233733665,0.508200437538279,0.022640611118315));
#2252=CARTESIAN_POINT('',(-0.082061364353001,0.514800437537157,0.082061283116149));
#2253=CARTESIAN_POINT('',(-0.022640726076302,0.521400437539329,0.113822313713383));
#2254=CARTESIAN_POINT('',(0.044411216439055,0.528000437535124,0.107218310134184));
#2255=CARTESIAN_POINT('',(0.096493873002569,0.534600437543264,0.064475213786989));
#2256=CARTESIAN_POINT('',(0.116052243282969,0.541200437527507,0.000000063500062));
#2257=CARTESIAN_POINT('',(0.09649392857332,0.547800437558008,-0.064475130645778));
#2258=CARTESIAN_POINT('',(0.044411345565527,0.55440043749897,-0.107218243818296));
#2259=CARTESIAN_POINT('',(-0.022640656938242,0.561000437613246,-0.113822376655745));
#2260=CARTESIAN_POINT('',(-0.082061194506772,0.567600437392048,-0.082061288294681));
#2261=CARTESIAN_POINT('',(-0.113822485150448,0.574200437820207,-0.022640873242507));
#2262=CARTESIAN_POINT('',(-0.107217978403661,0.580800436991448,0.044411501214885));
#2263=CARTESIAN_POINT('',(-0.06447585571026,0.587400438595623,0.096493321929998));
#2264=CARTESIAN_POINT('',(0.000001178686167,0.594000435490536,0.116053309674723));
#2265=CARTESIAN_POINT('',(0.064472726893459,0.600600441500713,0.096491865027626));
#2266=CARTESIAN_POINT('',(0.107222895100933,0.607200429868628,0.044415338048063));
#2267=CARTESIAN_POINT('',(0.113813378756563,0.613800452369947,-0.022648375094809));
#2268=CARTESIAN_POINT('',(0.082078670922017,0.620400408954914,-0.082046336818918));
#2269=CARTESIAN_POINT('',(0.022607529124029,0.627000491619779,-0.113850464000364));
#2270=CARTESIAN_POINT('',(-0.038770993619766,0.633050358307937,-0.10773038343083));
#2271=CARTESIAN_POINT('',(-0.092895601721821,0.639650592333637,-0.069630378054215));
#2272=CARTESIAN_POINT('',(-0.109656057074109,0.644050121978829,-0.026939941419215));
#2273=CARTESIAN_POINT('',(-0.109492136866482,0.647534299415954,0.007182814388909));
#2274=CARTESIAN_POINT('',(-0.108111564080282,0.648997226538309,0.021468679976533));
#2275=CARTESIAN_POINT('',(-0.099732676584857,0.651825558473188,0.049146986148815));
#2276=CARTESIAN_POINT('',(-0.07948574029256,0.654942514640099,0.079334872958088));
#2277=CARTESIAN_POINT('',(-0.030794900768397,0.658654745567211,0.112204281077303));
#2278=CARTESIAN_POINT('',(0.030741881529045,0.660013817379372,0.112117671326365));
#2279=CARTESIAN_POINT('',(0.067390153595859,0.660001798493035,0.087640769310386));
#2280=CARTESIAN_POINT('',(0.077500293584028,0.659999867313501,0.077462615024345));
#2281=B_SPLINE_CURVE_WITH_KNOTS('',3,(#2167,#2168,#2169,#2170,#2171,#2172,#2173,#2174,#2175,#2176,#2177,#2178,#2179,#2180,#2181,#2182,#2183,#2184,#2185,#2186,#2187,#2188,#2189,#2190,#2191,#2192,#2193,#2194,#2195,#2196,#2197,#2198,#2199,#2200,#2201,#2202,#2203,#2204,#2205,#2206,#2207,#2208,#2209,#2210,#2211,#2212,#2213,#2214,#2215,#2216,#2217,#2218,#2219,#2220,#2221,#2222,#2223,#2224,#2225,#2226,#2227,#2228,#2229,#2230,#2231,#2232,#2233,#2234,#2235,#2236,#2237,#2238,#2239,#2240,#2241,#2242,#2243,#2244,#2245,#2246,#2247,#2248,#2249,#2250,#2251,#2252,#2253,#2254,#2255,#2256,#2257,#2258,#2259,#2260,#2261,#2262,#2263,#2264,#2265,#2266,#2267,#2268,#2269,#2270,#2271,#2272,#2273,#2274,#2275,#2276,#2277,#2278,#2279,#2280),.UNSPECIFIED.,.F.,.U.,(4,1,1,1,1,1,2,1,1,1,1,1,1,1,1,1,1,1,1,1,1,1,1,1,1,1,1,1,1,1,1,1,1,1,1,1,1,1,1,1,1,1,1,1,1,1,1,1,1,1,1,1,1,1,1,1,1,1,1,1,1,1,1,1,1,1,1,1,1,1,1,1,1,1,1,1,1,1,1,1,1,1,1,1,1,1,1,1,1,1,1,1,1,1,1,1,1,1,1,1,1,1,1,2,1,1,1,1,1,4),(0.0,0.785398163397448,1.570796326794897,2.356194490192345,2.748893571891069,2.945243112740431,3.141592653589793,3.877903431774901,4.319689898685965,4.908738521234051,5.497787143782137,6.086835766330223,6.675884388878309,7.264933011426395,7.853981633974482,8.443030256522569,9.032078879070655,9.621127501618741,10.210176124166827,10.799224746714913,11.388273369262999,11.977321991811085,12.566370614359171,13.155419236907257,13.744467859455344,14.33351648200343,14.922565104551516,15.511613727099602,16.100662349647688,16.689710972195776,17.27875959474386,17.867808217291945,18.456856839840032,19.04590546238812,19.634954084936204,20.224002707484289,20.813051330032376,21.402099952580464,21.991148575128548,22.580197197676632,23.16924582022472,23.758294442772808,24.347343065320892,24.936391687868976,25.525440310417064,26.114488932965152,26.703537555513236,27.29258617806132,27.881634800609408,28.470683423157496,29.05973204570558,29.648780668253664,30.237829290801752,30.82687791334984,31.415926535897924,32.004975158446008,32.594023780994092,33.183072403542184,33.772121026090268,34.361169648638352,34.950218271186444,35.244742582460489,35.539266893734528,36.128315516282612,36.717364138830696,37.30641276137878,37.895461383926872,38.484510006474956,39.07355862902304,39.662607251571131,40.251655874119216,40.8407044966673,41.429753119215384,42.018801741763468,42.60785036431156,43.196898986859644,43.785947609407728,44.374996231955819,44.964044854503904,45.553093477051988,46.142142099600079,46.731190722148163,47.320239344696247,47.909287967244339,48.498336589792423,49.087385212340507,49.676433834888599,50.265482457436683,50.854531079984767,51.443579702532858,52.032628325080942,52.621676947629027,53.210725570177118,53.799774192725202,54.388822815273286,54.977871437821378,55.566920060369462,56.155968682917546,56.745017305465637,57.334065928013722,57.923114550561806,58.512163173109897,58.953949640020966,59.690260418206066,59.886609959055427,60.082959499904788,60.475658581603511,60.868357663302234,61.653755826699687,62.04645490839841),.UNSPECIFIED.);
#2282=EDGE_CURVE('',#920,#817,#2281,.T.);
#2283=ORIENTED_EDGE('',*,*,#2282,.F.);
#2284=ORIENTED_EDGE('',*,*,#986,.T.);
#2285=ORIENTED_EDGE('',*,*,#1008,.T.);
#2286=ORIENTED_EDGE('',*,*,#2282,.T.);
#2287=EDGE_LOOP('',(#2164,#2165,#2166,#2283,#2284,#2285,#2286));
#2288=FACE_OUTER_BOUND('',#2287,.T.);
#2289=ADVANCED_FACE('',(#2288),#2163,.T.);
#2290=CLOSED_SHELL('',(#897,#913,#996,#1012,#2289));
#2291=MANIFOLD_SOLID_BREP('Solid1',#2290);
#2292=COLOUR_RGB('Metal-Steel',0.639216005802155,0.639216005802155,0.686275005340576);
#2293=FILL_AREA_STYLE_COLOUR('Metal-Steel',#2292);
#2294=FILL_AREA_STYLE('Metal-Steel',(#2293));
#2295=SURFACE_STYLE_FILL_AREA(#2294);
#2296=SURFACE_SIDE_STYLE('Metal-Steel',(#2295));
#2297=SURFACE_STYLE_USAGE(.BOTH.,#2296);
#2298=PRESENTATION_STYLE_ASSIGNMENT((#2297));
#2299=STYLED_ITEM('',(#2298),#2291);
#2300=ADVANCED_BREP_SHAPE_REPRESENTATION('ABSR',(#2291),#779);
#2301=SHAPE_REPRESENTATION_RELATIONSHIP('SRR','None',#2300,#784);
#2302=AXIS2_PLACEMENT_3D('',#2303,#2304,#2305);
#2303=CARTESIAN_POINT('',(0.0,0.115,0.0));
#2304=DIRECTION('',(0.0,0.0,1.0));
#2305=DIRECTION('',(1.0,0.0,0.0));
#2306=NEXT_ASSEMBLY_USAGE_OCCURRENCE('C_F1458:1','C_F1458:1','C_F1458:1',#12,#749,'C_F1458:1');
#2307=PRODUCT_DEFINITION_SHAPE('C_F1458:1','C_F1458:1',#2306);
#2308=ITEM_DEFINED_TRANSFORMATION('C_F1458:1','C_F1458:1',#780,#2302);
#2312=(REPRESENTATION_RELATIONSHIP('C_F1458:1','C_F1458:1',#784,#47)REPRESENTATION_RELATIONSHIP_WITH_TRANSFORMATION(#2308)SHAPE_REPRESENTATION_RELATIONSHIP());
#2313=CONTEXT_DEPENDENT_SHAPE_REPRESENTATION(#2312,#2307);
#2314=APPLICATION_CONTEXT('automotive design');
#2315=APPLICATION_PROTOCOL_DEFINITION('International Standard','automotive_design',2001,#2314);
#2316=PRODUCT_CONTEXT('',#2314,'mechanical');
#2317=PRODUCT('A_F1458','A_F1458',$,(#2316));
#2318=PRODUCT_RELATED_PRODUCT_CATEGORY('part',$,(#2317));
#2319=PRODUCT_DEFINITION_FORMATION('',$,#2317);
#2320=PRODUCT_DEFINITION_CONTEXT('part definition',#2314,'design');
#2321=PRODUCT_DEFINITION('',$,#2319,#2320);
#2327=(NAMED_UNIT(*)PLANE_ANGLE_UNIT()SI_UNIT($,.RADIAN.));
#2328=DIMENSIONAL_EXPONENTS(0.0,0.0,0.0,0.0,0.0,0.0,0.0);
#2329=PLANE_ANGLE_MEASURE_WITH_UNIT(PLANE_ANGLE_MEASURE(0.0174532925),#2327);
#2333=(CONVERSION_BASED_UNIT('DEGREE',#2329)NAMED_UNIT(#2328)PLANE_ANGLE_UNIT());
#2337=(NAMED_UNIT(*)SI_UNIT($,.STERADIAN.)SOLID_ANGLE_UNIT());
#2341=(LENGTH_UNIT()NAMED_UNIT(*)SI_UNIT(.CENTI.,.METRE.));
#2342=DIMENSIONAL_EXPONENTS(1.0,0.0,0.0,0.0,0.0,0.0,0.0);
#2343=LENGTH_MEASURE_WITH_UNIT(LENGTH_MEASURE(2.54),#2341);
#2347=(CONVERSION_BASED_UNIT('INCH',#2343)LENGTH_UNIT()NAMED_UNIT(#2342));
#2349=UNCERTAINTY_MEASURE_WITH_UNIT(LENGTH_MEASURE(0.000393700787402),#2347,'DISTANCE_ACCURACY_VALUE','');
#2351=(GEOMETRIC_REPRESENTATION_CONTEXT(3)GLOBAL_UNCERTAINTY_ASSIGNED_CONTEXT((#2349))GLOBAL_UNIT_ASSIGNED_CONTEXT((#2333,#2337,#2347))REPRESENTATION_CONTEXT('None','None'));
#2352=AXIS2_PLACEMENT_3D('',#2353,#2354,#2355);
#2353=CARTESIAN_POINT('',(0.0,0.0,0.0));
#2354=DIRECTION('',(0.0,0.0,1.0));
#2355=DIRECTION('',(1.0,0.0,0.0));
#2356=SHAPE_REPRESENTATION('',(#2352),#2351);
#2357=PRODUCT_DEFINITION_SHAPE('','',#2321);
#2358=SHAPE_DEFINITION_REPRESENTATION(#2357,#2356);
#2364=(NAMED_UNIT(*)PLANE_ANGLE_UNIT()SI_UNIT($,.RADIAN.));
#2365=DIMENSIONAL_EXPONENTS(0.0,0.0,0.0,0.0,0.0,0.0,0.0);
#2366=PLANE_ANGLE_MEASURE_WITH_UNIT(PLANE_ANGLE_MEASURE(0.0174532925),#2364);
#2370=(CONVERSION_BASED_UNIT('DEGREE',#2366)NAMED_UNIT(#2365)PLANE_ANGLE_UNIT());
#2374=(NAMED_UNIT(*)SI_UNIT($,.STERADIAN.)SOLID_ANGLE_UNIT());
#2378=(LENGTH_UNIT()NAMED_UNIT(*)SI_UNIT(.MILLI.,.METRE.));
#2380=UNCERTAINTY_MEASURE_WITH_UNIT(LENGTH_MEASURE(0.000001),#2378,'DISTANCE_ACCURACY_VALUE','');
#2382=(GEOMETRIC_REPRESENTATION_CONTEXT(3)GLOBAL_UNCERTAINTY_ASSIGNED_CONTEXT((#2380))GLOBAL_UNIT_ASSIGNED_CONTEXT((#2370,#2374,#2378))REPRESENTATION_CONTEXT('','3D'));
#2383=CARTESIAN_POINT('',(0.0,0.9725,0.0));
#2384=DIRECTION('',(0.0,-1.0,0.0));
#2385=DIRECTION('',(-1.0,0.0,0.0));
#2386=AXIS2_PLACEMENT_3D('',#2383,#2384,#2385);
#2387=CONICAL_SURFACE('',#2386,0.029,45.000000000000078);
#2388=CARTESIAN_POINT('',(0.0215,0.98,2.632904E-018));
#2389=VERTEX_POINT('',#2388);
#2390=CARTESIAN_POINT('',(0.0,0.98,0.0));
#2391=DIRECTION('',(0.0,-1.0,0.0));
#2392=DIRECTION('',(-1.0,0.0,0.0));
#2393=AXIS2_PLACEMENT_3D('',#2390,#2391,#2392);
#2394=CIRCLE('',#2393,0.0215);
#2395=EDGE_CURVE('',#2389,#2389,#2394,.T.);
#2396=ORIENTED_EDGE('',*,*,#2395,.T.);
#2397=EDGE_LOOP('',(#2396));
#2398=FACE_OUTER_BOUND('',#2397,.T.);
#2399=CARTESIAN_POINT('',(0.0365,0.965,-4.469813E-018));
#2400=VERTEX_POINT('',#2399);
#2401=CARTESIAN_POINT('',(0.0,0.965,0.0));
#2402=DIRECTION('',(0.0,1.0,0.0));
#2403=DIRECTION('',(-1.0,0.0,0.0));
#2404=AXIS2_PLACEMENT_3D('',#2401,#2402,#2403);
#2405=CIRCLE('',#2404,0.0365);
#2406=EDGE_CURVE('',#2400,#2400,#2405,.T.);
#2407=ORIENTED_EDGE('',*,*,#2406,.T.);
#2408=EDGE_LOOP('',(#2407));
#2409=FACE_BOUND('',#2408,.T.);
#2410=ADVANCED_FACE('',(#2398,#2409),#2387,.T.);
#2411=CARTESIAN_POINT('',(0.01825,0.98,0.0));
#2412=DIRECTION('',(0.0,1.0,0.0));
#2413=DIRECTION('',(0.0,0.0,1.0));
#2414=AXIS2_PLACEMENT_3D('',#2411,#2412,#2413);
#2415=PLANE('',#2414);
#2416=ORIENTED_EDGE('',*,*,#2395,.F.);
#2417=EDGE_LOOP('',(#2416));
#2418=FACE_OUTER_BOUND('',#2417,.T.);
#2419=ADVANCED_FACE('',(#2418),#2415,.T.);
#2420=CARTESIAN_POINT('',(0.0,0.59,0.0));
#2421=DIRECTION('',(0.0,-1.0,0.0));
#2422=DIRECTION('',(1.0,0.0,0.0));
#2423=AXIS2_PLACEMENT_3D('',#2420,#2421,#2422);
#2424=CYLINDRICAL_SURFACE('',#2423,0.0365);
#2425=CARTESIAN_POINT('',(0.0365,0.2,0.0));
#2426=VERTEX_POINT('',#2425);
#2427=CARTESIAN_POINT('',(0.0,0.2,0.0));
#2428=DIRECTION('',(0.0,-1.0,0.0));
#2429=DIRECTION('',(1.0,0.0,0.0));
#2430=AXIS2_PLACEMENT_3D('',#2427,#2428,#2429);
#2431=CIRCLE('',#2430,0.0365);
#2432=EDGE_CURVE('',#2426,#2426,#2431,.T.);
#2433=ORIENTED_EDGE('',*,*,#2432,.F.);
#2434=EDGE_LOOP('',(#2433));
#2435=FACE_OUTER_BOUND('',#2434,.T.);
#2436=ORIENTED_EDGE('',*,*,#2406,.F.);
#2437=EDGE_LOOP('',(#2436));
#2438=FACE_BOUND('',#2437,.T.);
#2439=ADVANCED_FACE('',(#2435,#2438),#2424,.T.);
#2440=CARTESIAN_POINT('',(0.0,0.166035022611065,0.0));
#2441=DIRECTION('',(0.0,-1.0,0.0));
#2442=DIRECTION('',(1.0,0.0,0.0));
#2443=AXIS2_PLACEMENT_3D('',#2440,#2441,#2442);
#2444=CONICAL_SURFACE('',#2443,0.065,40.000000000000007);
#2445=CARTESIAN_POINT('',(0.0935,0.13207004522213,0.0));
#2446=VERTEX_POINT('',#2445);
#2447=CARTESIAN_POINT('',(0.0,0.13207004522213,0.0));
#2448=DIRECTION('',(0.0,-1.0,0.0));
#2449=DIRECTION('',(1.0,0.0,0.0));
#2450=AXIS2_PLACEMENT_3D('',#2447,#2448,#2449);
#2451=CIRCLE('',#2450,0.0935);
#2452=EDGE_CURVE('',#2446,#2446,#2451,.T.);
#2453=ORIENTED_EDGE('',*,*,#2452,.F.);
#2454=EDGE_LOOP('',(#2453));
#2455=FACE_OUTER_BOUND('',#2454,.T.);
#2456=ORIENTED_EDGE('',*,*,#2432,.T.);
#2457=EDGE_LOOP('',(#2456));
#2458=FACE_BOUND('',#2457,.T.);
#2459=ADVANCED_FACE('',(#2455,#2458),#2444,.T.);
#2460=CARTESIAN_POINT('',(0.0,0.095035022611065,0.0));
#2461=DIRECTION('',(0.0,-1.0,0.0));
#2462=DIRECTION('',(1.0,0.0,0.0));
#2463=AXIS2_PLACEMENT_3D('',#2460,#2461,#2462);
#2464=CYLINDRICAL_SURFACE('',#2463,0.0935);
#2465=CARTESIAN_POINT('',(0.0935,0.058,0.0));
#2466=VERTEX_POINT('',#2465);
#2467=CARTESIAN_POINT('',(0.0,0.058,0.0));
#2468=DIRECTION('',(0.0,-1.0,0.0));
#2469=DIRECTION('',(1.0,0.0,0.0));
#2470=AXIS2_PLACEMENT_3D('',#2467,#2468,#2469);
#2471=CIRCLE('',#2470,0.0935);
#2472=EDGE_CURVE('',#2466,#2466,#2471,.T.);
#2473=ORIENTED_EDGE('',*,*,#2472,.F.);
#2474=EDGE_LOOP('',(#2473));
#2475=FACE_OUTER_BOUND('',#2474,.T.);
#2476=ORIENTED_EDGE('',*,*,#2452,.T.);
#2477=EDGE_LOOP('',(#2476));
#2478=FACE_BOUND('',#2477,.T.);
#2479=ADVANCED_FACE('',(#2475,#2478),#2464,.T.);
#2480=CARTESIAN_POINT('',(0.12325,0.058,0.0));
#2481=DIRECTION('',(0.0,1.0,0.0));
#2482=DIRECTION('',(0.0,0.0,1.0));
#2483=AXIS2_PLACEMENT_3D('',#2480,#2481,#2482);
#2484=PLANE('',#2483);
#2485=CARTESIAN_POINT('',(0.153,0.058,0.0));
#2486=VERTEX_POINT('',#2485);
#2487=CARTESIAN_POINT('',(0.0,0.058,0.0));
#2488=DIRECTION('',(0.0,-1.0,0.0));
#2489=DIRECTION('',(1.0,0.0,0.0));
#2490=AXIS2_PLACEMENT_3D('',#2487,#2488,#2489);
#2491=CIRCLE('',#2490,0.153);
#2492=EDGE_CURVE('',#2486,#2486,#2491,.T.);
#2493=ORIENTED_EDGE('',*,*,#2492,.F.);
#2494=EDGE_LOOP('',(#2493));
#2495=FACE_OUTER_BOUND('',#2494,.T.);
#2496=ORIENTED_EDGE('',*,*,#2472,.T.);
#2497=EDGE_LOOP('',(#2496));
#2498=FACE_BOUND('',#2497,.T.);
#2499=ADVANCED_FACE('',(#2495,#2498),#2484,.T.);
#2500=CARTESIAN_POINT('',(0.0,0.079106497446206,0.0));
#2501=DIRECTION('',(0.0,-1.0,0.0));
#2502=DIRECTION('',(1.0,0.0,0.0));
#2503=AXIS2_PLACEMENT_3D('',#2500,#2501,#2502);
#2504=CYLINDRICAL_SURFACE('',#2503,0.153);
#2505=CARTESIAN_POINT('',(0.153,0.100212994892412,0.0));
#2506=VERTEX_POINT('',#2505);
#2507=CARTESIAN_POINT('',(0.0,0.100212994892412,0.0));
#2508=DIRECTION('',(0.0,-1.0,0.0));
#2509=DIRECTION('',(1.0,0.0,0.0));
#2510=AXIS2_PLACEMENT_3D('',#2507,#2508,#2509);
#2511=CIRCLE('',#2510,0.153);
#2512=EDGE_CURVE('',#2506,#2506,#2511,.T.);
#2513=ORIENTED_EDGE('',*,*,#2512,.F.);
#2514=EDGE_LOOP('',(#2513));
#2515=FACE_OUTER_BOUND('',#2514,.T.);
#2516=ORIENTED_EDGE('',*,*,#2492,.T.);
#2517=EDGE_LOOP('',(#2516));
#2518=FACE_BOUND('',#2517,.T.);
#2519=ADVANCED_FACE('',(#2515,#2518),#2504,.F.);
#2520=CARTESIAN_POINT('',(0.0,0.100212994892412,0.0));
#2521=DIRECTION('',(0.0,-1.0,0.0));
#2522=DIRECTION('',(0.0,0.0,-1.0));
#2523=AXIS2_PLACEMENT_3D('',#2520,#2521,#2522);
#2524=TOROIDAL_SURFACE('',#2523,0.157787005107588,0.004787005107588);
#2525=CARTESIAN_POINT('',(0.161801725399927,0.102820184734821,0.0));
#2526=VERTEX_POINT('',#2525);
#2527=CARTESIAN_POINT('',(0.0,0.102820184734821,0.0));
#2528=DIRECTION('',(0.0,-1.0,0.0));
#2529=DIRECTION('',(1.0,0.0,0.0));
#2530=AXIS2_PLACEMENT_3D('',#2527,#2528,#2529);
#2531=CIRCLE('',#2530,0.161801725399927);
#2532=EDGE_CURVE('',#2526,#2526,#2531,.T.);
#2533=ORIENTED_EDGE('',*,*,#2532,.F.);
#2534=EDGE_LOOP('',(#2533));
#2535=FACE_OUTER_BOUND('',#2534,.T.);
#2536=ORIENTED_EDGE('',*,*,#2512,.T.);
#2537=EDGE_LOOP('',(#2536));
#2538=FACE_BOUND('',#2537,.T.);
#2539=ADVANCED_FACE('',(#2535,#2538),#2524,.T.);
#2540=CARTESIAN_POINT('',(0.0,0.07341009236741,0.0));
#2541=DIRECTION('',(0.0,-1.0,0.0));
#2542=DIRECTION('',(1.0,0.0,0.0));
#2543=AXIS2_PLACEMENT_3D('',#2540,#2541,#2542);
#2544=CONICAL_SURFACE('',#2543,0.180900862699964,33.000000000000007);
#2545=CARTESIAN_POINT('',(0.2,0.044,0.0));
#2546=VERTEX_POINT('',#2545);
#2547=CARTESIAN_POINT('',(0.0,0.044,0.0));
#2548=DIRECTION('',(0.0,-1.0,0.0));
#2549=DIRECTION('',(1.0,0.0,0.0));
#2550=AXIS2_PLACEMENT_3D('',#2547,#2548,#2549);
#2551=CIRCLE('',#2550,0.2);
#2552=EDGE_CURVE('',#2546,#2546,#2551,.T.);
#2553=ORIENTED_EDGE('',*,*,#2552,.F.);
#2554=EDGE_LOOP('',(#2553));
#2555=FACE_OUTER_BOUND('',#2554,.T.);
#2556=ORIENTED_EDGE('',*,*,#2532,.T.);
#2557=EDGE_LOOP('',(#2556));
#2558=FACE_BOUND('',#2557,.T.);
#2559=ADVANCED_FACE('',(#2555,#2558),#2544,.T.);
#2560=CARTESIAN_POINT('',(0.0,0.022,0.0));
#2561=DIRECTION('',(0.0,-1.0,0.0));
#2562=DIRECTION('',(1.0,0.0,0.0));
#2563=AXIS2_PLACEMENT_3D('',#2560,#2561,#2562);
#2564=CYLINDRICAL_SURFACE('',#2563,0.2);
#2565=CARTESIAN_POINT('',(0.2,0.0,0.0));
#2566=VERTEX_POINT('',#2565);
#2567=CARTESIAN_POINT('',(0.0,0.0,0.0));
#2568=DIRECTION('',(0.0,-1.0,0.0));
#2569=DIRECTION('',(1.0,0.0,0.0));
#2570=AXIS2_PLACEMENT_3D('',#2567,#2568,#2569);
#2571=CIRCLE('',#2570,0.2);
#2572=EDGE_CURVE('',#2566,#2566,#2571,.T.);
#2573=ORIENTED_EDGE('',*,*,#2572,.F.);
#2574=EDGE_LOOP('',(#2573));
#2575=FACE_OUTER_BOUND('',#2574,.T.);
#2576=ORIENTED_EDGE('',*,*,#2552,.T.);
#2577=EDGE_LOOP('',(#2576));
#2578=FACE_BOUND('',#2577,.T.);
#2579=ADVANCED_FACE('',(#2575,#2578),#2564,.T.);
#2580=CARTESIAN_POINT('',(0.1,0.0,0.0));
#2581=DIRECTION('',(0.0,-1.0,0.0));
#2582=DIRECTION('',(0.0,0.0,-1.0));
#2583=AXIS2_PLACEMENT_3D('',#2580,#2581,#2582);
#2584=PLANE('',#2583);
#2585=ORIENTED_EDGE('',*,*,#2572,.T.);
#2586=EDGE_LOOP('',(#2585));
#2587=FACE_OUTER_BOUND('',#2586,.T.);
#2588=ADVANCED_FACE('',(#2587),#2584,.T.);
#2589=CLOSED_SHELL('',(#2410,#2419,#2439,#2459,#2479,#2499,#2519,#2539,#2559,#2579,#2588));
#2590=MANIFOLD_SOLID_BREP('Solid1',#2589);
#2591=COLOUR_RGB('Metal-Brass',0.780391991138458,0.568626999855042,0.113724999129772);
#2592=FILL_AREA_STYLE_COLOUR('Metal-Brass',#2591);
#2593=FILL_AREA_STYLE('Metal-Brass',(#2592));
#2594=SURFACE_STYLE_FILL_AREA(#2593);
#2595=SURFACE_SIDE_STYLE('Metal-Brass',(#2594));
#2596=SURFACE_STYLE_USAGE(.BOTH.,#2595);
#2597=PRESENTATION_STYLE_ASSIGNMENT((#2596));
#2598=STYLED_ITEM('',(#2597),#2590);
#2599=ADVANCED_BREP_SHAPE_REPRESENTATION('ABSR',(#2590),#2351);
#2600=SHAPE_REPRESENTATION_RELATIONSHIP('SRR','None',#2599,#2356);
#2601=AXIS2_PLACEMENT_3D('',#2602,#2603,#2604);
#2602=CARTESIAN_POINT('',(9.287678E-020,-0.066,6.100042E-032));
#2603=DIRECTION('',(0.064165361860711,9.029503E-020,0.997939279884942));
#2604=DIRECTION('',(0.997939279884942,1.404324E-018,-0.064165361860711));
#2605=NEXT_ASSEMBLY_USAGE_OCCURRENCE('A_F1458:1','A_F1458:1','A_F1458:1',#12,#2321,'A_F1458:1');
#2606=PRODUCT_DEFINITION_SHAPE('A_F1458:1','A_F1458:1',#2605);
#2607=ITEM_DEFINED_TRANSFORMATION('A_F1458:1','A_F1458:1',#2352,#2601);
#2611=(REPRESENTATION_RELATIONSHIP('A_F1458:1','A_F1458:1',#2356,#47)REPRESENTATION_RELATIONSHIP_WITH_TRANSFORMATION(#2607)SHAPE_REPRESENTATION_RELATIONSHIP());
#2612=CONTEXT_DEPENDENT_SHAPE_REPRESENTATION(#2611,#2606);
#2613=APPLICATION_CONTEXT('automotive design');
#2614=APPLICATION_PROTOCOL_DEFINITION('International Standard','automotive_design',2001,#2613);
#2615=PRODUCT_CONTEXT('',#2613,'mechanical');
#2616=PRODUCT('D_F1458','D_F1458',$,(#2615));
#2617=PRODUCT_RELATED_PRODUCT_CATEGORY('part',$,(#2616));
#2618=PRODUCT_DEFINITION_FORMATION('',$,#2616);
#2619=PRODUCT_DEFINITION_CONTEXT('part definition',#2613,'design');
#2620=PRODUCT_DEFINITION('',$,#2618,#2619);
#2626=(NAMED_UNIT(*)PLANE_ANGLE_UNIT()SI_UNIT($,.RADIAN.));
#2627=DIMENSIONAL_EXPONENTS(0.0,0.0,0.0,0.0,0.0,0.0,0.0);
#2628=PLANE_ANGLE_MEASURE_WITH_UNIT(PLANE_ANGLE_MEASURE(0.0174532925),#2626);
#2632=(CONVERSION_BASED_UNIT('DEGREE',#2628)NAMED_UNIT(#2627)PLANE_ANGLE_UNIT());
#2636=(NAMED_UNIT(*)SI_UNIT($,.STERADIAN.)SOLID_ANGLE_UNIT());
#2640=(LENGTH_UNIT()NAMED_UNIT(*)SI_UNIT(.CENTI.,.METRE.));
#2641=DIMENSIONAL_EXPONENTS(1.0,0.0,0.0,0.0,0.0,0.0,0.0);
#2642=LENGTH_MEASURE_WITH_UNIT(LENGTH_MEASURE(2.54),#2640);
#2646=(CONVERSION_BASED_UNIT('INCH',#2642)LENGTH_UNIT()NAMED_UNIT(#2641));
#2648=UNCERTAINTY_MEASURE_WITH_UNIT(LENGTH_MEASURE(0.000393700787402),#2646,'DISTANCE_ACCURACY_VALUE','');
#2650=(GEOMETRIC_REPRESENTATION_CONTEXT(3)GLOBAL_UNCERTAINTY_ASSIGNED_CONTEXT((#2648))GLOBAL_UNIT_ASSIGNED_CONTEXT((#2632,#2636,#2646))REPRESENTATION_CONTEXT('None','None'));
#2651=AXIS2_PLACEMENT_3D('',#2652,#2653,#2654);
#2652=CARTESIAN_POINT('',(0.0,0.0,0.0));
#2653=DIRECTION('',(0.0,0.0,1.0));
#2654=DIRECTION('',(1.0,0.0,0.0));
#2655=SHAPE_REPRESENTATION('',(#2651),#2650);
#2656=PRODUCT_DEFINITION_SHAPE('','',#2620);
#2657=SHAPE_DEFINITION_REPRESENTATION(#2656,#2655);
#2663=(NAMED_UNIT(*)PLANE_ANGLE_UNIT()SI_UNIT($,.RADIAN.));
#2664=DIMENSIONAL_EXPONENTS(0.0,0.0,0.0,0.0,0.0,0.0,0.0);
#2665=PLANE_ANGLE_MEASURE_WITH_UNIT(PLANE_ANGLE_MEASURE(0.0174532925),#2663);
#2669=(CONVERSION_BASED_UNIT('DEGREE',#2665)NAMED_UNIT(#2664)PLANE_ANGLE_UNIT());
#2673=(NAMED_UNIT(*)SI_UNIT($,.STERADIAN.)SOLID_ANGLE_UNIT());
#2677=(LENGTH_UNIT()NAMED_UNIT(*)SI_UNIT(.MILLI.,.METRE.));
#2679=UNCERTAINTY_MEASURE_WITH_UNIT(LENGTH_MEASURE(0.000001),#2677,'DISTANCE_ACCURACY_VALUE','');
#2681=(GEOMETRIC_REPRESENTATION_CONTEXT(3)GLOBAL_UNCERTAINTY_ASSIGNED_CONTEXT((#2679))GLOBAL_UNIT_ASSIGNED_CONTEXT((#2669,#2673,#2677))REPRESENTATION_CONTEXT('','3D'));
#2682=CARTESIAN_POINT('',(0.0,0.0,0.04742482839556));
#2683=DIRECTION('',(0.0,0.0,-1.0));
#2684=DIRECTION('',(1.0,0.0,0.0));
#2685=AXIS2_PLACEMENT_3D('',#2682,#2683,#2684);
#2686=CONICAL_SURFACE('',#2685,0.081878620458411,74.999999999999986);
#2687=CARTESIAN_POINT('',(0.065817930687617,0.038,0.049));
#2688=VERTEX_POINT('',#2687);
#2689=CARTESIAN_POINT('',(0.087757240916823,0.0,0.045849656791119));
#2690=VERTEX_POINT('',#2689);
#2691=CARTESIAN_POINT('',(0.065817930687617,0.038,0.049));
#2692=CARTESIAN_POINT('',(0.076,0.020364138624765,0.049));
#2693=CARTESIAN_POINT('',(0.087757240916823,-1.288314E-016,0.045849656791119));
#2701=(BOUNDED_CURVE()B_SPLINE_CURVE(2,(#2691,#2692,#2693),.UNSPECIFIED.,.F.,.U.)B_SPLINE_CURVE_WITH_KNOTS((3,3),(0.111802364324952,0.223604728649903),.UNSPECIFIED.)CURVE()GEOMETRIC_REPRESENTATION_ITEM()RATIONAL_B_SPLINE_CURVE((1.0,1.037954849302045,1.0))REPRESENTATION_ITEM(''));
#2702=EDGE_CURVE('',#2688,#2690,#2701,.T.);
#2703=ORIENTED_EDGE('',*,*,#2702,.F.);
#2704=CARTESIAN_POINT('',(0.065817930687617,-0.038,0.049));
#2705=VERTEX_POINT('',#2704);
#2706=CARTESIAN_POINT('',(0.0,0.0,0.049));
#2707=DIRECTION('',(0.0,0.0,1.0));
#2708=DIRECTION('',(1.0,0.0,0.0));
#2709=AXIS2_PLACEMENT_3D('',#2706,#2707,#2708);
#2710=CIRCLE('',#2709,0.076);
#2711=EDGE_CURVE('',#2705,#2688,#2710,.T.);
#2712=ORIENTED_EDGE('',*,*,#2711,.F.);
#2713=CARTESIAN_POINT('',(0.087757240916823,-1.522553E-016,0.045849656791119));
#2714=CARTESIAN_POINT('',(0.075999999999999,-0.020364138624765,0.049));
#2715=CARTESIAN_POINT('',(0.065817930687617,-0.038,0.049));
#2723=(BOUNDED_CURVE()B_SPLINE_CURVE(2,(#2713,#2714,#2715),.UNSPECIFIED.,.F.,.U.)B_SPLINE_CURVE_WITH_KNOTS((3,3),(0.0,0.111802364324951),.UNSPECIFIED.)CURVE()GEOMETRIC_REPRESENTATION_ITEM()RATIONAL_B_SPLINE_CURVE((1.0,1.037954849302071,1.0))REPRESENTATION_ITEM(''));
#2724=EDGE_CURVE('',#2690,#2705,#2723,.T.);
#2725=ORIENTED_EDGE('',*,*,#2724,.F.);
#2726=EDGE_LOOP('',(#2703,#2712,#2725));
#2727=FACE_OUTER_BOUND('',#2726,.T.);
#2728=ADVANCED_FACE('',(#2727),#2686,.T.);
#2729=CARTESIAN_POINT('',(0.0,0.0,0.04742482839556));
#2730=DIRECTION('',(0.0,0.0,-1.0));
#2731=DIRECTION('',(1.0,0.0,0.0));
#2732=AXIS2_PLACEMENT_3D('',#2729,#2730,#2731);
#2733=CONICAL_SURFACE('',#2732,0.081878620458411,74.999999999999986);
#2734=CARTESIAN_POINT('',(0.043878620458411,-0.076,0.045849656791119));
#2735=VERTEX_POINT('',#2734);
#2736=CARTESIAN_POINT('',(-3.824587E-017,-0.076,0.049));
#2737=VERTEX_POINT('',#2736);
#2738=CARTESIAN_POINT('',(0.04387862045841,-0.076,0.045849656791119));
#2739=CARTESIAN_POINT('',(0.020364138624765,-0.076,0.049));
#2740=CARTESIAN_POINT('',(-3.803565E-017,-0.076,0.049));
#2748=(BOUNDED_CURVE()B_SPLINE_CURVE(2,(#2738,#2739,#2740),.UNSPECIFIED.,.F.,.U.)B_SPLINE_CURVE_WITH_KNOTS((3,3),(0.0,0.111802364324949),.UNSPECIFIED.)CURVE()GEOMETRIC_REPRESENTATION_ITEM()RATIONAL_B_SPLINE_CURVE((1.0,1.037954849302045,1.0))REPRESENTATION_ITEM(''));
#2749=EDGE_CURVE('',#2735,#2737,#2748,.T.);
#2750=ORIENTED_EDGE('',*,*,#2749,.F.);
#2751=CARTESIAN_POINT('',(0.065817930687617,-0.038,0.049));
#2752=CARTESIAN_POINT('',(0.055635861375234,-0.055635861375234,0.049));
#2753=CARTESIAN_POINT('',(0.043878620458411,-0.076,0.045849656791119));
#2761=(BOUNDED_CURVE()B_SPLINE_CURVE(2,(#2751,#2752,#2753),.UNSPECIFIED.,.F.,.U.)B_SPLINE_CURVE_WITH_KNOTS((3,3),(0.111802364324951,0.223604728649903),.UNSPECIFIED.)CURVE()GEOMETRIC_REPRESENTATION_ITEM()RATIONAL_B_SPLINE_CURVE((1.0,1.037954849302045,1.0))REPRESENTATION_ITEM(''));
#2762=EDGE_CURVE('',#2705,#2735,#2761,.T.);
#2763=ORIENTED_EDGE('',*,*,#2762,.F.);
#2764=CARTESIAN_POINT('',(0.0,0.0,0.049));
#2765=DIRECTION('',(0.0,0.0,1.0));
#2766=DIRECTION('',(1.0,0.0,0.0));
#2767=AXIS2_PLACEMENT_3D('',#2764,#2765,#2766);
#2768=CIRCLE('',#2767,0.076);
#2769=EDGE_CURVE('',#2737,#2705,#2768,.T.);
#2770=ORIENTED_EDGE('',*,*,#2769,.F.);
#2771=EDGE_LOOP('',(#2750,#2763,#2770));
#2772=FACE_OUTER_BOUND('',#2771,.T.);
#2773=ADVANCED_FACE('',(#2772),#2733,.T.);
#2774=CARTESIAN_POINT('',(0.0,0.0,0.04742482839556));
#2775=DIRECTION('',(0.0,0.0,-1.0));
#2776=DIRECTION('',(1.0,0.0,0.0));
#2777=AXIS2_PLACEMENT_3D('',#2774,#2775,#2776);
#2778=CONICAL_SURFACE('',#2777,0.081878620458411,74.999999999999986);
#2779=CARTESIAN_POINT('',(0.0,0.076,0.049));
#2780=VERTEX_POINT('',#2779);
#2781=CARTESIAN_POINT('',(0.043878620458411,0.076,0.045849656791119));
#2782=VERTEX_POINT('',#2781);
#2783=CARTESIAN_POINT('',(0.0,0.076,0.049));
#2784=CARTESIAN_POINT('',(0.020364138624765,0.076,0.049));
#2785=CARTESIAN_POINT('',(0.043878620458411,0.076,0.045849656791119));
#2793=(BOUNDED_CURVE()B_SPLINE_CURVE(2,(#2783,#2784,#2785),.UNSPECIFIED.,.F.,.U.)B_SPLINE_CURVE_WITH_KNOTS((3,3),(0.11180236432495,0.2236047286499),.UNSPECIFIED.)CURVE()GEOMETRIC_REPRESENTATION_ITEM()RATIONAL_B_SPLINE_CURVE((1.0,1.037954849302035,1.0))REPRESENTATION_ITEM(''));
#2794=EDGE_CURVE('',#2780,#2782,#2793,.T.);
#2795=ORIENTED_EDGE('',*,*,#2794,.F.);
#2796=CARTESIAN_POINT('',(0.0,0.0,0.049));
#2797=DIRECTION('',(0.0,0.0,1.0));
#2798=DIRECTION('',(1.0,0.0,0.0));
#2799=AXIS2_PLACEMENT_3D('',#2796,#2797,#2798);
#2800=CIRCLE('',#2799,0.076);
#2801=EDGE_CURVE('',#2688,#2780,#2800,.T.);
#2802=ORIENTED_EDGE('',*,*,#2801,.F.);
#2803=CARTESIAN_POINT('',(0.043878620458411,0.076,0.045849656791119));
#2804=CARTESIAN_POINT('',(0.055635861375234,0.055635861375234,0.049));
#2805=CARTESIAN_POINT('',(0.065817930687617,0.038,0.049));
#2813=(BOUNDED_CURVE()B_SPLINE_CURVE(2,(#2803,#2804,#2805),.UNSPECIFIED.,.F.,.U.)B_SPLINE_CURVE_WITH_KNOTS((3,3),(0.0,0.111802364324952),.UNSPECIFIED.)CURVE()GEOMETRIC_REPRESENTATION_ITEM()RATIONAL_B_SPLINE_CURVE((1.0,1.03795484930205,1.0))REPRESENTATION_ITEM(''));
#2814=EDGE_CURVE('',#2782,#2688,#2813,.T.);
#2815=ORIENTED_EDGE('',*,*,#2814,.F.);
#2816=EDGE_LOOP('',(#2795,#2802,#2815));
#2817=FACE_OUTER_BOUND('',#2816,.T.);
#2818=ADVANCED_FACE('',(#2817),#2778,.T.);
#2819=CARTESIAN_POINT('',(0.0,0.0,0.04742482839556));
#2820=DIRECTION('',(0.0,0.0,-1.0));
#2821=DIRECTION('',(1.0,0.0,0.0));
#2822=AXIS2_PLACEMENT_3D('',#2819,#2820,#2821);
#2823=CONICAL_SURFACE('',#2822,0.081878620458411,74.999999999999986);
#2824=CARTESIAN_POINT('',(-0.04387862045841,-0.076,0.045849656791119));
#2825=VERTEX_POINT('',#2824);
#2826=CARTESIAN_POINT('',(-0.065817930687618,-0.038,0.049));
#2827=VERTEX_POINT('',#2826);
#2828=CARTESIAN_POINT('',(-0.043878620458413,-0.075999999999999,0.045849656791119));
#2829=CARTESIAN_POINT('',(-0.055635861375236,-0.055635861375234,0.049));
#2830=CARTESIAN_POINT('',(-0.065817930687618,-0.038,0.049));
#2838=(BOUNDED_CURVE()B_SPLINE_CURVE(2,(#2828,#2829,#2830),.UNSPECIFIED.,.F.,.U.)B_SPLINE_CURVE_WITH_KNOTS((3,3),(0.0,0.111802364324948),.UNSPECIFIED.)CURVE()GEOMETRIC_REPRESENTATION_ITEM()RATIONAL_B_SPLINE_CURVE((1.0,1.03795484930205,1.0))REPRESENTATION_ITEM(''));
#2839=EDGE_CURVE('',#2825,#2827,#2838,.T.);
#2840=ORIENTED_EDGE('',*,*,#2839,.F.);
#2841=CARTESIAN_POINT('',(-3.803565E-017,-0.076,0.049));
#2842=CARTESIAN_POINT('',(-0.020364138624765,-0.076,0.049));
#2843=CARTESIAN_POINT('',(-0.043878620458411,-0.076,0.045849656791119));
#2851=(BOUNDED_CURVE()B_SPLINE_CURVE(2,(#2841,#2842,#2843),.UNSPECIFIED.,.F.,.U.)B_SPLINE_CURVE_WITH_KNOTS((3,3),(0.111802364324949,0.223604728649899),.UNSPECIFIED.)CURVE()GEOMETRIC_REPRESENTATION_ITEM()RATIONAL_B_SPLINE_CURVE((1.0,1.037954849302045,1.0))REPRESENTATION_ITEM(''));
#2852=EDGE_CURVE('',#2737,#2825,#2851,.T.);
#2853=ORIENTED_EDGE('',*,*,#2852,.F.);
#2854=CARTESIAN_POINT('',(0.0,0.0,0.049));
#2855=DIRECTION('',(0.0,0.0,1.0));
#2856=DIRECTION('',(1.0,0.0,0.0));
#2857=AXIS2_PLACEMENT_3D('',#2854,#2855,#2856);
#2858=CIRCLE('',#2857,0.076);
#2859=EDGE_CURVE('',#2827,#2737,#2858,.T.);
#2860=ORIENTED_EDGE('',*,*,#2859,.F.);
#2861=EDGE_LOOP('',(#2840,#2853,#2860));
#2862=FACE_OUTER_BOUND('',#2861,.T.);
#2863=ADVANCED_FACE('',(#2862),#2823,.T.);
#2864=CARTESIAN_POINT('',(0.0,0.0,0.04742482839556));
#2865=DIRECTION('',(0.0,0.0,-1.0));
#2866=DIRECTION('',(1.0,0.0,0.0));
#2867=AXIS2_PLACEMENT_3D('',#2864,#2865,#2866);
#2868=CONICAL_SURFACE('',#2867,0.081878620458411,74.999999999999986);
#2869=CARTESIAN_POINT('',(-0.065817930687618,0.038,0.049));
#2870=VERTEX_POINT('',#2869);
#2871=CARTESIAN_POINT('',(-0.043878620458413,0.075999999999999,0.045849656791119));
#2872=VERTEX_POINT('',#2871);
#2873=CARTESIAN_POINT('',(-0.065817930687618,0.038,0.049));
#2874=CARTESIAN_POINT('',(-0.055635861375235,0.055635861375234,0.049));
#2875=CARTESIAN_POINT('',(-0.043878620458413,0.075999999999999,0.045849656791119));
#2883=(BOUNDED_CURVE()B_SPLINE_CURVE(2,(#2873,#2874,#2875),.UNSPECIFIED.,.F.,.U.)B_SPLINE_CURVE_WITH_KNOTS((3,3),(0.111802364324948,0.223604728649896),.UNSPECIFIED.)CURVE()GEOMETRIC_REPRESENTATION_ITEM()RATIONAL_B_SPLINE_CURVE((1.0,1.037954849302053,1.0))REPRESENTATION_ITEM(''));
#2884=EDGE_CURVE('',#2870,#2872,#2883,.T.);
#2885=ORIENTED_EDGE('',*,*,#2884,.F.);
#2886=CARTESIAN_POINT('',(0.0,0.0,0.049));
#2887=DIRECTION('',(0.0,0.0,1.0));
#2888=DIRECTION('',(1.0,0.0,0.0));
#2889=AXIS2_PLACEMENT_3D('',#2886,#2887,#2888);
#2890=CIRCLE('',#2889,0.076);
#2891=EDGE_CURVE('',#2780,#2870,#2890,.T.);
#2892=ORIENTED_EDGE('',*,*,#2891,.F.);
#2893=CARTESIAN_POINT('',(-0.043878620458411,0.076,0.045849656791119));
#2894=CARTESIAN_POINT('',(-0.020364138624765,0.076,0.049));
#2895=CARTESIAN_POINT('',(0.0,0.076,0.049));
#2903=(BOUNDED_CURVE()B_SPLINE_CURVE(2,(#2893,#2894,#2895),.UNSPECIFIED.,.F.,.U.)B_SPLINE_CURVE_WITH_KNOTS((3,3),(0.0,0.11180236432495),.UNSPECIFIED.)CURVE()GEOMETRIC_REPRESENTATION_ITEM()RATIONAL_B_SPLINE_CURVE((1.0,1.037954849302035,1.0))REPRESENTATION_ITEM(''));
#2904=EDGE_CURVE('',#2872,#2780,#2903,.T.);
#2905=ORIENTED_EDGE('',*,*,#2904,.F.);
#2906=EDGE_LOOP('',(#2885,#2892,#2905));
#2907=FACE_OUTER_BOUND('',#2906,.T.);
#2908=ADVANCED_FACE('',(#2907),#2868,.T.);
#2909=CARTESIAN_POINT('',(0.0,0.0,0.04742482839556));
#2910=DIRECTION('',(0.0,0.0,-1.0));
#2911=DIRECTION('',(1.0,0.0,0.0));
#2912=AXIS2_PLACEMENT_3D('',#2909,#2910,#2911);
#2913=CONICAL_SURFACE('',#2912,0.081878620458411,74.999999999999986);
#2914=CARTESIAN_POINT('',(-0.087757240916823,-1.781165E-015,0.045849656791119));
#2915=VERTEX_POINT('',#2914);
#2916=CARTESIAN_POINT('',(-0.087757240916823,1.704088E-015,0.045849656791119));
#2917=CARTESIAN_POINT('',(-0.076,0.020364138624766,0.049));
#2918=CARTESIAN_POINT('',(-0.065817930687618,0.038,0.049));
#2926=(BOUNDED_CURVE()B_SPLINE_CURVE(2,(#2916,#2917,#2918),.UNSPECIFIED.,.F.,.U.)B_SPLINE_CURVE_WITH_KNOTS((3,3),(0.0,0.111802364324948),.UNSPECIFIED.)CURVE()GEOMETRIC_REPRESENTATION_ITEM()RATIONAL_B_SPLINE_CURVE((1.0,1.037954849302043,1.0))REPRESENTATION_ITEM(''));
#2927=EDGE_CURVE('',#2915,#2870,#2926,.T.);
#2928=ORIENTED_EDGE('',*,*,#2927,.F.);
#2929=CARTESIAN_POINT('',(-0.065817930687618,-0.038,0.049));
#2930=CARTESIAN_POINT('',(-0.076,-0.020364138624766,0.049));
#2931=CARTESIAN_POINT('',(-0.087757240916823,-1.774359E-015,0.045849656791119));
#2939=(BOUNDED_CURVE()B_SPLINE_CURVE(2,(#2929,#2930,#2931),.UNSPECIFIED.,.F.,.U.)B_SPLINE_CURVE_WITH_KNOTS((3,3),(0.111802364324948,0.223604728649895),.UNSPECIFIED.)CURVE()GEOMETRIC_REPRESENTATION_ITEM()RATIONAL_B_SPLINE_CURVE((1.0,1.037954849302055,1.0))REPRESENTATION_ITEM(''));
#2940=EDGE_CURVE('',#2827,#2915,#2939,.T.);
#2941=ORIENTED_EDGE('',*,*,#2940,.F.);
#2942=CARTESIAN_POINT('',(0.0,0.0,0.049));
#2943=DIRECTION('',(0.0,0.0,1.0));
#2944=DIRECTION('',(1.0,0.0,0.0));
#2945=AXIS2_PLACEMENT_3D('',#2942,#2943,#2944);
#2946=CIRCLE('',#2945,0.076);
#2947=EDGE_CURVE('',#2870,#2827,#2946,.T.);
#2948=ORIENTED_EDGE('',*,*,#2947,.F.);
#2949=EDGE_LOOP('',(#2928,#2941,#2948));
#2950=FACE_OUTER_BOUND('',#2949,.T.);
#2951=ADVANCED_FACE('',(#2950),#2913,.T.);
#2952=CARTESIAN_POINT('',(0.0,0.0,0.00157517160444));
#2953=DIRECTION('',(0.0,0.0,1.0));
#2954=DIRECTION('',(1.0,0.0,0.0));
#2955=AXIS2_PLACEMENT_3D('',#2952,#2953,#2954);
#2956=CONICAL_SURFACE('',#2955,0.081878620458411,75.000000000000043);
#2957=CARTESIAN_POINT('',(0.065817930687617,0.038,0.0));
#2958=VERTEX_POINT('',#2957);
#2959=CARTESIAN_POINT('',(0.043878620458411,0.076,0.003150343208881));
#2960=VERTEX_POINT('',#2959);
#2961=CARTESIAN_POINT('',(0.065817930687617,0.038,-1.321531E-016));
#2962=CARTESIAN_POINT('',(0.055635861375234,0.055635861375234,-1.383852E-016));
#2963=CARTESIAN_POINT('',(0.043878620458411,0.076,0.003150343208881));
#2971=(BOUNDED_CURVE()B_SPLINE_CURVE(2,(#2961,#2962,#2963),.UNSPECIFIED.,.F.,.U.)B_SPLINE_CURVE_WITH_KNOTS((3,3),(0.111802364324952,0.223604728649904),.UNSPECIFIED.)CURVE()GEOMETRIC_REPRESENTATION_ITEM()RATIONAL_B_SPLINE_CURVE((1.0,1.037954849302031,1.0))REPRESENTATION_ITEM(''));
#2972=EDGE_CURVE('',#2958,#2960,#2971,.T.);
#2973=ORIENTED_EDGE('',*,*,#2972,.F.);
#2974=CARTESIAN_POINT('',(0.0,0.076,0.0));
#2975=VERTEX_POINT('',#2974);
#2976=CARTESIAN_POINT('',(0.0,0.0,0.0));
#2977=DIRECTION('',(0.0,0.0,-1.0));
#2978=DIRECTION('',(1.0,0.0,0.0));
#2979=AXIS2_PLACEMENT_3D('',#2976,#2977,#2978);
#2980=CIRCLE('',#2979,0.076);
#2981=EDGE_CURVE('',#2975,#2958,#2980,.T.);
#2982=ORIENTED_EDGE('',*,*,#2981,.F.);
#2983=CARTESIAN_POINT('',(0.043878620458411,0.076,0.003150343208881));
#2984=CARTESIAN_POINT('',(0.020364138624765,0.076,-1.920831E-018));
#2985=CARTESIAN_POINT('',(0.0,0.076,-1.502516E-017));
#2993=(BOUNDED_CURVE()B_SPLINE_CURVE(2,(#2983,#2984,#2985),.UNSPECIFIED.,.F.,.U.)B_SPLINE_CURVE_WITH_KNOTS((3,3),(0.0,0.11180236432495),.UNSPECIFIED.)CURVE()GEOMETRIC_REPRESENTATION_ITEM()RATIONAL_B_SPLINE_CURVE((1.0,1.037954849302034,1.0))REPRESENTATION_ITEM(''));
#2994=EDGE_CURVE('',#2960,#2975,#2993,.T.);
#2995=ORIENTED_EDGE('',*,*,#2994,.F.);
#2996=EDGE_LOOP('',(#2973,#2982,#2995));
#2997=FACE_OUTER_BOUND('',#2996,.T.);
#2998=ADVANCED_FACE('',(#2997),#2956,.T.);
#2999=CARTESIAN_POINT('',(0.0,0.0,0.00157517160444));
#3000=DIRECTION('',(0.0,0.0,1.0));
#3001=DIRECTION('',(1.0,0.0,0.0));
#3002=AXIS2_PLACEMENT_3D('',#2999,#3000,#3001);
#3003=CONICAL_SURFACE('',#3002,0.081878620458411,75.000000000000043);
#3004=CARTESIAN_POINT('',(-0.043878620458413,0.075999999999999,0.003150343208881));
#3005=VERTEX_POINT('',#3004);
#3006=CARTESIAN_POINT('',(-0.065817930687618,0.038,0.0));
#3007=VERTEX_POINT('',#3006);
#3008=CARTESIAN_POINT('',(-0.043878620458413,0.075999999999999,0.003150343208881));
#3009=CARTESIAN_POINT('',(-0.055635861375235,0.055635861375234,1.059872E-016));
#3010=CARTESIAN_POINT('',(-0.065817930687618,0.038,1.065421E-016));
#3018=(BOUNDED_CURVE()B_SPLINE_CURVE(2,(#3008,#3009,#3010),.UNSPECIFIED.,.F.,.U.)B_SPLINE_CURVE_WITH_KNOTS((3,3),(0.0,0.111802364324948),.UNSPECIFIED.)CURVE()GEOMETRIC_REPRESENTATION_ITEM()RATIONAL_B_SPLINE_CURVE((1.0,1.037954849302045,1.0))REPRESENTATION_ITEM(''));
#3019=EDGE_CURVE('',#3005,#3007,#3018,.T.);
#3020=ORIENTED_EDGE('',*,*,#3019,.F.);
#3021=CARTESIAN_POINT('',(0.0,0.076,-1.502516E-017));
#3022=CARTESIAN_POINT('',(-0.020364138624765,0.076,-2.812950E-017));
#3023=CARTESIAN_POINT('',(-0.043878620458411,0.076,0.003150343208881));
#3031=(BOUNDED_CURVE()B_SPLINE_CURVE(2,(#3021,#3022,#3023),.UNSPECIFIED.,.F.,.U.)B_SPLINE_CURVE_WITH_KNOTS((3,3),(0.11180236432495,0.2236047286499),.UNSPECIFIED.)CURVE()GEOMETRIC_REPRESENTATION_ITEM()RATIONAL_B_SPLINE_CURVE((1.0,1.037954849302034,1.0))REPRESENTATION_ITEM(''));
#3032=EDGE_CURVE('',#2975,#3005,#3031,.T.);
#3033=ORIENTED_EDGE('',*,*,#3032,.F.);
#3034=CARTESIAN_POINT('',(0.0,0.0,0.0));
#3035=DIRECTION('',(0.0,0.0,-1.0));
#3036=DIRECTION('',(1.0,0.0,0.0));
#3037=AXIS2_PLACEMENT_3D('',#3034,#3035,#3036);
#3038=CIRCLE('',#3037,0.076);
#3039=EDGE_CURVE('',#3007,#2975,#3038,.T.);
#3040=ORIENTED_EDGE('',*,*,#3039,.F.);
#3041=EDGE_LOOP('',(#3020,#3033,#3040));
#3042=FACE_OUTER_BOUND('',#3041,.T.);
#3043=ADVANCED_FACE('',(#3042),#3003,.T.);
#3044=CARTESIAN_POINT('',(0.0,0.0,0.00157517160444));
#3045=DIRECTION('',(0.0,0.0,1.0));
#3046=DIRECTION('',(1.0,0.0,0.0));
#3047=AXIS2_PLACEMENT_3D('',#3044,#3045,#3046);
#3048=CONICAL_SURFACE('',#3047,0.081878620458411,75.000000000000043);
#3049=CARTESIAN_POINT('',(0.065817930687617,-0.038,0.0));
#3050=VERTEX_POINT('',#3049);
#3051=CARTESIAN_POINT('',(0.087757240916823,0.0,0.003150343208881));
#3052=VERTEX_POINT('',#3051);
#3053=CARTESIAN_POINT('',(0.065817930687617,-0.038,-1.106398E-016));
#3054=CARTESIAN_POINT('',(0.076,-0.020364138624765,-1.292719E-016));
#3055=CARTESIAN_POINT('',(0.087757240916823,-1.639672E-016,0.003150343208881));
#3063=(BOUNDED_CURVE()B_SPLINE_CURVE(2,(#3053,#3054,#3055),.UNSPECIFIED.,.F.,.U.)B_SPLINE_CURVE_WITH_KNOTS((3,3),(0.111802364324951,0.223604728649903),.UNSPECIFIED.)CURVE()GEOMETRIC_REPRESENTATION_ITEM()RATIONAL_B_SPLINE_CURVE((1.0,1.037954849302044,1.0))REPRESENTATION_ITEM(''));
#3064=EDGE_CURVE('',#3050,#3052,#3063,.T.);
#3065=ORIENTED_EDGE('',*,*,#3064,.F.);
#3066=CARTESIAN_POINT('',(0.0,0.0,0.0));
#3067=DIRECTION('',(0.0,0.0,-1.0));
#3068=DIRECTION('',(1.0,0.0,0.0));
#3069=AXIS2_PLACEMENT_3D('',#3066,#3067,#3068);
#3070=CIRCLE('',#3069,0.076);
#3071=EDGE_CURVE('',#2958,#3050,#3070,.T.);
#3072=ORIENTED_EDGE('',*,*,#3071,.F.);
#3073=CARTESIAN_POINT('',(0.087757240916823,-1.346873E-016,0.003150343208881));
#3074=CARTESIAN_POINT('',(0.076,0.020364138624765,-1.259211E-016));
#3075=CARTESIAN_POINT('',(0.065817930687617,0.038,-1.321531E-016));
#3083=(BOUNDED_CURVE()B_SPLINE_CURVE(2,(#3073,#3074,#3075),.UNSPECIFIED.,.F.,.U.)B_SPLINE_CURVE_WITH_KNOTS((3,3),(0.0,0.111802364324952),.UNSPECIFIED.)CURVE()GEOMETRIC_REPRESENTATION_ITEM()RATIONAL_B_SPLINE_CURVE((1.0,1.037954849302033,1.0))REPRESENTATION_ITEM(''));
#3084=EDGE_CURVE('',#3052,#2958,#3083,.T.);
#3085=ORIENTED_EDGE('',*,*,#3084,.F.);
#3086=EDGE_LOOP('',(#3065,#3072,#3085));
#3087=FACE_OUTER_BOUND('',#3086,.T.);
#3088=ADVANCED_FACE('',(#3087),#3048,.T.);
#3089=CARTESIAN_POINT('',(0.0,0.0,0.00157517160444));
#3090=DIRECTION('',(0.0,0.0,1.0));
#3091=DIRECTION('',(1.0,0.0,0.0));
#3092=AXIS2_PLACEMENT_3D('',#3089,#3090,#3091);
#3093=CONICAL_SURFACE('',#3092,0.081878620458411,75.000000000000043);
#3094=CARTESIAN_POINT('',(-0.087757240916823,-1.781165E-015,0.003150343208881));
#3095=VERTEX_POINT('',#3094);
#3096=CARTESIAN_POINT('',(-0.065817930687618,-0.038,0.0));
#3097=VERTEX_POINT('',#3096);
#3098=CARTESIAN_POINT('',(-0.087757240916823,-1.815351E-015,0.003150343208881));
#3099=CARTESIAN_POINT('',(-0.076,-0.020364138624766,1.332630E-016));
#3100=CARTESIAN_POINT('',(-0.065817930687618,-0.038,1.242991E-016));
#3108=(BOUNDED_CURVE()B_SPLINE_CURVE(2,(#3098,#3099,#3100),.UNSPECIFIED.,.F.,.U.)B_SPLINE_CURVE_WITH_KNOTS((3,3),(0.0,0.111802364324947),.UNSPECIFIED.)CURVE()GEOMETRIC_REPRESENTATION_ITEM()RATIONAL_B_SPLINE_CURVE((1.0,1.037954849302057,1.0))REPRESENTATION_ITEM(''));
#3109=EDGE_CURVE('',#3095,#3097,#3108,.T.);
#3110=ORIENTED_EDGE('',*,*,#3109,.F.);
#3111=CARTESIAN_POINT('',(-0.065817930687618,0.038,1.065421E-016));
#3112=CARTESIAN_POINT('',(-0.076,0.020364138624766,1.070970E-016));
#3113=CARTESIAN_POINT('',(-0.087757240916823,1.709944E-015,0.003150343208881));
#3121=(BOUNDED_CURVE()B_SPLINE_CURVE(2,(#3111,#3112,#3113),.UNSPECIFIED.,.F.,.U.)B_SPLINE_CURVE_WITH_KNOTS((3,3),(0.111802364324948,0.223604728649896),.UNSPECIFIED.)CURVE()GEOMETRIC_REPRESENTATION_ITEM()RATIONAL_B_SPLINE_CURVE((1.0,1.037954849302035,1.0))REPRESENTATION_ITEM(''));
#3122=EDGE_CURVE('',#3007,#3095,#3121,.T.);
#3123=ORIENTED_EDGE('',*,*,#3122,.F.);
#3124=CARTESIAN_POINT('',(0.0,0.0,0.0));
#3125=DIRECTION('',(0.0,0.0,-1.0));
#3126=DIRECTION('',(1.0,0.0,0.0));
#3127=AXIS2_PLACEMENT_3D('',#3124,#3125,#3126);
#3128=CIRCLE('',#3127,0.076);
#3129=EDGE_CURVE('',#3097,#3007,#3128,.T.);
#3130=ORIENTED_EDGE('',*,*,#3129,.F.);
#3131=EDGE_LOOP('',(#3110,#3123,#3130));
#3132=FACE_OUTER_BOUND('',#3131,.T.);
#3133=ADVANCED_FACE('',(#3132),#3093,.T.);
#3134=CARTESIAN_POINT('',(0.0,0.0,0.00157517160444));
#3135=DIRECTION('',(0.0,0.0,1.0));
#3136=DIRECTION('',(1.0,0.0,0.0));
#3137=AXIS2_PLACEMENT_3D('',#3134,#3135,#3136);
#3138=CONICAL_SURFACE('',#3137,0.081878620458411,75.000000000000043);
#3139=CARTESIAN_POINT('',(-3.824587E-017,-0.076,0.0));
#3140=VERTEX_POINT('',#3139);
#3141=CARTESIAN_POINT('',(0.043878620458411,-0.076,0.003150343208881));
#3142=VERTEX_POINT('',#3141);
#3143=CARTESIAN_POINT('',(-3.803565E-017,-0.076,8.537025E-018));
#3144=CARTESIAN_POINT('',(0.020364138624765,-0.076,2.258043E-017));
#3145=CARTESIAN_POINT('',(0.04387862045841,-0.076,0.003150343208881));
#3153=(BOUNDED_CURVE()B_SPLINE_CURVE(2,(#3143,#3144,#3145),.UNSPECIFIED.,.F.,.U.)B_SPLINE_CURVE_WITH_KNOTS((3,3),(0.111802364324949,0.223604728649899),.UNSPECIFIED.)CURVE()GEOMETRIC_REPRESENTATION_ITEM()RATIONAL_B_SPLINE_CURVE((1.0,1.037954849302046,1.0))REPRESENTATION_ITEM(''));
#3154=EDGE_CURVE('',#3140,#3142,#3153,.T.);
#3155=ORIENTED_EDGE('',*,*,#3154,.F.);
#3156=CARTESIAN_POINT('',(0.0,0.0,0.0));
#3157=DIRECTION('',(0.0,0.0,-1.0));
#3158=DIRECTION('',(1.0,0.0,0.0));
#3159=AXIS2_PLACEMENT_3D('',#3156,#3157,#3158);
#3160=CIRCLE('',#3159,0.076);
#3161=EDGE_CURVE('',#3050,#3140,#3160,.T.);
#3162=ORIENTED_EDGE('',*,*,#3161,.F.);
#3163=CARTESIAN_POINT('',(0.043878620458411,-0.076,0.003150343208881));
#3164=CARTESIAN_POINT('',(0.055635861375234,-0.055635861375235,-9.200779E-017));
#3165=CARTESIAN_POINT('',(0.065817930687617,-0.038,-1.106398E-016));
#3173=(BOUNDED_CURVE()B_SPLINE_CURVE(2,(#3163,#3164,#3165),.UNSPECIFIED.,.F.,.U.)B_SPLINE_CURVE_WITH_KNOTS((3,3),(0.0,0.111802364324951),.UNSPECIFIED.)CURVE()GEOMETRIC_REPRESENTATION_ITEM()RATIONAL_B_SPLINE_CURVE((1.0,1.037954849302055,1.0))REPRESENTATION_ITEM(''));
#3174=EDGE_CURVE('',#3142,#3050,#3173,.T.);
#3175=ORIENTED_EDGE('',*,*,#3174,.F.);
#3176=EDGE_LOOP('',(#3155,#3162,#3175));
#3177=FACE_OUTER_BOUND('',#3176,.T.);
#3178=ADVANCED_FACE('',(#3177),#3138,.T.);
#3179=CARTESIAN_POINT('',(0.0,0.0,0.00157517160444));
#3180=DIRECTION('',(0.0,0.0,1.0));
#3181=DIRECTION('',(1.0,0.0,0.0));
#3182=AXIS2_PLACEMENT_3D('',#3179,#3180,#3181);
#3183=CONICAL_SURFACE('',#3182,0.081878620458411,75.000000000000043);
#3184=CARTESIAN_POINT('',(-0.04387862045841,-0.076,0.003150343208881));
#3185=VERTEX_POINT('',#3184);
#3186=CARTESIAN_POINT('',(-0.04387862045841,-0.076,0.003150343208881));
#3187=CARTESIAN_POINT('',(-0.020364138624765,-0.076,-5.506381E-018));
#3188=CARTESIAN_POINT('',(-3.803565E-017,-0.076,8.537025E-018));
#3196=(BOUNDED_CURVE()B_SPLINE_CURVE(2,(#3186,#3187,#3188),.UNSPECIFIED.,.F.,.U.)B_SPLINE_CURVE_WITH_KNOTS((3,3),(0.0,0.111802364324949),.UNSPECIFIED.)CURVE()GEOMETRIC_REPRESENTATION_ITEM()RATIONAL_B_SPLINE_CURVE((1.0,1.037954849302051,1.0))REPRESENTATION_ITEM(''));
#3197=EDGE_CURVE('',#3185,#3140,#3196,.T.);
#3198=ORIENTED_EDGE('',*,*,#3197,.F.);
#3199=CARTESIAN_POINT('',(-0.065817930687618,-0.038,1.242991E-016));
#3200=CARTESIAN_POINT('',(-0.055635861375235,-0.055635861375234,1.153352E-016));
#3201=CARTESIAN_POINT('',(-0.043878620458413,-0.075999999999999,0.003150343208881));
#3209=(BOUNDED_CURVE()B_SPLINE_CURVE(2,(#3199,#3200,#3201),.UNSPECIFIED.,.F.,.U.)B_SPLINE_CURVE_WITH_KNOTS((3,3),(0.111802364324947,0.223604728649895),.UNSPECIFIED.)CURVE()GEOMETRIC_REPRESENTATION_ITEM()RATIONAL_B_SPLINE_CURVE((1.0,1.037954849302047,1.0))REPRESENTATION_ITEM(''));
#3210=EDGE_CURVE('',#3097,#3185,#3209,.T.);
#3211=ORIENTED_EDGE('',*,*,#3210,.F.);
#3212=CARTESIAN_POINT('',(0.0,0.0,0.0));
#3213=DIRECTION('',(0.0,0.0,-1.0));
#3214=DIRECTION('',(1.0,0.0,0.0));
#3215=AXIS2_PLACEMENT_3D('',#3212,#3213,#3214);
#3216=CIRCLE('',#3215,0.076);
#3217=EDGE_CURVE('',#3140,#3097,#3216,.T.);
#3218=ORIENTED_EDGE('',*,*,#3217,.F.);
#3219=EDGE_LOOP('',(#3198,#3211,#3218));
#3220=FACE_OUTER_BOUND('',#3219,.T.);
#3221=ADVANCED_FACE('',(#3220),#3183,.T.);
#3222=CARTESIAN_POINT('',(-0.087757240916824,-2.799218E-017,0.0));
#3223=DIRECTION('',(-0.866025403784439,0.5,0.0));
#3224=DIRECTION('',(0.0,0.0,1.0));
#3225=AXIS2_PLACEMENT_3D('',#3222,#3223,#3224);
#3226=PLANE('',#3225);
#3227=ORIENTED_EDGE('',*,*,#2927,.T.);
#3228=ORIENTED_EDGE('',*,*,#2884,.T.);
#3229=CARTESIAN_POINT('',(-0.043878620458412,0.076,0.003150343208881));
#3230=DIRECTION('',(0.0,0.0,1.0));
#3231=VECTOR('',#3230,0.042699313582238);
#3232=LINE('',#3229,#3231);
#3233=EDGE_CURVE('',#3005,#2872,#3232,.T.);
#3234=ORIENTED_EDGE('',*,*,#3233,.F.);
#3235=ORIENTED_EDGE('',*,*,#3019,.T.);
#3236=ORIENTED_EDGE('',*,*,#3122,.T.);
#3237=CARTESIAN_POINT('',(-0.087757240916824,-2.799218E-017,0.003150343208881));
#3238=DIRECTION('',(0.0,0.0,1.0));
#3239=VECTOR('',#3238,0.042699313582238);
#3240=LINE('',#3237,#3239);
#3241=EDGE_CURVE('',#3095,#2915,#3240,.T.);
#3242=ORIENTED_EDGE('',*,*,#3241,.T.);
#3243=EDGE_LOOP('',(#3227,#3228,#3234,#3235,#3236,#3242));
#3244=FACE_OUTER_BOUND('',#3243,.T.);
#3245=ADVANCED_FACE('',(#3244),#3226,.T.);
#3246=CARTESIAN_POINT('',(0.043878620458411,0.076,0.0));
#3247=DIRECTION('',(0.866025403784439,0.5,0.0));
#3248=DIRECTION('',(0.0,0.0,-1.0));
#3249=AXIS2_PLACEMENT_3D('',#3246,#3247,#3248);
#3250=PLANE('',#3249);
#3251=ORIENTED_EDGE('',*,*,#2814,.T.);
#3252=ORIENTED_EDGE('',*,*,#2702,.T.);
#3253=CARTESIAN_POINT('',(0.087757240916823,-1.313180E-016,0.003150343208881));
#3254=DIRECTION('',(0.0,0.0,1.0));
#3255=VECTOR('',#3254,0.042699313582238);
#3256=LINE('',#3253,#3255);
#3257=EDGE_CURVE('',#3052,#2690,#3256,.T.);
#3258=ORIENTED_EDGE('',*,*,#3257,.F.);
#3259=ORIENTED_EDGE('',*,*,#3084,.T.);
#3260=ORIENTED_EDGE('',*,*,#2972,.T.);
#3261=CARTESIAN_POINT('',(0.043878620458411,0.076,0.003150343208881));
#3262=DIRECTION('',(0.0,0.0,1.0));
#3263=VECTOR('',#3262,0.042699313582238);
#3264=LINE('',#3261,#3263);
#3265=EDGE_CURVE('',#2960,#2782,#3264,.T.);
#3266=ORIENTED_EDGE('',*,*,#3265,.T.);
#3267=EDGE_LOOP('',(#3251,#3252,#3258,#3259,#3260,#3266));
#3268=FACE_OUTER_BOUND('',#3267,.T.);
#3269=ADVANCED_FACE('',(#3268),#3250,.T.);
#3270=CARTESIAN_POINT('',(-0.043878620458412,0.076,0.0));
#3271=DIRECTION('',(0.0,1.0,0.0));
#3272=DIRECTION('',(0.0,0.0,1.0));
#3273=AXIS2_PLACEMENT_3D('',#3270,#3271,#3272);
#3274=PLANE('',#3273);
#3275=ORIENTED_EDGE('',*,*,#2904,.T.);
#3276=ORIENTED_EDGE('',*,*,#2794,.T.);
#3277=ORIENTED_EDGE('',*,*,#3265,.F.);
#3278=ORIENTED_EDGE('',*,*,#2994,.T.);
#3279=ORIENTED_EDGE('',*,*,#3032,.T.);
#3280=ORIENTED_EDGE('',*,*,#3233,.T.);
#3281=EDGE_LOOP('',(#3275,#3276,#3277,#3278,#3279,#3280));
#3282=FACE_OUTER_BOUND('',#3281,.T.);
#3283=ADVANCED_FACE('',(#3282),#3274,.T.);
#3284=CARTESIAN_POINT('',(0.0,0.0,-0.188297984258892));
#3285=DIRECTION('',(0.0,0.0,1.0));
#3286=DIRECTION('',(1.0,0.0,0.0));
#3287=AXIS2_PLACEMENT_3D('',#3284,#3285,#3286);
#3288=CYLINDRICAL_SURFACE('',#3287,0.028);
#3289=CARTESIAN_POINT('',(-0.028,-3.428898E-018,0.0));
#3290=VERTEX_POINT('',#3289);
#3291=CARTESIAN_POINT('',(0.0,0.0,0.0));
#3292=DIRECTION('',(0.0,0.0,1.0));
#3293=DIRECTION('',(1.0,0.0,0.0));
#3294=AXIS2_PLACEMENT_3D('',#3291,#3292,#3293);
#3295=CIRCLE('',#3294,0.028);
#3296=EDGE_CURVE('',#3290,#3290,#3295,.T.);
#3297=ORIENTED_EDGE('',*,*,#3296,.F.);
#3298=EDGE_LOOP('',(#3297));
#3299=FACE_OUTER_BOUND('',#3298,.T.);
#3300=CARTESIAN_POINT('',(0.028,0.0,0.049));
#3301=VERTEX_POINT('',#3300);
#3302=CARTESIAN_POINT('',(0.0,0.0,0.049));
#3303=DIRECTION('',(0.0,0.0,-1.0));
#3304=DIRECTION('',(1.0,0.0,0.0));
#3305=AXIS2_PLACEMENT_3D('',#3302,#3303,#3304);
#3306=CIRCLE('',#3305,0.028);
#3307=EDGE_CURVE('',#3301,#3301,#3306,.T.);
#3308=ORIENTED_EDGE('',*,*,#3307,.F.);
#3309=EDGE_LOOP('',(#3308));
#3310=FACE_BOUND('',#3309,.T.);
#3311=ADVANCED_FACE('',(#3299,#3310),#3288,.F.);
#3312=CARTESIAN_POINT('',(0.087757240916823,-1.313180E-016,0.0));
#3313=DIRECTION('',(0.866025403784438,-0.500000000000001,0.0));
#3314=DIRECTION('',(0.0,0.0,-1.0));
#3315=AXIS2_PLACEMENT_3D('',#3312,#3313,#3314);
#3316=PLANE('',#3315);
#3317=ORIENTED_EDGE('',*,*,#2762,.T.);
#3318=CARTESIAN_POINT('',(0.043878620458411,-0.076,0.003150343208881));
#3319=DIRECTION('',(0.0,0.0,1.0));
#3320=VECTOR('',#3319,0.042699313582238);
#3321=LINE('',#3318,#3320);
#3322=EDGE_CURVE('',#3142,#2735,#3321,.T.);
#3323=ORIENTED_EDGE('',*,*,#3322,.F.);
#3324=ORIENTED_EDGE('',*,*,#3174,.T.);
#3325=ORIENTED_EDGE('',*,*,#3064,.T.);
#3326=ORIENTED_EDGE('',*,*,#3257,.T.);
#3327=ORIENTED_EDGE('',*,*,#2724,.T.);
#3328=EDGE_LOOP('',(#3317,#3323,#3324,#3325,#3326,#3327));
#3329=FACE_OUTER_BOUND('',#3328,.T.);
#3330=ADVANCED_FACE('',(#3329),#3316,.T.);
#3331=CARTESIAN_POINT('',(0.043878620458411,-0.076,0.0));
#3332=DIRECTION('',(0.0,-1.0,0.0));
#3333=DIRECTION('',(0.0,0.0,-1.0));
#3334=AXIS2_PLACEMENT_3D('',#3331,#3332,#3333);
#3335=PLANE('',#3334);
#3336=ORIENTED_EDGE('',*,*,#2852,.T.);
#3337=CARTESIAN_POINT('',(-0.043878620458412,-0.076,0.003150343208881));
#3338=DIRECTION('',(0.0,0.0,1.0));
#3339=VECTOR('',#3338,0.042699313582238);
#3340=LINE('',#3337,#3339);
#3341=EDGE_CURVE('',#3185,#2825,#3340,.T.);
#3342=ORIENTED_EDGE('',*,*,#3341,.F.);
#3343=ORIENTED_EDGE('',*,*,#3197,.T.);
#3344=ORIENTED_EDGE('',*,*,#3154,.T.);
#3345=ORIENTED_EDGE('',*,*,#3322,.T.);
#3346=ORIENTED_EDGE('',*,*,#2749,.T.);
#3347=EDGE_LOOP('',(#3336,#3342,#3343,#3344,#3345,#3346));
#3348=FACE_OUTER_BOUND('',#3347,.T.);
#3349=ADVANCED_FACE('',(#3348),#3335,.T.);
#3350=CARTESIAN_POINT('',(-0.043878620458412,-0.076,0.0));
#3351=DIRECTION('',(-0.866025403784439,-0.5,0.0));
#3352=DIRECTION('',(0.0,0.0,1.0));
#3353=AXIS2_PLACEMENT_3D('',#3350,#3351,#3352);
#3354=PLANE('',#3353);
#3355=ORIENTED_EDGE('',*,*,#2940,.T.);
#3356=ORIENTED_EDGE('',*,*,#3241,.F.);
#3357=ORIENTED_EDGE('',*,*,#3109,.T.);
#3358=ORIENTED_EDGE('',*,*,#3210,.T.);
#3359=ORIENTED_EDGE('',*,*,#3341,.T.);
#3360=ORIENTED_EDGE('',*,*,#2839,.T.);
#3361=EDGE_LOOP('',(#3355,#3356,#3357,#3358,#3359,#3360));
#3362=FACE_OUTER_BOUND('',#3361,.T.);
#3363=ADVANCED_FACE('',(#3362),#3354,.T.);
#3364=CARTESIAN_POINT('',(-5.053919E-016,-4.917326E-017,0.049));
#3365=DIRECTION('',(0.0,0.0,1.0));
#3366=DIRECTION('',(1.0,0.0,0.0));
#3367=AXIS2_PLACEMENT_3D('',#3364,#3365,#3366);
#3368=PLANE('',#3367);
#3369=ORIENTED_EDGE('',*,*,#2711,.T.);
#3370=ORIENTED_EDGE('',*,*,#2801,.T.);
#3371=ORIENTED_EDGE('',*,*,#2891,.T.);
#3372=ORIENTED_EDGE('',*,*,#2947,.T.);
#3373=ORIENTED_EDGE('',*,*,#2859,.T.);
#3374=ORIENTED_EDGE('',*,*,#2769,.T.);
#3375=EDGE_LOOP('',(#3369,#3370,#3371,#3372,#3373,#3374));
#3376=FACE_OUTER_BOUND('',#3375,.T.);
#3377=ORIENTED_EDGE('',*,*,#3307,.T.);
#3378=EDGE_LOOP('',(#3377));
#3379=FACE_BOUND('',#3378,.T.);
#3380=ADVANCED_FACE('',(#3376,#3379),#3368,.T.);
#3381=CARTESIAN_POINT('',(-5.074201E-016,-4.370957E-017,0.0));
#3382=DIRECTION('',(0.0,0.0,1.0));
#3383=DIRECTION('',(1.0,0.0,0.0));
#3384=AXIS2_PLACEMENT_3D('',#3381,#3382,#3383);
#3385=PLANE('',#3384);
#3386=ORIENTED_EDGE('',*,*,#2981,.T.);
#3387=ORIENTED_EDGE('',*,*,#3071,.T.);
#3388=ORIENTED_EDGE('',*,*,#3161,.T.);
#3389=ORIENTED_EDGE('',*,*,#3217,.T.);
#3390=ORIENTED_EDGE('',*,*,#3129,.T.);
#3391=ORIENTED_EDGE('',*,*,#3039,.T.);
#3392=EDGE_LOOP('',(#3386,#3387,#3388,#3389,#3390,#3391));
#3393=FACE_OUTER_BOUND('',#3392,.T.);
#3394=ORIENTED_EDGE('',*,*,#3296,.T.);
#3395=EDGE_LOOP('',(#3394));
#3396=FACE_BOUND('',#3395,.T.);
#3397=ADVANCED_FACE('',(#3393,#3396),#3385,.F.);
#3398=CLOSED_SHELL('',(#2728,#2773,#2818,#2863,#2908,#2951,#2998,#3043,#3088,#3133,#3178,#3221,#3245,#3269,#3283,#3311,#3330,#3349,#3363,#3380,#3397));
#3399=MANIFOLD_SOLID_BREP('Solid1',#3398);
#3400=STYLED_ITEM('',(#2597),#3399);
#3401=ADVANCED_BREP_SHAPE_REPRESENTATION('ABSR',(#3399),#2650);
#3402=SHAPE_REPRESENTATION_RELATIONSHIP('SRR','None',#3401,#2655);
#3403=AXIS2_PLACEMENT_3D('',#3404,#3405,#3406);
#3404=CARTESIAN_POINT('',(9.508206E-017,0.843,-2.611965E-031));
#3405=DIRECTION('',(1.044986E-016,1.0,-3.720551E-031));
#3406=DIRECTION('',(0.853231522093304,-8.916146E-017,0.521532328534241));
#3407=NEXT_ASSEMBLY_USAGE_OCCURRENCE('D_F1458:1','D_F1458:1','D_F1458:1',#12,#2620,'D_F1458:1');
#3408=PRODUCT_DEFINITION_SHAPE('D_F1458:1','D_F1458:1',#3407);
#3409=ITEM_DEFINED_TRANSFORMATION('D_F1458:1','D_F1458:1',#2651,#3403);
#3413=(REPRESENTATION_RELATIONSHIP('D_F1458:1','D_F1458:1',#2655,#47)REPRESENTATION_RELATIONSHIP_WITH_TRANSFORMATION(#3409)SHAPE_REPRESENTATION_RELATIONSHIP());
#3414=CONTEXT_DEPENDENT_SHAPE_REPRESENTATION(#3413,#3408);
#3415=APPLICATION_CONTEXT('automotive design');
#3416=APPLICATION_PROTOCOL_DEFINITION('International Standard','automotive_design',2001,#3415);
#3417=PRODUCT_CONTEXT('',#3415,'mechanical');
#3418=PRODUCT('E_F1458','E_F1458',$,(#3417));
#3419=PRODUCT_RELATED_PRODUCT_CATEGORY('part',$,(#3418));
#3420=PRODUCT_DEFINITION_FORMATION('',$,#3418);
#3421=PRODUCT_DEFINITION_CONTEXT('part definition',#3415,'design');
#3422=PRODUCT_DEFINITION('',$,#3420,#3421);
#3428=(NAMED_UNIT(*)PLANE_ANGLE_UNIT()SI_UNIT($,.RADIAN.));
#3429=DIMENSIONAL_EXPONENTS(0.0,0.0,0.0,0.0,0.0,0.0,0.0);
#3430=PLANE_ANGLE_MEASURE_WITH_UNIT(PLANE_ANGLE_MEASURE(0.0174532925),#3428);
#3434=(CONVERSION_BASED_UNIT('DEGREE',#3430)NAMED_UNIT(#3429)PLANE_ANGLE_UNIT());
#3438=(NAMED_UNIT(*)SI_UNIT($,.STERADIAN.)SOLID_ANGLE_UNIT());
#3442=(LENGTH_UNIT()NAMED_UNIT(*)SI_UNIT(.CENTI.,.METRE.));
#3443=DIMENSIONAL_EXPONENTS(1.0,0.0,0.0,0.0,0.0,0.0,0.0);
#3444=LENGTH_MEASURE_WITH_UNIT(LENGTH_MEASURE(2.54),#3442);
#3448=(CONVERSION_BASED_UNIT('INCH',#3444)LENGTH_UNIT()NAMED_UNIT(#3443));
#3450=UNCERTAINTY_MEASURE_WITH_UNIT(LENGTH_MEASURE(0.000393700787402),#3448,'DISTANCE_ACCURACY_VALUE','');
#3452=(GEOMETRIC_REPRESENTATION_CONTEXT(3)GLOBAL_UNCERTAINTY_ASSIGNED_CONTEXT((#3450))GLOBAL_UNIT_ASSIGNED_CONTEXT((#3434,#3438,#3448))REPRESENTATION_CONTEXT('None','None'));
#3453=AXIS2_PLACEMENT_3D('',#3454,#3455,#3456);
#3454=CARTESIAN_POINT('',(0.0,0.0,0.0));
#3455=DIRECTION('',(0.0,0.0,1.0));
#3456=DIRECTION('',(1.0,0.0,0.0));
#3457=SHAPE_REPRESENTATION('',(#3453),#3452);
#3458=PRODUCT_DEFINITION_SHAPE('','',#3422);
#3459=SHAPE_DEFINITION_REPRESENTATION(#3458,#3457);
#3465=(NAMED_UNIT(*)PLANE_ANGLE_UNIT()SI_UNIT($,.RADIAN.));
#3466=DIMENSIONAL_EXPONENTS(0.0,0.0,0.0,0.0,0.0,0.0,0.0);
#3467=PLANE_ANGLE_MEASURE_WITH_UNIT(PLANE_ANGLE_MEASURE(0.0174532925),#3465);
#3471=(CONVERSION_BASED_UNIT('DEGREE',#3467)NAMED_UNIT(#3466)PLANE_ANGLE_UNIT());
#3475=(NAMED_UNIT(*)SI_UNIT($,.STERADIAN.)SOLID_ANGLE_UNIT());
#3479=(LENGTH_UNIT()NAMED_UNIT(*)SI_UNIT(.MILLI.,.METRE.));
#3481=UNCERTAINTY_MEASURE_WITH_UNIT(LENGTH_MEASURE(0.000001),#3479,'DISTANCE_ACCURACY_VALUE','');
#3483=(GEOMETRIC_REPRESENTATION_CONTEXT(3)GLOBAL_UNCERTAINTY_ASSIGNED_CONTEXT((#3481))GLOBAL_UNIT_ASSIGNED_CONTEXT((#3471,#3475,#3479))REPRESENTATION_CONTEXT('','3D'));
#3484=CARTESIAN_POINT('',(0.0,-0.236662643657233,0.0));
#3485=DIRECTION('',(0.0,1.0,0.0));
#3486=DIRECTION('',(1.0,0.0,0.0));
#3487=AXIS2_PLACEMENT_3D('',#3484,#3485,#3486);
#3488=CYLINDRICAL_SURFACE('',#3487,0.028);
#3489=CARTESIAN_POINT('',(-0.028,0.045,3.428898E-018));
#3490=VERTEX_POINT('',#3489);
#3491=CARTESIAN_POINT('',(0.0,0.045,0.0));
#3492=DIRECTION('',(0.0,1.0,0.0));
#3493=DIRECTION('',(1.0,0.0,0.0));
#3494=AXIS2_PLACEMENT_3D('',#3491,#3492,#3493);
#3495=CIRCLE('',#3494,0.028);
#3496=EDGE_CURVE('',#3490,#3490,#3495,.T.);
#3497=ORIENTED_EDGE('',*,*,#3496,.F.);
#3498=EDGE_LOOP('',(#3497));
#3499=FACE_OUTER_BOUND('',#3498,.T.);
#3500=CARTESIAN_POINT('',(0.028,0.15,0.0));
#3501=VERTEX_POINT('',#3500);
#3502=CARTESIAN_POINT('',(0.0,0.15,0.0));
#3503=DIRECTION('',(0.0,-1.0,0.0));
#3504=DIRECTION('',(1.0,0.0,0.0));
#3505=AXIS2_PLACEMENT_3D('',#3502,#3503,#3504);
#3506=CIRCLE('',#3505,0.028);
#3507=EDGE_CURVE('',#3501,#3501,#3506,.T.);
#3508=ORIENTED_EDGE('',*,*,#3507,.F.);
#3509=EDGE_LOOP('',(#3508));
#3510=FACE_BOUND('',#3509,.T.);
#3511=ADVANCED_FACE('',(#3499,#3510),#3488,.F.);
#3512=CARTESIAN_POINT('',(-6.034135E-047,0.092,4.310096E-047));
#3513=DIRECTION('',(0.0,1.0,0.0));
#3514=DIRECTION('',(0.362162162162162,0.0,0.932115104639994));
#3515=AXIS2_PLACEMENT_3D('',#3512,#3513,#3514);
#3516=CYLINDRICAL_SURFACE('',#3515,0.0925);
#3517=CARTESIAN_POINT('',(0.091419270787922,0.022,-0.014098472562821));
#3518=VERTEX_POINT('',#3517);
#3519=CARTESIAN_POINT('',(0.0335,0.022,0.086220647179199));
#3520=VERTEX_POINT('',#3519);
#3521=CARTESIAN_POINT('',(0.0,0.022,0.0));
#3522=DIRECTION('',(0.0,-1.0,0.0));
#3523=DIRECTION('',(1.0,0.0,0.0));
#3524=AXIS2_PLACEMENT_3D('',#3521,#3522,#3523);
#3525=CIRCLE('',#3524,0.0925);
#3526=EDGE_CURVE('',#3518,#3520,#3525,.T.);
#3527=ORIENTED_EDGE('',*,*,#3526,.T.);
#3528=CARTESIAN_POINT('',(0.0335,0.092,0.086220647179199));
#3529=VERTEX_POINT('',#3528);
#3530=CARTESIAN_POINT('',(0.0335,0.022,0.086220647179199));
#3531=DIRECTION('',(0.0,1.0,0.0));
#3532=VECTOR('',#3531,0.07);
#3533=LINE('',#3530,#3532);
#3534=EDGE_CURVE('',#3520,#3529,#3533,.T.);
#3535=ORIENTED_EDGE('',*,*,#3534,.T.);
#3536=CARTESIAN_POINT('',(0.091419270787922,0.092,-0.014098472562821));
#3537=VERTEX_POINT('',#3536);
#3538=CARTESIAN_POINT('',(-6.034135E-047,0.092,4.310096E-047));
#3539=DIRECTION('',(0.0,-1.0,0.0));
#3540=DIRECTION('',(0.362162162162162,0.0,0.932115104639994));
#3541=AXIS2_PLACEMENT_3D('',#3538,#3539,#3540);
#3542=CIRCLE('',#3541,0.0925);
#3543=EDGE_CURVE('',#3537,#3529,#3542,.T.);
#3544=ORIENTED_EDGE('',*,*,#3543,.F.);
#3545=CARTESIAN_POINT('',(0.091419270787922,0.092,-0.014098472562821));
#3546=DIRECTION('',(0.0,-1.0,0.0));
#3547=VECTOR('',#3546,0.07);
#3548=LINE('',#3545,#3547);
#3549=EDGE_CURVE('',#3537,#3518,#3548,.T.);
#3550=ORIENTED_EDGE('',*,*,#3549,.T.);
#3551=EDGE_LOOP('',(#3527,#3535,#3544,#3550));
#3552=FACE_OUTER_BOUND('',#3551,.T.);
#3553=ADVANCED_FACE('',(#3552),#3516,.F.);
#3554=CARTESIAN_POINT('',(-6.034135E-047,0.092,4.310096E-047));
#3555=DIRECTION('',(0.0,1.0,0.0));
#3556=DIRECTION('',(-0.988316440950507,0.0,-0.152415919598065));
#3557=AXIS2_PLACEMENT_3D('',#3554,#3555,#3556);
#3558=CYLINDRICAL_SURFACE('',#3557,0.0925);
#3559=CARTESIAN_POINT('',(-0.0335,0.022,0.0862206471792));
#3560=VERTEX_POINT('',#3559);
#3561=CARTESIAN_POINT('',(-0.091419270787922,0.022,-0.014098472562821));
#3562=VERTEX_POINT('',#3561);
#3563=CARTESIAN_POINT('',(0.0,0.022,0.0));
#3564=DIRECTION('',(0.0,-1.0,0.0));
#3565=DIRECTION('',(1.0,0.0,0.0));
#3566=AXIS2_PLACEMENT_3D('',#3563,#3564,#3565);
#3567=CIRCLE('',#3566,0.0925);
#3568=EDGE_CURVE('',#3560,#3562,#3567,.T.);
#3569=ORIENTED_EDGE('',*,*,#3568,.T.);
#3570=CARTESIAN_POINT('',(-0.091419270787922,0.092,-0.014098472562821));
#3571=VERTEX_POINT('',#3570);
#3572=CARTESIAN_POINT('',(-0.091419270787922,0.022,-0.014098472562821));
#3573=DIRECTION('',(0.0,1.0,0.0));
#3574=VECTOR('',#3573,0.07);
#3575=LINE('',#3572,#3574);
#3576=EDGE_CURVE('',#3562,#3571,#3575,.T.);
#3577=ORIENTED_EDGE('',*,*,#3576,.T.);
#3578=CARTESIAN_POINT('',(-0.0335,0.092,0.0862206471792));
#3579=VERTEX_POINT('',#3578);
#3580=CARTESIAN_POINT('',(-6.034135E-047,0.092,4.310096E-047));
#3581=DIRECTION('',(0.0,-1.0,0.0));
#3582=DIRECTION('',(-0.988316440950507,0.0,-0.152415919598065));
#3583=AXIS2_PLACEMENT_3D('',#3580,#3581,#3582);
#3584=CIRCLE('',#3583,0.0925);
#3585=EDGE_CURVE('',#3579,#3571,#3584,.T.);
#3586=ORIENTED_EDGE('',*,*,#3585,.F.);
#3587=CARTESIAN_POINT('',(-0.0335,0.022,0.0862206471792));
#3588=DIRECTION('',(0.0,1.0,0.0));
#3589=VECTOR('',#3588,0.07);
#3590=LINE('',#3587,#3589);
#3591=EDGE_CURVE('',#3560,#3579,#3590,.T.);
#3592=ORIENTED_EDGE('',*,*,#3591,.F.);
#3593=EDGE_LOOP('',(#3569,#3577,#3586,#3592));
#3594=FACE_OUTER_BOUND('',#3593,.T.);
#3595=ADVANCED_FACE('',(#3594),#3558,.F.);
#3596=CARTESIAN_POINT('',(-6.034135E-047,0.092,4.310096E-047));
#3597=DIRECTION('',(0.0,1.0,0.0));
#3598=DIRECTION('',(0.626154278788345,0.0,-0.779699185041929));
#3599=AXIS2_PLACEMENT_3D('',#3596,#3597,#3598);
#3600=CYLINDRICAL_SURFACE('',#3599,0.0925);
#3601=CARTESIAN_POINT('',(-0.057919270787922,0.022,-0.072122174616379));
#3602=VERTEX_POINT('',#3601);
#3603=CARTESIAN_POINT('',(0.057919270787922,0.022,-0.072122174616378));
#3604=VERTEX_POINT('',#3603);
#3605=CARTESIAN_POINT('',(0.0,0.022,0.0));
#3606=DIRECTION('',(0.0,-1.0,0.0));
#3607=DIRECTION('',(1.0,0.0,0.0));
#3608=AXIS2_PLACEMENT_3D('',#3605,#3606,#3607);
#3609=CIRCLE('',#3608,0.0925);
#3610=EDGE_CURVE('',#3602,#3604,#3609,.T.);
#3611=ORIENTED_EDGE('',*,*,#3610,.T.);
#3612=CARTESIAN_POINT('',(0.057919270787922,0.092,-0.072122174616378));
#3613=VERTEX_POINT('',#3612);
#3614=CARTESIAN_POINT('',(0.057919270787922,0.022,-0.072122174616378));
#3615=DIRECTION('',(0.0,1.0,0.0));
#3616=VECTOR('',#3615,0.07);
#3617=LINE('',#3614,#3616);
#3618=EDGE_CURVE('',#3604,#3613,#3617,.T.);
#3619=ORIENTED_EDGE('',*,*,#3618,.T.);
#3620=CARTESIAN_POINT('',(-0.057919270787922,0.092,-0.072122174616379));
#3621=VERTEX_POINT('',#3620);
#3622=CARTESIAN_POINT('',(-6.034135E-047,0.092,4.310096E-047));
#3623=DIRECTION('',(0.0,-1.0,0.0));
#3624=DIRECTION('',(0.626154278788345,0.0,-0.779699185041929));
#3625=AXIS2_PLACEMENT_3D('',#3622,#3623,#3624);
#3626=CIRCLE('',#3625,0.0925);
#3627=EDGE_CURVE('',#3621,#3613,#3626,.T.);
#3628=ORIENTED_EDGE('',*,*,#3627,.F.);
#3629=CARTESIAN_POINT('',(-0.057919270787922,0.092,-0.072122174616379));
#3630=DIRECTION('',(0.0,-1.0,0.0));
#3631=VECTOR('',#3630,0.07);
#3632=LINE('',#3629,#3631);
#3633=EDGE_CURVE('',#3621,#3602,#3632,.T.);
#3634=ORIENTED_EDGE('',*,*,#3633,.T.);
#3635=EDGE_LOOP('',(#3611,#3619,#3628,#3634));
#3636=FACE_OUTER_BOUND('',#3635,.T.);
#3637=ADVANCED_FACE('',(#3636),#3600,.F.);
#3638=CARTESIAN_POINT('',(-0.0335,0.15,0.121465015539455));
#3639=DIRECTION('',(1.0,0.0,0.0));
#3640=DIRECTION('',(0.0,0.0,-1.0));
#3641=AXIS2_PLACEMENT_3D('',#3638,#3639,#3640);
#3642=PLANE('',#3641);
#3643=CARTESIAN_POINT('',(-0.0335,0.092,0.121465015539455));
#3644=VERTEX_POINT('',#3643);
#3645=CARTESIAN_POINT('',(-0.0335,0.092,0.121465015539455));
#3646=DIRECTION('',(0.0,0.0,-1.0));
#3647=VECTOR('',#3646,0.035244368360255);
#3648=LINE('',#3645,#3647);
#3649=EDGE_CURVE('',#3644,#3579,#3648,.T.);
#3650=ORIENTED_EDGE('',*,*,#3649,.F.);
#3651=CARTESIAN_POINT('',(-0.0335,0.15,0.121465015539455));
#3652=VERTEX_POINT('',#3651);
#3653=CARTESIAN_POINT('',(-0.0335,0.15,0.121465015539455));
#3654=DIRECTION('',(0.0,-1.0,0.0));
#3655=VECTOR('',#3654,0.058);
#3656=LINE('',#3653,#3655);
#3657=EDGE_CURVE('',#3652,#3644,#3656,.T.);
#3658=ORIENTED_EDGE('',*,*,#3657,.F.);
#3659=CARTESIAN_POINT('',(-0.0335,0.15,0.053944415837045));
#3660=VERTEX_POINT('',#3659);
#3661=CARTESIAN_POINT('',(-0.0335,0.15,0.053944415837045));
#3662=DIRECTION('',(0.0,0.0,1.0));
#3663=VECTOR('',#3662,0.06752059970241);
#3664=LINE('',#3661,#3663);
#3665=EDGE_CURVE('',#3660,#3652,#3664,.T.);
#3666=ORIENTED_EDGE('',*,*,#3665,.F.);
#3667=CARTESIAN_POINT('',(-0.0335,0.044233333333333,0.053944415837045));
#3668=VERTEX_POINT('',#3667);
#3669=CARTESIAN_POINT('',(-0.0335,0.15,0.053944415837045));
#3670=DIRECTION('',(0.0,-1.0,0.0));
#3671=VECTOR('',#3670,0.105766666666667);
#3672=LINE('',#3669,#3671);
#3673=EDGE_CURVE('',#3660,#3668,#3672,.T.);
#3674=ORIENTED_EDGE('',*,*,#3673,.T.);
#3675=CARTESIAN_POINT('',(-0.0335,0.022,0.0862206471792));
#3676=CARTESIAN_POINT('',(-0.0335,0.035676534991665,0.067082497184655));
#3677=CARTESIAN_POINT('',(-0.0335,0.044233333333333,0.053944415837045));
#3685=(BOUNDED_CURVE()B_SPLINE_CURVE(2,(#3675,#3676,#3677),.UNSPECIFIED.,.F.,.U.)B_SPLINE_CURVE_WITH_KNOTS((3,3),(0.0,0.098754432289234),.UNSPECIFIED.)CURVE()GEOMETRIC_REPRESENTATION_ITEM()RATIONAL_B_SPLINE_CURVE((1.0,1.023118473728145,1.001962097249616))REPRESENTATION_ITEM(''));
#3686=EDGE_CURVE('',#3560,#3668,#3685,.T.);
#3687=ORIENTED_EDGE('',*,*,#3686,.F.);
#3688=ORIENTED_EDGE('',*,*,#3591,.T.);
#3689=EDGE_LOOP('',(#3650,#3658,#3666,#3674,#3687,#3688));
#3690=FACE_OUTER_BOUND('',#3689,.T.);
#3691=ADVANCED_FACE('',(#3690),#3642,.F.);
#3692=CARTESIAN_POINT('',(-0.07797782395174,0.092,0.045020517649358));
#3693=DIRECTION('',(0.0,1.0,0.0));
#3694=DIRECTION('',(0.0,0.0,1.0));
#3695=AXIS2_PLACEMENT_3D('',#3692,#3693,#3694);
#3696=PLANE('',#3695);
#3697=ORIENTED_EDGE('',*,*,#3585,.T.);
#3698=CARTESIAN_POINT('',(-0.121941789128239,0.092,-0.031720656742949));
#3699=VERTEX_POINT('',#3698);
#3700=CARTESIAN_POINT('',(-0.091419270787922,0.092,-0.014098472562821));
#3701=DIRECTION('',(-0.866025403784438,0.0,-0.5));
#3702=VECTOR('',#3701,0.035244368360255);
#3703=LINE('',#3700,#3702);
#3704=EDGE_CURVE('',#3571,#3699,#3703,.T.);
#3705=ORIENTED_EDGE('',*,*,#3704,.T.);
#3706=CARTESIAN_POINT('',(0.0,0.092,0.0));
#3707=DIRECTION('',(0.0,-1.0,0.0));
#3708=DIRECTION('',(1.0,0.0,0.0));
#3709=AXIS2_PLACEMENT_3D('',#3706,#3707,#3708);
#3710=CIRCLE('',#3709,0.126);
#3711=EDGE_CURVE('',#3644,#3699,#3710,.T.);
#3712=ORIENTED_EDGE('',*,*,#3711,.F.);
#3713=ORIENTED_EDGE('',*,*,#3649,.T.);
#3714=EDGE_LOOP('',(#3697,#3705,#3712,#3713));
#3715=FACE_OUTER_BOUND('',#3714,.T.);
#3716=ADVANCED_FACE('',(#3715),#3696,.T.);
#3717=CARTESIAN_POINT('',(0.0,0.0335,0.0));
#3718=DIRECTION('',(0.0,-1.0,0.0));
#3719=DIRECTION('',(1.0,0.0,0.0));
#3720=AXIS2_PLACEMENT_3D('',#3717,#3718,#3719);
#3721=CONICAL_SURFACE('',#3720,0.0775,52.523820438638609);
#3722=CARTESIAN_POINT('',(0.0625,0.045,0.0));
#3723=VERTEX_POINT('',#3722);
#3724=CARTESIAN_POINT('',(0.0,0.045,0.0));
#3725=DIRECTION('',(0.0,-1.0,0.0));
#3726=DIRECTION('',(1.0,0.0,0.0));
#3727=AXIS2_PLACEMENT_3D('',#3724,#3725,#3726);
#3728=CIRCLE('',#3727,0.0625);
#3729=EDGE_CURVE('',#3723,#3723,#3728,.T.);
#3730=ORIENTED_EDGE('',*,*,#3729,.F.);
#3731=EDGE_LOOP('',(#3730));
#3732=FACE_OUTER_BOUND('',#3731,.T.);
#3733=CARTESIAN_POINT('',(0.063467234507192,0.044233333333333,0.002039643108256));
#3734=VERTEX_POINT('',#3733);
#3735=CARTESIAN_POINT('',(0.091419270787922,0.022,-0.014098472562821));
#3736=CARTESIAN_POINT('',(0.074845146711207,0.035676534991667,-0.004529397565548));
#3737=CARTESIAN_POINT('',(0.063467234507192,0.044233333333333,0.002039643108256));
#3745=(BOUNDED_CURVE()B_SPLINE_CURVE(2,(#3735,#3736,#3737),.UNSPECIFIED.,.F.,.U.)B_SPLINE_CURVE_WITH_KNOTS((3,3),(0.0,0.098754432289234),.UNSPECIFIED.)CURVE()GEOMETRIC_REPRESENTATION_ITEM()RATIONAL_B_SPLINE_CURVE((1.0,1.02311847372826,1.001962097249626))REPRESENTATION_ITEM(''));
#3746=EDGE_CURVE('',#3518,#3734,#3745,.T.);
#3747=ORIENTED_EDGE('',*,*,#3746,.T.);
#3748=CARTESIAN_POINT('',(0.0335,0.044233333333333,0.053944415837045));
#3749=VERTEX_POINT('',#3748);
#3750=CARTESIAN_POINT('',(-6.034135E-047,0.044233333333333,4.310096E-047));
#3751=DIRECTION('',(0.0,-1.0,0.0));
#3752=DIRECTION('',(-0.527559055118111,0.0,-0.849518359638499));
#3753=AXIS2_PLACEMENT_3D('',#3750,#3751,#3752);
#3754=CIRCLE('',#3753,0.0635);
#3755=EDGE_CURVE('',#3734,#3749,#3754,.T.);
#3756=ORIENTED_EDGE('',*,*,#3755,.T.);
#3757=CARTESIAN_POINT('',(0.0335,0.044233333333333,0.053944415837045));
#3758=CARTESIAN_POINT('',(0.0335,0.035676534991665,0.067082497184655));
#3759=CARTESIAN_POINT('',(0.0335,0.022,0.086220647179199));
#3767=(BOUNDED_CURVE()B_SPLINE_CURVE(2,(#3757,#3758,#3759),.UNSPECIFIED.,.F.,.U.)B_SPLINE_CURVE_WITH_KNOTS((3,3),(0.004376430390561,0.103130862679795),.UNSPECIFIED.)CURVE()GEOMETRIC_REPRESENTATION_ITEM()RATIONAL_B_SPLINE_CURVE((1.001962097249623,1.023118473728237,1.0))REPRESENTATION_ITEM(''));
#3768=EDGE_CURVE('',#3749,#3520,#3767,.T.);
#3769=ORIENTED_EDGE('',*,*,#3768,.T.);
#3770=CARTESIAN_POINT('',(0.0,0.022,0.0));
#3771=DIRECTION('',(0.0,-1.0,0.0));
#3772=DIRECTION('',(1.0,0.0,0.0));
#3773=AXIS2_PLACEMENT_3D('',#3770,#3771,#3772);
#3774=CIRCLE('',#3773,0.0925);
#3775=EDGE_CURVE('',#3520,#3560,#3774,.T.);
#3776=ORIENTED_EDGE('',*,*,#3775,.T.);
#3777=ORIENTED_EDGE('',*,*,#3686,.T.);
#3778=CARTESIAN_POINT('',(-0.063467234507192,0.044233333333333,0.002039643108256));
#3779=VERTEX_POINT('',#3778);
#3780=CARTESIAN_POINT('',(-6.034135E-047,0.044233333333333,4.310096E-047));
#3781=DIRECTION('',(0.0,-1.0,0.0));
#3782=DIRECTION('',(0.999484007987281,0.0,-0.032120363909549));
#3783=AXIS2_PLACEMENT_3D('',#3780,#3781,#3782);
#3784=CIRCLE('',#3783,0.0635);
#3785=EDGE_CURVE('',#3668,#3779,#3784,.T.);
#3786=ORIENTED_EDGE('',*,*,#3785,.T.);
#3787=CARTESIAN_POINT('',(-0.063467234507192,0.044233333333333,0.002039643108256));
#3788=CARTESIAN_POINT('',(-0.074845146711207,0.035676534991667,-0.004529397565548));
#3789=CARTESIAN_POINT('',(-0.091419270787922,0.022,-0.014098472562821));
#3797=(BOUNDED_CURVE()B_SPLINE_CURVE(2,(#3787,#3788,#3789),.UNSPECIFIED.,.F.,.U.)B_SPLINE_CURVE_WITH_KNOTS((3,3),(0.004376430390561,0.103130862679796),.UNSPECIFIED.)CURVE()GEOMETRIC_REPRESENTATION_ITEM()RATIONAL_B_SPLINE_CURVE((1.001962097249638,1.02311847372841,1.0))REPRESENTATION_ITEM(''));
#3798=EDGE_CURVE('',#3779,#3562,#3797,.T.);
#3799=ORIENTED_EDGE('',*,*,#3798,.T.);
#3800=CARTESIAN_POINT('',(0.0,0.022,0.0));
#3801=DIRECTION('',(0.0,-1.0,0.0));
#3802=DIRECTION('',(1.0,0.0,0.0));
#3803=AXIS2_PLACEMENT_3D('',#3800,#3801,#3802);
#3804=CIRCLE('',#3803,0.0925);
#3805=EDGE_CURVE('',#3562,#3602,#3804,.T.);
#3806=ORIENTED_EDGE('',*,*,#3805,.T.);
#3807=CARTESIAN_POINT('',(-0.029967234507192,0.044233333333333,-0.055984058945301));
#3808=VERTEX_POINT('',#3807);
#3809=CARTESIAN_POINT('',(-0.057919270787922,0.022,-0.072122174616379));
#3810=CARTESIAN_POINT('',(-0.041345146711208,0.035676534991666,-0.062553099619106));
#3811=CARTESIAN_POINT('',(-0.029967234507192,0.044233333333333,-0.055984058945301));
#3819=(BOUNDED_CURVE()B_SPLINE_CURVE(2,(#3809,#3810,#3811),.UNSPECIFIED.,.F.,.U.)B_SPLINE_CURVE_WITH_KNOTS((3,3),(0.0,0.098754432289234),.UNSPECIFIED.)CURVE()GEOMETRIC_REPRESENTATION_ITEM()RATIONAL_B_SPLINE_CURVE((1.0,1.023118473728304,1.001962097249629))REPRESENTATION_ITEM(''));
#3820=EDGE_CURVE('',#3602,#3808,#3819,.T.);
#3821=ORIENTED_EDGE('',*,*,#3820,.T.);
#3822=CARTESIAN_POINT('',(0.029967234507192,0.044233333333333,-0.055984058945301));
#3823=VERTEX_POINT('',#3822);
#3824=CARTESIAN_POINT('',(-6.034135E-047,0.044233333333333,4.310096E-047));
#3825=DIRECTION('',(0.0,-1.0,0.0));
#3826=DIRECTION('',(-0.471924952869171,0.0,0.881638723548048));
#3827=AXIS2_PLACEMENT_3D('',#3824,#3825,#3826);
#3828=CIRCLE('',#3827,0.0635);
#3829=EDGE_CURVE('',#3808,#3823,#3828,.T.);
#3830=ORIENTED_EDGE('',*,*,#3829,.T.);
#3831=CARTESIAN_POINT('',(0.029967234507192,0.044233333333333,-0.055984058945301));
#3832=CARTESIAN_POINT('',(0.041345146711208,0.035676534991666,-0.062553099619105));
#3833=CARTESIAN_POINT('',(0.057919270787922,0.022,-0.072122174616378));
#3841=(BOUNDED_CURVE()B_SPLINE_CURVE(2,(#3831,#3832,#3833),.UNSPECIFIED.,.F.,.U.)B_SPLINE_CURVE_WITH_KNOTS((3,3),(0.004376430390562,0.103130862679795),.UNSPECIFIED.)CURVE()GEOMETRIC_REPRESENTATION_ITEM()RATIONAL_B_SPLINE_CURVE((1.001962097249621,1.023118473728212,1.0))REPRESENTATION_ITEM(''));
#3842=EDGE_CURVE('',#3823,#3604,#3841,.T.);
#3843=ORIENTED_EDGE('',*,*,#3842,.T.);
#3844=CARTESIAN_POINT('',(0.0,0.022,0.0));
#3845=DIRECTION('',(0.0,-1.0,0.0));
#3846=DIRECTION('',(1.0,0.0,0.0));
#3847=AXIS2_PLACEMENT_3D('',#3844,#3845,#3846);
#3848=CIRCLE('',#3847,0.0925);
#3849=EDGE_CURVE('',#3604,#3518,#3848,.T.);
#3850=ORIENTED_EDGE('',*,*,#3849,.T.);
#3851=EDGE_LOOP('',(#3747,#3756,#3769,#3776,#3777,#3786,#3799,#3806,#3821,#3830,#3843,#3850));
#3852=FACE_BOUND('',#3851,.T.);
#3853=ADVANCED_FACE('',(#3732,#3852),#3721,.F.);
#3854=CARTESIAN_POINT('',(0.121941789128239,0.15,-0.031720656742949));
#3855=DIRECTION('',(-0.5,0.0,-0.866025403784439));
#3856=DIRECTION('',(-0.866025403784439,0.0,0.5));
#3857=AXIS2_PLACEMENT_3D('',#3854,#3855,#3856);
#3858=PLANE('',#3857);
#3859=CARTESIAN_POINT('',(0.121941789128239,0.092,-0.031720656742949));
#3860=VERTEX_POINT('',#3859);
#3861=CARTESIAN_POINT('',(0.121941789128239,0.092,-0.031720656742949));
#3862=DIRECTION('',(-0.866025403784439,0.0,0.5));
#3863=VECTOR('',#3862,0.035244368360255);
#3864=LINE('',#3861,#3863);
#3865=EDGE_CURVE('',#3860,#3537,#3864,.T.);
#3866=ORIENTED_EDGE('',*,*,#3865,.F.);
#3867=CARTESIAN_POINT('',(0.121941789128239,0.15,-0.031720656742949));
#3868=VERTEX_POINT('',#3867);
#3869=CARTESIAN_POINT('',(0.121941789128239,0.15,-0.031720656742949));
#3870=DIRECTION('',(0.0,-1.0,0.0));
#3871=VECTOR('',#3870,0.058);
#3872=LINE('',#3869,#3871);
#3873=EDGE_CURVE('',#3868,#3860,#3872,.T.);
#3874=ORIENTED_EDGE('',*,*,#3873,.F.);
#3875=CARTESIAN_POINT('',(0.063467234507192,0.15,0.002039643108256));
#3876=VERTEX_POINT('',#3875);
#3877=CARTESIAN_POINT('',(0.063467234507192,0.15,0.002039643108256));
#3878=DIRECTION('',(0.866025403784439,0.0,-0.5));
#3879=VECTOR('',#3878,0.06752059970241);
#3880=LINE('',#3877,#3879);
#3881=EDGE_CURVE('',#3876,#3868,#3880,.T.);
#3882=ORIENTED_EDGE('',*,*,#3881,.F.);
#3883=CARTESIAN_POINT('',(0.063467234507192,0.15,0.002039643108256));
#3884=DIRECTION('',(0.0,-1.0,0.0));
#3885=VECTOR('',#3884,0.105766666666667);
#3886=LINE('',#3883,#3885);
#3887=EDGE_CURVE('',#3876,#3734,#3886,.T.);
#3888=ORIENTED_EDGE('',*,*,#3887,.T.);
#3889=ORIENTED_EDGE('',*,*,#3746,.F.);
#3890=ORIENTED_EDGE('',*,*,#3549,.F.);
#3891=EDGE_LOOP('',(#3866,#3874,#3882,#3888,#3889,#3890));
#3892=FACE_OUTER_BOUND('',#3891,.T.);
#3893=ADVANCED_FACE('',(#3892),#3858,.F.);
#3894=CARTESIAN_POINT('',(0.0,0.15,0.0));
#3895=DIRECTION('',(0.0,-1.0,0.0));
#3896=DIRECTION('',(-1.0,0.0,0.0));
#3897=AXIS2_PLACEMENT_3D('',#3894,#3895,#3896);
#3898=CYLINDRICAL_SURFACE('',#3897,0.0635);
#3899=ORIENTED_EDGE('',*,*,#3887,.F.);
#3900=CARTESIAN_POINT('',(0.0335,0.15,0.053944415837045));
#3901=VERTEX_POINT('',#3900);
#3902=CARTESIAN_POINT('',(0.0,0.15,0.0));
#3903=DIRECTION('',(0.0,1.0,0.0));
#3904=DIRECTION('',(-1.0,0.0,0.0));
#3905=AXIS2_PLACEMENT_3D('',#3902,#3903,#3904);
#3906=CIRCLE('',#3905,0.0635);
#3907=EDGE_CURVE('',#3901,#3876,#3906,.T.);
#3908=ORIENTED_EDGE('',*,*,#3907,.F.);
#3909=CARTESIAN_POINT('',(0.0335,0.15,0.053944415837045));
#3910=DIRECTION('',(0.0,-1.0,0.0));
#3911=VECTOR('',#3910,0.105766666666667);
#3912=LINE('',#3909,#3911);
#3913=EDGE_CURVE('',#3901,#3749,#3912,.T.);
#3914=ORIENTED_EDGE('',*,*,#3913,.T.);
#3915=ORIENTED_EDGE('',*,*,#3755,.F.);
#3916=EDGE_LOOP('',(#3899,#3908,#3914,#3915));
#3917=FACE_OUTER_BOUND('',#3916,.T.);
#3918=ADVANCED_FACE('',(#3917),#3898,.T.);
#3919=CARTESIAN_POINT('',(0.0335,0.15,0.053944415837045));
#3920=DIRECTION('',(-1.0,0.0,0.0));
#3921=DIRECTION('',(0.0,0.0,1.0));
#3922=AXIS2_PLACEMENT_3D('',#3919,#3920,#3921);
#3923=PLANE('',#3922);
#3924=CARTESIAN_POINT('',(0.0335,0.15,0.121465015539455));
#3925=VERTEX_POINT('',#3924);
#3926=CARTESIAN_POINT('',(0.0335,0.15,0.121465015539455));
#3927=DIRECTION('',(0.0,0.0,-1.0));
#3928=VECTOR('',#3927,0.06752059970241);
#3929=LINE('',#3926,#3928);
#3930=EDGE_CURVE('',#3925,#3901,#3929,.T.);
#3931=ORIENTED_EDGE('',*,*,#3930,.F.);
#3932=CARTESIAN_POINT('',(0.0335,0.092,0.121465015539455));
#3933=VERTEX_POINT('',#3932);
#3934=CARTESIAN_POINT('',(0.0335,0.092,0.121465015539455));
#3935=DIRECTION('',(0.0,1.0,0.0));
#3936=VECTOR('',#3935,0.058);
#3937=LINE('',#3934,#3936);
#3938=EDGE_CURVE('',#3933,#3925,#3937,.T.);
#3939=ORIENTED_EDGE('',*,*,#3938,.F.);
#3940=CARTESIAN_POINT('',(0.0335,0.092,0.086220647179199));
#3941=DIRECTION('',(0.0,0.0,1.0));
#3942=VECTOR('',#3941,0.035244368360255);
#3943=LINE('',#3940,#3942);
#3944=EDGE_CURVE('',#3529,#3933,#3943,.T.);
#3945=ORIENTED_EDGE('',*,*,#3944,.F.);
#3946=ORIENTED_EDGE('',*,*,#3534,.F.);
#3947=ORIENTED_EDGE('',*,*,#3768,.F.);
#3948=ORIENTED_EDGE('',*,*,#3913,.F.);
#3949=EDGE_LOOP('',(#3931,#3939,#3945,#3946,#3947,#3948));
#3950=FACE_OUTER_BOUND('',#3949,.T.);
#3951=ADVANCED_FACE('',(#3950),#3923,.F.);
#3952=CARTESIAN_POINT('',(0.07797782395174,0.092,0.045020517649358));
#3953=DIRECTION('',(0.0,1.0,0.0));
#3954=DIRECTION('',(0.0,0.0,1.0));
#3955=AXIS2_PLACEMENT_3D('',#3952,#3953,#3954);
#3956=PLANE('',#3955);
#3957=ORIENTED_EDGE('',*,*,#3543,.T.);
#3958=ORIENTED_EDGE('',*,*,#3944,.T.);
#3959=CARTESIAN_POINT('',(0.0,0.092,0.0));
#3960=DIRECTION('',(0.0,-1.0,0.0));
#3961=DIRECTION('',(1.0,0.0,0.0));
#3962=AXIS2_PLACEMENT_3D('',#3959,#3960,#3961);
#3963=CIRCLE('',#3962,0.126);
#3964=EDGE_CURVE('',#3860,#3933,#3963,.T.);
#3965=ORIENTED_EDGE('',*,*,#3964,.F.);
#3966=ORIENTED_EDGE('',*,*,#3865,.T.);
#3967=EDGE_LOOP('',(#3957,#3958,#3965,#3966));
#3968=FACE_OUTER_BOUND('',#3967,.T.);
#3969=ADVANCED_FACE('',(#3968),#3956,.T.);
#3970=CARTESIAN_POINT('',(-0.063467234507192,0.15,0.002039643108256));
#3971=DIRECTION('',(0.5,0.0,-0.866025403784438));
#3972=DIRECTION('',(-0.866025403784438,0.0,-0.5));
#3973=AXIS2_PLACEMENT_3D('',#3970,#3971,#3972);
#3974=PLANE('',#3973);
#3975=CARTESIAN_POINT('',(-0.121941789128239,0.15,-0.031720656742949));
#3976=VERTEX_POINT('',#3975);
#3977=CARTESIAN_POINT('',(-0.063467234507192,0.15,0.002039643108256));
#3978=VERTEX_POINT('',#3977);
#3979=CARTESIAN_POINT('',(-0.121941789128239,0.15,-0.031720656742949));
#3980=DIRECTION('',(0.866025403784438,0.0,0.5));
#3981=VECTOR('',#3980,0.06752059970241);
#3982=LINE('',#3979,#3981);
#3983=EDGE_CURVE('',#3976,#3978,#3982,.T.);
#3984=ORIENTED_EDGE('',*,*,#3983,.F.);
#3985=CARTESIAN_POINT('',(-0.121941789128239,0.092,-0.031720656742949));
#3986=DIRECTION('',(0.0,1.0,0.0));
#3987=VECTOR('',#3986,0.058);
#3988=LINE('',#3985,#3987);
#3989=EDGE_CURVE('',#3699,#3976,#3988,.T.);
#3990=ORIENTED_EDGE('',*,*,#3989,.F.);
#3991=ORIENTED_EDGE('',*,*,#3704,.F.);
#3992=ORIENTED_EDGE('',*,*,#3576,.F.);
#3993=ORIENTED_EDGE('',*,*,#3798,.F.);
#3994=CARTESIAN_POINT('',(-0.063467234507192,0.15,0.002039643108256));
#3995=DIRECTION('',(0.0,-1.0,0.0));
#3996=VECTOR('',#3995,0.105766666666667);
#3997=LINE('',#3994,#3996);
#3998=EDGE_CURVE('',#3978,#3779,#3997,.T.);
#3999=ORIENTED_EDGE('',*,*,#3998,.F.);
#4000=EDGE_LOOP('',(#3984,#3990,#3991,#3992,#3993,#3999));
#4001=FACE_OUTER_BOUND('',#4000,.T.);
#4002=ADVANCED_FACE('',(#4001),#3974,.F.);
#4003=CARTESIAN_POINT('',(0.0,0.15,0.0));
#4004=DIRECTION('',(0.0,-1.0,0.0));
#4005=DIRECTION('',(-1.0,0.0,0.0));
#4006=AXIS2_PLACEMENT_3D('',#4003,#4004,#4005);
#4007=CYLINDRICAL_SURFACE('',#4006,0.0635);
#4008=ORIENTED_EDGE('',*,*,#3673,.F.);
#4009=CARTESIAN_POINT('',(0.0,0.15,0.0));
#4010=DIRECTION('',(0.0,1.0,0.0));
#4011=DIRECTION('',(-1.0,0.0,0.0));
#4012=AXIS2_PLACEMENT_3D('',#4009,#4010,#4011);
#4013=CIRCLE('',#4012,0.0635);
#4014=EDGE_CURVE('',#3978,#3660,#4013,.T.);
#4015=ORIENTED_EDGE('',*,*,#4014,.F.);
#4016=ORIENTED_EDGE('',*,*,#3998,.T.);
#4017=ORIENTED_EDGE('',*,*,#3785,.F.);
#4018=EDGE_LOOP('',(#4008,#4015,#4016,#4017));
#4019=FACE_OUTER_BOUND('',#4018,.T.);
#4020=ADVANCED_FACE('',(#4019),#4007,.T.);
#4021=CARTESIAN_POINT('',(-0.088441789128239,0.15,-0.089744358796506));
#4022=DIRECTION('',(-0.5,0.0,0.866025403784438));
#4023=DIRECTION('',(0.866025403784438,0.0,0.5));
#4024=AXIS2_PLACEMENT_3D('',#4021,#4022,#4023);
#4025=PLANE('',#4024);
#4026=CARTESIAN_POINT('',(-0.088441789128239,0.092,-0.089744358796506));
#4027=VERTEX_POINT('',#4026);
#4028=CARTESIAN_POINT('',(-0.088441789128239,0.092,-0.089744358796506));
#4029=DIRECTION('',(0.866025403784438,0.0,0.5));
#4030=VECTOR('',#4029,0.035244368360255);
#4031=LINE('',#4028,#4030);
#4032=EDGE_CURVE('',#4027,#3621,#4031,.T.);
#4033=ORIENTED_EDGE('',*,*,#4032,.F.);
#4034=CARTESIAN_POINT('',(-0.088441789128239,0.15,-0.089744358796506));
#4035=VERTEX_POINT('',#4034);
#4036=CARTESIAN_POINT('',(-0.088441789128239,0.15,-0.089744358796506));
#4037=DIRECTION('',(0.0,-1.0,0.0));
#4038=VECTOR('',#4037,0.058);
#4039=LINE('',#4036,#4038);
#4040=EDGE_CURVE('',#4035,#4027,#4039,.T.);
#4041=ORIENTED_EDGE('',*,*,#4040,.F.);
#4042=CARTESIAN_POINT('',(-0.029967234507192,0.15,-0.055984058945301));
#4043=VERTEX_POINT('',#4042);
#4044=CARTESIAN_POINT('',(-0.029967234507192,0.15,-0.055984058945301));
#4045=DIRECTION('',(-0.866025403784438,0.0,-0.5));
#4046=VECTOR('',#4045,0.06752059970241);
#4047=LINE('',#4044,#4046);
#4048=EDGE_CURVE('',#4043,#4035,#4047,.T.);
#4049=ORIENTED_EDGE('',*,*,#4048,.F.);
#4050=CARTESIAN_POINT('',(-0.029967234507192,0.15,-0.055984058945301));
#4051=DIRECTION('',(0.0,-1.0,0.0));
#4052=VECTOR('',#4051,0.105766666666667);
#4053=LINE('',#4050,#4052);
#4054=EDGE_CURVE('',#4043,#3808,#4053,.T.);
#4055=ORIENTED_EDGE('',*,*,#4054,.T.);
#4056=ORIENTED_EDGE('',*,*,#3820,.F.);
#4057=ORIENTED_EDGE('',*,*,#3633,.F.);
#4058=EDGE_LOOP('',(#4033,#4041,#4049,#4055,#4056,#4057));
#4059=FACE_OUTER_BOUND('',#4058,.T.);
#4060=ADVANCED_FACE('',(#4059),#4025,.F.);
#4061=CARTESIAN_POINT('',(0.0,0.15,0.0));
#4062=DIRECTION('',(0.0,-1.0,0.0));
#4063=DIRECTION('',(-1.0,0.0,0.0));
#4064=AXIS2_PLACEMENT_3D('',#4061,#4062,#4063);
#4065=CYLINDRICAL_SURFACE('',#4064,0.0635);
#4066=ORIENTED_EDGE('',*,*,#4054,.F.);
#4067=CARTESIAN_POINT('',(0.029967234507192,0.15,-0.055984058945301));
#4068=VERTEX_POINT('',#4067);
#4069=CARTESIAN_POINT('',(0.0,0.15,0.0));
#4070=DIRECTION('',(0.0,1.0,0.0));
#4071=DIRECTION('',(-1.0,0.0,0.0));
#4072=AXIS2_PLACEMENT_3D('',#4069,#4070,#4071);
#4073=CIRCLE('',#4072,0.0635);
#4074=EDGE_CURVE('',#4068,#4043,#4073,.T.);
#4075=ORIENTED_EDGE('',*,*,#4074,.F.);
#4076=CARTESIAN_POINT('',(0.029967234507192,0.15,-0.055984058945301));
#4077=DIRECTION('',(0.0,-1.0,0.0));
#4078=VECTOR('',#4077,0.105766666666667);
#4079=LINE('',#4076,#4078);
#4080=EDGE_CURVE('',#4068,#3823,#4079,.T.);
#4081=ORIENTED_EDGE('',*,*,#4080,.T.);
#4082=ORIENTED_EDGE('',*,*,#3829,.F.);
#4083=EDGE_LOOP('',(#4066,#4075,#4081,#4082));
#4084=FACE_OUTER_BOUND('',#4083,.T.);
#4085=ADVANCED_FACE('',(#4084),#4065,.T.);
#4086=CARTESIAN_POINT('',(0.029967234507192,0.15,-0.055984058945301));
#4087=DIRECTION('',(0.5,0.0,0.866025403784439));
#4088=DIRECTION('',(0.866025403784439,0.0,-0.5));
#4089=AXIS2_PLACEMENT_3D('',#4086,#4087,#4088);
#4090=PLANE('',#4089);
#4091=CARTESIAN_POINT('',(0.088441789128239,0.15,-0.089744358796506));
#4092=VERTEX_POINT('',#4091);
#4093=CARTESIAN_POINT('',(0.088441789128239,0.15,-0.089744358796506));
#4094=DIRECTION('',(-0.866025403784439,0.0,0.5));
#4095=VECTOR('',#4094,0.06752059970241);
#4096=LINE('',#4093,#4095);
#4097=EDGE_CURVE('',#4092,#4068,#4096,.T.);
#4098=ORIENTED_EDGE('',*,*,#4097,.F.);
#4099=CARTESIAN_POINT('',(0.088441789128239,0.092,-0.089744358796506));
#4100=VERTEX_POINT('',#4099);
#4101=CARTESIAN_POINT('',(0.088441789128239,0.092,-0.089744358796506));
#4102=DIRECTION('',(0.0,1.0,0.0));
#4103=VECTOR('',#4102,0.058);
#4104=LINE('',#4101,#4103);
#4105=EDGE_CURVE('',#4100,#4092,#4104,.T.);
#4106=ORIENTED_EDGE('',*,*,#4105,.F.);
#4107=CARTESIAN_POINT('',(0.057919270787922,0.092,-0.072122174616378));
#4108=DIRECTION('',(0.866025403784439,0.0,-0.5));
#4109=VECTOR('',#4108,0.035244368360255);
#4110=LINE('',#4107,#4109);
#4111=EDGE_CURVE('',#3613,#4100,#4110,.T.);
#4112=ORIENTED_EDGE('',*,*,#4111,.F.);
#4113=ORIENTED_EDGE('',*,*,#3618,.F.);
#4114=ORIENTED_EDGE('',*,*,#3842,.F.);
#4115=ORIENTED_EDGE('',*,*,#4080,.F.);
#4116=EDGE_LOOP('',(#4098,#4106,#4112,#4113,#4114,#4115));
#4117=FACE_OUTER_BOUND('',#4116,.T.);
#4118=ADVANCED_FACE('',(#4117),#4090,.F.);
#4119=CARTESIAN_POINT('',(4.660267E-017,0.092,-0.090041035298717));
#4120=DIRECTION('',(0.0,1.0,0.0));
#4121=DIRECTION('',(0.0,0.0,1.0));
#4122=AXIS2_PLACEMENT_3D('',#4119,#4120,#4121);
#4123=PLANE('',#4122);
#4124=ORIENTED_EDGE('',*,*,#3627,.T.);
#4125=ORIENTED_EDGE('',*,*,#4111,.T.);
#4126=CARTESIAN_POINT('',(0.0,0.092,0.0));
#4127=DIRECTION('',(0.0,-1.0,0.0));
#4128=DIRECTION('',(1.0,0.0,0.0));
#4129=AXIS2_PLACEMENT_3D('',#4126,#4127,#4128);
#4130=CIRCLE('',#4129,0.126);
#4131=EDGE_CURVE('',#4027,#4100,#4130,.T.);
#4132=ORIENTED_EDGE('',*,*,#4131,.F.);
#4133=ORIENTED_EDGE('',*,*,#4032,.T.);
#4134=EDGE_LOOP('',(#4124,#4125,#4132,#4133));
#4135=FACE_OUTER_BOUND('',#4134,.T.);
#4136=ADVANCED_FACE('',(#4135),#4123,.T.);
#4137=CARTESIAN_POINT('',(0.063,0.15,0.0));
#4138=DIRECTION('',(0.0,1.0,0.0));
#4139=DIRECTION('',(0.0,0.0,1.0));
#4140=AXIS2_PLACEMENT_3D('',#4137,#4138,#4139);
#4141=PLANE('',#4140);
#4142=ORIENTED_EDGE('',*,*,#3930,.T.);
#4143=ORIENTED_EDGE('',*,*,#3907,.T.);
#4144=ORIENTED_EDGE('',*,*,#3881,.T.);
#4145=CARTESIAN_POINT('',(0.0,0.15,0.0));
#4146=DIRECTION('',(0.0,-1.0,0.0));
#4147=DIRECTION('',(1.0,0.0,0.0));
#4148=AXIS2_PLACEMENT_3D('',#4145,#4146,#4147);
#4149=CIRCLE('',#4148,0.126);
#4150=EDGE_CURVE('',#4092,#3868,#4149,.T.);
#4151=ORIENTED_EDGE('',*,*,#4150,.F.);
#4152=ORIENTED_EDGE('',*,*,#4097,.T.);
#4153=ORIENTED_EDGE('',*,*,#4074,.T.);
#4154=ORIENTED_EDGE('',*,*,#4048,.T.);
#4155=CARTESIAN_POINT('',(0.0,0.15,0.0));
#4156=DIRECTION('',(0.0,-1.0,0.0));
#4157=DIRECTION('',(1.0,0.0,0.0));
#4158=AXIS2_PLACEMENT_3D('',#4155,#4156,#4157);
#4159=CIRCLE('',#4158,0.126);
#4160=EDGE_CURVE('',#3976,#4035,#4159,.T.);
#4161=ORIENTED_EDGE('',*,*,#4160,.F.);
#4162=ORIENTED_EDGE('',*,*,#3983,.T.);
#4163=ORIENTED_EDGE('',*,*,#4014,.T.);
#4164=ORIENTED_EDGE('',*,*,#3665,.T.);
#4165=CARTESIAN_POINT('',(0.0,0.15,0.0));
#4166=DIRECTION('',(0.0,-1.0,0.0));
#4167=DIRECTION('',(1.0,0.0,0.0));
#4168=AXIS2_PLACEMENT_3D('',#4165,#4166,#4167);
#4169=CIRCLE('',#4168,0.126);
#4170=EDGE_CURVE('',#3925,#3652,#4169,.T.);
#4171=ORIENTED_EDGE('',*,*,#4170,.F.);
#4172=EDGE_LOOP('',(#4142,#4143,#4144,#4151,#4152,#4153,#4154,#4161,#4162,#4163,#4164,#4171));
#4173=FACE_OUTER_BOUND('',#4172,.T.);
#4174=ORIENTED_EDGE('',*,*,#3507,.T.);
#4175=EDGE_LOOP('',(#4174));
#4176=FACE_BOUND('',#4175,.T.);
#4177=ADVANCED_FACE('',(#4173,#4176),#4141,.T.);
#4178=CARTESIAN_POINT('',(0.0,0.075,0.0));
#4179=DIRECTION('',(0.0,-1.0,0.0));
#4180=DIRECTION('',(1.0,0.0,0.0));
#4181=AXIS2_PLACEMENT_3D('',#4178,#4179,#4180);
#4182=CYLINDRICAL_SURFACE('',#4181,0.126);
#4183=ORIENTED_EDGE('',*,*,#3938,.T.);
#4184=ORIENTED_EDGE('',*,*,#4170,.T.);
#4185=ORIENTED_EDGE('',*,*,#3657,.T.);
#4186=ORIENTED_EDGE('',*,*,#3711,.T.);
#4187=ORIENTED_EDGE('',*,*,#3989,.T.);
#4188=ORIENTED_EDGE('',*,*,#4160,.T.);
#4189=ORIENTED_EDGE('',*,*,#4040,.T.);
#4190=ORIENTED_EDGE('',*,*,#4131,.T.);
#4191=ORIENTED_EDGE('',*,*,#4105,.T.);
#4192=ORIENTED_EDGE('',*,*,#4150,.T.);
#4193=ORIENTED_EDGE('',*,*,#3873,.T.);
#4194=ORIENTED_EDGE('',*,*,#3964,.T.);
#4195=EDGE_LOOP('',(#4183,#4184,#4185,#4186,#4187,#4188,#4189,#4190,#4191,#4192,#4193,#4194));
#4196=FACE_OUTER_BOUND('',#4195,.T.);
#4197=CARTESIAN_POINT('',(0.126,-2.015217E-017,0.0));
#4198=VERTEX_POINT('',#4197);
#4199=CARTESIAN_POINT('',(0.0,-2.185478E-017,0.0));
#4200=DIRECTION('',(0.0,-1.0,0.0));
#4201=DIRECTION('',(1.0,0.0,0.0));
#4202=AXIS2_PLACEMENT_3D('',#4199,#4200,#4201);
#4203=CIRCLE('',#4202,0.126);
#4204=EDGE_CURVE('',#4198,#4198,#4203,.T.);
#4205=ORIENTED_EDGE('',*,*,#4204,.F.);
#4206=EDGE_LOOP('',(#4205));
#4207=FACE_BOUND('',#4206,.T.);
#4208=ADVANCED_FACE('',(#4196,#4207),#4182,.T.);
#4209=CARTESIAN_POINT('',(0.1205,-2.082573E-017,0.0));
#4210=DIRECTION('',(0.0,-1.0,0.0));
#4211=DIRECTION('',(0.0,0.0,-1.0));
#4212=AXIS2_PLACEMENT_3D('',#4209,#4210,#4211);
#4213=PLANE('',#4212);
#4214=ORIENTED_EDGE('',*,*,#4204,.T.);
#4215=EDGE_LOOP('',(#4214));
#4216=FACE_OUTER_BOUND('',#4215,.T.);
#4217=CARTESIAN_POINT('',(0.115,-2.149928E-017,0.0));
#4218=VERTEX_POINT('',#4217);
#4219=CARTESIAN_POINT('',(0.0,-2.185478E-017,0.0));
#4220=DIRECTION('',(0.0,-1.0,0.0));
#4221=DIRECTION('',(1.0,0.0,0.0));
#4222=AXIS2_PLACEMENT_3D('',#4219,#4220,#4221);
#4223=CIRCLE('',#4222,0.115);
#4224=EDGE_CURVE('',#4218,#4218,#4223,.T.);
#4225=ORIENTED_EDGE('',*,*,#4224,.F.);
#4226=EDGE_LOOP('',(#4225));
#4227=FACE_BOUND('',#4226,.T.);
#4228=ADVANCED_FACE('',(#4216,#4227),#4213,.T.);
#4229=CARTESIAN_POINT('',(0.0,0.011,0.0));
#4230=DIRECTION('',(0.0,-1.0,0.0));
#4231=DIRECTION('',(1.0,0.0,0.0));
#4232=AXIS2_PLACEMENT_3D('',#4229,#4230,#4231);
#4233=CYLINDRICAL_SURFACE('',#4232,0.115);
#4234=CARTESIAN_POINT('',(0.115,0.022,0.0));
#4235=VERTEX_POINT('',#4234);
#4236=CARTESIAN_POINT('',(0.0,0.022,0.0));
#4237=DIRECTION('',(0.0,-1.0,0.0));
#4238=DIRECTION('',(1.0,0.0,0.0));
#4239=AXIS2_PLACEMENT_3D('',#4236,#4237,#4238);
#4240=CIRCLE('',#4239,0.115);
#4241=EDGE_CURVE('',#4235,#4235,#4240,.T.);
#4242=ORIENTED_EDGE('',*,*,#4241,.F.);
#4243=EDGE_LOOP('',(#4242));
#4244=FACE_OUTER_BOUND('',#4243,.T.);
#4245=ORIENTED_EDGE('',*,*,#4224,.T.);
#4246=EDGE_LOOP('',(#4245));
#4247=FACE_BOUND('',#4246,.T.);
#4248=ADVANCED_FACE('',(#4244,#4247),#4233,.F.);
#4249=CARTESIAN_POINT('',(0.10375,0.022,0.0));
#4250=DIRECTION('',(0.0,-1.0,0.0));
#4251=DIRECTION('',(0.0,0.0,-1.0));
#4252=AXIS2_PLACEMENT_3D('',#4249,#4250,#4251);
#4253=PLANE('',#4252);
#4254=ORIENTED_EDGE('',*,*,#4241,.T.);
#4255=EDGE_LOOP('',(#4254));
#4256=FACE_OUTER_BOUND('',#4255,.T.);
#4257=ORIENTED_EDGE('',*,*,#3526,.F.);
#4258=ORIENTED_EDGE('',*,*,#3849,.F.);
#4259=ORIENTED_EDGE('',*,*,#3610,.F.);
#4260=ORIENTED_EDGE('',*,*,#3805,.F.);
#4261=ORIENTED_EDGE('',*,*,#3568,.F.);
#4262=ORIENTED_EDGE('',*,*,#3775,.F.);
#4263=EDGE_LOOP('',(#4257,#4258,#4259,#4260,#4261,#4262));
#4264=FACE_BOUND('',#4263,.T.);
#4265=ADVANCED_FACE('',(#4256,#4264),#4253,.T.);
#4266=CARTESIAN_POINT('',(0.03125,0.045,0.0));
#4267=DIRECTION('',(0.0,-1.0,0.0));
#4268=DIRECTION('',(0.0,0.0,-1.0));
#4269=AXIS2_PLACEMENT_3D('',#4266,#4267,#4268);
#4270=PLANE('',#4269);
#4271=ORIENTED_EDGE('',*,*,#3729,.T.);
#4272=EDGE_LOOP('',(#4271));
#4273=FACE_OUTER_BOUND('',#4272,.T.);
#4274=ORIENTED_EDGE('',*,*,#3496,.T.);
#4275=EDGE_LOOP('',(#4274));
#4276=FACE_BOUND('',#4275,.T.);
#4277=ADVANCED_FACE('',(#4273,#4276),#4270,.T.);
#4278=CLOSED_SHELL('',(#3511,#3553,#3595,#3637,#3691,#3716,#3853,#3893,#3918,#3951,#3969,#4002,#4020,#4060,#4085,#4118,#4136,#4177,#4208,#4228,#4248,#4265,#4277));
#4279=MANIFOLD_SOLID_BREP('Solid1',#4278);
#4280=STYLED_ITEM('',(#2298),#4279);
#4281=ADVANCED_BREP_SHAPE_REPRESENTATION('ABSR',(#4279),#3452);
#4282=SHAPE_REPRESENTATION_RELATIONSHIP('SRR','None',#4281,#3457);
#4283=AXIS2_PLACEMENT_3D('',#4284,#4285,#4286);
#4284=CARTESIAN_POINT('',(-1.308913E-032,0.693,-1.068660E-032));
#4285=DIRECTION('',(-0.803308090725245,-5.149209E-017,0.595563692123148));
#4286=DIRECTION('',(0.595563692123148,3.817566E-017,0.803308090725245));
#4287=NEXT_ASSEMBLY_USAGE_OCCURRENCE('E_F1458:1','E_F1458:1','E_F1458:1',#12,#3422,'E_F1458:1');
#4288=PRODUCT_DEFINITION_SHAPE('E_F1458:1','E_F1458:1',#4287);
#4289=ITEM_DEFINED_TRANSFORMATION('E_F1458:1','E_F1458:1',#3453,#4283);
#4293=(REPRESENTATION_RELATIONSHIP('E_F1458:1','E_F1458:1',#3457,#47)REPRESENTATION_RELATIONSHIP_WITH_TRANSFORMATION(#4289)SHAPE_REPRESENTATION_RELATIONSHIP());
#4294=CONTEXT_DEPENDENT_SHAPE_REPRESENTATION(#4293,#4288);
#4295=APPLICATION_CONTEXT('automotive design');
#4296=APPLICATION_PROTOCOL_DEFINITION('International Standard','automotive_design',2001,#4295);
#4297=PRODUCT_CONTEXT('',#4295,'mechanical');
#4298=PRODUCT('F_1458','F_1458',$,(#4297));
#4299=PRODUCT_RELATED_PRODUCT_CATEGORY('part',$,(#4298));
#4300=PRODUCT_DEFINITION_FORMATION('',$,#4298);
#4301=PRODUCT_DEFINITION_CONTEXT('part definition',#4295,'design');
#4302=PRODUCT_DEFINITION('',$,#4300,#4301);
#4308=(NAMED_UNIT(*)PLANE_ANGLE_UNIT()SI_UNIT($,.RADIAN.));
#4309=DIMENSIONAL_EXPONENTS(0.0,0.0,0.0,0.0,0.0,0.0,0.0);
#4310=PLANE_ANGLE_MEASURE_WITH_UNIT(PLANE_ANGLE_MEASURE(0.0174532925),#4308);
#4314=(CONVERSION_BASED_UNIT('DEGREE',#4310)NAMED_UNIT(#4309)PLANE_ANGLE_UNIT());
#4318=(NAMED_UNIT(*)SI_UNIT($,.STERADIAN.)SOLID_ANGLE_UNIT());
#4322=(LENGTH_UNIT()NAMED_UNIT(*)SI_UNIT(.CENTI.,.METRE.));
#4323=DIMENSIONAL_EXPONENTS(1.0,0.0,0.0,0.0,0.0,0.0,0.0);
#4324=LENGTH_MEASURE_WITH_UNIT(LENGTH_MEASURE(2.54),#4322);
#4328=(CONVERSION_BASED_UNIT('INCH',#4324)LENGTH_UNIT()NAMED_UNIT(#4323));
#4330=UNCERTAINTY_MEASURE_WITH_UNIT(LENGTH_MEASURE(0.000393700787402),#4328,'DISTANCE_ACCURACY_VALUE','');
#4332=(GEOMETRIC_REPRESENTATION_CONTEXT(3)GLOBAL_UNCERTAINTY_ASSIGNED_CONTEXT((#4330))GLOBAL_UNIT_ASSIGNED_CONTEXT((#4314,#4318,#4328))REPRESENTATION_CONTEXT('None','None'));
#4333=AXIS2_PLACEMENT_3D('',#4334,#4335,#4336);
#4334=CARTESIAN_POINT('',(0.0,0.0,0.0));
#4335=DIRECTION('',(0.0,0.0,1.0));
#4336=DIRECTION('',(1.0,0.0,0.0));
#4337=SHAPE_REPRESENTATION('',(#4333),#4332);
#4338=PRODUCT_DEFINITION_SHAPE('','',#4302);
#4339=SHAPE_DEFINITION_REPRESENTATION(#4338,#4337);
#4345=(NAMED_UNIT(*)PLANE_ANGLE_UNIT()SI_UNIT($,.RADIAN.));
#4346=DIMENSIONAL_EXPONENTS(0.0,0.0,0.0,0.0,0.0,0.0,0.0);
#4347=PLANE_ANGLE_MEASURE_WITH_UNIT(PLANE_ANGLE_MEASURE(0.0174532925),#4345);
#4351=(CONVERSION_BASED_UNIT('DEGREE',#4347)NAMED_UNIT(#4346)PLANE_ANGLE_UNIT());
#4355=(NAMED_UNIT(*)SI_UNIT($,.STERADIAN.)SOLID_ANGLE_UNIT());
#4359=(LENGTH_UNIT()NAMED_UNIT(*)SI_UNIT(.MILLI.,.METRE.));
#4361=UNCERTAINTY_MEASURE_WITH_UNIT(LENGTH_MEASURE(0.000001),#4359,'DISTANCE_ACCURACY_VALUE','');
#4363=(GEOMETRIC_REPRESENTATION_CONTEXT(3)GLOBAL_UNCERTAINTY_ASSIGNED_CONTEXT((#4361))GLOBAL_UNIT_ASSIGNED_CONTEXT((#4351,#4355,#4359))REPRESENTATION_CONTEXT('','3D'));
#4364=CARTESIAN_POINT('',(0.0,0.0,0.035));
#4365=DIRECTION('',(0.0,0.0,-1.0));
#4366=DIRECTION('',(-1.0,0.0,0.0));
#4367=AXIS2_PLACEMENT_3D('',#4364,#4365,#4366);
#4368=TOROIDAL_SURFACE('',#4367,0.068775010008008,0.03);
#4369=CARTESIAN_POINT('',(-0.092193752502002,0.0,0.05375));
#4370=VERTEX_POINT('',#4369);
#4371=CARTESIAN_POINT('',(0.0,0.0,0.05375));
#4372=DIRECTION('',(0.0,0.0,-1.0));
#4373=DIRECTION('',(-1.0,0.0,0.0));
#4374=AXIS2_PLACEMENT_3D('',#4371,#4372,#4373);
#4375=CIRCLE('',#4374,0.092193752502002);
#4376=EDGE_CURVE('',#4370,#4370,#4375,.T.);
#4377=ORIENTED_EDGE('',*,*,#4376,.F.);
#4378=EDGE_LOOP('',(#4377));
#4379=FACE_OUTER_BOUND('',#4378,.T.);
#4380=CARTESIAN_POINT('',(-0.092193752502002,0.0,0.01625));
#4381=VERTEX_POINT('',#4380);
#4382=CARTESIAN_POINT('',(0.0,0.0,0.01625));
#4383=DIRECTION('',(0.0,0.0,-1.0));
#4384=DIRECTION('',(-1.0,0.0,0.0));
#4385=AXIS2_PLACEMENT_3D('',#4382,#4383,#4384);
#4386=CIRCLE('',#4385,0.092193752502002);
#4387=EDGE_CURVE('',#4381,#4381,#4386,.T.);
#4388=ORIENTED_EDGE('',*,*,#4387,.T.);
#4389=EDGE_LOOP('',(#4388));
#4390=FACE_BOUND('',#4389,.T.);
#4391=ADVANCED_FACE('',(#4379,#4390),#4368,.F.);
#4392=CARTESIAN_POINT('',(0.0,0.0,0.06));
#4393=DIRECTION('',(0.0,0.0,-1.0));
#4394=DIRECTION('',(-1.0,0.0,0.0));
#4395=AXIS2_PLACEMENT_3D('',#4392,#4393,#4394);
#4396=TOROIDAL_SURFACE('',#4395,0.1,0.01);
#4397=CARTESIAN_POINT('',(-0.10625,0.0,0.067806247497998));
#4398=VERTEX_POINT('',#4397);
#4399=CARTESIAN_POINT('',(0.0,0.0,0.067806247497998));
#4400=DIRECTION('',(0.0,0.0,-1.0));
#4401=DIRECTION('',(-1.0,0.0,0.0));
#4402=AXIS2_PLACEMENT_3D('',#4399,#4400,#4401);
#4403=CIRCLE('',#4402,0.10625);
#4404=EDGE_CURVE('',#4398,#4398,#4403,.T.);
#4405=ORIENTED_EDGE('',*,*,#4404,.F.);
#4406=EDGE_LOOP('',(#4405));
#4407=FACE_OUTER_BOUND('',#4406,.T.);
#4408=ORIENTED_EDGE('',*,*,#4376,.T.);
#4409=EDGE_LOOP('',(#4408));
#4410=FACE_BOUND('',#4409,.T.);
#4411=ADVANCED_FACE('',(#4407,#4410),#4396,.T.);
#4412=CARTESIAN_POINT('',(0.0,0.0,0.091224989991992));
#4413=DIRECTION('',(0.0,0.0,-1.0));
#4414=DIRECTION('',(-1.0,0.0,0.0));
#4415=AXIS2_PLACEMENT_3D('',#4412,#4413,#4414);
#4416=TOROIDAL_SURFACE('',#4415,0.125,0.03);
#4417=CARTESIAN_POINT('',(-0.14375,0.0,0.067806247497998));
#4418=VERTEX_POINT('',#4417);
#4419=CARTESIAN_POINT('',(0.0,0.0,0.067806247497998));
#4420=DIRECTION('',(0.0,0.0,-1.0));
#4421=DIRECTION('',(-1.0,0.0,0.0));
#4422=AXIS2_PLACEMENT_3D('',#4419,#4420,#4421);
#4423=CIRCLE('',#4422,0.14375);
#4424=EDGE_CURVE('',#4418,#4418,#4423,.T.);
#4425=ORIENTED_EDGE('',*,*,#4424,.F.);
#4426=EDGE_LOOP('',(#4425));
#4427=FACE_OUTER_BOUND('',#4426,.T.);
#4428=ORIENTED_EDGE('',*,*,#4404,.T.);
#4429=EDGE_LOOP('',(#4428));
#4430=FACE_BOUND('',#4429,.T.);
#4431=ADVANCED_FACE('',(#4427,#4430),#4416,.F.);
#4432=CARTESIAN_POINT('',(0.0,0.0,0.06));
#4433=DIRECTION('',(0.0,0.0,-1.0));
#4434=DIRECTION('',(-1.0,0.0,0.0));
#4435=AXIS2_PLACEMENT_3D('',#4432,#4433,#4434);
#4436=TOROIDAL_SURFACE('',#4435,0.15,0.01);
#4437=CARTESIAN_POINT('',(-0.157806247497998,0.0,0.05375));
#4438=VERTEX_POINT('',#4437);
#4439=CARTESIAN_POINT('',(0.0,0.0,0.05375));
#4440=DIRECTION('',(0.0,0.0,-1.0));
#4441=DIRECTION('',(-1.0,0.0,0.0));
#4442=AXIS2_PLACEMENT_3D('',#4439,#4440,#4441);
#4443=CIRCLE('',#4442,0.157806247497998);
#4444=EDGE_CURVE('',#4438,#4438,#4443,.T.);
#4445=ORIENTED_EDGE('',*,*,#4444,.F.);
#4446=EDGE_LOOP('',(#4445));
#4447=FACE_OUTER_BOUND('',#4446,.T.);
#4448=ORIENTED_EDGE('',*,*,#4424,.T.);
#4449=EDGE_LOOP('',(#4448));
#4450=FACE_BOUND('',#4449,.T.);
#4451=ADVANCED_FACE('',(#4447,#4450),#4436,.T.);
#4452=CARTESIAN_POINT('',(0.0,0.0,0.035));
#4453=DIRECTION('',(0.0,0.0,-1.0));
#4454=DIRECTION('',(-1.0,0.0,0.0));
#4455=AXIS2_PLACEMENT_3D('',#4452,#4453,#4454);
#4456=TOROIDAL_SURFACE('',#4455,0.181224989991992,0.03);
#4457=CARTESIAN_POINT('',(-0.157806247497998,0.0,0.01625));
#4458=VERTEX_POINT('',#4457);
#4459=CARTESIAN_POINT('',(0.0,0.0,0.01625));
#4460=DIRECTION('',(0.0,0.0,-1.0));
#4461=DIRECTION('',(-1.0,0.0,0.0));
#4462=AXIS2_PLACEMENT_3D('',#4459,#4460,#4461);
#4463=CIRCLE('',#4462,0.157806247497998);
#4464=EDGE_CURVE('',#4458,#4458,#4463,.T.);
#4465=ORIENTED_EDGE('',*,*,#4464,.F.);
#4466=EDGE_LOOP('',(#4465));
#4467=FACE_OUTER_BOUND('',#4466,.T.);
#4468=ORIENTED_EDGE('',*,*,#4444,.T.);
#4469=EDGE_LOOP('',(#4468));
#4470=FACE_BOUND('',#4469,.T.);
#4471=ADVANCED_FACE('',(#4467,#4470),#4456,.F.);
#4472=CARTESIAN_POINT('',(0.0,0.0,0.01));
#4473=DIRECTION('',(0.0,0.0,-1.0));
#4474=DIRECTION('',(-1.0,0.0,0.0));
#4475=AXIS2_PLACEMENT_3D('',#4472,#4473,#4474);
#4476=TOROIDAL_SURFACE('',#4475,0.15,0.01);
#4477=CARTESIAN_POINT('',(-0.14375,0.0,0.002193752502002));
#4478=VERTEX_POINT('',#4477);
#4479=CARTESIAN_POINT('',(0.0,0.0,0.002193752502002));
#4480=DIRECTION('',(0.0,0.0,-1.0));
#4481=DIRECTION('',(-1.0,0.0,0.0));
#4482=AXIS2_PLACEMENT_3D('',#4479,#4480,#4481);
#4483=CIRCLE('',#4482,0.14375);
#4484=EDGE_CURVE('',#4478,#4478,#4483,.T.);
#4485=ORIENTED_EDGE('',*,*,#4484,.F.);
#4486=EDGE_LOOP('',(#4485));
#4487=FACE_OUTER_BOUND('',#4486,.T.);
#4488=ORIENTED_EDGE('',*,*,#4464,.T.);
#4489=EDGE_LOOP('',(#4488));
#4490=FACE_BOUND('',#4489,.T.);
#4491=ADVANCED_FACE('',(#4487,#4490),#4476,.T.);
#4492=CARTESIAN_POINT('',(0.0,0.0,-0.021224989991992));
#4493=DIRECTION('',(0.0,0.0,-1.0));
#4494=DIRECTION('',(-1.0,0.0,0.0));
#4495=AXIS2_PLACEMENT_3D('',#4492,#4493,#4494);
#4496=TOROIDAL_SURFACE('',#4495,0.125,0.03);
#4497=CARTESIAN_POINT('',(-0.10625,0.0,0.002193752502002));
#4498=VERTEX_POINT('',#4497);
#4499=CARTESIAN_POINT('',(0.0,0.0,0.002193752502002));
#4500=DIRECTION('',(0.0,0.0,-1.0));
#4501=DIRECTION('',(-1.0,0.0,0.0));
#4502=AXIS2_PLACEMENT_3D('',#4499,#4500,#4501);
#4503=CIRCLE('',#4502,0.10625);
#4504=EDGE_CURVE('',#4498,#4498,#4503,.T.);
#4505=ORIENTED_EDGE('',*,*,#4504,.F.);
#4506=EDGE_LOOP('',(#4505));
#4507=FACE_OUTER_BOUND('',#4506,.T.);
#4508=ORIENTED_EDGE('',*,*,#4484,.T.);
#4509=EDGE_LOOP('',(#4508));
#4510=FACE_BOUND('',#4509,.T.);
#4511=ADVANCED_FACE('',(#4507,#4510),#4496,.F.);
#4512=CARTESIAN_POINT('',(0.0,0.0,0.01));
#4513=DIRECTION('',(0.0,0.0,-1.0));
#4514=DIRECTION('',(-1.0,0.0,0.0));
#4515=AXIS2_PLACEMENT_3D('',#4512,#4513,#4514);
#4516=TOROIDAL_SURFACE('',#4515,0.1,0.01);
#4517=ORIENTED_EDGE('',*,*,#4387,.F.);
#4518=EDGE_LOOP('',(#4517));
#4519=FACE_OUTER_BOUND('',#4518,.T.);
#4520=ORIENTED_EDGE('',*,*,#4504,.T.);
#4521=EDGE_LOOP('',(#4520));
#4522=FACE_BOUND('',#4521,.T.);
#4523=ADVANCED_FACE('',(#4519,#4522),#4516,.T.);
#4524=CLOSED_SHELL('',(#4391,#4411,#4431,#4451,#4471,#4491,#4511,#4523));
#4525=MANIFOLD_SOLID_BREP('Solid2',#4524);
#4526=COLOUR_RGB('Rubber (Black)',0.309803992509842,0.309803992509842,0.309803992509842);
#4527=FILL_AREA_STYLE_COLOUR('Rubber (Black)',#4526);
#4528=FILL_AREA_STYLE('Rubber (Black)',(#4527));
#4529=SURFACE_STYLE_FILL_AREA(#4528);
#4530=SURFACE_SIDE_STYLE('Rubber (Black)',(#4529));
#4531=SURFACE_STYLE_USAGE(.BOTH.,#4530);
#4532=PRESENTATION_STYLE_ASSIGNMENT((#4531));
#4533=STYLED_ITEM('',(#4532),#4525);
#4534=ADVANCED_BREP_SHAPE_REPRESENTATION('ABSR',(#4525),#4332);
#4535=SHAPE_REPRESENTATION_RELATIONSHIP('SRR','None',#4534,#4337);
#4536=AXIS2_PLACEMENT_3D('',#4537,#4538,#4539);
#4537=CARTESIAN_POINT('',(3.537056E-017,-0.007999999999999,0.0));
#4538=DIRECTION('',(6.082360E-016,1.0,-1.577722E-030));
#4539=DIRECTION('',(0.980850345107711,-5.965885E-016,-0.194762934107299));
#4540=NEXT_ASSEMBLY_USAGE_OCCURRENCE('F_1458:1','F_1458:1','F_1458:1',#12,#4302,'F_1458:1');
#4541=PRODUCT_DEFINITION_SHAPE('F_1458:1','F_1458:1',#4540);
#4542=ITEM_DEFINED_TRANSFORMATION('F_1458:1','F_1458:1',#4333,#4536);
#4546=(REPRESENTATION_RELATIONSHIP('F_1458:1','F_1458:1',#4337,#47)REPRESENTATION_RELATIONSHIP_WITH_TRANSFORMATION(#4542)SHAPE_REPRESENTATION_RELATIONSHIP());
#4547=CONTEXT_DEPENDENT_SHAPE_REPRESENTATION(#4546,#4541);
ENDSEC;
END-ISO-10303-21;
