ISO-10303-21;
HEADER;
FILE_DESCRIPTION (( 'STEP AP203' ),
    '1' );
FILE_NAME ('MSC-360-G01-001 macizo.STEP',
    '2020-09-24T05:23:42',
    ( '' ),
    ( '' ),
    'SwSTEP 2.0',
    'SolidWorks 2018',
    '' );
FILE_SCHEMA (( 'CONFIG_CONTROL_DESIGN' ));
ENDSEC;

DATA;
#1 = CC_DESIGN_PERSON_AND_ORGANIZATION_ASSIGNMENT ( #5489, #1159, ( #3417 ) ) ;
#2 = VECTOR ( 'NONE', #793, 1000.000000000000000 ) ;
#3 = ORIENTED_EDGE ( 'NONE', *, *, #1903, .F. ) ;
#4 = AXIS2_PLACEMENT_3D ( 'NONE', #3486, #813, #3077 ) ;
#5 = CYLINDRICAL_SURFACE ( 'NONE', #4689, 0.4999999999999995559 ) ;
#6 = EDGE_CURVE ( 'NONE', #2607, #3026, #2707, .T. ) ;
#7 = CARTESIAN_POINT ( 'NONE',  ( -6.099999999999999645, -6.599999999999997868, 9.199999999999999289 ) ) ;
#8 = ADVANCED_FACE ( 'NONE', ( #1652 ), #3708, .T. ) ;
#9 = DIRECTION ( 'NONE',  ( 1.000000000000000000, 0.0000000000000000000, 0.0000000000000000000 ) ) ;
#10 = UNCERTAINTY_MEASURE_WITH_UNIT (LENGTH_MEASURE( 1.000000000000000082E-05 ), #304, 'distance_accuracy_value', 'NONE');
#11 = CARTESIAN_POINT ( 'NONE',  ( -0.5999999999999992006, -6.500000000000000000, 8.949999999999999289 ) ) ;
#12 = DATE_AND_TIME ( #5381, #5523 ) ;
#13 = EDGE_CURVE ( 'NONE', #4498, #5053, #4633, .T. ) ;
#14 = LINE ( 'NONE', #3602, #4436 ) ;
#15 = DIRECTION ( 'NONE',  ( 0.0000000000000000000, 0.0000000000000000000, 1.000000000000000000 ) ) ;
#16 = CARTESIAN_POINT ( 'NONE',  ( 0.0000000000000000000, 0.0000000000000000000, 9.199999999999999289 ) ) ;
#17 = APPROVAL_PERSON_ORGANIZATION ( #1228, #538, #5046 ) ;
#18 = APPROVAL_STATUS ( 'not_yet_approved' ) ;
#19 = CIRCLE ( 'NONE', #1726, 0.5999999999999999778 ) ;
#20 = DIRECTION ( 'NONE',  ( -7.375650828688862849E-33, 8.503546450866702047E-17, -1.000000000000000000 ) ) ;
#21 = VERTEX_POINT ( 'NONE', #5069 ) ;
#22 = CARTESIAN_POINT ( 'NONE',  ( 10.81665382639196693, -4.799999999999999822, 5.700000000000001066 ) ) ;
#23 = CIRCLE ( 'NONE', #208, 1.600000000000000755 ) ;
#24 = DATE_AND_TIME ( #1301, #1731 ) ;
#25 = ORIENTED_EDGE ( 'NONE', *, *, #2422, .T. ) ;
#26 = DIRECTION ( 'NONE',  ( 1.000000000000000000, 0.0000000000000000000, 0.0000000000000000000 ) ) ;
#27 = DIRECTION ( 'NONE',  ( 0.0000000000000000000, 0.0000000000000000000, 1.000000000000000000 ) ) ;
#28 = DIRECTION ( 'NONE',  ( 0.0000000000000000000, 0.0000000000000000000, 1.000000000000000000 ) ) ;
#29 = EDGE_CURVE ( 'NONE', #1146, #765, #1561, .T. ) ;
#30 = EDGE_LOOP ( 'NONE', ( #4476, #4208, #1669, #3143 ) ) ;
#31 = VERTEX_POINT ( 'NONE', #1147 ) ;
#32 = CARTESIAN_POINT ( 'NONE',  ( -9.700000000000002842, -1.249999999999998890, 5.899999999999998579 ) ) ;
#33 = PERSON_AND_ORGANIZATION ( #1600, #2760 ) ;
#34 = CC_DESIGN_SECURITY_CLASSIFICATION ( #5051, ( #3923 ) ) ;
#35 = CARTESIAN_POINT ( 'NONE',  ( 7.199999999999999289, -6.000000000000001776, 5.900000000000005684 ) ) ;
#36 = LINE ( 'NONE', #936, #3000 ) ;
#37 = APPROVAL_STATUS ( 'not_yet_approved' ) ;
#38 = EDGE_CURVE ( 'NONE', #1570, #1270, #4756, .T. ) ;
#39 = VERTEX_POINT ( 'NONE', #2137 ) ;
#40 = CARTESIAN_POINT ( 'NONE',  ( 13.76665032449886894, -2.545454545454547191, 9.199999999999999289 ) ) ;
#41 = ORIENTED_EDGE ( 'NONE', *, *, #4411, .T. ) ;
#42 = DIRECTION ( 'NONE',  ( 0.0000000000000000000, 0.0000000000000000000, 1.000000000000000000 ) ) ;
#43 = PRODUCT_DEFINITION_FORMATION_WITH_SPECIFIED_SOURCE ( 'ANY', '', #4948, .NOT_KNOWN. ) ;
#44 = ORIENTED_EDGE ( 'NONE', *, *, #5609, .T. ) ;
#45 = AXIS2_PLACEMENT_3D ( 'NONE', #2698, #2737, #521 ) ;
#46 = CARTESIAN_POINT ( 'NONE',  ( -0.7499999999999996669, -2.949999999999999734, 5.100000000000000533 ) ) ;
#47 = ORIENTED_EDGE ( 'NONE', *, *, #630, .F. ) ;
#48 = CARTESIAN_POINT ( 'NONE',  ( 5.999999999999999112, -10.00000000000000000, 7.500000000000000000 ) ) ;
#49 = EDGE_LOOP ( 'NONE', ( #4000, #432, #3053, #3007 ) ) ;
#50 = APPROVAL ( #408, 'UNSPECIFIED' ) ;
#51 = CARTESIAN_POINT ( 'NONE',  ( 5.999999999999999112, -10.00000000000000000, 5.700000000000000178 ) ) ;
#52 = EDGE_LOOP ( 'NONE', ( #554, #4007, #5304, #2463 ) ) ;
#53 = AXIS2_PLACEMENT_3D ( 'NONE', #508, #4036, #4460 ) ;
#54 = CARTESIAN_POINT ( 'NONE',  ( -8.800000000000002487, -7.999999999999998224, 7.500000000000000000 ) ) ;
#55 = CARTESIAN_POINT ( 'NONE',  ( -5.999999999999999112, -8.099999999999997868, 5.700000000000000178 ) ) ;
#56 = ORIENTED_EDGE ( 'NONE', *, *, #3722, .T. ) ;
#57 = DIRECTION ( 'NONE',  ( -1.102578480493733312E-16, 1.000000000000000000, 0.0000000000000000000 ) ) ;
#58 = CIRCLE ( 'NONE', #5681, 3.000000000000000888 ) ;
#59 = CARTESIAN_POINT ( 'NONE',  ( -6.000000000000000000, 0.0000000000000000000, 1.100000000000000311 ) ) ;
#60 = CARTESIAN_POINT ( 'NONE',  ( 5.699999999999999289, -10.00000000000000000, 1.099999999999993427 ) ) ;
#61 = DIRECTION ( 'NONE',  ( 7.375650828688862849E-33, 8.503546450866702047E-17, -1.000000000000000000 ) ) ;
#63 = ORIENTED_EDGE ( 'NONE', *, *, #666, .T. ) ;
#62 = DIRECTION ( 'NONE',  ( -0.5773502691896250649, -0.5773502691896250649, 0.5773502691896272854 ) ) ;
#64 = DIRECTION ( 'NONE',  ( -1.000000000000000000, 0.0000000000000000000, -0.0000000000000000000 ) ) ;
#65 = DIRECTION ( 'NONE',  ( 1.000000000000000000, 0.0000000000000000000, 0.0000000000000000000 ) ) ;
#66 = AXIS2_PLACEMENT_3D ( 'NONE', #3351, #4674, #2894 ) ;
#67 = ORIENTED_EDGE ( 'NONE', *, *, #5675, .T. ) ;
#68 = APPROVAL_DATE_TIME ( #1279, #5518 ) ;
#69 = AXIS2_PLACEMENT_3D ( 'NONE', #4966, #5009, #2417 ) ;
#70 = CYLINDRICAL_SURFACE ( 'NONE', #2849, 0.5000000000000000000 ) ;
#71 = CC_DESIGN_DATE_AND_TIME_ASSIGNMENT ( #515, #5392, ( #3381 ) ) ;
#72 = CARTESIAN_POINT ( 'NONE',  ( 0.9294299157951320112, 2.853412796679487773, 4.620570084204864258 ) ) ;
#73 = EDGE_CURVE ( 'NONE', #3062, #5362, #85, .T. ) ;
#74 = DIRECTION ( 'NONE',  ( 8.673617379884036705E-17, -1.000000000000000000, 0.0000000000000000000 ) ) ;
#75 = CARTESIAN_POINT ( 'NONE',  ( 0.0000000000000000000, 0.0000000000000000000, 0.0000000000000000000 ) ) ;
#76 = CYLINDRICAL_SURFACE ( 'NONE', #3399, 8.899999999999998579 ) ;
#77 = ADVANCED_FACE ( 'NONE', ( #2769 ), #4702, .T. ) ;
#78 = CARTESIAN_POINT ( 'NONE',  ( 6.500000000000001776, -4.499999999999997335, 7.500000000000000000 ) ) ;
#79 = PRODUCT_DEFINITION ( 'UNKNOWN', '', #43, #4066 ) ;
#80 = PLANE ( 'NONE',  #3656 ) ;
#81 = CARTESIAN_POINT ( 'NONE',  ( 4.899999999999999467, 0.0000000000000000000, 0.0000000000000000000 ) ) ;
#82 = CARTESIAN_POINT ( 'NONE',  ( 7.200000000000000178, -5.000000000000001776, 5.900000000000005684 ) ) ;
#83 = DIRECTION ( 'NONE',  ( -1.000000000000000000, 0.0000000000000000000, 0.0000000000000000000 ) ) ;
#84 = EDGE_CURVE ( 'NONE', #1762, #1337, #4619, .T. ) ;
#85 = LINE ( 'NONE', #306, #944 ) ;
#86 = FACE_OUTER_BOUND ( 'NONE', #4452, .T. ) ;
#87 = CC_DESIGN_PERSON_AND_ORGANIZATION_ASSIGNMENT ( #5411, #4248, ( #2627 ) ) ;
#88 = LINE ( 'NONE', #4082, #4828 ) ;
#89 = PERSON_AND_ORGANIZATION ( #1600, #2760 ) ;
#90 = FACE_BOUND ( 'NONE', #5091, .T. ) ;
#91 = COORDINATED_UNIVERSAL_TIME_OFFSET ( 1, 0, .AHEAD. ) ;
#92 = ORIENTED_EDGE ( 'NONE', *, *, #2243, .T. ) ;
#93 = PLANE ( 'NONE',  #4308 ) ;
#94 = DATE_AND_TIME ( #2645, #730 ) ;
#95 = CONTEXT_DEPENDENT_SHAPE_REPRESENTATION ( #2248, #1207 ) ;
#96 = ORIENTED_EDGE ( 'NONE', *, *, #3055, .F. ) ;
#97 = EDGE_CURVE ( 'NONE', #4537, #2818, #4433, .T. ) ;
#98 = CARTESIAN_POINT ( 'NONE',  ( 10.34048140662818405, -1.823305865502770073, -8.933335432157942790 ) ) ;
#99 = CARTESIAN_POINT ( 'NONE',  ( 7.960204194457798435E-16, -6.500000000000000000, 8.949999999999999289 ) ) ;
#100 = DIRECTION ( 'NONE',  ( 7.375650828688862849E-33, -8.503546450866702047E-17, 1.000000000000000000 ) ) ;
#101 = APPLICATION_CONTEXT ( 'configuration controlled 3d designs of mechanical parts and assemblies' ) ;
#102 = LOCAL_TIME ( 7, 23, 42.00000000000000000, #5667 ) ;
#103 = LOCAL_TIME ( 7, 23, 42.00000000000000000, #4978 ) ;
#104 = DIRECTION ( 'NONE',  ( 1.000000000000000000, 0.0000000000000000000, 0.0000000000000000000 ) ) ;
#105 = LINE ( 'NONE', #3982, #2031 ) ;
#106 = EDGE_LOOP ( 'NONE', ( #1760, #3165, #5668, #44 ) ) ;
#107 = ADVANCED_FACE ( 'NONE', ( #4494 ), #4954, .F. ) ;
#108 = ORIENTED_EDGE ( 'NONE', *, *, #682, .T. ) ;
#109 = EDGE_CURVE ( 'NONE', #2044, #5362, #3241, .T. ) ;
#110 = CARTESIAN_POINT ( 'NONE',  ( 3.899999999999997247, 5.200000000000002842, 5.900000000000003908 ) ) ;
#111 = ORIENTED_EDGE ( 'NONE', *, *, #4651, .F. ) ;
#112 = ADVANCED_FACE ( 'NONE', ( #5033 ), #2214, .F. ) ;
#113 = CARTESIAN_POINT ( 'NONE',  ( -6.000000000000000000, -1.249999999999999112, 6.899999999999998579 ) ) ;
#114 = AXIS2_PLACEMENT_3D ( 'NONE', #5692, #1846, #9 ) ;
#115 = ORIENTED_EDGE ( 'NONE', *, *, #2887, .F. ) ;
#116 = EDGE_CURVE ( 'NONE', #4498, #3014, #2902, .T. ) ;
#117 = CARTESIAN_POINT ( 'NONE',  ( 0.9500000000000002887, -2.749999999999999556, 4.599999999999996092 ) ) ;
#118 = ORIENTED_EDGE ( 'NONE', *, *, #3662, .T. ) ;
#119 = CARTESIAN_POINT ( 'NONE',  ( 6.000000000000000000, -1.250000000000000222, 6.399999999999999467 ) ) ;
#120 = DIRECTION ( 'NONE',  ( 1.000000000000000000, 0.0000000000000000000, 0.0000000000000000000 ) ) ;
#121 = VERTEX_POINT ( 'NONE', #490 ) ;
#122 = APPROVAL_ROLE ( '' ) ;
#123 = DATE_AND_TIME ( #1324, #760 ) ;
#124 = ORIENTED_EDGE ( 'NONE', *, *, #13, .T. ) ;
#125 = VECTOR ( 'NONE', #2117, 1000.000000000000000 ) ;
#126 = AXIS2_PLACEMENT_3D ( 'NONE', #3546, #4803, #4421 ) ;
#127 = EDGE_LOOP ( 'NONE', ( #1331, #3129, #2400, #4157 ) ) ;
#128 = CARTESIAN_POINT ( 'NONE',  ( 6.000000000000000000, -0.7500000000000006661, 6.399999999999999467 ) ) ;
#129 = ORIENTED_EDGE ( 'NONE', *, *, #807, .T. ) ;
#130 = VECTOR ( 'NONE', #3922, 1000.000000000000000 ) ;
#131 = CARTESIAN_POINT ( 'NONE',  ( -3.899999999999999911, 5.200000000000001066, 5.900000000000005684 ) ) ;
#132 = CARTESIAN_POINT ( 'NONE',  ( -9.700000000000002842, -0.7499999999999993339, 6.399999999999999467 ) ) ;
#133 = CARTESIAN_POINT ( 'NONE',  ( -8.764789001808651392, 1.545468781235682432, 9.199999999999999289 ) ) ;
#134 = ORIENTED_EDGE ( 'NONE', *, *, #5298, .T. ) ;
#135 = VERTEX_POINT ( 'NONE', #3944 ) ;
#136 = LINE ( 'NONE', #1230, #3554 ) ;
#137 = VERTEX_POINT ( 'NONE', #1298 ) ;
#138 = DIRECTION ( 'NONE',  ( -0.0000000000000000000, -0.0000000000000000000, -1.000000000000000000 ) ) ;
#139 = DIRECTION ( 'NONE',  ( -4.565061778886431080E-18, -1.000000000000000000, -9.130123557772662171E-17 ) ) ;
#140 = ORIENTED_EDGE ( 'NONE', *, *, #2122, .F. ) ;
#141 = ADVANCED_FACE ( 'NONE', ( #1629 ), #2659, .F. ) ;
#142 = APPLICATION_CONTEXT ( 'configuration controlled 3d designs of mechanical parts and assemblies' ) ;
#143 = CARTESIAN_POINT ( 'NONE',  ( -6.000000000000000000, 0.0000000000000000000, 7.500000000000000000 ) ) ;
#144 = EDGE_CURVE ( 'NONE', #3952, #2591, #4877, .T. ) ;
#145 = VERTEX_POINT ( 'NONE', #4520 ) ;
#146 = CARTESIAN_POINT ( 'NONE',  ( -10.34048140662818405, 1.823305865502771184, 9.199999999999999289 ) ) ;
#147 = VECTOR ( 'NONE', #895, 1000.000000000000000 ) ;
#148 = APPROVAL ( #4112, 'UNSPECIFIED' ) ;
#149 = ORIENTED_EDGE ( 'NONE', *, *, #2000, .T. ) ;
#150 = LINE ( 'NONE', #406, #5178 ) ;
#151 = CYLINDRICAL_SURFACE ( 'NONE', #5658, 5.299999999999999822 ) ;
#152 = CC_DESIGN_APPROVAL ( #1797, ( #4406 ) ) ;
#153 = DIRECTION ( 'NONE',  ( -0.5773502691896250649, 0.5773502691896250649, 0.5773502691896272854 ) ) ;
#154 = CARTESIAN_POINT ( 'NONE',  ( -6.000000000000000000, 0.0000000000000000000, 5.700000000000000178 ) ) ;
#155 = DIRECTION ( 'NONE',  ( 0.0000000000000000000, 0.0000000000000000000, 1.000000000000000000 ) ) ;
#156 = VECTOR ( 'NONE', #2622, 1000.000000000000000 ) ;
#157 = DIRECTION ( 'NONE',  ( -0.0000000000000000000, -0.0000000000000000000, -1.000000000000000000 ) ) ;
#158 = ADVANCED_FACE ( 'NONE', ( #2762 ), #1448, .F. ) ;
#159 = DIRECTION ( 'NONE',  ( 0.0000000000000000000, 0.0000000000000000000, 1.000000000000000000 ) ) ;
#160 = CIRCLE ( 'NONE', #5014, 0.5000000000000000000 ) ;
#161 = VECTOR ( 'NONE', #805, 1000.000000000000000 ) ;
#162 = ADVANCED_FACE ( 'NONE', ( #5445 ), #2626, .T. ) ;
#163 = FACE_OUTER_BOUND ( 'NONE', #5425, .T. ) ;
#164 = FACE_OUTER_BOUND ( 'NONE', #458, .T. ) ;
#165 = CALENDAR_DATE ( 2020, 24, 9 ) ;
#166 = VECTOR ( 'NONE', #662, 1000.000000000000000 ) ;
#167 = ORIENTED_EDGE ( 'NONE', *, *, #97, .T. ) ;
#168 = AXIS2_PLACEMENT_3D ( 'NONE', #3051, #3475, #800 ) ;
#169 = CARTESIAN_POINT ( 'NONE',  ( 6.000000000000000000, -2.750000000000000444, 6.899999999999999467 ) ) ;
#170 = DIRECTION ( 'NONE',  ( 1.000000000000000000, -8.673617379884035472E-17, -0.0000000000000000000 ) ) ;
#171 = LOCAL_TIME ( 7, 23, 42.00000000000000000, #3729 ) ;
#172 = EDGE_LOOP ( 'NONE', ( #3286, #5552, #4846, #3518, #1094, #4272 ) ) ;
#173 = CARTESIAN_POINT ( 'NONE',  ( 10.81665382639196693, -5.000000000000001776, 9.199999999999999289 ) ) ;
#174 = EDGE_LOOP ( 'NONE', ( #1738, #4924, #4472, #5538 ) ) ;
#175 = CC_DESIGN_DATE_AND_TIME_ASSIGNMENT ( #2827, #1083, ( #385 ) ) ;
#176 = PLANE ( 'NONE',  #2482 ) ;
#177 = COORDINATED_UNIVERSAL_TIME_OFFSET ( 1, 0, .AHEAD. ) ;
#178 = EDGE_CURVE ( 'NONE', #765, #544, #5641, .T. ) ;
#179 = DIRECTION ( 'NONE',  ( 1.000000000000000000, -8.673617379884036705E-17, 0.0000000000000000000 ) ) ;
#180 = CARTESIAN_POINT ( 'NONE',  ( 0.0000000000000000000, 0.0000000000000000000, 7.500000000000000000 ) ) ;
#181 = CARTESIAN_POINT ( 'NONE',  ( 6.999999999999997335, -10.00000000000000000, 5.700000000000000178 ) ) ;
#182 = CARTESIAN_POINT ( 'NONE',  ( 0.0000000000000000000, 0.0000000000000000000, 1.100000000000000311 ) ) ;
#183 = CC_DESIGN_SECURITY_CLASSIFICATION ( #1504, ( #3417 ) ) ;
#184 = DIRECTION ( 'NONE',  ( 1.000000000000000000, 0.0000000000000000000, 0.0000000000000000000 ) ) ;
#185 = EDGE_LOOP ( 'NONE', ( #1235, #4191, #331, #754 ) ) ;
#186 = AXIS2_PLACEMENT_3D ( 'NONE', #1865, #1387, #5314 ) ;
#187 = ADVANCED_FACE ( 'NONE', ( #583 ), #2966, .F. ) ;
#188 = AXIS2_PLACEMENT_3D ( 'NONE', #3536, #413, #884 ) ;
#189 = ORIENTED_EDGE ( 'NONE', *, *, #3093, .T. ) ;
#191 = VERTEX_POINT ( 'NONE', #5484 ) ;
#190 = CARTESIAN_POINT ( 'NONE',  ( -8.800000000000002487, -8.499999999999998224, 5.999999999999999112 ) ) ;
#192 = LINE ( 'NONE', #4919, #4601 ) ;
#193 = ADVANCED_FACE ( 'NONE', ( #3315 ), #1966, .F. ) ;
#194 = ORIENTED_EDGE ( 'NONE', *, *, #2000, .F. ) ;
#195 = DIRECTION ( 'NONE',  ( 1.000000000000000000, -8.673617379884035472E-17, -0.0000000000000000000 ) ) ;
#196 = DIRECTION ( 'NONE',  ( 5.015442563508425971E-32, 5.782411586589355667E-16, 1.000000000000000000 ) ) ;
#197 = ORIENTED_EDGE ( 'NONE', *, *, #1139, .T. ) ;
#198 = CIRCLE ( 'NONE', #4, 8.899999999999998579 ) ;
#199 = PRODUCT ( '3982_apantallamiento', '3982_apantallamiento', '', ( #5158 ) ) ;
#200 = CIRCLE ( 'NONE', #3556, 5.700000000000000178 ) ;
#201 = DIRECTION ( 'NONE',  ( 1.000000000000000000, 0.0000000000000000000, 0.0000000000000000000 ) ) ;
#202 = ORIENTED_EDGE ( 'NONE', *, *, #4059, .F. ) ;
#203 = ORIENTED_EDGE ( 'NONE', *, *, #5096, .F. ) ;
#204 = ORIENTED_EDGE ( 'NONE', *, *, #4429, .T. ) ;
#205 = LINE ( 'NONE', #2514, #1280 ) ;
#206 = CC_DESIGN_APPROVAL ( #1679, ( #1098 ) ) ;
#207 = CARTESIAN_POINT ( 'NONE',  ( -9.700000000000002842, -2.749999999999999112, 6.899999999999999467 ) ) ;
#208 = AXIS2_PLACEMENT_3D ( 'NONE', #146, #3290, #5064 ) ;
#209 = CARTESIAN_POINT ( 'NONE',  ( -9.700000000000002842, -0.7499999999999993339, 6.399999999999999467 ) ) ;
#210 = LINE ( 'NONE', #1196, #1210 ) ;
#211 = EDGE_CURVE ( 'NONE', #4165, #4145, #4362, .T. ) ;
#212 = DIRECTION ( 'NONE',  ( 8.673617379884035472E-17, 1.000000000000000000, 0.0000000000000000000 ) ) ;
#213 = AXIS2_PLACEMENT_3D ( 'NONE', #2563, #3438, #3891 ) ;
#214 = CARTESIAN_POINT ( 'NONE',  ( -4.899999999999999467, 2.236880271654303674E-17, 1.100000000000000533 ) ) ;
#215 = CALENDAR_DATE ( 2020, 24, 9 ) ;
#216 = LINE ( 'NONE', #4730, #5578 ) ;
#217 = LINE ( 'NONE', #2976, #1288 ) ;
#218 = DIRECTION ( 'NONE',  ( 1.000000000000000000, 0.0000000000000000000, 0.0000000000000000000 ) ) ;
#219 = CARTESIAN_POINT ( 'NONE',  ( -9.700000000000002842, -1.249999999999998890, 6.399999999999999467 ) ) ;
#220 = EDGE_CURVE ( 'NONE', #5551, #3011, #4035, .T. ) ;
#221 = CARTESIAN_POINT ( 'NONE',  ( -0.7500000000000004441, 2.950000000000000622, 4.599999999999996092 ) ) ;
#222 = ORIENTED_EDGE ( 'NONE', *, *, #297, .T. ) ;
#223 = CARTESIAN_POINT ( 'NONE',  ( -6.100000000000000533, -4.899999999999998579, 7.500000000000000000 ) ) ;
#224 = LINE ( 'NONE', #1105, #4760 ) ;
#225 = CARTESIAN_POINT ( 'NONE',  ( 5.700000000000000178, -8.500000000000000000, 5.999999999999999112 ) ) ;
#226 = PRODUCT_DEFINITION ( 'UNKNOWN', '', #1066, #286 ) ;
#227 = CIRCLE ( 'NONE', #2403, 1.200000000000003064 ) ;
#228 = EDGE_CURVE ( 'NONE', #1321, #2473, #1553, .T. ) ;
#229 = CYLINDRICAL_SURFACE ( 'NONE', #3578, 0.1999999999999999833 ) ;
#230 = VECTOR ( 'NONE', #3664, 999.9999999999998863 ) ;
#231 = COORDINATED_UNIVERSAL_TIME_OFFSET ( 1, 0, .AHEAD. ) ;
#232 = DIRECTION ( 'NONE',  ( 1.000000000000000000, -8.673617379884035472E-17, -0.0000000000000000000 ) ) ;
#233 = ORIENTED_EDGE ( 'NONE', *, *, #2715, .F. ) ;
#234 = DIRECTION ( 'NONE',  ( 7.375650828688862849E-33, 8.503546450866702047E-17, -1.000000000000000000 ) ) ;
#235 = CARTESIAN_POINT ( 'NONE',  ( 5.100000000000000533, 0.0000000000000000000, 9.599999999999999645 ) ) ;
#236 = DIRECTION ( 'NONE',  ( 1.000000000000000000, -8.673617379884035472E-17, 0.0000000000000000000 ) ) ;
#237 = DIRECTION ( 'NONE',  ( 5.015442563508425971E-32, 5.782411586589355667E-16, 1.000000000000000000 ) ) ;
#238 = CIRCLE ( 'NONE', #3983, 5.299999999999999822 ) ;
#239 = ORIENTED_EDGE ( 'NONE', *, *, #4356, .T. ) ;
#240 = EDGE_LOOP ( 'NONE', ( #2021, #3638, #631, #2899 ) ) ;
#241 = CARTESIAN_POINT ( 'NONE',  ( 7.960204194457798435E-16, -6.500000000000000000, 9.199999999999999289 ) ) ;
#242 = DIRECTION ( 'NONE',  ( 1.000000000000000000, 0.0000000000000000000, 0.0000000000000000000 ) ) ;
#243 = PERSON ( 'NAUO-PER1', 'UNSPECIFIED', 'UNSPECIFIED', ('UNSPECIFIED'), ('UNSPECIFIED'), ('UNSPECIFIED') ) ;
#244 = DIRECTION ( 'NONE',  ( -7.375650828688862849E-33, 8.503546450866702047E-17, -1.000000000000000000 ) ) ;
#245 = LINE ( 'NONE', #3028, #3200 ) ;
#246 = APPROVAL_DATE_TIME ( #2100, #4306 ) ;
#247 = CALENDAR_DATE ( 2020, 24, 9 ) ;
#248 = AXIS2_PLACEMENT_3D ( 'NONE', #875, #2672, #812 ) ;
#249 = CIRCLE ( 'NONE', #5114, 13.80000000000000071 ) ;
#250 = CARTESIAN_POINT ( 'NONE',  ( -9.700000000000002842, -2.749999999999999112, 5.899999999999998579 ) ) ;
#251 = EDGE_CURVE ( 'NONE', #299, #1585, #439, .T. ) ;
#252 = ORIENTED_EDGE ( 'NONE', *, *, #3437, .T. ) ;
#253 = LINE ( 'NONE', #4576, #2102 ) ;
#254 = CARTESIAN_POINT ( 'NONE',  ( -0.9499999999999996225, -2.803752220412937923, 4.599999999999996092 ) ) ;
#255 = CARTESIAN_POINT ( 'NONE',  ( 3.899999999999997247, 5.200000000000002842, 9.199999999999999289 ) ) ;
#256 = ORIENTED_EDGE ( 'NONE', *, *, #4402, .T. ) ;
#257 =( GEOMETRIC_REPRESENTATION_CONTEXT ( 3 ) GLOBAL_UNCERTAINTY_ASSIGNED_CONTEXT ( ( #2127 ) ) GLOBAL_UNIT_ASSIGNED_CONTEXT ( ( #3826, #1195, #2961 ) ) REPRESENTATION_CONTEXT ( 'NONE', 'WORKASPACE' ) );
#258 = VERTEX_POINT ( 'NONE', #4154 ) ;
#259 = DIRECTION ( 'NONE',  ( 0.0000000000000000000, 0.0000000000000000000, 1.000000000000000000 ) ) ;
#260 = EDGE_CURVE ( 'NONE', #3744, #2725, #1710, .T. ) ;
#261 = ORIENTED_EDGE ( 'NONE', *, *, #3975, .T. ) ;
#262 = ADVANCED_FACE ( 'NONE', ( #374 ), #3180, .T. ) ;
#263 = COORDINATED_UNIVERSAL_TIME_OFFSET ( 1, 0, .AHEAD. ) ;
#264 = DIRECTION ( 'NONE',  ( 0.0000000000000000000, 1.000000000000000000, 0.0000000000000000000 ) ) ;
#265 = AXIS2_PLACEMENT_3D ( 'NONE', #3034, #1718, #2596 ) ;
#266 = CC_DESIGN_SECURITY_CLASSIFICATION ( #385, ( #5086 ) ) ;
#267 = CARTESIAN_POINT ( 'NONE',  ( 0.0000000000000000000, 0.0000000000000000000, 0.0000000000000000000 ) ) ;
#268 = DIRECTION ( 'NONE',  ( -7.771561172376095783E-16, -1.503766100577553754E-30, -1.000000000000000000 ) ) ;
#269 = ORIENTED_EDGE ( 'NONE', *, *, #3968, .T. ) ;
#270 = ADVANCED_BREP_SHAPE_REPRESENTATION ( '', ( #3551, #566 ), #257 ) ;
#271 = ORIENTED_EDGE ( 'NONE', *, *, #3662, .F. ) ;
#272 = VECTOR ( 'NONE', #4522, 1000.000000000000114 ) ;
#273 = DIRECTION ( 'NONE',  ( 8.673617379884036705E-17, 1.000000000000000000, 0.0000000000000000000 ) ) ;
#274 = ORIENTED_EDGE ( 'NONE', *, *, #4938, .F. ) ;
#275 = CC_DESIGN_APPROVAL ( #5672, ( #467 ) ) ;
#276 = DIRECTION ( 'NONE',  ( 1.000000000000000000, -8.673617379884035472E-17, -0.0000000000000000000 ) ) ;
#277 = AXIS2_PLACEMENT_3D ( 'NONE', #5135, #3013, #316 ) ;
#278 = EDGE_LOOP ( 'NONE', ( #347, #5190, #5333, #3272 ) ) ;
#279 = LINE ( 'NONE', #2226, #2402 ) ;
#280 = VERTEX_POINT ( 'NONE', #589 ) ;
#281 = CARTESIAN_POINT ( 'NONE',  ( -7.199999999999999289, -10.00000000000000000, 9.199999999999999289 ) ) ;
#282 = DIRECTION ( 'NONE',  ( 0.0000000000000000000, -1.000000000000000000, 0.0000000000000000000 ) ) ;
#283 = ORIENTED_EDGE ( 'NONE', *, *, #1354, .T. ) ;
#284 = CARTESIAN_POINT ( 'NONE',  ( -0.9500000000000002887, 2.950000000000000622, 5.100000000000000533 ) ) ;
#285 = LOCAL_TIME ( 7, 23, 42.00000000000000000, #3429 ) ;
#286 = DESIGN_CONTEXT ( 'detailed design', #4532, 'design' ) ;
#287 = DIRECTION ( 'NONE',  ( 0.0000000000000000000, 0.0000000000000000000, 1.000000000000000000 ) ) ;
#288 = CARTESIAN_POINT ( 'NONE',  ( 0.0000000000000000000, 0.0000000000000000000, 0.0000000000000000000 ) ) ;
#289 = CARTESIAN_POINT ( 'NONE',  ( -0.9499999999999996225, -2.749999999999999556, 2.100000000000000089 ) ) ;
#290 = APPROVAL_PERSON_ORGANIZATION ( #784, #2759, #122 ) ;
#291 = VECTOR ( 'NONE', #4789, 1000.000000000000000 ) ;
#292 = EDGE_LOOP ( 'NONE', ( #2062, #2751, #511, #3886 ) ) ;
#293 = CARTESIAN_POINT ( 'NONE',  ( -5.700000000000000178, -4.899999999999998579, -19.40231944897310612 ) ) ;
#294 = VECTOR ( 'NONE', #4496, 1000.000000000000000 ) ;
#295 = CC_DESIGN_SECURITY_CLASSIFICATION ( #4079, ( #5701 ) ) ;
#296 = AXIS2_PLACEMENT_3D ( 'NONE', #4657, #5099, #2969 ) ;
#297 = EDGE_CURVE ( 'NONE', #765, #503, #518, .T. ) ;
#298 = TOROIDAL_SURFACE ( 'NONE', #1483, 5.100000000000000533, 0.2000000000000000111 ) ;
#299 = VERTEX_POINT ( 'NONE', #5448 ) ;
#300 = DIRECTION ( 'NONE',  ( -1.000000000000000000, 0.0000000000000000000, 0.0000000000000000000 ) ) ;
#301 = LINE ( 'NONE', #3585, #4298 ) ;
#302 = MECHANICAL_CONTEXT ( 'NONE', #4679, 'mechanical' ) ;
#303 = EDGE_CURVE ( 'NONE', #2491, #2075, #1422, .T. ) ;
#304 =( LENGTH_UNIT ( ) NAMED_UNIT ( * ) SI_UNIT ( .MILLI., .METRE. ) );
#305 = DIRECTION ( 'NONE',  ( -1.000000000000000000, -9.992007221626420697E-16, -1.445602896647339311E-15 ) ) ;
#306 = CARTESIAN_POINT ( 'NONE',  ( -10.81665382639196871, 4.999999999999999112, 5.900000000000007461 ) ) ;
#307 = CARTESIAN_POINT ( 'NONE',  ( -13.76665032449887072, 2.545454545454544526, 5.900000000000007461 ) ) ;
#308 = AXIS2_PLACEMENT_3D ( 'NONE', #5047, #1084, #4602 ) ;
#309 = CARTESIAN_POINT ( 'NONE',  ( 5.699999999999999289, -10.00000000000000000, 5.899999999999998579 ) ) ;
#310 = APPROVAL_DATE_TIME ( #454, #4893 ) ;
#311 = LINE ( 'NONE', #903, #4118 ) ;
#312 = VERTEX_POINT ( 'NONE', #3691 ) ;
#313 = ORIENTED_EDGE ( 'NONE', *, *, #84, .F. ) ;
#314 = DATE_AND_TIME ( #1005, #3374 ) ;
#315 = CIRCLE ( 'NONE', #5037, 0.5000000000000004441 ) ;
#316 = DIRECTION ( 'NONE',  ( 0.0000000000000000000, 1.000000000000000000, 0.0000000000000000000 ) ) ;
#317 = ORIENTED_EDGE ( 'NONE', *, *, #2971, .F. ) ;
#318 = AXIS2_PLACEMENT_3D ( 'NONE', #4365, #2266, #441 ) ;
#319 = CARTESIAN_POINT ( 'NONE',  ( 0.9500000000000002887, -2.949999999999999734, 4.599999999999996092 ) ) ;
#320 = VERTEX_POINT ( 'NONE', #4998 ) ;
#321 = ADVANCED_FACE ( 'NONE', ( #4896 ), #3972, .F. ) ;
#322 = LINE ( 'NONE', #3392, #3529 ) ;
#323 = DIRECTION ( 'NONE',  ( -1.000000000000000000, 1.224646799147353454E-16, 0.0000000000000000000 ) ) ;
#324 = LINE ( 'NONE', #3772, #3461 ) ;
#325 = VECTOR ( 'NONE', #1808, 1000.000000000000000 ) ;
#326 = DATE_AND_TIME ( #2719, #897 ) ;
#327 = DIRECTION ( 'NONE',  ( 1.000000000000000000, 0.0000000000000000000, 0.0000000000000000000 ) ) ;
#328 = EDGE_LOOP ( 'NONE', ( #3897, #1109, #619, #4056 ) ) ;
#329 = CARTESIAN_POINT ( 'NONE',  ( 7.199999999999999289, -10.00000000000000000, 5.700000000000000178 ) ) ;
#330 = ADVANCED_FACE ( 'NONE', ( #1148 ), #1992, .T. ) ;
#331 = ORIENTED_EDGE ( 'NONE', *, *, #1630, .F. ) ;
#332 = VECTOR ( 'NONE', #4631, 1000.000000000000000 ) ;
#333 = COORDINATED_UNIVERSAL_TIME_OFFSET ( 1, 0, .AHEAD. ) ;
#334 = EDGE_CURVE ( 'NONE', #5486, #4988, #217, .T. ) ;
#335 = DIRECTION ( 'NONE',  ( 0.0000000000000000000, -1.000000000000000000, 0.0000000000000000000 ) ) ;
#336 = ORIENTED_EDGE ( 'NONE', *, *, #2610, .T. ) ;
#337 = DIRECTION ( 'NONE',  ( 0.0000000000000000000, -1.000000000000000000, 5.782411586589355667E-16 ) ) ;
#338 = DIRECTION ( 'NONE',  ( 1.000000000000000000, 8.673617379884035472E-17, -0.0000000000000000000 ) ) ;
#339 = EDGE_LOOP ( 'NONE', ( #4198, #4277, #4511, #4337 ) ) ;
#340 = LOCAL_TIME ( 7, 23, 42.00000000000000000, #263 ) ;
#341 = DIRECTION ( 'NONE',  ( -0.0000000000000000000, -0.0000000000000000000, -1.000000000000000000 ) ) ;
#342 = EDGE_CURVE ( 'NONE', #2476, #941, #4170, .T. ) ;
#344 = VERTEX_POINT ( 'NONE', #3380 ) ;
#343 = DIRECTION ( 'NONE',  ( -1.000000000000000000, 0.0000000000000000000, 0.0000000000000000000 ) ) ;
#345 = DIRECTION ( 'NONE',  ( 7.771561172376095783E-16, 1.503766100577553754E-30, 1.000000000000000000 ) ) ;
#346 = CARTESIAN_POINT ( 'NONE',  ( -9.700000000000002842, -1.249999999999998890, 6.399999999999999467 ) ) ;
#347 = ORIENTED_EDGE ( 'NONE', *, *, #5098, .T. ) ;
#348 = CARTESIAN_POINT ( 'NONE',  ( 5.699999999999999289, -10.00000000000000000, 5.500000000000001776 ) ) ;
#349 = CC_DESIGN_APPROVAL ( #3728, ( #1144 ) ) ;
#350 = EDGE_LOOP ( 'NONE', ( #4854, #5161, #5253, #2192 ) ) ;
#351 =( NAMED_UNIT ( * ) PLANE_ANGLE_UNIT ( ) SI_UNIT ( $, .RADIAN. ) );
#352 = CARTESIAN_POINT ( 'NONE',  ( -4.899999999999999467, -4.250072516143177874E-16, 1.100000000000000089 ) ) ;
#353 = CIRCLE ( 'NONE', #2884, 0.8000000000000001554 ) ;
#354 = DIRECTION ( 'NONE',  ( -0.0000000000000000000, -0.0000000000000000000, 1.000000000000000000 ) ) ;
#355 = ORIENTED_EDGE ( 'NONE', *, *, #863, .T. ) ;
#356 = ORIENTED_EDGE ( 'NONE', *, *, #2009, .T. ) ;
#357 = VECTOR ( 'NONE', #2749, 1000.000000000000000 ) ;
#358 = VECTOR ( 'NONE', #4860, 1000.000000000000000 ) ;
#359 = DIRECTION ( 'NONE',  ( 1.000000000000000000, -8.673617379884036705E-17, 0.0000000000000000000 ) ) ;
#360 = CARTESIAN_POINT ( 'NONE',  ( 4.900000000000000355, -4.250072516143178860E-16, 0.2999999999999999889 ) ) ;
#361 = ORIENTED_EDGE ( 'NONE', *, *, #4331, .F. ) ;
#362 = CALENDAR_DATE ( 2020, 24, 9 ) ;
#363 = CIRCLE ( 'NONE', #3207, 0.2000000000000005107 ) ;
#364 = CIRCLE ( 'NONE', #2270, 0.2999999999999999889 ) ;
#365 = VERTEX_POINT ( 'NONE', #719 ) ;
#366 = DIRECTION ( 'NONE',  ( 1.000000000000000000, 2.312955680093648151E-16, 1.229267523578345872E-32 ) ) ;
#367 = CARTESIAN_POINT ( 'NONE',  ( -5.999999999999999112, -8.500000000000001776, 5.500000000000000000 ) ) ;
#368 = DIRECTION ( 'NONE',  ( -0.0000000000000000000, 1.000000000000000000, -0.0000000000000000000 ) ) ;
#369 = CC_DESIGN_PERSON_AND_ORGANIZATION_ASSIGNMENT ( #4192, #3567, ( #1098 ) ) ;
#370 = CARTESIAN_POINT ( 'NONE',  ( 5.999999999999999112, -6.987298334620741791, 7.500000000000000000 ) ) ;
#371 = PERSON_AND_ORGANIZATION ( #1600, #2760 ) ;
#372 = DIRECTION ( 'NONE',  ( 1.000000000000000000, 8.673617379884033007E-17, 0.0000000000000000000 ) ) ;
#373 = LOCAL_TIME ( 7, 23, 42.00000000000000000, #4294 ) ;
#374 = FACE_OUTER_BOUND ( 'NONE', #1344, .T. ) ;
#375 = CARTESIAN_POINT ( 'NONE',  ( -6.000000000000000000, -1.249999999999999112, 6.399999999999999467 ) ) ;
#376 = CIRCLE ( 'NONE', #1425, 0.5999999999999999778 ) ;
#377 = AXIS2_PLACEMENT_3D ( 'NONE', #3847, #1241, #2594 ) ;
#378 = VECTOR ( 'NONE', #1524, 1000.000000000000000 ) ;
#379 = DIRECTION ( 'NONE',  ( -1.000000000000000000, 8.673617379884035472E-17, 0.0000000000000000000 ) ) ;
#380 = DIRECTION ( 'NONE',  ( -1.000000000000000000, 0.0000000000000000000, 0.0000000000000000000 ) ) ;
#381 = CYLINDRICAL_SURFACE ( 'NONE', #2734, 0.7900000000000000355 ) ;
#382 = LINE ( 'NONE', #2768, #446 ) ;
#383 = AXIS2_PLACEMENT_3D ( 'NONE', #1948, #1664, #4699 ) ;
#384 = CARTESIAN_POINT ( 'NONE',  ( 0.8914213562373088928, 2.891421356237310114, 4.658578643762687044 ) ) ;
#385 = SECURITY_CLASSIFICATION ( '', '', #5427 ) ;
#386 = CARTESIAN_POINT ( 'NONE',  ( -6.000000000000000000, -2.750000000000000444, 6.899999999999998579 ) ) ;
#387 = CARTESIAN_POINT ( 'NONE',  ( 0.3000000000000151434, -1.398223855353594442E-15, 20.00000000000000000 ) ) ;
#388 = DIRECTION ( 'NONE',  ( -1.000000000000000000, -2.312955680093647658E-16, 0.0000000000000000000 ) ) ;
#389 = ADVANCED_FACE ( 'NONE', ( #5306 ), #1213, .T. ) ;
#390 = VECTOR ( 'NONE', #2283, 1000.000000000000000 ) ;
#391 = DIRECTION ( 'NONE',  ( 8.673617379884036705E-17, -1.000000000000000000, -0.0000000000000000000 ) ) ;
#392 = EDGE_CURVE ( 'NONE', #5291, #4256, #856, .T. ) ;
#393 = CARTESIAN_POINT ( 'NONE',  ( -0.7899999999999848255, -7.893685705085023102E-16, 20.00000000000000000 ) ) ;
#394 = ORIENTED_EDGE ( 'NONE', *, *, #4826, .T. ) ;
#395 = CARTESIAN_POINT ( 'NONE',  ( 5.999999999999999112, -10.00000000000000000, 7.500000000000000000 ) ) ;
#396 = DIRECTION ( 'NONE',  ( -8.673617379884035472E-17, 1.000000000000000000, 0.0000000000000000000 ) ) ;
#397 = EDGE_LOOP ( 'NONE', ( #3095, #3428, #1685, #3340, #1050, #5278, #4488 ) ) ;
#398 = ORIENTED_EDGE ( 'NONE', *, *, #4714, .T. ) ;
#399 = DIRECTION ( 'NONE',  ( 1.000000000000000000, 0.0000000000000000000, 0.0000000000000000000 ) ) ;
#400 = EDGE_CURVE ( 'NONE', #4837, #1961, #1929, .T. ) ;
#401 = AXIS2_PLACEMENT_3D ( 'NONE', #3027, #2618, #2154 ) ;
#402 = DIRECTION ( 'NONE',  ( -0.0000000000000000000, -0.0000000000000000000, 1.000000000000000000 ) ) ;
#403 = VECTOR ( 'NONE', #495, 1000.000000000000000 ) ;
#404 = LINE ( 'NONE', #2314, #4323 ) ;
#405 = CARTESIAN_POINT ( 'NONE',  ( -4.500000000000000000, 6.000000000000000888, 5.700000000000001954 ) ) ;
#406 = CARTESIAN_POINT ( 'NONE',  ( 5.299999999999999822, 6.490628035480971924E-16, 9.799999999999998934 ) ) ;
#407 = EDGE_LOOP ( 'NONE', ( #5394, #625, #4609, #3690 ) ) ;
#408 = APPROVAL_STATUS ( 'not_yet_approved' ) ;
#409 = ORIENTED_EDGE ( 'NONE', *, *, #2317, .T. ) ;
#410 = DIRECTION ( 'NONE',  ( 0.0000000000000000000, 0.0000000000000000000, 1.000000000000000000 ) ) ;
#411 = EDGE_LOOP ( 'NONE', ( #1468, #5564, #134, #5212 ) ) ;
#412 = ORIENTED_EDGE ( 'NONE', *, *, #2505, .F. ) ;
#413 = DIRECTION ( 'NONE',  ( 0.0000000000000000000, -1.000000000000000000, 0.0000000000000000000 ) ) ;
#414 = EDGE_CURVE ( 'NONE', #5221, #2311, #3773, .T. ) ;
#415 = DIRECTION ( 'NONE',  ( 0.0000000000000000000, 0.0000000000000000000, 1.000000000000000000 ) ) ;
#416 = ADVANCED_FACE ( 'NONE', ( #3640 ), #4620, .T. ) ;
#417 = VERTEX_POINT ( 'NONE', #2059 ) ;
#418 = ORIENTED_EDGE ( 'NONE', *, *, #1026, .T. ) ;
#419 = VECTOR ( 'NONE', #4390, 1000.000000000000000 ) ;
#420 = EDGE_CURVE ( 'NONE', #3995, #2593, #649, .T. ) ;
#421 = ORIENTED_EDGE ( 'NONE', *, *, #4524, .F. ) ;
#422 = VECTOR ( 'NONE', #4263, 1000.000000000000000 ) ;
#423 = CARTESIAN_POINT ( 'NONE',  ( -6.000000000000000000, -1.249999999999999112, 6.899999999999998579 ) ) ;
#424 = ORIENTED_EDGE ( 'NONE', *, *, #5343, .T. ) ;
#425 = APPROVAL ( #3058, 'UNSPECIFIED' ) ;
#426 = DIRECTION ( 'NONE',  ( 1.000000000000000000, 0.0000000000000000000, 0.0000000000000000000 ) ) ;
#427 = CIRCLE ( 'NONE', #796, 1.200000000000002176 ) ;
#428 = EDGE_CURVE ( 'NONE', #3956, #486, #3505, .T. ) ;
#429 = CARTESIAN_POINT ( 'NONE',  ( -7.199999999999999289, -6.000000000000001776, 9.199999999999999289 ) ) ;
#430 = ORIENTED_EDGE ( 'NONE', *, *, #2550, .T. ) ;
#431 = ADVANCED_FACE ( 'NONE', ( #4221 ), #1861, .F. ) ;
#432 = ORIENTED_EDGE ( 'NONE', *, *, #4503, .F. ) ;
#433 = CARTESIAN_POINT ( 'NONE',  ( -8.800000000000002487, -7.999999999999998224, 7.500000000000000000 ) ) ;
#434 = CARTESIAN_POINT ( 'NONE',  ( -5.700000000000000178, -0.7499999999999997780, 6.399999999999999467 ) ) ;
#435 = CARTESIAN_POINT ( 'NONE',  ( 1.821459649775647449E-14, -1.734723475976807094E-15, 23.00000000000000000 ) ) ;
#436 = CIRCLE ( 'NONE', #5509, 0.5000000000000000000 ) ;
#437 = ORIENTED_EDGE ( 'NONE', *, *, #1068, .F. ) ;
#438 = AXIS2_PLACEMENT_3D ( 'NONE', #346, #1658, #3456 ) ;
#439 = LINE ( 'NONE', #4184, #4295 ) ;
#440 = APPROVAL_PERSON_ORGANIZATION ( #3769, #5663, #1058 ) ;
#441 = DIRECTION ( 'NONE',  ( 1.000000000000000000, 0.0000000000000000000, 0.0000000000000000000 ) ) ;
#442 = ORIENTED_EDGE ( 'NONE', *, *, #2470, .T. ) ;
#443 = DIRECTION ( 'NONE',  ( 0.0000000000000000000, -8.673617379884018216E-17, 1.000000000000000000 ) ) ;
#444 = EDGE_CURVE ( 'NONE', #3559, #2187, #2002, .T. ) ;
#445 = PLANE ( 'NONE',  #1660 ) ;
#446 = VECTOR ( 'NONE', #65, 1000.000000000000000 ) ;
#447 = SECURITY_CLASSIFICATION_LEVEL ( 'unclassified' ) ;
#448 = DIRECTION ( 'NONE',  ( -0.0000000000000000000, -0.0000000000000000000, 1.000000000000000000 ) ) ;
#449 = CIRCLE ( 'NONE', #1417, 8.900000000000000355 ) ;
#450 = VECTOR ( 'NONE', #3635, 1000.000000000000000 ) ;
#451 = EDGE_CURVE ( 'NONE', #5342, #3069, #716, .T. ) ;
#452 = APPROVAL_PERSON_ORGANIZATION ( #1728, #459, #621 ) ;
#453 = DIRECTION ( 'NONE',  ( -1.000000000000000000, 0.0000000000000000000, 0.0000000000000000000 ) ) ;
#454 = DATE_AND_TIME ( #1649, #2225 ) ;
#455 = AXIS2_PLACEMENT_3D ( 'NONE', #4414, #2278, #2235 ) ;
#456 = FACE_BOUND ( 'NONE', #3661, .T. ) ;
#457 = ORIENTED_EDGE ( 'NONE', *, *, #3695, .T. ) ;
#458 = EDGE_LOOP ( 'NONE', ( #3903, #222, #5129, #1916 ) ) ;
#459 = APPROVAL ( #2878, 'UNSPECIFIED' ) ;
#460 = ADVANCED_FACE ( 'NONE', ( #3046 ), #5376, .T. ) ;
#461 = EDGE_CURVE ( 'NONE', #5153, #2676, #2555, .T. ) ;
#462 = CYLINDRICAL_SURFACE ( 'NONE', #4814, 0.8000000000000003775 ) ;
#463 = DIRECTION ( 'NONE',  ( 5.215372716630039566E-33, 0.7071067811865521247, 0.7071067811865429098 ) ) ;
#464 = CARTESIAN_POINT ( 'NONE',  ( 6.000000000000000000, 0.0000000000000000000, 7.500000000000000000 ) ) ;
#465 = DIRECTION ( 'NONE',  ( -7.375650828688862849E-33, 8.503546450866702047E-17, -1.000000000000000000 ) ) ;
#466 = ORIENTED_EDGE ( 'NONE', *, *, #4322, .F. ) ;
#467 = PRODUCT_DEFINITION ( 'UNKNOWN', '', #1949, #3088 ) ;
#468 = APPROVAL_STATUS ( 'not_yet_approved' ) ;
#469 = CARTESIAN_POINT ( 'NONE',  ( 4.499999999999996447, 5.000000000000002665, 5.900000000000007461 ) ) ;
#470 = VECTOR ( 'NONE', #5442, 1000.000000000000000 ) ;
#471 = AXIS2_PLACEMENT_3D ( 'NONE', #1915, #2784, #584 ) ;
#472 = CARTESIAN_POINT ( 'NONE',  ( -8.800000000000002487, -7.999999999999998224, 6.000000000000003553 ) ) ;
#473 = CARTESIAN_POINT ( 'NONE',  ( 7.199999999999999289, -6.000000000000001776, 9.199999999999999289 ) ) ;
#474 = EDGE_LOOP ( 'NONE', ( #2048, #3483, #336, #2536, #1115, #1248, #4940, #3158, #3244, #3302, #685 ) ) ;
#475 = CIRCLE ( 'NONE', #3834, 3.000000000000000888 ) ;
#476 = PERSON_AND_ORGANIZATION ( #1600, #2760 ) ;
#477 = ORIENTED_EDGE ( 'NONE', *, *, #2600, .F. ) ;
#478 = AXIS2_PLACEMENT_3D ( 'NONE', #3804, #237, #2502 ) ;
#480 = ORIENTED_EDGE ( 'NONE', *, *, #4115, .T. ) ;
#479 = CARTESIAN_POINT ( 'NONE',  ( -8.740481406628184402, -1.823305865502773404, -8.933335432157942790 ) ) ;
#481 = CARTESIAN_POINT ( 'NONE',  ( -9.700000000000002842, -0.7499999999999993339, 6.399999999999999467 ) ) ;
#482 = AXIS2_PLACEMENT_3D ( 'NONE', #5591, #5207, #5329 ) ;
#483 = SECURITY_CLASSIFICATION_LEVEL ( 'unclassified' ) ;
#484 = DIRECTION ( 'NONE',  ( 0.0000000000000000000, 1.000000000000000000, 1.445602896647339163E-16 ) ) ;
#485 = CARTESIAN_POINT ( 'NONE',  ( -9.700000000000002842, -1.249999999999998890, 6.399999999999999467 ) ) ;
#486 = VERTEX_POINT ( 'NONE', #4887 ) ;
#487 = DIRECTION ( 'NONE',  ( 0.7071067811865398012, 0.0000000000000000000, 0.7071067811865552333 ) ) ;
#488 = VERTEX_POINT ( 'NONE', #60 ) ;
#489 = SECURITY_CLASSIFICATION_LEVEL ( 'unclassified' ) ;
#490 = CARTESIAN_POINT ( 'NONE',  ( -10.81665382639196871, 4.999999999999999112, 9.199999999999999289 ) ) ;
#491 = EDGE_CURVE ( 'NONE', #2574, #4165, #2345, .T. ) ;
#492 = EDGE_LOOP ( 'NONE', ( #111, #2509, #3295, #1065 ) ) ;
#493 = LINE ( 'NONE', #5507, #5561 ) ;
#494 = DIRECTION ( 'NONE',  ( -1.000000000000000000, 0.0000000000000000000, 0.0000000000000000000 ) ) ;
#495 = DIRECTION ( 'NONE',  ( 1.000000000000000000, -8.673617379884035472E-17, -0.0000000000000000000 ) ) ;
#496 = VERTEX_POINT ( 'NONE', #4512 ) ;
#497 = CARTESIAN_POINT ( 'NONE',  ( 0.0000000000000000000, 0.0000000000000000000, 9.199999999999999289 ) ) ;
#498 = CC_DESIGN_PERSON_AND_ORGANIZATION_ASSIGNMENT ( #5313, #3445, ( #199 ) ) ;
#499 = ORIENTED_EDGE ( 'NONE', *, *, #4786, .T. ) ;
#500 = LINE ( 'NONE', #1837, #4205 ) ;
#501 = EDGE_CURVE ( 'NONE', #3988, #365, #5297, .T. ) ;
#502 = ORIENTED_EDGE ( 'NONE', *, *, #3085, .F. ) ;
#503 = VERTEX_POINT ( 'NONE', #154 ) ;
#504 = CARTESIAN_POINT ( 'NONE',  ( -10.81665382639196693, -5.000000000000001776, -8.933335432157942790 ) ) ;
#505 = ORIENTED_EDGE ( 'NONE', *, *, #602, .T. ) ;
#506 =( REPRESENTATION_RELATIONSHIP ('NONE','NONE', #5167, #3233 ) REPRESENTATION_RELATIONSHIP_WITH_TRANSFORMATION ( #4450 )SHAPE_REPRESENTATION_RELATIONSHIP( ) );
#507 = CIRCLE ( 'NONE', #1963, 0.4999999999999995559 ) ;
#508 = CARTESIAN_POINT ( 'NONE',  ( 0.0000000000000000000, 0.0000000000000000000, 9.799999999999998934 ) ) ;
#509 = APPLICATION_CONTEXT ( 'configuration controlled 3d designs of mechanical parts and assemblies' ) ;
#510 = FACE_OUTER_BOUND ( 'NONE', #5688, .T. ) ;
#511 = ORIENTED_EDGE ( 'NONE', *, *, #4685, .T. ) ;
#512 = FACE_OUTER_BOUND ( 'NONE', #3601, .T. ) ;
#513 = EDGE_CURVE ( 'NONE', #2598, #2693, #5029, .T. ) ;
#514 = CARTESIAN_POINT ( 'NONE',  ( 0.0000000000000000000, 0.0000000000000000000, -8.933335432157942790 ) ) ;
#515 = DATE_AND_TIME ( #3976, #2284 ) ;
#516 = LINE ( 'NONE', #4748, #1707 ) ;
#517 = ORIENTED_EDGE ( 'NONE', *, *, #5519, .F. ) ;
#518 = LINE ( 'NONE', #143, #5102 ) ;
#519 = PLANE ( 'NONE',  #885 ) ;
#520 = ORIENTED_EDGE ( 'NONE', *, *, #5584, .T. ) ;
#521 = DIRECTION ( 'NONE',  ( -1.000000000000000000, 0.0000000000000000000, 0.0000000000000000000 ) ) ;
#522 = LINE ( 'NONE', #3780, #1563 ) ;
#523 = CARTESIAN_POINT ( 'NONE',  ( -0.9499999999999996225, -2.749999999999999556, 5.100000000000000533 ) ) ;
#524 = FACE_OUTER_BOUND ( 'NONE', #4099, .T. ) ;
#525 = APPROVAL ( #1754, 'UNKNOWN' ) ;
#526 = COORDINATED_UNIVERSAL_TIME_OFFSET ( 1, 0, .AHEAD. ) ;
#527 = CIRCLE ( 'NONE', #4469, 3.000000000000000888 ) ;
#528 = PERSON_AND_ORGANIZATION_ROLE ( 'classification_officer' ) ;
#529 = ORIENTED_EDGE ( 'NONE', *, *, #5618, .F. ) ;
#530 = AXIS2_PLACEMENT_3D ( 'NONE', #2775, #3216, #5252 ) ;
#531 = CARTESIAN_POINT ( 'NONE',  ( 0.7500000000000003331, -2.749999999999999556, 5.100000000000000533 ) ) ;
#532 = ORGANIZATION ( 'NAUO-ORG3', 'UNSPECIFIED', 'UNSPECIFIED' ) ;
#533 = EDGE_CURVE ( 'NONE', #496, #2134, #4490, .T. ) ;
#534 = VECTOR ( 'NONE', #3235, 1000.000000000000000 ) ;
#535 = VERTEX_POINT ( 'NONE', #4992 ) ;
#536 = ORIENTED_EDGE ( 'NONE', *, *, #4795, .F. ) ;
#537 = CARTESIAN_POINT ( 'NONE',  ( 0.8914213562373088928, 2.891421356237310114, 4.658578643762687044 ) ) ;
#538 = APPROVAL ( #718, 'UNSPECIFIED' ) ;
#539 = DATE_AND_TIME ( #165, #1744 ) ;
#540 = DIRECTION ( 'NONE',  ( 0.0000000000000000000, -1.000000000000000000, 0.0000000000000000000 ) ) ;
#541 = EDGE_LOOP ( 'NONE', ( #4719, #2050, #2086, #5337 ) ) ;
#542 = DIRECTION ( 'NONE',  ( 0.0000000000000000000, 1.000000000000000000, 0.0000000000000000000 ) ) ;
#543 = DIRECTION ( 'NONE',  ( 1.000000000000000000, 0.0000000000000000000, -7.375650828688862849E-33 ) ) ;
#544 = VERTEX_POINT ( 'NONE', #2008 ) ;
#545 = ORIENTED_EDGE ( 'NONE', *, *, #1015, .T. ) ;
#546 = PERSON_AND_ORGANIZATION_ROLE ( 'design_supplier' ) ;
#547 = DIRECTION ( 'NONE',  ( -1.000000000000000000, 8.673617379884035472E-17, 0.0000000000000000000 ) ) ;
#548 = APPROVAL_PERSON_ORGANIZATION ( #4192, #1679, #5665 ) ;
#549 = AXIS2_PLACEMENT_3D ( 'NONE', #3678, #1473, #5399 ) ;
#550 = PRODUCT_DEFINITION_SHAPE ( 'NONE', 'NONE',  #5697 ) ;
#551 = ORIENTED_EDGE ( 'NONE', *, *, #4882, .F. ) ;
#552 = ORIENTED_EDGE ( 'NONE', *, *, #5473, .F. ) ;
#553 = CC_DESIGN_PERSON_AND_ORGANIZATION_ASSIGNMENT ( #33, #5211, ( #1272 ) ) ;
#554 = ORIENTED_EDGE ( 'NONE', *, *, #1361, .F. ) ;
#555 = AXIS2_PLACEMENT_3D ( 'NONE', #720, #4715, #2149 ) ;
#556 = DIRECTION ( 'NONE',  ( 1.000000000000000000, -8.673617379884035472E-17, -0.0000000000000000000 ) ) ;
#557 = VECTOR ( 'NONE', #4127, 1000.000000000000000 ) ;
#558 = ORIENTED_EDGE ( 'NONE', *, *, #3513, .T. ) ;
#559 = VECTOR ( 'NONE', #2729, 1000.000000000000000 ) ;
#560 = EDGE_CURVE ( 'NONE', #1826, #1897, #2206, .T. ) ;
#561 = ADVANCED_FACE ( 'NONE', ( #1142 ), #3042, .F. ) ;
#562 =( BOUNDED_CURVE ( )  B_SPLINE_CURVE ( 3, ( #2190, #3152, #5670, #1777 ),
 .UNSPECIFIED., .F., .T. ) 
 B_SPLINE_CURVE_WITH_KNOTS ( ( 4, 4 ),
 ( 5.421010862427523156E-16, 0.7853981633974472798 ),
 .UNSPECIFIED. ) 
 CURVE ( )  GEOMETRIC_REPRESENTATION_ITEM ( )  RATIONAL_B_SPLINE_CURVE ( ( 1.000000000000000000, 0.9492530216741912330, 0.9492530216741912330, 1.000000000000000000 ) ) 
 REPRESENTATION_ITEM ( '' )  );
#563 = CARTESIAN_POINT ( 'NONE',  ( -8.800000000000002487, -9.999999999999998224, 5.500000000000000000 ) ) ;
#565 = ORIENTED_EDGE ( 'NONE', *, *, #952, .T. ) ;
#564 = DIRECTION ( 'NONE',  ( -1.000000000000000000, -2.312955680093648151E-16, -1.229267523578345872E-32 ) ) ;
#566 = AXIS2_PLACEMENT_3D ( 'NONE', #5122, #5162, #2590 ) ;
#567 = CIRCLE ( 'NONE', #4613, 8.900000000000000355 ) ;
#568 = DIRECTION ( 'NONE',  ( 8.673617379884036705E-17, -1.000000000000000000, -0.0000000000000000000 ) ) ;
#569 = CARTESIAN_POINT ( 'NONE',  ( 5.700000000000000178, -1.250000000000000222, 5.899999999999998579 ) ) ;
#570 = ADVANCED_FACE ( 'NONE', ( #1864 ), #5, .T. ) ;
#571 = ORIENTED_EDGE ( 'NONE', *, *, #5003, .T. ) ;
#572 = EDGE_CURVE ( 'NONE', #544, #135, #5575, .T. ) ;
#573 = ORIENTED_EDGE ( 'NONE', *, *, #2715, .T. ) ;
#574 = DIRECTION ( 'NONE',  ( -8.673617379884036705E-17, 1.000000000000000000, 0.0000000000000000000 ) ) ;
#575 = PERSON_AND_ORGANIZATION ( #3748, #1926 ) ;
#576 = AXIS2_PLACEMENT_3D ( 'NONE', #2809, #2758, #5300 ) ;
#577 = VECTOR ( 'NONE', #1459, 1000.000000000000000 ) ;
#578 = ORIENTED_EDGE ( 'NONE', *, *, #5334, .F. ) ;
#579 = CC_DESIGN_PERSON_AND_ORGANIZATION_ASSIGNMENT ( #371, #2448, ( #385 ) ) ;
#580 = CARTESIAN_POINT ( 'NONE',  ( -0.4499999999999978462, -4.961603162221776178E-17, 5.100000000000000533 ) ) ;
#581 = CIRCLE ( 'NONE', #4696, 0.2999999999999999889 ) ;
#582 = ORIENTED_EDGE ( 'NONE', *, *, #759, .T. ) ;
#583 = FACE_OUTER_BOUND ( 'NONE', #2186, .T. ) ;
#584 = DIRECTION ( 'NONE',  ( 0.0000000000000000000, 8.673617379884031774E-17, -1.000000000000000000 ) ) ;
#585 = LINE ( 'NONE', #2529, #2352 ) ;
#586 = AXIS2_PLACEMENT_3D ( 'NONE', #1829, #3562, #5301 ) ;
#587 = DIRECTION ( 'NONE',  ( -1.000000000000000000, -1.102578480493733312E-16, 0.0000000000000000000 ) ) ;
#588 = DIRECTION ( 'NONE',  ( 1.000000000000000000, -8.673617379884035472E-17, -0.0000000000000000000 ) ) ;
#589 = CARTESIAN_POINT ( 'NONE',  ( 13.76665032449886894, 2.545454545454553852, 9.199999999999999289 ) ) ;
#590 = ADVANCED_FACE ( 'NONE', ( #1075 ), #3840, .T. ) ;
#591 = LINE ( 'NONE', #3015, #1355 ) ;
#592 = FACE_OUTER_BOUND ( 'NONE', #172, .T. ) ;
#593 = AXIS2_PLACEMENT_3D ( 'NONE', #832, #2250, #4788 ) ;
#594 = VECTOR ( 'NONE', #4690, 1000.000000000000000 ) ;
#595 = LINE ( 'NONE', #949, #450 ) ;
#596 = CARTESIAN_POINT ( 'NONE',  ( -0.9499999999999996225, -2.949999999999999734, 2.100000000000000089 ) ) ;
#597 = DATE_AND_TIME ( #1801, #4904 ) ;
#598 = CARTESIAN_POINT ( 'NONE',  ( -5.700000000000000178, -1.249999999999998890, 6.900000000000000355 ) ) ;
#599 = CIRCLE ( 'NONE', #5409, 0.5000000000000000000 ) ;
#600 = CARTESIAN_POINT ( 'NONE',  ( 0.8037522204129384784, -2.949999999999999734, 4.599999999999996980 ) ) ;
#601 = ORIENTED_EDGE ( 'NONE', *, *, #3984, .F. ) ;
#602 = EDGE_CURVE ( 'NONE', #5095, #3382, #5510, .T. ) ;
#603 = CARTESIAN_POINT ( 'NONE',  ( -6.000000000000000000, 0.0000000000000000000, 7.500000000000000000 ) ) ;
#604 = DIRECTION ( 'NONE',  ( 8.673617379884035472E-17, -1.000000000000000000, 0.0000000000000000000 ) ) ;
#605 = DIRECTION ( 'NONE',  ( 0.0000000000000000000, 0.0000000000000000000, -1.000000000000000000 ) ) ;
#606 = AXIS2_PLACEMENT_3D ( 'NONE', #2949, #5517, #2003 ) ;
#607 = VECTOR ( 'NONE', #3312, 1000.000000000000000 ) ;
#608 = ORIENTED_EDGE ( 'NONE', *, *, #4698, .T. ) ;
#609 = EDGE_CURVE ( 'NONE', #4525, #839, #4287, .T. ) ;
#610 = EDGE_LOOP ( 'NONE', ( #624, #5479, #2337, #1027, #1304, #1413, #2617, #3605, #3369, #3100, #3489, #5141, #4665, #3418, #1194, #3411, #499, #394, #2191, #4008, #699, #3427, #844, #3332, #3222 ) ) ;
#611 = ORIENTED_EDGE ( 'NONE', *, *, #3829, .F. ) ;
#612 = APPROVAL_PERSON_ORGANIZATION ( #5345, #5054, #2995 ) ;
#613 = EDGE_CURVE ( 'NONE', #3275, #280, #3910, .T. ) ;
#614 = VERTEX_POINT ( 'NONE', #1811 ) ;
#615 = AXIS2_PLACEMENT_3D ( 'NONE', #3614, #968, #658 ) ;
#616 = DATE_AND_TIME ( #904, #4467 ) ;
#617 = DIRECTION ( 'NONE',  ( 1.000000000000000000, -8.673617379884035472E-17, -0.0000000000000000000 ) ) ;
#618 = DIRECTION ( 'NONE',  ( 8.673617379884035472E-17, 1.000000000000000000, 0.0000000000000000000 ) ) ;
#619 = ORIENTED_EDGE ( 'NONE', *, *, #491, .F. ) ;
#620 = ADVANCED_FACE ( 'NONE', ( #512 ), #3186, .F. ) ;
#621 = APPROVAL_ROLE ( '' ) ;
#622 = ORIENTED_EDGE ( 'NONE', *, *, #2692, .T. ) ;
#623 = PRODUCT ( '4048_carcasa MSC-360-G01-001', '4048_carcasa MSC-360-G01-001', '', ( #302 ) ) ;
#624 = ORIENTED_EDGE ( 'NONE', *, *, #1250, .T. ) ;
#625 = ORIENTED_EDGE ( 'NONE', *, *, #3276, .T. ) ;
#626 = CIRCLE ( 'NONE', #1592, 3.000000000000000888 ) ;
#627 = ORIENTED_EDGE ( 'NONE', *, *, #116, .T. ) ;
#628 = AXIS2_PLACEMENT_3D ( 'NONE', #1087, #4567, #1996 ) ;
#629 = ORIENTED_EDGE ( 'NONE', *, *, #4538, .F. ) ;
#630 = EDGE_CURVE ( 'NONE', #3559, #2793, #5439, .T. ) ;
#631 = ORIENTED_EDGE ( 'NONE', *, *, #4463, .F. ) ;
#632 = LINE ( 'NONE', #2874, #5294 ) ;
#633 = CYLINDRICAL_SURFACE ( 'NONE', #4514, 0.5999999999999999778 ) ;
#634 = ORIENTED_EDGE ( 'NONE', *, *, #420, .F. ) ;
#635 = CARTESIAN_POINT ( 'NONE',  ( -5.700000000000000178, -1.249999999999999334, 6.399999999999999467 ) ) ;
#636 = AXIS2_PLACEMENT_3D ( 'NONE', #743, #3830, #5550 ) ;
#637 = DIRECTION ( 'NONE',  ( 0.0000000000000000000, 0.0000000000000000000, 1.000000000000000000 ) ) ;
#638 = AXIS2_PLACEMENT_3D ( 'NONE', #2051, #3318, #1269 ) ;
#639 = DIRECTION ( 'NONE',  ( 0.0000000000000000000, 0.0000000000000000000, 1.000000000000000000 ) ) ;
#640 = SECURITY_CLASSIFICATION_LEVEL ( 'unclassified' ) ;
#641 = EDGE_CURVE ( 'NONE', #3397, #4075, #1418, .T. ) ;
#642 = VECTOR ( 'NONE', #1221, 1000.000000000000000 ) ;
#643 = ORIENTED_EDGE ( 'NONE', *, *, #1068, .T. ) ;
#644 = DIRECTION ( 'NONE',  ( 0.0000000000000000000, 1.000000000000000000, 0.0000000000000000000 ) ) ;
#645 = CC_DESIGN_SECURITY_CLASSIFICATION ( #1144, ( #1066 ) ) ;
#646 = APPROVAL_DATE_TIME ( #4688, #3310 ) ;
#647 = CIRCLE ( 'NONE', #4622, 0.8000000000000001554 ) ;
#648 = VERTEX_POINT ( 'NONE', #3201 ) ;
#649 = CIRCLE ( 'NONE', #5172, 0.5000000000000004441 ) ;
#650 = FACE_BOUND ( 'NONE', #1450, .T. ) ;
#651 = CARTESIAN_POINT ( 'NONE',  ( 5.999999999999999112, -10.00000000000000000, 7.500000000000000000 ) ) ;
#652 = DIRECTION ( 'NONE',  ( 0.0000000000000000000, 0.7071067811865430208, -0.7071067811865521247 ) ) ;
#653 = CARTESIAN_POINT ( 'NONE',  ( -4.500000000000000000, 6.000000000000000888, 5.700000000000001954 ) ) ;
#654 = AXIS2_PLACEMENT_3D ( 'NONE', #2140, #338, #3472 ) ;
#655 = CARTESIAN_POINT ( 'NONE',  ( 0.0000000000000000000, 0.0000000000000000000, 1.100000000000000311 ) ) ;
#656 = LINE ( 'NONE', #2216, #3781 ) ;
#657 = VECTOR ( 'NONE', #3179, 1000.000000000000000 ) ;
#658 = DIRECTION ( 'NONE',  ( 1.000000000000000000, 0.0000000000000000000, 0.0000000000000000000 ) ) ;
#659 = DIRECTION ( 'NONE',  ( 0.0000000000000000000, 0.0000000000000000000, 1.000000000000000000 ) ) ;
#660 = CARTESIAN_POINT ( 'NONE',  ( 4.900000000000000355, -4.250072516143178860E-16, 1.100000000000000089 ) ) ;
#661 = PERSON ( 'NAUO-PER5', 'UNSPECIFIED', 'UNSPECIFIED', ('UNSPECIFIED'), ('UNSPECIFIED'), ('UNSPECIFIED') ) ;
#662 = DIRECTION ( 'NONE',  ( 1.000000000000000000, -8.673617379884035472E-17, -0.0000000000000000000 ) ) ;
#663 = FACE_OUTER_BOUND ( 'NONE', #407, .T. ) ;
#664 = ORIENTED_EDGE ( 'NONE', *, *, #3513, .F. ) ;
#665 = DIRECTION ( 'NONE',  ( 1.000000000000000000, 0.0000000000000000000, 0.0000000000000000000 ) ) ;
#666 = EDGE_CURVE ( 'NONE', #2745, #967, #1546, .T. ) ;
#667 = ORIENTED_EDGE ( 'NONE', *, *, #4769, .F. ) ;
#668 = ORIENTED_EDGE ( 'NONE', *, *, #4639, .F. ) ;
#669 = DIRECTION ( 'NONE',  ( 5.015442563508425971E-32, 5.782411586589355667E-16, 1.000000000000000000 ) ) ;
#670 = APPROVAL_ROLE ( '' ) ;
#671 = FACE_OUTER_BOUND ( 'NONE', #3488, .T. ) ;
#672 = EDGE_CURVE ( 'NONE', #2526, #1337, #1870, .T. ) ;
#673 = CARTESIAN_POINT ( 'NONE',  ( 4.499999999999996447, 6.000000000000002665, 9.199999999999999289 ) ) ;
#674 = DIRECTION ( 'NONE',  ( -0.0000000000000000000, 1.000000000000000000, -0.0000000000000000000 ) ) ;
#675 = ORIENTED_EDGE ( 'NONE', *, *, #1224, .T. ) ;
#676 = APPLICATION_CONTEXT ( 'configuration controlled 3d designs of mechanical parts and assemblies' ) ;
#677 = CALENDAR_DATE ( 2020, 24, 9 ) ;
#678 = DIRECTION ( 'NONE',  ( 0.0000000000000000000, -1.000000000000000000, 5.782411586589355667E-16 ) ) ;
#679 = EDGE_LOOP ( 'NONE', ( #2867, #2260, #3101, #964 ) ) ;
#680 = DIRECTION ( 'NONE',  ( 0.0000000000000000000, 1.000000000000000000, 0.0000000000000000000 ) ) ;
#681 = PERSON_AND_ORGANIZATION ( #1600, #2760 ) ;
#682 = EDGE_CURVE ( 'NONE', #3868, #3194, #5230, .T. ) ;
#683 = DIRECTION ( 'NONE',  ( 0.0000000000000000000, 0.0000000000000000000, -1.000000000000000000 ) ) ;
#684 = ORIENTED_EDGE ( 'NONE', *, *, #5218, .F. ) ;
#685 = ORIENTED_EDGE ( 'NONE', *, *, #5118, .F. ) ;
#686 = LOCAL_TIME ( 7, 23, 42.00000000000000000, #5072 ) ;
#687 = ORIENTED_EDGE ( 'NONE', *, *, #428, .F. ) ;
#688 = AXIS2_PLACEMENT_3D ( 'NONE', #1492, #637, #5387 ) ;
#689 = VERTEX_POINT ( 'NONE', #2245 ) ;
#690 = DIRECTION ( 'NONE',  ( 0.0000000000000000000, -1.000000000000000000, 0.0000000000000000000 ) ) ;
#692 = ORIENTED_EDGE ( 'NONE', *, *, #4251, .T. ) ;
#691 = CARTESIAN_POINT ( 'NONE',  ( 5.699999999999999289, -10.00000000000000000, -19.40231944897310612 ) ) ;
#693 = CIRCLE ( 'NONE', #114, 0.4000000000000000222 ) ;
#694 = DIRECTION ( 'NONE',  ( -0.0000000000000000000, -0.0000000000000000000, -1.000000000000000000 ) ) ;
#695 = APPROVAL_ROLE ( '' ) ;
#696 = VERTEX_POINT ( 'NONE', #55 ) ;
#697 = CARTESIAN_POINT ( 'NONE',  ( 6.000000000000000000, 0.0000000000000000000, 7.500000000000000000 ) ) ;
#698 = AXIS2_PLACEMENT_3D ( 'NONE', #504, #540, #4457 ) ;
#699 = ORIENTED_EDGE ( 'NONE', *, *, #491, .T. ) ;
#700 = DIRECTION ( 'NONE',  ( 0.0000000000000000000, 0.0000000000000000000, 1.000000000000000000 ) ) ;
#701 = PRODUCT ( '3987 rotor sobremoldeo', '3987 rotor sobremoldeo', '', ( #1445 ) ) ;
#702 = VECTOR ( 'NONE', #4889, 1000.000000000000000 ) ;
#703 = EDGE_LOOP ( 'NONE', ( #3037, #883 ) ) ;
#704 = ORIENTED_EDGE ( 'NONE', *, *, #4938, .T. ) ;
#705 = ORIENTED_EDGE ( 'NONE', *, *, #2273, .T. ) ;
#706 = CARTESIAN_POINT ( 'NONE',  ( -9.700000000000002842, -1.249999999999998890, 6.399999999999999467 ) ) ;
#707 = LINE ( 'NONE', #1701, #1474 ) ;
#708 = VERTEX_POINT ( 'NONE', #3584 ) ;
#709 = EDGE_CURVE ( 'NONE', #1752, #2532, #2642, .T. ) ;
#710 = ADVANCED_FACE ( 'NONE', ( #4906 ), #5239, .F. ) ;
#711 = CARTESIAN_POINT ( 'NONE',  ( 5.700000000000000178, 0.0000000000000000000, 7.500000000000000000 ) ) ;
#712 = CARTESIAN_POINT ( 'NONE',  ( 0.0000000000000000000, 0.0000000000000000000, 0.0000000000000000000 ) ) ;
#713 = AXIS2_PLACEMENT_3D ( 'NONE', #4260, #1648, #2119 ) ;
#714 = DIRECTION ( 'NONE',  ( 7.375650828688862849E-33, -8.503546450866702047E-17, 1.000000000000000000 ) ) ;
#715 = CIRCLE ( 'NONE', #3187, 0.4000000000000001887 ) ;
#716 = CIRCLE ( 'NONE', #471, 1.100000000000000089 ) ;
#717 = DIRECTION ( 'NONE',  ( 1.000000000000000000, 0.0000000000000000000, 0.0000000000000000000 ) ) ;
#718 = APPROVAL_STATUS ( 'not_yet_approved' ) ;
#719 = CARTESIAN_POINT ( 'NONE',  ( -10.81665382639196693, -4.800000000000000711, 5.700000000000001066 ) ) ;
#720 = CARTESIAN_POINT ( 'NONE',  ( -10.81665382639196693, -2.000000000000001776, 5.700000000000000178 ) ) ;
#721 =( NAMED_UNIT ( * ) PLANE_ANGLE_UNIT ( ) SI_UNIT ( $, .RADIAN. ) );
#722 = DIRECTION ( 'NONE',  ( 0.0000000000000000000, 0.0000000000000000000, 1.000000000000000000 ) ) ;
#723 = EDGE_CURVE ( 'NONE', #5316, #5005, #3326, .T. ) ;
#724 = DIRECTION ( 'NONE',  ( 0.0000000000000000000, 1.000000000000000000, 6.285229985423214289E-17 ) ) ;
#725 = COORDINATED_UNIVERSAL_TIME_OFFSET ( 1, 0, .AHEAD. ) ;
#726 = DIRECTION ( 'NONE',  ( 0.0000000000000000000, -0.0000000000000000000, -1.000000000000000000 ) ) ;
#727 = PERSON_AND_ORGANIZATION ( #1600, #2760 ) ;
#728 = APPLICATION_CONTEXT ( 'configuration controlled 3d designs of mechanical parts and assemblies' ) ;
#729 = CYLINDRICAL_SURFACE ( 'NONE', #1464, 1.000000000000000888 ) ;
#730 = LOCAL_TIME ( 7, 23, 42.00000000000000000, #1034 ) ;
#731 = DATE_AND_TIME ( #2844, #1944 ) ;
#732 = DIRECTION ( 'NONE',  ( 8.673617379884035472E-17, 1.000000000000000000, -0.0000000000000000000 ) ) ;
#733 = PLANE ( 'NONE',  #1804 ) ;
#734 = FACE_OUTER_BOUND ( 'NONE', #2126, .T. ) ;
#735 = ORIENTED_EDGE ( 'NONE', *, *, #1705, .F. ) ;
#736 = ORIENTED_EDGE ( 'NONE', *, *, #3532, .F. ) ;
#737 = ADVANCED_FACE ( 'NONE', ( #955 ), #4439, .F. ) ;
#738 = ITEM_DEFINED_TRANSFORMATION ( 'NONE', 'NONE', #4960,  #566 ) ;
#739 = DATE_AND_TIME ( #889, #4380 ) ;
#740 = AXIS2_PLACEMENT_3D ( 'NONE', #5511, #4684, #4195 ) ;
#741 = ORIENTED_EDGE ( 'NONE', *, *, #3311, .F. ) ;
#742 = ORIENTED_EDGE ( 'NONE', *, *, #342, .T. ) ;
#743 = CARTESIAN_POINT ( 'NONE',  ( -10.81665382639196693, -2.000000000000001776, 9.199999999999999289 ) ) ;
#744 = CARTESIAN_POINT ( 'NONE',  ( 5.700000000000000178, -1.250000000000000222, 6.899999999999998579 ) ) ;
#745 = VERTEX_POINT ( 'NONE', #4011 ) ;
#746 = CARTESIAN_POINT ( 'NONE',  ( -5.699999999999999289, -8.499999999999998224, 5.999999999999999112 ) ) ;
#747 = EDGE_CURVE ( 'NONE', #4837, #4062, #5656, .T. ) ;
#748 = DIRECTION ( 'NONE',  ( 0.0000000000000000000, -9.130123557772664636E-17, -1.000000000000000000 ) ) ;
#749 = CYLINDRICAL_SURFACE ( 'NONE', #2006, 0.4999999999999995559 ) ;
#750 = DATE_AND_TIME ( #3141, #5136 ) ;
#751 = ORIENTED_EDGE ( 'NONE', *, *, #3060, .F. ) ;
#752 = APPROVAL_STATUS ( 'not_yet_approved' ) ;
#753 = LOCAL_TIME ( 7, 23, 42.00000000000000000, #5612 ) ;
#754 = ORIENTED_EDGE ( 'NONE', *, *, #220, .F. ) ;
#755 = CARTESIAN_POINT ( 'NONE',  ( 5.699999999999998401, -2.750000000000000444, 6.399999999999999467 ) ) ;
#756 = APPROVAL ( #1556, 'UNSPECIFIED' ) ;
#757 = CARTESIAN_POINT ( 'NONE',  ( 10.81665382639196693, -5.000000000000001776, -8.933335432157942790 ) ) ;
#758 = CARTESIAN_POINT ( 'NONE',  ( 8.900000000000000355, 0.0000000000000000000, 9.199999999999999289 ) ) ;
#759 = EDGE_CURVE ( 'NONE', #3304, #4767, #2981, .T. ) ;
#760 = LOCAL_TIME ( 7, 23, 42.00000000000000000, #1965 ) ;
#761 = ORIENTED_EDGE ( 'NONE', *, *, #924, .F. ) ;
#762 = ADVANCED_FACE ( 'NONE', ( #2089, #1730 ), #1358, .T. ) ;
#763 = ORIENTED_EDGE ( 'NONE', *, *, #3372, .T. ) ;
#764 = AXIS2_PLACEMENT_3D ( 'NONE', #3319, #155, #1460 ) ;
#765 = VERTEX_POINT ( 'NONE', #4819 ) ;
#766 = VECTOR ( 'NONE', #1833, 1000.000000000000000 ) ;
#767 = CARTESIAN_POINT ( 'NONE',  ( 0.0000000000000000000, 0.0000000000000000000, 9.799999999999998934 ) ) ;
#768 = ORIENTED_EDGE ( 'NONE', *, *, #4826, .F. ) ;
#769 = FACE_OUTER_BOUND ( 'NONE', #1303, .T. ) ;
#770 = CC_DESIGN_DATE_AND_TIME_ASSIGNMENT ( #750, #4289, ( #2627 ) ) ;
#771 = FACE_OUTER_BOUND ( 'NONE', #174, .T. ) ;
#772 = DATE_TIME_ROLE ( 'creation_date' ) ;
#773 = AXIS2_PLACEMENT_3D ( 'NONE', #4310, #5179, #2114 ) ;
#774 = CARTESIAN_POINT ( 'NONE',  ( -5.100000000000000533, 6.245698675651501825E-16, 9.599999999999999645 ) ) ;
#775 = VERTEX_POINT ( 'NONE', #3296 ) ;
#776 =( LENGTH_UNIT ( ) NAMED_UNIT ( * ) SI_UNIT ( .MILLI., .METRE. ) );
#777 = EDGE_LOOP ( 'NONE', ( #5281, #1166, #5472, #1766 ) ) ;
#778 = LINE ( 'NONE', #4869, #357 ) ;
#779 = DIRECTION ( 'NONE',  ( -1.000000000000000000, -8.673617379884036705E-17, -0.0000000000000000000 ) ) ;
#780 = ORIENTED_EDGE ( 'NONE', *, *, #260, .F. ) ;
#781 = DIRECTION ( 'NONE',  ( 0.0000000000000000000, 0.0000000000000000000, 1.000000000000000000 ) ) ;
#782 = CARTESIAN_POINT ( 'NONE',  ( 13.76665032449886894, 2.545454545454553852, 5.900000000000005684 ) ) ;
#783 = AXIS2_PLACEMENT_3D ( 'NONE', #4615, #669, #4226 ) ;
#784 = PERSON_AND_ORGANIZATION ( #1600, #2760 ) ;
#785 = VECTOR ( 'NONE', #2487, 1000.000000000000000 ) ;
#786 = EDGE_LOOP ( 'NONE', ( #5474, #4087, #3132, #1947, #2573, #2361 ) ) ;
#787 = VECTOR ( 'NONE', #1041, 1000.000000000000000 ) ;
#788 = CARTESIAN_POINT ( 'NONE',  ( 1.517883041479706208E-14, 0.0000000000000000000, 20.00000000000000000 ) ) ;
#789 = DIRECTION ( 'NONE',  ( -7.771561172376095783E-16, -1.503766100577553754E-30, -1.000000000000000000 ) ) ;
#790 = PLANE ( 'NONE',  #5208 ) ;
#791 = APPROVAL_ROLE ( '' ) ;
#792 = EDGE_CURVE ( 'NONE', #5221, #2134, #2441, .T. ) ;
#793 = DIRECTION ( 'NONE',  ( 0.0000000000000000000, -0.0000000000000000000, -1.000000000000000000 ) ) ;
#794 = CIRCLE ( 'NONE', #1552, 0.5000000000000000000 ) ;
#795 = DIRECTION ( 'NONE',  ( -1.000000000000000000, 0.0000000000000000000, 0.0000000000000000000 ) ) ;
#796 = AXIS2_PLACEMENT_3D ( 'NONE', #653, #714, #1637 ) ;
#797 = DIRECTION ( 'NONE',  ( 0.0000000000000000000, 0.0000000000000000000, 1.000000000000000000 ) ) ;
#798 = EDGE_CURVE ( 'NONE', #135, #1585, #2224, .T. ) ;
#799 = ORIENTED_EDGE ( 'NONE', *, *, #334, .T. ) ;
#800 = DIRECTION ( 'NONE',  ( -1.000000000000000000, -9.992007221626420697E-16, -7.771561172376096769E-16 ) ) ;
#801 = CARTESIAN_POINT ( 'NONE',  ( 0.7900000000000152456, 8.861156676411217740E-16, 20.00000000000000000 ) ) ;
#802 = DATE_AND_TIME ( #1505, #3865 ) ;
#803 = DIRECTION ( 'NONE',  ( 8.673617379884033007E-17, 1.000000000000000000, -8.673617379884034239E-17 ) ) ;
#804 = AXIS2_PLACEMENT_3D ( 'NONE', #3336, #1554, #717 ) ;
#805 = DIRECTION ( 'NONE',  ( 0.0000000000000000000, -0.0000000000000000000, 1.000000000000000000 ) ) ;
#806 = DIRECTION ( 'NONE',  ( 0.0000000000000000000, 0.0000000000000000000, 1.000000000000000000 ) ) ;
#807 = EDGE_CURVE ( 'NONE', #4449, #5623, #5458, .T. ) ;
#808 = ORIENTED_EDGE ( 'NONE', *, *, #2049, .F. ) ;
#809 = APPROVAL_DATE_TIME ( #314, #2759 ) ;
#810 = PLANE ( 'NONE',  #4197 ) ;
#811 = LINE ( 'NONE', #2236, #403 ) ;
#812 = DIRECTION ( 'NONE',  ( 0.0000000000000000000, 1.000000000000000000, 0.0000000000000000000 ) ) ;
#813 = DIRECTION ( 'NONE',  ( -0.0000000000000000000, -0.0000000000000000000, -1.000000000000000000 ) ) ;
#814 = VERTEX_POINT ( 'NONE', #113 ) ;
#815 = CC_DESIGN_SECURITY_CLASSIFICATION ( #2045, ( #5698 ) ) ;
#816 = CIRCLE ( 'NONE', #66, 0.4000000000000001887 ) ;
#817 = PERSON_AND_ORGANIZATION ( #1600, #2760 ) ;
#818 = EDGE_CURVE ( 'NONE', #4187, #3797, #3785, .T. ) ;
#819 = EDGE_LOOP ( 'NONE', ( #2382, #5375 ) ) ;
#820 = ADVANCED_FACE ( 'NONE', ( #871 ), #2338, .F. ) ;
#821 = CARTESIAN_POINT ( 'NONE',  ( 0.0000000000000000000, 0.0000000000000000000, 0.0000000000000000000 ) ) ;
#822 = VERTEX_POINT ( 'NONE', #133 ) ;
#823 = APPROVAL_DATE_TIME ( #4001, #1679 ) ;
#824 = AXIS2_PLACEMENT_3D ( 'NONE', #4716, #2150, #4425 ) ;
#825 = ORIENTED_EDGE ( 'NONE', *, *, #1827, .T. ) ;
#826 = EDGE_CURVE ( 'NONE', #5416, #696, #4568, .T. ) ;
#828 = ORIENTED_EDGE ( 'NONE', *, *, #5079, .F. ) ;
#827 = DIRECTION ( 'NONE',  ( 8.673617379884035472E-17, -1.000000000000000000, -8.503546450866702047E-17 ) ) ;
#829 = DIRECTION ( 'NONE',  ( -1.102578480493733312E-16, 1.000000000000000000, 0.0000000000000000000 ) ) ;
#830 = CARTESIAN_POINT ( 'NONE',  ( -5.699999999999999289, -10.00000000000000000, 5.499999999999994671 ) ) ;
#831 = ORIENTED_EDGE ( 'NONE', *, *, #1571, .F. ) ;
#832 = CARTESIAN_POINT ( 'NONE',  ( -10.34048140662818405, -1.823305865502773404, -8.933335432157942790 ) ) ;
#833 = CC_DESIGN_PERSON_AND_ORGANIZATION_ASSIGNMENT ( #4831, #2057, ( #1066 ) ) ;
#834 = ORIENTED_EDGE ( 'NONE', *, *, #3198, .F. ) ;
#835 = DIRECTION ( 'NONE',  ( -0.0000000000000000000, -0.0000000000000000000, -1.000000000000000000 ) ) ;
#836 = CIRCLE ( 'NONE', #4880, 8.900000000000000355 ) ;
#837 = CARTESIAN_POINT ( 'NONE',  ( -5.700000000000000178, -1.249999999999999334, 5.899999999999998579 ) ) ;
#838 = DIRECTION ( 'NONE',  ( 0.0000000000000000000, 0.0000000000000000000, 1.000000000000000000 ) ) ;
#839 = VERTEX_POINT ( 'NONE', #3700 ) ;
#840 = VERTEX_POINT ( 'NONE', #3716 ) ;
#841 = CIRCLE ( 'NONE', #2136, 0.4000000000000000222 ) ;
#842 = LINE ( 'NONE', #4444, #5431 ) ;
#843 = ORIENTED_EDGE ( 'NONE', *, *, #4578, .T. ) ;
#844 = ORIENTED_EDGE ( 'NONE', *, *, #5251, .F. ) ;
#845 = CIRCLE ( 'NONE', #1407, 1.600000000000001199 ) ;
#846 = DIRECTION ( 'NONE',  ( -0.0000000000000000000, -0.0000000000000000000, -1.000000000000000000 ) ) ;
#847 = SECURITY_CLASSIFICATION ( '', '', #4352 ) ;
#848 = PERSON_AND_ORGANIZATION_ROLE ( 'classification_officer' ) ;
#849 = ORGANIZATION ( 'NAUO-ORG7', 'UNSPECIFIED', 'UNSPECIFIED' ) ;
#850 = CARTESIAN_POINT ( 'NONE',  ( -5.999999999999999112, -9.999999999999998224, 5.500000000000000000 ) ) ;
#851 = AXIS2_PLACEMENT_3D ( 'NONE', #4664, #3845, #1643 ) ;
#852 = CYLINDRICAL_SURFACE ( 'NONE', #1305, 0.5000000000000000000 ) ;
#853 = ORIENTED_EDGE ( 'NONE', *, *, #4769, .T. ) ;
#854 = DIRECTION ( 'NONE',  ( 0.0000000000000000000, 0.0000000000000000000, 1.000000000000000000 ) ) ;
#855 = EDGE_CURVE ( 'NONE', #814, #2598, #3655, .T. ) ;
#856 = LINE ( 'NONE', #1180, #2350 ) ;
#857 = CARTESIAN_POINT ( 'NONE',  ( 0.0000000000000000000, 0.0000000000000000000, 1.100000000000000311 ) ) ;
#858 = DIRECTION ( 'NONE',  ( 1.000000000000000000, 8.673617379884035472E-17, -0.0000000000000000000 ) ) ;
#859 = ORIENTED_EDGE ( 'NONE', *, *, #4043, .T. ) ;
#860 = AXIS2_PLACEMENT_3D ( 'NONE', #3888, #4140, #1501 ) ;
#861 = AXIS2_PLACEMENT_3D ( 'NONE', #1099, #196, #678 ) ;
#862 = DIRECTION ( 'NONE',  ( 0.0000000000000000000, 1.000000000000000000, 0.0000000000000000000 ) ) ;
#863 = EDGE_CURVE ( 'NONE', #1141, #4410, #4134, .T. ) ;
#864 = FACE_OUTER_BOUND ( 'NONE', #1039, .T. ) ;
#865 = LINE ( 'NONE', #4548, #2500 ) ;
#866 = PRODUCT_RELATED_PRODUCT_CATEGORY ( 'detail', '', ( #4588 ) ) ;
#867 = CARTESIAN_POINT ( 'NONE',  ( 0.0000000000000000000, 0.0000000000000000000, -19.40231944897310612 ) ) ;
#868 = DIRECTION ( 'NONE',  ( -1.000000000000000000, 0.0000000000000000000, 0.0000000000000000000 ) ) ;
#869 = ADVANCED_FACE ( 'NONE', ( #90, #4630 ), #1123, .T. ) ;
#870 = SECURITY_CLASSIFICATION_LEVEL ( 'unclassified' ) ;
#871 = FACE_OUTER_BOUND ( 'NONE', #2367, .T. ) ;
#872 = EDGE_CURVE ( 'NONE', #696, #969, #2504, .T. ) ;
#873 = DIRECTION ( 'NONE',  ( -7.375650828688862849E-33, 8.503546450866702047E-17, -1.000000000000000000 ) ) ;
#874 = CARTESIAN_POINT ( 'NONE',  ( -9.700000000000002842, -1.249999999999998890, 6.399999999999999467 ) ) ;
#875 = CARTESIAN_POINT ( 'NONE',  ( 5.699999999999998401, -1.250000000000000222, 6.399999999999999467 ) ) ;
#876 = PLANE ( 'NONE',  #3842 ) ;
#877 = CARTESIAN_POINT ( 'NONE',  ( -4.500000000000000000, 6.000000000000000888, 9.199999999999999289 ) ) ;
#878 = CARTESIAN_POINT ( 'NONE',  ( 4.899999999999999467, 9.540979117872439019E-17, 1.100000000000000311 ) ) ;
#879 = CC_DESIGN_PERSON_AND_ORGANIZATION_ASSIGNMENT ( #4741, #1704, ( #467 ) ) ;
#880 = COORDINATED_UNIVERSAL_TIME_OFFSET ( 1, 0, .AHEAD. ) ;
#881 = CIRCLE ( 'NONE', #910, 0.5000000000000004441 ) ;
#882 = VERTEX_POINT ( 'NONE', #3774 ) ;
#883 = ORIENTED_EDGE ( 'NONE', *, *, #5223, .F. ) ;
#884 = DIRECTION ( 'NONE',  ( 0.0000000000000000000, -0.0000000000000000000, -1.000000000000000000 ) ) ;
#885 = AXIS2_PLACEMENT_3D ( 'NONE', #2295, #4982, #2454 ) ;
#886 = DIRECTION ( 'NONE',  ( 1.000000000000000000, 0.0000000000000000000, 0.0000000000000000000 ) ) ;
#887 = DIRECTION ( 'NONE',  ( -1.000000000000000000, -9.992007221626420697E-16, -7.771561172376096769E-16 ) ) ;
#888 = LINE ( 'NONE', #3981, #4243 ) ;
#889 = CALENDAR_DATE ( 2020, 24, 9 ) ;
#890 =( BOUNDED_CURVE ( )  B_SPLINE_CURVE ( 3, ( #5423, #600, #2855, #1476 ),
 .UNSPECIFIED., .F., .F. ) 
 B_SPLINE_CURVE_WITH_KNOTS ( ( 4, 4 ),
 ( 5.421010862427506393E-16, 0.7853981633974453924 ),
 .UNSPECIFIED. ) 
 CURVE ( )  GEOMETRIC_REPRESENTATION_ITEM ( )  RATIONAL_B_SPLINE_CURVE ( ( 1.000000000000000000, 0.9492530216741915661, 0.9492530216741915661, 1.000000000000000000 ) ) 
 REPRESENTATION_ITEM ( '' )  );
#891 = ORIENTED_EDGE ( 'NONE', *, *, #863, .F. ) ;
#892 = ORIENTED_EDGE ( 'NONE', *, *, #792, .T. ) ;
#893 = FACE_OUTER_BOUND ( 'NONE', #5356, .T. ) ;
#894 = CARTESIAN_POINT ( 'NONE',  ( -8.764789001808649616, -1.545468781235684874, 9.199999999999999289 ) ) ;
#895 = DIRECTION ( 'NONE',  ( 1.000000000000000000, -8.673617379884035472E-17, -0.0000000000000000000 ) ) ;
#896 = LINE ( 'NONE', #132, #3135 ) ;
#897 = LOCAL_TIME ( 7, 23, 42.00000000000000000, #2104 ) ;
#898 = DATE_AND_TIME ( #4580, #1247 ) ;
#899 = ORIENTED_EDGE ( 'NONE', *, *, #2199, .F. ) ;
#900 = DIRECTION ( 'NONE',  ( 0.0000000000000000000, 0.0000000000000000000, 1.000000000000000000 ) ) ;
#901 = LOCAL_TIME ( 7, 23, 42.00000000000000000, #2176 ) ;
#902 = ORIENTED_EDGE ( 'NONE', *, *, #872, .F. ) ;
#903 = CARTESIAN_POINT ( 'NONE',  ( -8.800000000000002487, -8.500000000000001776, 5.500000000000000000 ) ) ;
#904 = CALENDAR_DATE ( 2020, 24, 9 ) ;
#905 = ORIENTED_EDGE ( 'NONE', *, *, #5568, .F. ) ;
#906 = DIRECTION ( 'NONE',  ( 8.673617379884035472E-17, -1.000000000000000000, 0.0000000000000000000 ) ) ;
#907 = ORIENTED_EDGE ( 'NONE', *, *, #1240, .T. ) ;
#908 = CARTESIAN_POINT ( 'NONE',  ( -8.740481406628184402, 1.823305865502771184, 5.700000000000001954 ) ) ;
#909 = CARTESIAN_POINT ( 'NONE',  ( -6.000000000000000000, -1.249999999999999112, 6.399999999999999467 ) ) ;
#910 = AXIS2_PLACEMENT_3D ( 'NONE', #225, #179, #3786 ) ;
#911 = EDGE_LOOP ( 'NONE', ( #978, #4016, #971, #4213, #4612, #1779, #907, #502, #2657, #2515, #3808, #442 ) ) ;
#912 = VERTEX_POINT ( 'NONE', #4188 ) ;
#913 = EDGE_CURVE ( 'NONE', #1441, #3407, #4374, .T. ) ;
#914 = CARTESIAN_POINT ( 'NONE',  ( 5.999999999999999112, -10.00000000000000000, 7.500000000000000000 ) ) ;
#915 = DIRECTION ( 'NONE',  ( 1.000000000000000000, -8.673617379884035472E-17, -0.0000000000000000000 ) ) ;
#916 = ORIENTED_EDGE ( 'NONE', *, *, #1967, .F. ) ;
#917 = DIRECTION ( 'NONE',  ( -7.375650828688862849E-33, 8.503546450866702047E-17, -1.000000000000000000 ) ) ;
#918 = VECTOR ( 'NONE', #1256, 1000.000000000000000 ) ;
#919 = CARTESIAN_POINT ( 'NONE',  ( 0.6000000000000007550, -6.500000000000000000, 8.949999999999999289 ) ) ;
#920 = ORIENTED_EDGE ( 'NONE', *, *, #1465, .T. ) ;
#921 = ORIENTED_EDGE ( 'NONE', *, *, #2641, .T. ) ;
#922 = DIRECTION ( 'NONE',  ( -1.000000000000000000, 0.0000000000000000000, 7.375650828688862849E-33 ) ) ;
#923 = CARTESIAN_POINT ( 'NONE',  ( 5.699999999999999289, -8.500000000000001776, 5.500000000000001776 ) ) ;
#924 = EDGE_CURVE ( 'NONE', #1809, #4881, #4448, .T. ) ;
#925 = FACE_OUTER_BOUND ( 'NONE', #3540, .T. ) ;
#926 = EDGE_CURVE ( 'NONE', #3920, #2728, #2359, .T. ) ;
#927 = DIRECTION ( 'NONE',  ( 1.000000000000000000, 0.0000000000000000000, 0.0000000000000000000 ) ) ;
#928 = DIRECTION ( 'NONE',  ( 0.0000000000000000000, 1.000000000000000000, 0.0000000000000000000 ) ) ;
#929 = DATE_TIME_ROLE ( 'classification_date' ) ;
#930 = DIRECTION ( 'NONE',  ( 0.0000000000000000000, 1.000000000000000000, 0.0000000000000000000 ) ) ;
#931 = ORIENTED_EDGE ( 'NONE', *, *, #3271, .F. ) ;
#932 = CARTESIAN_POINT ( 'NONE',  ( -6.999999999999996447, -6.000000000000001776, 5.700000000000000178 ) ) ;
#933 = CARTESIAN_POINT ( 'NONE',  ( 8.764789001808651392, 1.545468781235683098, 9.199999999999999289 ) ) ;
#934 = ORIENTED_EDGE ( 'NONE', *, *, #2026, .F. ) ;
#935 = DIRECTION ( 'NONE',  ( 2.168404344971008474E-15, 0.0000000000000000000, 1.000000000000000000 ) ) ;
#936 = CARTESIAN_POINT ( 'NONE',  ( -0.5999999999999992006, -6.500000000000000000, 8.949999999999999289 ) ) ;
#937 = CARTESIAN_POINT ( 'NONE',  ( -8.800000000000002487, -9.999999999999998224, 5.500000000000000000 ) ) ;
#938 = PERSON_AND_ORGANIZATION ( #1600, #2760 ) ;
#939 = CARTESIAN_POINT ( 'NONE',  ( -5.700000000000000178, 1.523510452573131525E-14, 6.899999999999999467 ) ) ;
#940 = FACE_OUTER_BOUND ( 'NONE', #2379, .T. ) ;
#941 = VERTEX_POINT ( 'NONE', #4797 ) ;
#942 = ADVANCED_FACE ( 'NONE', ( #1023 ), #3448, .T. ) ;
#943 = PERSON_AND_ORGANIZATION_ROLE ( 'classification_officer' ) ;
#944 = VECTOR ( 'NONE', #3080, 1000.000000000000000 ) ;
#945 = CARTESIAN_POINT ( 'NONE',  ( 0.0000000000000000000, 0.0000000000000000000, 7.699999999999998401 ) ) ;
#946 = EDGE_CURVE ( 'NONE', #39, #3161, #1232, .T. ) ;
#947 = CARTESIAN_POINT ( 'NONE',  ( 0.7900000000000152456, 8.861156676411280849E-16, 20.00000000000000000 ) ) ;
#948 = SHAPE_DEFINITION_REPRESENTATION ( #5407, #5167 ) ;
#949 = CARTESIAN_POINT ( 'NONE',  ( 5.999999999999999112, -10.00000000000000000, 5.500000000000000000 ) ) ;
#950 = AXIS2_PLACEMENT_3D ( 'NONE', #1580, #3327, #2457 ) ;
#951 = DIRECTION ( 'NONE',  ( 0.0000000000000000000, 0.0000000000000000000, 1.000000000000000000 ) ) ;
#952 = EDGE_CURVE ( 'NONE', #1533, #4003, #4307, .T. ) ;
#953 = LOCAL_TIME ( 7, 23, 42.00000000000000000, #2157 ) ;
#954 = DIRECTION ( 'NONE',  ( -0.0000000000000000000, -0.0000000000000000000, -1.000000000000000000 ) ) ;
#955 = FACE_OUTER_BOUND ( 'NONE', #328, .T. ) ;
#956 = APPROVAL_DATE_TIME ( #2160, #4704 ) ;
#957 = DIRECTION ( 'NONE',  ( 1.000000000000000000, -8.673617379884035472E-17, -0.0000000000000000000 ) ) ;
#958 = PLANE ( 'NONE',  #3334 ) ;
#959 = ORIENTED_EDGE ( 'NONE', *, *, #946, .T. ) ;
#960 = PERSON_AND_ORGANIZATION_ROLE ( 'classification_officer' ) ;
#961 = LINE ( 'NONE', #2895, #161 ) ;
#962 = EDGE_CURVE ( 'NONE', #4216, #4418, #4176, .T. ) ;
#963 = DIRECTION ( 'NONE',  ( 0.7071067811865487940, 7.796407203474797709E-17, 0.7071067811865462405 ) ) ;
#964 = ORIENTED_EDGE ( 'NONE', *, *, #5242, .F. ) ;
#965 = CARTESIAN_POINT ( 'NONE',  ( 6.999999999999997335, -10.00000000000000000, 5.700000000000000178 ) ) ;
#966 = CARTESIAN_POINT ( 'NONE',  ( 5.699999999999999289, -10.00000000000000000, -19.40231944897310612 ) ) ;
#967 = VERTEX_POINT ( 'NONE', #933 ) ;
#968 = DIRECTION ( 'NONE',  ( 0.0000000000000000000, 0.0000000000000000000, 1.000000000000000000 ) ) ;
#969 = VERTEX_POINT ( 'NONE', #3641 ) ;
#970 = AXIS2_PLACEMENT_3D ( 'NONE', #2661, #4342, #1763 ) ;
#971 = ORIENTED_EDGE ( 'NONE', *, *, #4115, .F. ) ;
#972 = CIRCLE ( 'NONE', #1390, 1.100000000000000311 ) ;
#973 = ORIENTED_EDGE ( 'NONE', *, *, #1908, .T. ) ;
#975 = EDGE_LOOP ( 'NONE', ( #5010, #4395, #4453, #4796, #1103 ) ) ;
#974 = DIRECTION ( 'NONE',  ( -0.0000000000000000000, -0.0000000000000000000, -1.000000000000000000 ) ) ;
#976 = DIRECTION ( 'NONE',  ( 8.673617379884036705E-17, 1.000000000000000000, 0.0000000000000000000 ) ) ;
#977 = DIRECTION ( 'NONE',  ( 8.673617379884035472E-17, 1.000000000000000000, 0.0000000000000000000 ) ) ;
#978 = ORIENTED_EDGE ( 'NONE', *, *, #2097, .F. ) ;
#979 = CARTESIAN_POINT ( 'NONE',  ( 10.81665382639196515, 5.000000000000006217, -8.933335432157942790 ) ) ;
#980 = AXIS2_PLACEMENT_3D ( 'NONE', #2234, #1692, #2156 ) ;
#981 = DIRECTION ( 'NONE',  ( 1.000000000000000000, 0.0000000000000000000, 0.0000000000000000000 ) ) ;
#982 = ORIENTED_EDGE ( 'NONE', *, *, #1176, .T. ) ;
#983 = APPROVAL_DATE_TIME ( #5621, #5419 ) ;
#984 = EDGE_CURVE ( 'NONE', #814, #5204, #2356, .T. ) ;
#985 = VERTEX_POINT ( 'NONE', #908 ) ;
#986 = FACE_OUTER_BOUND ( 'NONE', #4732, .T. ) ;
#987 = DIRECTION ( 'NONE',  ( -0.0000000000000000000, -0.0000000000000000000, 1.000000000000000000 ) ) ;
#988 = DIRECTION ( 'NONE',  ( 0.0000000000000000000, 1.000000000000000000, 0.0000000000000000000 ) ) ;
#989 = ORIENTED_EDGE ( 'NONE', *, *, #3658, .F. ) ;
#990 = ORIENTED_EDGE ( 'NONE', *, *, #5562, .F. ) ;
#991 = CIRCLE ( 'NONE', #5495, 0.1999999999999999833 ) ;
#992 = DIRECTION ( 'NONE',  ( -1.000000000000000000, 0.0000000000000000000, 0.0000000000000000000 ) ) ;
#993 = EDGE_CURVE ( 'NONE', #31, #4964, #3050, .T. ) ;
#994 = EDGE_LOOP ( 'NONE', ( #356, #4918, #3409, #5206 ) ) ;
#995 = COORDINATED_UNIVERSAL_TIME_OFFSET ( 1, 0, .AHEAD. ) ;
#996 = ORIENTED_EDGE ( 'NONE', *, *, #3521, .F. ) ;
#997 = VERTEX_POINT ( 'NONE', #1887 ) ;
#998 = DIRECTION ( 'NONE',  ( 1.000000000000000000, 0.0000000000000000000, 0.0000000000000000000 ) ) ;
#999 = FACE_OUTER_BOUND ( 'NONE', #3666, .T. ) ;
#1000 = VERTEX_POINT ( 'NONE', #473 ) ;
#1001 = DIRECTION ( 'NONE',  ( 1.000000000000000000, 0.0000000000000000000, 0.0000000000000000000 ) ) ;
#1002 = DIRECTION ( 'NONE',  ( 0.7071067811865398012, 0.0000000000000000000, -0.7071067811865552333 ) ) ;
#1003 = EDGE_CURVE ( 'NONE', #5204, #4498, #794, .T. ) ;
#1004 = PERSON_AND_ORGANIZATION_ROLE ( 'creator' ) ;
#1005 = CALENDAR_DATE ( 2020, 24, 9 ) ;
#1006 = VECTOR ( 'NONE', #4855, 1000.000000000000000 ) ;
#1007 = ORIENTED_EDGE ( 'NONE', *, *, #4922, .F. ) ;
#1008 = ADVANCED_FACE ( 'NONE', ( #1091 ), #5587, .F. ) ;
#1009 = DIRECTION ( 'NONE',  ( 1.000000000000000000, 0.0000000000000000000, 0.0000000000000000000 ) ) ;
#1010 = VECTOR ( 'NONE', #4316, 1000.000000000000000 ) ;
#1011 = AXIS2_PLACEMENT_3D ( 'NONE', #4583, #2959, #5027 ) ;
#1012 = CARTESIAN_POINT ( 'NONE',  ( 4.499999999999996447, 5.000000000000002665, 9.199999999999999289 ) ) ;
#1013 = AXIS2_PLACEMENT_3D ( 'NONE', #867, #2667, #3966 ) ;
#1014 = ORIENTED_EDGE ( 'NONE', *, *, #723, .T. ) ;
#1015 = EDGE_CURVE ( 'NONE', #5346, #5015, #3320, .T. ) ;
#1016 = DIRECTION ( 'NONE',  ( 1.102578480493733312E-16, -1.000000000000000000, 0.0000000000000000000 ) ) ;
#1017 = CARTESIAN_POINT ( 'NONE',  ( 0.0000000000000000000, 2.449999999999998401, 5.100000000000000533 ) ) ;
#1018 = CARTESIAN_POINT ( 'NONE',  ( -5.700000000000000178, 2.602085213965210642E-17, -19.40231944897310612 ) ) ;
#1019 = FACE_OUTER_BOUND ( 'NONE', #3951, .T. ) ;
#1020 = CC_DESIGN_APPROVAL ( #2228, ( #1202 ) ) ;
#1021 = EDGE_CURVE ( 'NONE', #4742, #4931, #3986, .T. ) ;
#1022 = CARTESIAN_POINT ( 'NONE',  ( 5.699999999999999289, -10.00000000000000000, 7.500000000000000000 ) ) ;
#1023 = FACE_OUTER_BOUND ( 'NONE', #3768, .T. ) ;
#1024 = SECURITY_CLASSIFICATION_LEVEL ( 'unclassified' ) ;
#1025 = PRODUCT_DEFINITION_SHAPE ( 'NONE', 'NONE',  #5696 ) ;
#1026 = EDGE_CURVE ( 'NONE', #2846, #312, #4624, .T. ) ;
#1027 = ORIENTED_EDGE ( 'NONE', *, *, #1934, .T. ) ;
#1028 = EDGE_LOOP ( 'NONE', ( #3250, #4944, #667, #4431 ) ) ;
#1029 = CC_DESIGN_PERSON_AND_ORGANIZATION_ASSIGNMENT ( #681, #1640, ( #79 ) ) ;
#1030 = VECTOR ( 'NONE', #5566, 1000.000000000000000 ) ;
#1031 = ORIENTED_EDGE ( 'NONE', *, *, #2018, .T. ) ;
#1032 = AXIS2_PLACEMENT_3D ( 'NONE', #4138, #1538, #2576 ) ;
#1033 = ADVANCED_FACE ( 'NONE', ( #2838 ), #519, .F. ) ;
#1034 = COORDINATED_UNIVERSAL_TIME_OFFSET ( 1, 0, .AHEAD. ) ;
#1035 = ORIENTED_EDGE ( 'NONE', *, *, #5258, .F. ) ;
#1036 = CARTESIAN_POINT ( 'NONE',  ( -5.699999999999999289, -7.999999999999998224, -19.40231944897310612 ) ) ;
#1037 = CIRCLE ( 'NONE', #265, 1.000000000000000000 ) ;
#1038 = ORIENTED_EDGE ( 'NONE', *, *, #2146, .F. ) ;
#1039 = EDGE_LOOP ( 'NONE', ( #1958, #5639, #4139, #355, #2811, #3492 ) ) ;
#1040 = ADVANCED_FACE ( 'NONE', ( #3646 ), #176, .F. ) ;
#1041 = DIRECTION ( 'NONE',  ( 1.000000000000000000, -8.673617379884035472E-17, -0.0000000000000000000 ) ) ;
#1042 = ORIENTED_EDGE ( 'NONE', *, *, #5666, .T. ) ;
#1043 = PERSON ( 'NAUO-PER4', 'UNSPECIFIED', 'UNSPECIFIED', ('UNSPECIFIED'), ('UNSPECIFIED'), ('UNSPECIFIED') ) ;
#1044 = DATE_AND_TIME ( #4932, #3950 ) ;
#1045 = ORIENTED_EDGE ( 'NONE', *, *, #1491, .F. ) ;
#1046 = DIRECTION ( 'NONE',  ( 0.0000000000000000000, 0.0000000000000000000, 1.000000000000000000 ) ) ;
#1047 = VERTEX_POINT ( 'NONE', #2824 ) ;
#1048 = DIRECTION ( 'NONE',  ( 0.0000000000000000000, 0.0000000000000000000, 1.000000000000000000 ) ) ;
#1049 = LINE ( 'NONE', #3025, #4199 ) ;
#1050 = ORIENTED_EDGE ( 'NONE', *, *, #211, .T. ) ;
#1051 = DIRECTION ( 'NONE',  ( -0.0000000000000000000, -0.0000000000000000000, 1.000000000000000000 ) ) ;
#1052 = DIRECTION ( 'NONE',  ( 1.000000000000000000, -8.673617379884035472E-17, 0.0000000000000000000 ) ) ;
#1054 = ORIENTED_EDGE ( 'NONE', *, *, #1975, .T. ) ;
#1053 = DIRECTION ( 'NONE',  ( 0.0000000000000000000, -0.7071067811865430208, -0.7071067811865521247 ) ) ;
#1055 = AXIS2_PLACEMENT_3D ( 'NONE', #712, #1548, #2007 ) ;
#1056 = FACE_OUTER_BOUND ( 'NONE', #3474, .T. ) ;
#1057 = CARTESIAN_POINT ( 'NONE',  ( 0.7499999999999997780, 2.950000000000000622, 4.599999999999996092 ) ) ;
#1058 = APPROVAL_ROLE ( '' ) ;
#1059 = ORIENTED_EDGE ( 'NONE', *, *, #4778, .F. ) ;
#1060 = EDGE_CURVE ( 'NONE', #4417, #882, #2640, .T. ) ;
#1061 = ORIENTED_EDGE ( 'NONE', *, *, #3996, .T. ) ;
#1062 = EDGE_LOOP ( 'NONE', ( #1391, #2118, #1451, #834 ) ) ;
#1063 = CARTESIAN_POINT ( 'NONE',  ( 0.0000000000000000000, 0.0000000000000000000, 9.199999999999999289 ) ) ;
#1064 = CARTESIAN_POINT ( 'NONE',  ( -6.999999999999997335, -6.000000000000001776, 5.700000000000000178 ) ) ;
#1065 = ORIENTED_EDGE ( 'NONE', *, *, #2550, .F. ) ;
#1066 = PRODUCT_DEFINITION_FORMATION_WITH_SPECIFIED_SOURCE ( 'ANY', '', #1164, .NOT_KNOWN. ) ;
#1067 = ORIENTED_EDGE ( 'NONE', *, *, #1527, .F. ) ;
#1068 = EDGE_CURVE ( 'NONE', #2789, #3956, #4441, .T. ) ;
#1069 = ADVANCED_FACE ( 'NONE', ( #1494 ), #381, .T. ) ;
#1070 = CARTESIAN_POINT ( 'NONE',  ( 5.299999999999999822, 6.490628035480971924E-16, 9.199999999999999289 ) ) ;
#1071 = CARTESIAN_POINT ( 'NONE',  ( -6.500000000000001776, -4.499999999999997335, 7.500000000000000000 ) ) ;
#1072 = UNCERTAINTY_MEASURE_WITH_UNIT (LENGTH_MEASURE( 1.000000000000000082E-05 ), #2133, 'distance_accuracy_value', 'NONE');
#1073 = LINE ( 'NONE', #757, #642 ) ;
#1074 = ORIENTED_EDGE ( 'NONE', *, *, #2610, .F. ) ;
#1075 = FACE_OUTER_BOUND ( 'NONE', #2936, .T. ) ;
#1076 = CARTESIAN_POINT ( 'NONE',  ( 0.8914213562373092259, -2.891421356237308782, 4.658578643762687044 ) ) ;
#1077 = DIRECTION ( 'NONE',  ( 0.0000000000000000000, 1.000000000000000000, 0.0000000000000000000 ) ) ;
#1078 = AXIS2_PLACEMENT_3D ( 'NONE', #5080, #5042, #3394 ) ;
#1079 = EDGE_CURVE ( 'NONE', #2161, #2262, #656, .T. ) ;
#1080 = PERSON_AND_ORGANIZATION ( #1600, #2760 ) ;
#1081 = ORIENTED_EDGE ( 'NONE', *, *, #3776, .F. ) ;
#1082 = DIRECTION ( 'NONE',  ( 0.0000000000000000000, 1.000000000000000000, 0.0000000000000000000 ) ) ;
#1083 = DATE_TIME_ROLE ( 'classification_date' ) ;
#1084 = DIRECTION ( 'NONE',  ( -0.0000000000000000000, -0.0000000000000000000, -1.000000000000000000 ) ) ;
#1085 = DIRECTION ( 'NONE',  ( 8.673617379884036705E-17, -1.000000000000000000, 0.0000000000000000000 ) ) ;
#1086 = FACE_BOUND ( 'NONE', #106, .T. ) ;
#1087 = CARTESIAN_POINT ( 'NONE',  ( 0.7499999999999997780, 2.750000000000000888, 5.100000000000000533 ) ) ;
#1088 = AXIS2_PLACEMENT_3D ( 'NONE', #1764, #3912, #1263 ) ;
#1089 = CALENDAR_DATE ( 2020, 24, 9 ) ;
#1090 = EDGE_CURVE ( 'NONE', #4988, #2161, #2566, .T. ) ;
#1091 = FACE_OUTER_BOUND ( 'NONE', #4160, .T. ) ;
#1092 = PERSON_AND_ORGANIZATION ( #1600, #2760 ) ;
#1093 = AXIS2_PLACEMENT_3D ( 'NONE', #3300, #3704, #4990 ) ;
#1094 = ORIENTED_EDGE ( 'NONE', *, *, #2461, .F. ) ;
#1095 = CARTESIAN_POINT ( 'NONE',  ( 0.7500000000000006661, -2.949999999999999734, 2.100000000000000089 ) ) ;
#1096 = MECHANICAL_CONTEXT ( 'NONE', #2079, 'mechanical' ) ;
#1097 = CONTEXT_DEPENDENT_SHAPE_REPRESENTATION ( #2740, #5586 ) ;
#1098 = SECURITY_CLASSIFICATION ( '', '', #870 ) ;
#1099 = CARTESIAN_POINT ( 'NONE',  ( -9.700000000000002842, -1.249999999999998890, 6.899999999999998579 ) ) ;
#1100 = VERTEX_POINT ( 'NONE', #758 ) ;
#1101 = EDGE_CURVE ( 'NONE', #344, #4353, #227, .T. ) ;
#1102 = VECTOR ( 'NONE', #1244, 1000.000000000000114 ) ;
#1103 = ORIENTED_EDGE ( 'NONE', *, *, #3189, .T. ) ;
#1104 = ORIENTED_EDGE ( 'NONE', *, *, #2941, .F. ) ;
#1105 = CARTESIAN_POINT ( 'NONE',  ( -10.81665382639196871, 4.999999999999999112, -8.933335432157942790 ) ) ;
#1106 = CYLINDRICAL_SURFACE ( 'NONE', #3021, 6.500000000000000888 ) ;
#1107 = APPROVAL_DATE_TIME ( #1667, #5054 ) ;
#1108 = EDGE_CURVE ( 'NONE', #4410, #2578, #4627, .T. ) ;
#1109 = ORIENTED_EDGE ( 'NONE', *, *, #1820, .T. ) ;
#1110 = VERTEX_POINT ( 'NONE', #2381 ) ;
#1111 = CARTESIAN_POINT ( 'NONE',  ( 6.999999999999997335, -10.00000000000000178, 5.700000000000000178 ) ) ;
#1112 = CARTESIAN_POINT ( 'NONE',  ( -9.700000000000002842, -1.249999999999998890, 5.899999999999998579 ) ) ;
#1113 = DIRECTION ( 'NONE',  ( 1.000000000000000000, 0.0000000000000000000, 0.0000000000000000000 ) ) ;
#1114 = DIRECTION ( 'NONE',  ( -0.0000000000000000000, -0.0000000000000000000, 1.000000000000000000 ) ) ;
#1115 = ORIENTED_EDGE ( 'NONE', *, *, #641, .T. ) ;
#1116 = PLANE ( 'NONE',  #478 ) ;
#1117 = ORIENTED_EDGE ( 'NONE', *, *, #6, .F. ) ;
#1118 = CARTESIAN_POINT ( 'NONE',  ( 4.899999999999999467, -10.00000000000000000, 1.100000000000000311 ) ) ;
#1119 = LOCAL_TIME ( 7, 23, 42.00000000000000000, #3482 ) ;
#1120 = EDGE_LOOP ( 'NONE', ( #2879, #4822, #4194, #5263, #3335, #1747 ) ) ;
#1121 = FACE_OUTER_BOUND ( 'NONE', #3434, .T. ) ;
#1122 = ADVANCED_FACE ( 'NONE', ( #1360 ), #2773, .F. ) ;
#1123 = PLANE ( 'NONE',  #3178 ) ;
#1124 = AXIS2_PLACEMENT_3D ( 'NONE', #4097, #987, #3213 ) ;
#1125 = EDGE_CURVE ( 'NONE', #3583, #2406, #2152, .T. ) ;
#1126 = ORIENTED_EDGE ( 'NONE', *, *, #2273, .F. ) ;
#1127 = VECTOR ( 'NONE', #543, 1000.000000000000000 ) ;
#1128 = CARTESIAN_POINT ( 'NONE',  ( 7.200000000000000178, -6.142961956106105239E-16, 0.0000000000000000000 ) ) ;
#1129 = DIRECTION ( 'NONE',  ( 1.000000000000000000, 0.0000000000000000000, 0.0000000000000000000 ) ) ;
#1130 = ORIENTED_EDGE ( 'NONE', *, *, #5675, .F. ) ;
#1131 = CARTESIAN_POINT ( 'NONE',  ( -8.199999999999999289, -5.000000000000001776, 5.900000000000005684 ) ) ;
#1132 = AXIS2_PLACEMENT_3D ( 'NONE', #1118, #644, #1541 ) ;
#1133 = DIRECTION ( 'NONE',  ( 8.673617379884036705E-17, 1.000000000000000000, 0.0000000000000000000 ) ) ;
#1134 = VERTEX_POINT ( 'NONE', #4829 ) ;
#1135 = DIRECTION ( 'NONE',  ( 0.0000000000000000000, 0.0000000000000000000, 1.000000000000000000 ) ) ;
#1136 = CONTEXT_DEPENDENT_SHAPE_REPRESENTATION ( #4041, #5678 ) ;
#1137 = FACE_OUTER_BOUND ( 'NONE', #994, .T. ) ;
#1138 = DIRECTION ( 'NONE',  ( -1.000000000000000000, 8.673617379884035472E-17, 0.0000000000000000000 ) ) ;
#1139 = EDGE_CURVE ( 'NONE', #4590, #4418, #3511, .T. ) ;
#1140 = LINE ( 'NONE', #2082, #2135 ) ;
#1141 = VERTEX_POINT ( 'NONE', #2427 ) ;
#1142 = FACE_OUTER_BOUND ( 'NONE', #2249, .T. ) ;
#1143 = CARTESIAN_POINT ( 'NONE',  ( 0.3000000000000181966, -1.398223855353594836E-15, 23.00000000000000000 ) ) ;
#1144 = SECURITY_CLASSIFICATION ( '', '', #5539 ) ;
#1145 = TOROIDAL_SURFACE ( 'NONE', #2589, 4.899999999999999467, 1.100000000000000089 ) ;
#1146 = VERTEX_POINT ( 'NONE', #3799 ) ;
#1147 = CARTESIAN_POINT ( 'NONE',  ( 6.500000000000001776, -4.900000000000001243, 9.199999999999999289 ) ) ;
#1148 = FACE_OUTER_BOUND ( 'NONE', #5414, .T. ) ;
#1149 = EDGE_CURVE ( 'NONE', #882, #320, #4302, .T. ) ;
#1150 = CARTESIAN_POINT ( 'NONE',  ( 3.899999999999997247, 5.200000000000002842, -2.740971508067062246 ) ) ;
#1151 = CARTESIAN_POINT ( 'NONE',  ( -6.500000000000001776, -6.599999999999997868, 7.500000000000000000 ) ) ;
#1152 = ORIENTED_EDGE ( 'NONE', *, *, #1820, .F. ) ;
#1153 = CARTESIAN_POINT ( 'NONE',  ( 4.499999999999996447, 5.000000000000002665, 5.900000000000007461 ) ) ;
#1154 = CARTESIAN_POINT ( 'NONE',  ( -8.199999999999999289, -6.000000000000001776, 5.700000000000000178 ) ) ;
#1155 = DIRECTION ( 'NONE',  ( 0.0000000000000000000, 0.0000000000000000000, 1.000000000000000000 ) ) ;
#1156 = VECTOR ( 'NONE', #391, 1000.000000000000000 ) ;
#1157 = ADVANCED_FACE ( 'NONE', ( #3924 ), #2483, .F. ) ;
#1158 = VECTOR ( 'NONE', #3209, 1000.000000000000000 ) ;
#1159 = PERSON_AND_ORGANIZATION_ROLE ( 'creator' ) ;
#1160 = DIRECTION ( 'NONE',  ( 1.000000000000000000, 9.992007221626420697E-16, 0.0000000000000000000 ) ) ;
#1161 =( NAMED_UNIT ( * ) SI_UNIT ( $, .STERADIAN. ) SOLID_ANGLE_UNIT ( ) );
#1162 = APPROVAL_PERSON_ORGANIZATION ( #2979, #756, #2924 ) ;
#1163 = CARTESIAN_POINT ( 'NONE',  ( 5.999999999999999112, -8.000000000000000000, 6.000000000000003553 ) ) ;
#1164 = PRODUCT ( '3987_rotor sobremoldeado', '3987_rotor sobremoldeado', '', ( #3231 ) ) ;
#1165 = AXIS2_PLACEMENT_3D ( 'NONE', #2209, #3938, #1792 ) ;
#1166 = ORIENTED_EDGE ( 'NONE', *, *, #3464, .F. ) ;
#1167 = EDGE_CURVE ( 'NONE', #2946, #1321, #4701, .T. ) ;
#1168 = DIRECTION ( 'NONE',  ( 0.6953208427626464960, -0.1285648693066437642, -0.7071067811865535679 ) ) ;
#1169 = DIRECTION ( 'NONE',  ( 1.000000000000000000, 0.0000000000000000000, 0.0000000000000000000 ) ) ;
#1170 = CIRCLE ( 'NONE', #950, 0.4999999999999995559 ) ;
#1171 = ORIENTED_EDGE ( 'NONE', *, *, #2692, .F. ) ;
#1172 = ORIENTED_EDGE ( 'NONE', *, *, #5689, .T. ) ;
#1173 = AXIS2_PLACEMENT_3D ( 'NONE', #5542, #5142, #3806 ) ;
#1174 = VECTOR ( 'NONE', #3314, 1000.000000000000000 ) ;
#1175 = APPROVAL_PERSON_ORGANIZATION ( #4123, #525, #1306 ) ;
#1176 = EDGE_CURVE ( 'NONE', #3076, #1302, #1800, .T. ) ;
#1177 = ORIENTED_EDGE ( 'NONE', *, *, #5553, .T. ) ;
#1178 = EDGE_LOOP ( 'NONE', ( #1458, #552, #4790, #1185, #4153 ) ) ;
#1179 = APPROVAL_STATUS ( 'not_yet_approved' ) ;
#1180 = CARTESIAN_POINT ( 'NONE',  ( -9.700000000000002842, -1.249999999999998890, 5.899999999999998579 ) ) ;
#1181 = CARTESIAN_POINT ( 'NONE',  ( 0.0000000000000000000, 0.0000000000000000000, 0.0000000000000000000 ) ) ;
#1182 = DIRECTION ( 'NONE',  ( 1.000000000000000000, 0.0000000000000000000, 0.0000000000000000000 ) ) ;
#1183 = CARTESIAN_POINT ( 'NONE',  ( 4.499999999999996447, 5.000000000000002665, 9.199999999999995737 ) ) ;
#1184 = VECTOR ( 'NONE', #4126, 999.9999999999998863 ) ;
#1185 = ORIENTED_EDGE ( 'NONE', *, *, #1320, .F. ) ;
#1186 = DIRECTION ( 'NONE',  ( 1.000000000000000000, 0.0000000000000000000, 0.0000000000000000000 ) ) ;
#1187 = PERSON_AND_ORGANIZATION ( #1600, #2760 ) ;
#1189 = ORIENTED_EDGE ( 'NONE', *, *, #1108, .T. ) ;
#1188 = DIRECTION ( 'NONE',  ( 0.0000000000000000000, 0.0000000000000000000, -1.000000000000000000 ) ) ;
#1190 = CIRCLE ( 'NONE', #4396, 0.1999999999999999833 ) ;
#1191 = PERSON_AND_ORGANIZATION_ROLE ( 'creator' ) ;
#1192 = ORIENTED_EDGE ( 'NONE', *, *, #2862, .F. ) ;
#1193 = AXIS2_PLACEMENT_3D ( 'NONE', #4725, #4761, #3105 ) ;
#1194 = ORIENTED_EDGE ( 'NONE', *, *, #1433, .T. ) ;
#1195 =( NAMED_UNIT ( * ) PLANE_ANGLE_UNIT ( ) SI_UNIT ( $, .RADIAN. ) );
#1196 = CARTESIAN_POINT ( 'NONE',  ( 4.999999999999999112, -10.00000000000000000, 5.700000000000000178 ) ) ;
#1197 = FACE_OUTER_BOUND ( 'NONE', #5247, .T. ) ;
#1198 = EDGE_LOOP ( 'NONE', ( #2733, #1741, #1514, #1403, #5087, #1205 ) ) ;
#1199 = ORIENTED_EDGE ( 'NONE', *, *, #2754, .T. ) ;
#1200 = CIRCLE ( 'NONE', #2217, 1.000000000000000000 ) ;
#1201 = CARTESIAN_POINT ( 'NONE',  ( -6.100000000000001421, -6.599999999999997868, 7.500000000000000000 ) ) ;
#1202 = SECURITY_CLASSIFICATION ( '', '', #489 ) ;
#1203 = PLANE ( 'NONE',  #1193 ) ;
#1204 = VECTOR ( 'NONE', #4482, 1000.000000000000000 ) ;
#1205 = ORIENTED_EDGE ( 'NONE', *, *, #2434, .T. ) ;
#1206 = EDGE_CURVE ( 'NONE', #1373, #1408, #2436, .T. ) ;
#1207 = PRODUCT_DEFINITION_SHAPE ( 'NONE', 'NONE',  #5698 ) ;
#1208 = CARTESIAN_POINT ( 'NONE',  ( 0.0000000000000000000, 0.0000000000000000000, 7.500000000000000000 ) ) ;
#1209 = CARTESIAN_POINT ( 'NONE',  ( -5.700000000000000178, -1.249999999999999334, 6.399999999999999467 ) ) ;
#1210 = VECTOR ( 'NONE', #4254, 1000.000000000000000 ) ;
#1211 = CARTESIAN_POINT ( 'NONE',  ( -7.199999999999999289, -6.000000000000001776, 5.900000000000005684 ) ) ;
#1212 = APPLICATION_PROTOCOL_DEFINITION ( 'international standard', 'config_control_design', 1994, #4679 ) ;
#1213 = PLANE ( 'NONE',  #4579 ) ;
#1214 = EDGE_CURVE ( 'NONE', #2955, #4253, #449, .T. ) ;
#1215 = CARTESIAN_POINT ( 'NONE',  ( 0.7500000000000004441, -2.949999999999999734, 5.100000000000000533 ) ) ;
#1216 = AXIS2_PLACEMENT_3D ( 'NONE', #4708, #4257, #1371 ) ;
#1217 = LOCAL_TIME ( 7, 23, 42.00000000000000000, #1550 ) ;
#1218 = DIRECTION ( 'NONE',  ( 6.902532920683853297E-31, -1.000000000000000000, -1.224646799147347044E-16 ) ) ;
#1219 = FACE_BOUND ( 'NONE', #786, .T. ) ;
#1220 = ORIENTED_EDGE ( 'NONE', *, *, #3880, .F. ) ;
#1221 = DIRECTION ( 'NONE',  ( 0.0000000000000000000, 0.0000000000000000000, 1.000000000000000000 ) ) ;
#1222 = CARTESIAN_POINT ( 'NONE',  ( 7.199999999999999289, -6.000000000000001776, 5.900000000000005684 ) ) ;
#1223 = CARTESIAN_POINT ( 'NONE',  ( -8.800000000000002487, -8.499999999999998224, 5.999999999999999112 ) ) ;
#1224 = EDGE_CURVE ( 'NONE', #648, #1277, #2910, .T. ) ;
#1225 = AXIS2_PLACEMENT_3D ( 'NONE', #1496, #605, #4533 ) ;
#1226 = CIRCLE ( 'NONE', #576, 6.000000000000000000 ) ;
#1227 = VERTEX_POINT ( 'NONE', #3821 ) ;
#1228 = PERSON_AND_ORGANIZATION ( #1600, #2760 ) ;
#1229 = FACE_OUTER_BOUND ( 'NONE', #4073, .T. ) ;
#1230 = CARTESIAN_POINT ( 'NONE',  ( -4.899999999999999467, -4.250072516143177381E-16, 0.0000000000000000000 ) ) ;
#1231 = DIRECTION ( 'NONE',  ( 8.673617379884035472E-17, 1.000000000000000000, 0.0000000000000000000 ) ) ;
#1232 = CIRCLE ( 'NONE', #4021, 0.2999999999999999889 ) ;
#1233 = DIRECTION ( 'NONE',  ( 1.000000000000000000, 0.0000000000000000000, -0.0000000000000000000 ) ) ;
#1234 = LINE ( 'NONE', #472, #657 ) ;
#1235 = ORIENTED_EDGE ( 'NONE', *, *, #4856, .T. ) ;
#1236 = DIRECTION ( 'NONE',  ( 0.0000000000000000000, 0.0000000000000000000, 1.000000000000000000 ) ) ;
#1237 = LOCAL_TIME ( 7, 23, 42.00000000000000000, #2447 ) ;
#1238 = DIRECTION ( 'NONE',  ( -0.0000000000000000000, -0.0000000000000000000, -1.000000000000000000 ) ) ;
#1239 = DIRECTION ( 'NONE',  ( 1.000000000000000000, 0.0000000000000000000, 0.0000000000000000000 ) ) ;
#1240 = EDGE_CURVE ( 'NONE', #3086, #1333, #4901, .T. ) ;
#1241 = DIRECTION ( 'NONE',  ( 0.0000000000000000000, 0.0000000000000000000, 1.000000000000000000 ) ) ;
#1242 = ORIENTED_EDGE ( 'NONE', *, *, #2374, .T. ) ;
#1243 = DIRECTION ( 'NONE',  ( 8.673617379884035472E-17, 1.000000000000000000, 0.0000000000000000000 ) ) ;
#1244 = DIRECTION ( 'NONE',  ( -0.6953208427626493826, -0.1285648693066443193, -0.7071067811865506814 ) ) ;
#1245 = COORDINATED_UNIVERSAL_TIME_OFFSET ( 1, 0, .AHEAD. ) ;
#1246 = AXIS2_PLACEMENT_3D ( 'NONE', #3706, #4600, #2920 ) ;
#1247 = LOCAL_TIME ( 7, 23, 42.00000000000000000, #177 ) ;
#1248 = ORIENTED_EDGE ( 'NONE', *, *, #1748, .T. ) ;
#1249 = CARTESIAN_POINT ( 'NONE',  ( -10.81665382639196871, 4.999999999999999112, 9.199999999999999289 ) ) ;
#1250 = EDGE_CURVE ( 'NONE', #5416, #3473, #522, .T. ) ;
#1251 = FACE_OUTER_BOUND ( 'NONE', #2039, .T. ) ;
#1252 = CARTESIAN_POINT ( 'NONE',  ( 5.699999999999999289, -10.00000000000000000, 7.500000000000000000 ) ) ;
#1253 = ORIENTED_EDGE ( 'NONE', *, *, #4218, .F. ) ;
#1254 = APPROVAL_ROLE ( '' ) ;
#1255 = ORIENTED_EDGE ( 'NONE', *, *, #4722, .F. ) ;
#1256 = DIRECTION ( 'NONE',  ( 1.000000000000000000, -8.673617379884035472E-17, -0.0000000000000000000 ) ) ;
#1257 = VERTEX_POINT ( 'NONE', #1751 ) ;
#1258 = DIRECTION ( 'NONE',  ( 1.000000000000000000, 0.0000000000000000000, -0.0000000000000000000 ) ) ;
#1259 = EDGE_LOOP ( 'NONE', ( #1442, #108, #5434, #202 ) ) ;
#1260 = DIRECTION ( 'NONE',  ( -1.000000000000000000, 0.0000000000000000000, -0.0000000000000000000 ) ) ;
#1261 = EDGE_LOOP ( 'NONE', ( #2277, #1867, #1054, #3946 ) ) ;
#1262 = APPROVAL_PERSON_ORGANIZATION ( #1834, #5419, #695 ) ;
#1263 = DIRECTION ( 'NONE',  ( 0.0000000000000000000, 1.000000000000000000, 0.0000000000000000000 ) ) ;
#1264 = ORIENTED_EDGE ( 'NONE', *, *, #4564, .F. ) ;
#1265 = VECTOR ( 'NONE', #3856, 1000.000000000000000 ) ;
#1266 = AXIS2_PLACEMENT_3D ( 'NONE', #5620, #3065, #3929 ) ;
#1267 = ORIENTED_EDGE ( 'NONE', *, *, #2887, .T. ) ;
#1268 = PERSON_AND_ORGANIZATION ( #1600, #2760 ) ;
#1269 = DIRECTION ( 'NONE',  ( 1.000000000000000000, 0.0000000000000000000, 0.0000000000000000000 ) ) ;
#1270 = VERTEX_POINT ( 'NONE', #5537 ) ;
#1271 = CYLINDRICAL_SURFACE ( 'NONE', #4129, 0.1999999999999999833 ) ;
#1272 = PRODUCT_DEFINITION_FORMATION_WITH_SPECIFIED_SOURCE ( 'ANY', '', #623, .NOT_KNOWN. ) ;
#1273 = CYLINDRICAL_SURFACE ( 'NONE', #1951, 1.600000000000000755 ) ;
#1274 = ADVANCED_FACE ( 'NONE', ( #86 ), #3714, .T. ) ;
#1275 = DIRECTION ( 'NONE',  ( 0.0000000000000000000, -0.0000000000000000000, 1.000000000000000000 ) ) ;
#1276 = ORIENTED_EDGE ( 'NONE', *, *, #5098, .F. ) ;
#1277 = VERTEX_POINT ( 'NONE', #2632 ) ;
#1278 = EDGE_CURVE ( 'NONE', #2366, #2789, #1296, .T. ) ;
#1279 = DATE_AND_TIME ( #3553, #1698 ) ;
#1280 = VECTOR ( 'NONE', #5057, 1000.000000000000000 ) ;
#1281 = DIRECTION ( 'NONE',  ( -0.0000000000000000000, -0.0000000000000000000, -1.000000000000000000 ) ) ;
#1282 = VECTOR ( 'NONE', #700, 1000.000000000000000 ) ;
#1283 = EDGE_LOOP ( 'NONE', ( #2612, #2397, #1822, #4801 ) ) ;
#1284 = AXIS2_PLACEMENT_3D ( 'NONE', #2421, #2442, #1440 ) ;
#1285 = EDGE_CURVE ( 'NONE', #5288, #2945, #19, .T. ) ;
#1286 = CALENDAR_DATE ( 2020, 24, 9 ) ;
#1287 = ORIENTED_EDGE ( 'NONE', *, *, #4524, .T. ) ;
#1288 = VECTOR ( 'NONE', #732, 1000.000000000000000 ) ;
#1289 = DIRECTION ( 'NONE',  ( -1.000000000000000000, 4.336808689942015369E-15, 0.0000000000000000000 ) ) ;
#1290 = AXIS2_PLACEMENT_3D ( 'NONE', #514, #5336, #981 ) ;
#1291 = CARTESIAN_POINT ( 'NONE',  ( 10.81665382639196693, -2.000000000000001776, 5.900000000000005684 ) ) ;
#1292 = DIRECTION ( 'NONE',  ( 1.000000000000000000, 0.0000000000000000000, 0.0000000000000000000 ) ) ;
#1293 = ORIENTED_EDGE ( 'NONE', *, *, #5666, .F. ) ;
#1294 = EDGE_CURVE ( 'NONE', #5214, #2598, #1644, .T. ) ;
#1295 = DIRECTION ( 'NONE',  ( 0.0000000000000000000, 0.0000000000000000000, 1.000000000000000000 ) ) ;
#1296 = LINE ( 'NONE', #319, #2011 ) ;
#1297 = LINE ( 'NONE', #3654, #4104 ) ;
#1298 = CARTESIAN_POINT ( 'NONE',  ( 5.100000000000000533, 0.0000000000000000000, 9.799999999999998934 ) ) ;
#1299 = PLANE ( 'NONE',  #2253 ) ;
#1300 = VECTOR ( 'NONE', #2718, 1000.000000000000000 ) ;
#1301 = CALENDAR_DATE ( 2020, 24, 9 ) ;
#1302 = VERTEX_POINT ( 'NONE', #1703 ) ;
#1303 = EDGE_LOOP ( 'NONE', ( #853, #2926, #2864, #3404 ) ) ;
#1304 = ORIENTED_EDGE ( 'NONE', *, *, #3055, .T. ) ;
#1305 = AXIS2_PLACEMENT_3D ( 'NONE', #3362, #4174, #680 ) ;
#1306 = APPROVAL_ROLE ( '' ) ;
#1307 = DIRECTION ( 'NONE',  ( 0.0000000000000000000, 1.000000000000000000, 0.0000000000000000000 ) ) ;
#1308 = VECTOR ( 'NONE', #2435, 1000.000000000000000 ) ;
#1309 = CYLINDRICAL_SURFACE ( 'NONE', #4320, 0.4000000000000001887 ) ;
#1310 = FACE_OUTER_BOUND ( 'NONE', #3153, .T. ) ;
#1311 = DIRECTION ( 'NONE',  ( -1.000000000000000000, -9.992007221626420697E-16, -1.445602896647339311E-15 ) ) ;
#1312 = ORIENTED_EDGE ( 'NONE', *, *, #1571, .T. ) ;
#1313 = LINE ( 'NONE', #3301, #2714 ) ;
#1314 = EDGE_CURVE ( 'NONE', #3738, #4211, #4965, .T. ) ;
#1315 = ORIENTED_EDGE ( 'NONE', *, *, #501, .F. ) ;
#1316 = EDGE_LOOP ( 'NONE', ( #5366, #1220, #2935, #4422 ) ) ;
#1317 =( BOUNDED_CURVE ( )  B_SPLINE_CURVE ( 3, ( #1398, #2757, #72, #537 ),
 .UNSPECIFIED., .F., .T. ) 
 B_SPLINE_CURVE_WITH_KNOTS ( ( 4, 4 ),
 ( -2.664535259100375697E-15, 0.7853981633974486121 ),
 .UNSPECIFIED. ) 
 CURVE ( )  GEOMETRIC_REPRESENTATION_ITEM ( )  RATIONAL_B_SPLINE_CURVE ( ( 1.000000000000000000, 0.9492530216741906779, 0.9492530216741906779, 1.000000000000000000 ) ) 
 REPRESENTATION_ITEM ( '' )  );
#1318 = SHAPE_REPRESENTATION ( 'MSC-360-G01-001 macizo', ( #5296, #4960, #2429, #824, #4928 ), #2822 ) ;
#1319 = ORIENTED_EDGE ( 'NONE', *, *, #2049, .T. ) ;
#1320 = EDGE_CURVE ( 'NONE', #941, #1047, #5321, .T. ) ;
#1321 = VERTEX_POINT ( 'NONE', #1211 ) ;
#1322 = DATE_TIME_ROLE ( 'creation_date' ) ;
#1323 = ORIENTED_EDGE ( 'NONE', *, *, #2351, .F. ) ;
#1324 = CALENDAR_DATE ( 2020, 24, 9 ) ;
#1325 = CC_DESIGN_APPROVAL ( #2067, ( #1756 ) ) ;
#1326 = DIRECTION ( 'NONE',  ( -0.0000000000000000000, -0.0000000000000000000, 1.000000000000000000 ) ) ;
#1327 = ORIENTED_EDGE ( 'NONE', *, *, #913, .T. ) ;
#1328 = DIRECTION ( 'NONE',  ( -0.0000000000000000000, -0.0000000000000000000, 1.000000000000000000 ) ) ;
#1329 = CIRCLE ( 'NONE', #5600, 1.600000000000001199 ) ;
#1330 = EDGE_CURVE ( 'NONE', #135, #5683, #3853, .T. ) ;
#1331 = ORIENTED_EDGE ( 'NONE', *, *, #3507, .F. ) ;
#1332 = DIRECTION ( 'NONE',  ( -8.673617379884035472E-17, 1.000000000000000000, 0.0000000000000000000 ) ) ;
#1333 = VERTEX_POINT ( 'NONE', #830 ) ;
#1334 = CIRCLE ( 'NONE', #2996, 0.5999999999999999778 ) ;
#1335 = DIRECTION ( 'NONE',  ( -0.0000000000000000000, 0.0000000000000000000, -1.000000000000000000 ) ) ;
#1336 = DIRECTION ( 'NONE',  ( 1.000000000000000000, 9.992007221626420697E-16, 0.0000000000000000000 ) ) ;
#1337 = VERTEX_POINT ( 'NONE', #4750 ) ;
#1338 = ORIENTED_EDGE ( 'NONE', *, *, #1314, .F. ) ;
#1339 = CARTESIAN_POINT ( 'NONE',  ( 0.0000000000000000000, 0.0000000000000000000, 5.700000000000001066 ) ) ;
#1340 = ADVANCED_FACE ( 'NONE', ( #4825 ), #2004, .T. ) ;
#1341 = APPROVAL_ROLE ( '' ) ;
#1342 = AXIS2_PLACEMENT_3D ( 'NONE', #660, #2453, #4217 ) ;
#1343 = LINE ( 'NONE', #3109, #5165 ) ;
#1344 = EDGE_LOOP ( 'NONE', ( #4274, #5272, #608, #1126 ) ) ;
#1345 = EDGE_CURVE ( 'NONE', #3988, #648, #591, .T. ) ;
#1346 = DIRECTION ( 'NONE',  ( 1.000000000000000000, 0.0000000000000000000, 0.0000000000000000000 ) ) ;
#1347 = DIRECTION ( 'NONE',  ( 0.0000000000000000000, 0.0000000000000000000, -1.000000000000000000 ) ) ;
#1348 = APPROVAL_ROLE ( '' ) ;
#1349 = CIRCLE ( 'NONE', #1088, 0.4999999999999995559 ) ;
#1350 = VERTEX_POINT ( 'NONE', #2185 ) ;
#1351 = AXIS2_PLACEMENT_3D ( 'NONE', #4357, #415, #1781 ) ;
#1352 = CARTESIAN_POINT ( 'NONE',  ( -5.000000000000002665, 4.800000000000000711, 5.700000000000001066 ) ) ;
#1353 = DIRECTION ( 'NONE',  ( 0.0000000000000000000, 0.7071067811865430208, -0.7071067811865521247 ) ) ;
#1354 = EDGE_CURVE ( 'NONE', #2818, #3503, #1794, .T. ) ;
#1355 = VECTOR ( 'NONE', #806, 1000.000000000000000 ) ;
#1356 = VECTOR ( 'NONE', #2848, 1000.000000000000000 ) ;
#1357 = CC_DESIGN_APPROVAL ( #538, ( #1066 ) ) ;
#1358 = PLANE ( 'NONE',  #2877 ) ;
#1359 = CALENDAR_DATE ( 2020, 24, 9 ) ;
#1360 = FACE_OUTER_BOUND ( 'NONE', #3096, .T. ) ;
#1361 = EDGE_CURVE ( 'NONE', #145, #4807, #3249, .T. ) ;
#1362 = DIRECTION ( 'NONE',  ( 0.0000000000000000000, 0.0000000000000000000, 1.000000000000000000 ) ) ;
#1363 = CARTESIAN_POINT ( 'NONE',  ( 5.999999999999999112, -10.00000000000000000, 5.700000000000000178 ) ) ;
#1364 = CARTESIAN_POINT ( 'NONE',  ( -4.999999999999999112, -4.799999999999999822, 5.700000000000001066 ) ) ;
#1365 = CARTESIAN_POINT ( 'NONE',  ( -0.8037522204129378123, -2.949999999999999734, 4.599999999999996092 ) ) ;
#1366 = CIRCLE ( 'NONE', #4636, 14.00000000000000178 ) ;
#1367 = AXIS2_PLACEMENT_3D ( 'NONE', #3354, #4210, #3837 ) ;
#1368 = CARTESIAN_POINT ( 'NONE',  ( 4.899999999999999467, -10.00000000000000000, 1.100000000000000311 ) ) ;
#1369 = AXIS2_PLACEMENT_3D ( 'NONE', #2221, #2258, #5693 ) ;
#1370 = DIRECTION ( 'NONE',  ( 1.000000000000000000, 2.312955680093647658E-16, 1.229267523578345187E-32 ) ) ;
#1371 = DIRECTION ( 'NONE',  ( 0.0000000000000000000, 1.000000000000000000, 0.0000000000000000000 ) ) ;
#1372 = ORIENTED_EDGE ( 'NONE', *, *, #1885, .T. ) ;
#1373 = VERTEX_POINT ( 'NONE', #2131 ) ;
#1374 = AXIS2_PLACEMENT_3D ( 'NONE', #4695, #2611, #3824 ) ;
#1375 = CARTESIAN_POINT ( 'NONE',  ( -8.199999999999999289, -4.799999999999999822, 5.700000000000001066 ) ) ;
#1376 = PERSON_AND_ORGANIZATION ( #1600, #2760 ) ;
#1377 = CARTESIAN_POINT ( 'NONE',  ( 5.999999999999999112, -10.00000000000000000, 9.199999999999999289 ) ) ;
#1378 = AXIS2_PLACEMENT_3D ( 'NONE', #2663, #3525, #862 ) ;
#1379 = LINE ( 'NONE', #782, #1102 ) ;
#1380 = ADVANCED_FACE ( 'NONE', ( #1873 ), #4288, .T. ) ;
#1381 =( REPRESENTATION_RELATIONSHIP ('NONE','NONE', #5210, #3370 ) REPRESENTATION_RELATIONSHIP_WITH_TRANSFORMATION ( #1499 )SHAPE_REPRESENTATION_RELATIONSHIP( ) );
#1382 = ORIENTED_EDGE ( 'NONE', *, *, #5334, .T. ) ;
#1383 = CARTESIAN_POINT ( 'NONE',  ( -6.000000000000000000, -0.7499999999999995559, 6.399999999999999467 ) ) ;
#1384 = CYLINDRICAL_SURFACE ( 'NONE', #1093, 0.4000000000000001887 ) ;
#1385 = COORDINATED_UNIVERSAL_TIME_OFFSET ( 1, 0, .AHEAD. ) ;
#1386 = EDGE_LOOP ( 'NONE', ( #1293, #4876, #5481, #2654 ) ) ;
#1387 = DIRECTION ( 'NONE',  ( 0.0000000000000000000, 1.000000000000000000, 0.0000000000000000000 ) ) ;
#1388 = DIRECTION ( 'NONE',  ( 1.000000000000000000, -8.673617379884035472E-17, 0.0000000000000000000 ) ) ;
#1389 = PERSON_AND_ORGANIZATION ( #1600, #2760 ) ;
#1390 = AXIS2_PLACEMENT_3D ( 'NONE', #4167, #5019, #2377 ) ;
#1391 = ORIENTED_EDGE ( 'NONE', *, *, #2862, .T. ) ;
#1392 = EDGE_CURVE ( 'NONE', #1528, #4964, #5382, .T. ) ;
#1393 = ORIENTED_EDGE ( 'NONE', *, *, #4953, .T. ) ;
#1394 = PERSON_AND_ORGANIZATION ( #1600, #2760 ) ;
#1395 = CARTESIAN_POINT ( 'NONE',  ( 8.900000000000000355, 7.375650828688862301E-32, 5.700000000000000178 ) ) ;
#1396 = AXIS2_PLACEMENT_3D ( 'NONE', #4447, #42, #927 ) ;
#1397 = EDGE_LOOP ( 'NONE', ( #1955, #239, #705, #1242 ) ) ;
#1398 = CARTESIAN_POINT ( 'NONE',  ( 0.9499999999999996225, 2.750000000000000444, 4.599999999999996092 ) ) ;
#1399 = EDGE_CURVE ( 'NONE', #2676, #2198, #4370, .T. ) ;
#1400 = CARTESIAN_POINT ( 'NONE',  ( 10.34048140662818405, 1.823305865502772960, 9.199999999999999289 ) ) ;
#1401 = ORIENTED_EDGE ( 'NONE', *, *, #4402, .F. ) ;
#1402 = FACE_OUTER_BOUND ( 'NONE', #1198, .T. ) ;
#1403 = ORIENTED_EDGE ( 'NONE', *, *, #1776, .F. ) ;
#1404 = DIRECTION ( 'NONE',  ( 1.000000000000000000, 8.673617379884035472E-17, -0.0000000000000000000 ) ) ;
#1405 = DIRECTION ( 'NONE',  ( -1.000000000000000000, 2.289834988289385365E-16, 0.0000000000000000000 ) ) ;
#1406 = DIRECTION ( 'NONE',  ( 1.000000000000000000, -8.673617379884036705E-17, 0.0000000000000000000 ) ) ;
#1407 = AXIS2_PLACEMENT_3D ( 'NONE', #2919, #1572, #282 ) ;
#1408 = VERTEX_POINT ( 'NONE', #2699 ) ;
#1409 = EDGE_CURVE ( 'NONE', #4317, #4843, #301, .T. ) ;
#1410 = FACE_OUTER_BOUND ( 'NONE', #679, .T. ) ;
#1411 = DIRECTION ( 'NONE',  ( 0.0000000000000000000, -0.7071067811865383579, -0.7071067811865566766 ) ) ;
#1412 = ORIENTED_EDGE ( 'NONE', *, *, #630, .T. ) ;
#1413 = ORIENTED_EDGE ( 'NONE', *, *, #2914, .T. ) ;
#1414 = CARTESIAN_POINT ( 'NONE',  ( -0.8914213562373096700, 2.891421356237310114, 4.658578643762686156 ) ) ;
#1415 = CIRCLE ( 'NONE', #1367, 0.5000000000000000000 ) ;
#1416 = LINE ( 'NONE', #2252, #577 ) ;
#1417 = AXIS2_PLACEMENT_3D ( 'NONE', #5059, #2956, #4228 ) ;
#1418 = LINE ( 'NONE', #2264, #4970 ) ;
#1419 = EDGE_CURVE ( 'NONE', #4881, #2455, #5107, .T. ) ;
#1420 = CARTESIAN_POINT ( 'NONE',  ( 3.316624790355395813, 5.000000000000002665, 5.900000000000007461 ) ) ;
#1421 = CIRCLE ( 'NONE', #4347, 1.200000000000001510 ) ;
#1422 = LINE ( 'NONE', #3288, #787 ) ;
#1423 = CARTESIAN_POINT ( 'NONE',  ( 5.999999999999999112, -8.500000000000003553, 5.500000000000000000 ) ) ;
#1424 = CC_DESIGN_APPROVAL ( #50, ( #1272 ) ) ;
#1425 = AXIS2_PLACEMENT_3D ( 'NONE', #241, #2472, #2452 ) ;
#1426 = APPROVAL_STATUS ( 'not_yet_approved' ) ;
#1427 = DIRECTION ( 'NONE',  ( 0.0000000000000000000, 0.0000000000000000000, 1.000000000000000000 ) ) ;
#1428 = LINE ( 'NONE', #4076, #4299 ) ;
#1429 = CARTESIAN_POINT ( 'NONE',  ( 4.499999999999996447, 6.000000000000002665, 5.700000000000001954 ) ) ;
#1430 = AXIS2_PLACEMENT_3D ( 'NONE', #7, #1281, #1346 ) ;
#1431 = ADVANCED_FACE ( 'NONE', ( #4103 ), #3711, .F. ) ;
#1432 = VECTOR ( 'NONE', #3617, 1000.000000000000000 ) ;
#1433 = EDGE_CURVE ( 'NONE', #614, #3306, #3316, .T. ) ;
#1434 = SHAPE_REPRESENTATION ( '4048_carcasa MSC-360-G01-001', ( #566 ), #257 ) ;
#1435 = VECTOR ( 'NONE', #4900, 1000.000000000000000 ) ;
#1436 = DIRECTION ( 'NONE',  ( -8.673617379884036705E-17, -1.000000000000000000, 0.0000000000000000000 ) ) ;
#1437 = ORIENTED_EDGE ( 'NONE', *, *, #826, .T. ) ;
#1438 = CC_DESIGN_DATE_AND_TIME_ASSIGNMENT ( #12, #1617, ( #1144 ) ) ;
#1439 = DIRECTION ( 'NONE',  ( 1.000000000000000000, 0.0000000000000000000, 0.0000000000000000000 ) ) ;
#1440 = DIRECTION ( 'NONE',  ( -1.000000000000000000, -9.992007221626412808E-16, 0.0000000000000000000 ) ) ;
#1441 = VERTEX_POINT ( 'NONE', #5643 ) ;
#1442 = ORIENTED_EDGE ( 'NONE', *, *, #1908, .F. ) ;
#1443 = PLANE ( 'NONE',  #5588 ) ;
#1444 = CARTESIAN_POINT ( 'NONE',  ( 5.699999999999998401, -0.7500000000000006661, 6.399999999999999467 ) ) ;
#1445 = MECHANICAL_CONTEXT ( 'NONE', #142, 'mechanical' ) ;
#1446 = CALENDAR_DATE ( 2020, 24, 9 ) ;
#1447 = ITEM_DEFINED_TRANSFORMATION ( 'NONE', 'NONE', #824,  #2088 ) ;
#1448 = PLANE ( 'NONE',  #3102 ) ;
#1449 = CARTESIAN_POINT ( 'NONE',  ( -13.76665032449887072, -2.545454545454545858, 5.900000000000005684 ) ) ;
#1450 = EDGE_LOOP ( 'NONE', ( #1773, #2872, #4196, #3074 ) ) ;
#1451 = ORIENTED_EDGE ( 'NONE', *, *, #818, .F. ) ;
#1452 = CC_DESIGN_SECURITY_CLASSIFICATION ( #1098, ( #5696 ) ) ;
#1453 = CARTESIAN_POINT ( 'NONE',  ( -5.700000000000000178, 2.602085213965210642E-17, 7.500000000000000000 ) ) ;
#1454 = ORIENTED_EDGE ( 'NONE', *, *, #1985, .F. ) ;
#1455 = CARTESIAN_POINT ( 'NONE',  ( -6.000000000000000000, 2.976241257803344422E-16, 5.700000000000001066 ) ) ;
#1456 = AXIS2_PLACEMENT_3D ( 'NONE', #1775, #3904, #426 ) ;
#1457 = VERTEX_POINT ( 'NONE', #2720 ) ;
#1458 = ORIENTED_EDGE ( 'NONE', *, *, #2174, .F. ) ;
#1459 = DIRECTION ( 'NONE',  ( 0.0000000000000000000, 0.0000000000000000000, -1.000000000000000000 ) ) ;
#1460 = DIRECTION ( 'NONE',  ( 1.000000000000000000, 0.0000000000000000000, 0.0000000000000000000 ) ) ;
#1461 = DIRECTION ( 'NONE',  ( 8.673617379884036705E-17, 1.000000000000000000, 0.0000000000000000000 ) ) ;
#1462 = AXIS2_PLACEMENT_3D ( 'NONE', #1702, #259, #2916 ) ;
#1463 = EDGE_LOOP ( 'NONE', ( #1609, #3160, #3930, #2805, #412 ) ) ;
#1464 = AXIS2_PLACEMENT_3D ( 'NONE', #4214, #659, #1596 ) ;
#1465 = EDGE_CURVE ( 'NONE', #1302, #2846, #150, .T. ) ;
#1466 = ORIENTED_EDGE ( 'NONE', *, *, #3703, .T. ) ;
#1467 = LINE ( 'NONE', #4471, #5360 ) ;
#1468 = ORIENTED_EDGE ( 'NONE', *, *, #5657, .F. ) ;
#1469 = ORIENTED_EDGE ( 'NONE', *, *, #1740, .F. ) ;
#1470 = VECTOR ( 'NONE', #564, 1000.000000000000000 ) ;
#1471 = ADVANCED_FACE ( 'NONE', ( #4691 ), #1639, .T. ) ;
#1472 = ORIENTED_EDGE ( 'NONE', *, *, #5519, .T. ) ;
#1473 = DIRECTION ( 'NONE',  ( 1.000000000000000000, 8.673617379884035472E-17, -0.0000000000000000000 ) ) ;
#1474 = VECTOR ( 'NONE', #1676, 1000.000000000000000 ) ;
#1475 = CC_DESIGN_DATE_AND_TIME_ASSIGNMENT ( #616, #3459, ( #79 ) ) ;
#1476 = CARTESIAN_POINT ( 'NONE',  ( 0.8914213562373092259, -2.891421356237308782, 4.658578643762687044 ) ) ;
#1477 = CARTESIAN_POINT ( 'NONE',  ( 5.999999999999999112, -8.000000000000000000, 7.500000000000000000 ) ) ;
#1478 = DIRECTION ( 'NONE',  ( -7.375650828688862849E-33, 8.503546450866702047E-17, -1.000000000000000000 ) ) ;
#1479 = EDGE_LOOP ( 'NONE', ( #5468, #578, #2713, #2671 ) ) ;
#1480 = DATE_TIME_ROLE ( 'classification_date' ) ;
#1481 = CIRCLE ( 'NONE', #248, 0.4999999999999995559 ) ;
#1482 = CARTESIAN_POINT ( 'NONE',  ( -4.899999999999999467, 9.540979117872439019E-17, 0.0000000000000000000 ) ) ;
#1483 = AXIS2_PLACEMENT_3D ( 'NONE', #2197, #3509, #3961 ) ;
#1484 = APPROVAL_DATE_TIME ( #2424, #5380 ) ;
#1485 = ORIENTED_EDGE ( 'NONE', *, *, #4744, .F. ) ;
#1486 =( BOUNDED_CURVE ( )  B_SPLINE_CURVE ( 3, ( #5176, #2513, #2072, #5041 ),
 .UNSPECIFIED., .F., .F. ) 
 B_SPLINE_CURVE_WITH_KNOTS ( ( 4, 4 ),
 ( 5.497787143782138841, 6.283185307179586232 ),
 .UNSPECIFIED. ) 
 CURVE ( )  GEOMETRIC_REPRESENTATION_ITEM ( )  RATIONAL_B_SPLINE_CURVE ( ( 1.000000000000000000, 0.9492530216741912330, 0.9492530216741912330, 1.000000000000000000 ) ) 
 REPRESENTATION_ITEM ( '' )  );
#1487 = CARTESIAN_POINT ( 'NONE',  ( 13.56998389129173965, 2.509090909090916810, 5.700000000000001066 ) ) ;
#1488 = FACE_OUTER_BOUND ( 'NONE', #5068, .T. ) ;
#1489 = CC_DESIGN_PERSON_AND_ORGANIZATION_ASSIGNMENT ( #3169, #3636, ( #1202 ) ) ;
#1490 = DIRECTION ( 'NONE',  ( 0.0000000000000000000, 1.000000000000000000, 0.0000000000000000000 ) ) ;
#1491 = EDGE_CURVE ( 'NONE', #320, #1762, #4557, .T. ) ;
#1492 = CARTESIAN_POINT ( 'NONE',  ( 0.0000000000000000000, 0.0000000000000000000, -8.933335432157942790 ) ) ;
#1493 = CARTESIAN_POINT ( 'NONE',  ( -8.800000000000002487, -9.999999999999998224, 5.500000000000000000 ) ) ;
#1494 = FACE_OUTER_BOUND ( 'NONE', #3905, .T. ) ;
#1495 = ADVANCED_FACE ( 'NONE', ( #864 ), #4400, .T. ) ;
#1496 = CARTESIAN_POINT ( 'NONE',  ( -8.800000000000002487, -9.999999999999998224, 5.500000000000000000 ) ) ;
#1497 = CARTESIAN_POINT ( 'NONE',  ( 5.699999999999999289, -6.599999999999999645, 9.199999999999999289 ) ) ;
#1498 = PERSON_AND_ORGANIZATION ( #1600, #2760 ) ;
#1499 = ITEM_DEFINED_TRANSFORMATION ( 'NONE', 'NONE', #3371,  #566 ) ;
#1500 = FACE_OUTER_BOUND ( 'NONE', #5232, .T. ) ;
#1501 = DIRECTION ( 'NONE',  ( -8.673617379884035472E-17, -1.000000000000000000, 0.0000000000000000000 ) ) ;
#1502 = ORIENTED_EDGE ( 'NONE', *, *, #2912, .T. ) ;
#1503 = CARTESIAN_POINT ( 'NONE',  ( 0.0000000000000000000, 0.0000000000000000000, 2.100000000000000089 ) ) ;
#1504 = SECURITY_CLASSIFICATION ( '', '', #640 ) ;
#1505 = CALENDAR_DATE ( 2020, 24, 9 ) ;
#1506 = LINE ( 'NONE', #3402, #166 ) ;
#1507 = CARTESIAN_POINT ( 'NONE',  ( -8.800000000000002487, -7.999999999999998224, 6.000000000000003553 ) ) ;
#1508 = ORIENTED_EDGE ( 'NONE', *, *, #2324, .T. ) ;
#1509 = AXIS2_PLACEMENT_3D ( 'NONE', #4552, #159, #3061 ) ;
#1510 = EDGE_CURVE ( 'NONE', #3069, #2161, #1940, .T. ) ;
#1511 = AXIS2_PLACEMENT_3D ( 'NONE', #1557, #3323, #4114 ) ;
#1512 = ORIENTED_EDGE ( 'NONE', *, *, #1392, .T. ) ;
#1513 = ORIENTED_EDGE ( 'NONE', *, *, #428, .T. ) ;
#1514 = ORIENTED_EDGE ( 'NONE', *, *, #4757, .T. ) ;
#1515 = DIRECTION ( 'NONE',  ( 1.000000000000000000, 0.0000000000000000000, 0.0000000000000000000 ) ) ;
#1516 = FACE_OUTER_BOUND ( 'NONE', #292, .T. ) ;
#1517 = ADVANCED_FACE ( 'NONE', ( #3443 ), #3188, .T. ) ;
#1518 = EDGE_CURVE ( 'NONE', #4253, #967, #3110, .T. ) ;
#1519 = APPROVAL_DATE_TIME ( #2726, #2507 ) ;
#1520 = ORIENTED_EDGE ( 'NONE', *, *, #1688, .T. ) ;
#1521 = ORIENTED_EDGE ( 'NONE', *, *, #444, .T. ) ;
#1522 = AXIS2_PLACEMENT_3D ( 'NONE', #4480, #5353, #998 ) ;
#1523 = ADVANCED_FACE ( 'NONE', ( #5650, #3569, #1086, #5581, #650, #5450, #1219 ), #4032, .T. ) ;
#1524 = DIRECTION ( 'NONE',  ( -8.673617379884035472E-17, 1.000000000000000000, 0.0000000000000000000 ) ) ;
#1525 = DATE_AND_TIME ( #2731, #686 ) ;
#1526 = ORIENTED_EDGE ( 'NONE', *, *, #2026, .T. ) ;
#1527 = EDGE_CURVE ( 'NONE', #969, #3998, #4623, .T. ) ;
#1528 = VERTEX_POINT ( 'NONE', #4124 ) ;
#1529 = AXIS2_PLACEMENT_3D ( 'NONE', #2274, #2656, #396 ) ;
#1531 = VERTEX_POINT ( 'NONE', #1487 ) ;
#1530 = CARTESIAN_POINT ( 'NONE',  ( -0.7500000000000003331, 2.750000000000000888, 5.100000000000000533 ) ) ;
#1532 = CIRCLE ( 'NONE', #3644, 0.1999999999999996503 ) ;
#1533 = VERTEX_POINT ( 'NONE', #255 ) ;
#1534 = DIRECTION ( 'NONE',  ( 0.0000000000000000000, 1.000000000000000000, 0.0000000000000000000 ) ) ;
#1535 = EDGE_CURVE ( 'NONE', #912, #3022, #4098, .T. ) ;
#1536 = VERTEX_POINT ( 'NONE', #1651 ) ;
#1537 = VECTOR ( 'NONE', #2767, 1000.000000000000000 ) ;
#1538 = DIRECTION ( 'NONE',  ( -0.0000000000000000000, -0.0000000000000000000, -1.000000000000000000 ) ) ;
#1539 = CARTESIAN_POINT ( 'NONE',  ( -8.199999999999999289, -5.000000000000001776, -8.933335432157942790 ) ) ;
#1540 = CIRCLE ( 'NONE', #3669, 1.200000000000002176 ) ;
#1541 = DIRECTION ( 'NONE',  ( 0.0000000000000000000, 0.0000000000000000000, 1.000000000000000000 ) ) ;
#1542 = EDGE_LOOP ( 'NONE', ( #1074, #3522, #5359, #5120 ) ) ;
#1543 = DIRECTION ( 'NONE',  ( 0.0000000000000000000, 0.0000000000000000000, 1.000000000000000000 ) ) ;
#1544 = DIRECTION ( 'NONE',  ( -0.0000000000000000000, 0.0000000000000000000, 1.000000000000000000 ) ) ;
#1545 = CONICAL_SURFACE ( 'NONE', #3462, 13.79999999999999893, 0.7853981633974396193 ) ;
#1546 = CIRCLE ( 'NONE', #3284, 1.600000000000000755 ) ;
#1547 = PLANE ( 'NONE',  #5290 ) ;
#1548 = DIRECTION ( 'NONE',  ( 7.771561172376095783E-16, 1.503766100577553754E-30, 1.000000000000000000 ) ) ;
#1549 = PLANE ( 'NONE',  #4224 ) ;
#1550 = COORDINATED_UNIVERSAL_TIME_OFFSET ( 1, 0, .AHEAD. ) ;
#1551 = LINE ( 'NONE', #3515, #3177 ) ;
#1552 = AXIS2_PLACEMENT_3D ( 'NONE', #1871, #4047, #988 ) ;
#1553 = LINE ( 'NONE', #4979, #1786 ) ;
#1554 = DIRECTION ( 'NONE',  ( -0.0000000000000000000, -0.0000000000000000000, -1.000000000000000000 ) ) ;
#1555 = ADVANCED_FACE ( 'NONE', ( #5105 ), #3977, .T. ) ;
#1556 = APPROVAL_STATUS ( 'not_yet_approved' ) ;
#1557 = CARTESIAN_POINT ( 'NONE',  ( 0.0000000000000000000, 0.0000000000000000000, 5.700000000000000178 ) ) ;
#1558 = LINE ( 'NONE', #4628, #4225 ) ;
#1559 = EDGE_LOOP ( 'NONE', ( #2319, #4080, #5024, #3934 ) ) ;
#1560 = CC_DESIGN_DATE_AND_TIME_ASSIGNMENT ( #326, #3147, ( #1098 ) ) ;
#1561 = CIRCLE ( 'NONE', #3889, 6.000000000000000000 ) ;
#1562 = EDGE_CURVE ( 'NONE', #3583, #417, #585, .T. ) ;
#1563 = VECTOR ( 'NONE', #5503, 1000.000000000000000 ) ;
#1564 = FACE_BOUND ( 'NONE', #5569, .T. ) ;
#1565 = PLANE ( 'NONE',  #3874 ) ;
#1566 = CARTESIAN_POINT ( 'NONE',  ( 8.764789001808651392, 1.545468781235683098, -8.933335432157942790 ) ) ;
#1567 = APPROVAL_PERSON_ORGANIZATION ( #2702, #148, #3307 ) ;
#1568 = VECTOR ( 'NONE', #3628, 1000.000000000000000 ) ;
#1569 = COORDINATED_UNIVERSAL_TIME_OFFSET ( 1, 0, .AHEAD. ) ;
#1570 = VERTEX_POINT ( 'NONE', #744 ) ;
#1571 = EDGE_CURVE ( 'NONE', #4325, #2987, #1558, .T. ) ;
#1572 = DIRECTION ( 'NONE',  ( 7.375650828688862849E-33, 8.503546450866702047E-17, -1.000000000000000000 ) ) ;
#1573 = APPLICATION_CONTEXT ( 'configuration controlled 3d designs of mechanical parts and assemblies' ) ;
#1574 = ITEM_DEFINED_TRANSFORMATION ( 'NONE', 'NONE', #4928,  #4389 ) ;
#1575 = DIRECTION ( 'NONE',  ( 0.0000000000000000000, 0.0000000000000000000, -1.000000000000000000 ) ) ;
#1576 = AXIS2_PLACEMENT_3D ( 'NONE', #99, #2921, #1113 ) ;
#1577 = ORIENTED_EDGE ( 'NONE', *, *, #533, .T. ) ;
#1578 = CARTESIAN_POINT ( 'NONE',  ( -9.700000000000002842, -0.7499999999999993339, 6.399999999999999467 ) ) ;
#1579 = EDGE_CURVE ( 'NONE', #1047, #2793, #1349, .T. ) ;
#1580 = CARTESIAN_POINT ( 'NONE',  ( -5.700000000000000178, -1.249999999999999334, 6.399999999999999467 ) ) ;
#1581 = ORIENTED_EDGE ( 'NONE', *, *, #5343, .F. ) ;
#1582 = ADVANCED_FACE ( 'NONE', ( #1632 ), #1203, .F. ) ;
#1583 = VECTOR ( 'NONE', #617, 1000.000000000000000 ) ;
#1584 = AXIS2_PLACEMENT_3D ( 'NONE', #1209, #2128, #2583 ) ;
#1585 = VERTEX_POINT ( 'NONE', #1151 ) ;
#1586 = EDGE_CURVE ( 'NONE', #1536, #5154, #2425, .T. ) ;
#1587 = ADVANCED_FACE ( 'NONE', ( #2286 ), #298, .T. ) ;
#1588 = ORIENTED_EDGE ( 'NONE', *, *, #3968, .F. ) ;
#1589 = CARTESIAN_POINT ( 'NONE',  ( -6.500000000000001776, -6.599999999999997868, 9.199999999999999289 ) ) ;
#1590 = DIRECTION ( 'NONE',  ( 7.375650828688862849E-33, -8.503546450866702047E-17, 1.000000000000000000 ) ) ;
#1591 = ORIENTED_EDGE ( 'NONE', *, *, #1579, .T. ) ;
#1592 = AXIS2_PLACEMENT_3D ( 'NONE', #2061, #5001, #5063 ) ;
#1593 = DIRECTION ( 'NONE',  ( -1.102578480493733312E-16, 1.000000000000000000, 0.0000000000000000000 ) ) ;
#1594 = ORIENTED_EDGE ( 'NONE', *, *, #560, .T. ) ;
#1595 = DIRECTION ( 'NONE',  ( -8.673617379884035472E-17, 1.000000000000000000, 0.0000000000000000000 ) ) ;
#1596 = DIRECTION ( 'NONE',  ( 1.000000000000000000, 0.0000000000000000000, 0.0000000000000000000 ) ) ;
#1597 =( NAMED_UNIT ( * ) PLANE_ANGLE_UNIT ( ) SI_UNIT ( $, .RADIAN. ) );
#1598 = CARTESIAN_POINT ( 'NONE',  ( -13.76665032449887072, -2.545454545454545858, -8.933335432157942790 ) ) ;
#1599 = DIRECTION ( 'NONE',  ( 8.673617379884036705E-17, 1.000000000000000000, -0.0000000000000000000 ) ) ;
#1600 = PERSON ( 'UNSPECIFIED', 'UNSPECIFIED', 'UNSPECIFIED', ('UNSPECIFIED'), ('UNSPECIFIED'), ('UNSPECIFIED') ) ;
#1601 = EDGE_CURVE ( 'NONE', #4652, #2578, #2633, .T. ) ;
#1602 = ORIENTED_EDGE ( 'NONE', *, *, #3694, .F. ) ;
#1603 = CARTESIAN_POINT ( 'NONE',  ( -5.999999999999999112, -10.00000000000000000, 9.199999999999999289 ) ) ;
#1604 = ORIENTED_EDGE ( 'NONE', *, *, #1975, .F. ) ;
#1605 = CYLINDRICAL_SURFACE ( 'NONE', #5421, 1.100000000000000311 ) ;
#1606 = DIRECTION ( 'NONE',  ( 1.000000000000000000, -8.673617379884035472E-17, -0.0000000000000000000 ) ) ;
#1607 = CARTESIAN_POINT ( 'NONE',  ( 7.199999999999999289, -6.000000000000001776, 5.900000000000005684 ) ) ;
#1608 = CC_DESIGN_DATE_AND_TIME_ASSIGNMENT ( #24, #3168, ( #3192 ) ) ;
#1609 = ORIENTED_EDGE ( 'NONE', *, *, #2317, .F. ) ;
#1610 = DIRECTION ( 'NONE',  ( 1.000000000000000000, -8.673617379884035472E-17, -0.0000000000000000000 ) ) ;
#1611 = EDGE_LOOP ( 'NONE', ( #3, #2231, #4193, #115 ) ) ;
#1612 = LINE ( 'NONE', #965, #3162 ) ;
#1613 = EDGE_LOOP ( 'NONE', ( #4083, #2219, #5071, #3825 ) ) ;
#1614 = DIRECTION ( 'NONE',  ( -1.000000000000000000, 0.0000000000000000000, 0.0000000000000000000 ) ) ;
#1615 = ORIENTED_EDGE ( 'NONE', *, *, #2083, .T. ) ;
#1616 = ADVANCED_FACE ( 'NONE', ( #2820 ), #5513, .F. ) ;
#1617 = DATE_TIME_ROLE ( 'classification_date' ) ;
#1618 = EDGE_CURVE ( 'NONE', #3365, #4165, #2211, .T. ) ;
#1619 = CIRCLE ( 'NONE', #5617, 1.600000000000001199 ) ;
#1620 = ORIENTED_EDGE ( 'NONE', *, *, #3829, .T. ) ;
#1621 = AXIS2_PLACEMENT_3D ( 'NONE', #180, #2458, #2475 ) ;
#1622 =( LENGTH_UNIT ( ) NAMED_UNIT ( * ) SI_UNIT ( .MILLI., .METRE. ) );
#1623 = CARTESIAN_POINT ( 'NONE',  ( -3.035766082959412415E-15, -8.673617379884035472E-16, -3.000000000000000000 ) ) ;
#1624 = ORIENTED_EDGE ( 'NONE', *, *, #4242, .F. ) ;
#1625 = ORIENTED_EDGE ( 'NONE', *, *, #3532, .T. ) ;
#1626 = LINE ( 'NONE', #5664, #3970 ) ;
#1627 = DATE_AND_TIME ( #3377, #373 ) ;
#1628 = DIRECTION ( 'NONE',  ( -1.000000000000000000, -1.776356839400250465E-15, 0.0000000000000000000 ) ) ;
#1629 = FACE_OUTER_BOUND ( 'NONE', #2778, .T. ) ;
#1630 = EDGE_CURVE ( 'NONE', #3011, #344, #2142, .T. ) ;
#1631 = LOCAL_TIME ( 7, 23, 42.00000000000000000, #2347 ) ;
#1632 = FACE_OUTER_BOUND ( 'NONE', #5501, .T. ) ;
#1633 = EDGE_LOOP ( 'NONE', ( #4125, #3593, #4028, #989, #2173, #466, #2027, #1769, #129, #4459, #4755 ) ) ;
#1634 = ADVANCED_FACE ( 'NONE', ( #4361 ), #76, .T. ) ;
#1635 = DIRECTION ( 'NONE',  ( 7.771561172376095783E-16, 1.503766100577553754E-30, 1.000000000000000000 ) ) ;
#1636 = DIRECTION ( 'NONE',  ( 8.503546450866702047E-17, 1.000000000000000000, 0.0000000000000000000 ) ) ;
#1637 = DIRECTION ( 'NONE',  ( 1.445602896647336550E-15, 1.000000000000000000, 0.0000000000000000000 ) ) ;
#1638 = CARTESIAN_POINT ( 'NONE',  ( 12.10000000000000142, 1.475130165737772679E-31, 5.700000000000000178 ) ) ;
#1639 = CYLINDRICAL_SURFACE ( 'NONE', #318, 5.700000000000000178 ) ;
#1640 = PERSON_AND_ORGANIZATION_ROLE ( 'creator' ) ;
#1641 = CARTESIAN_POINT ( 'NONE',  ( 0.9499999999999996225, 2.950000000000000622, 2.100000000000000089 ) ) ;
#1642 = COORDINATED_UNIVERSAL_TIME_OFFSET ( 1, 0, .AHEAD. ) ;
#1643 = DIRECTION ( 'NONE',  ( -1.000000000000000000, 0.0000000000000000000, 0.0000000000000000000 ) ) ;
#1644 = LINE ( 'NONE', #4766, #594 ) ;
#1645 = AXIS2_PLACEMENT_3D ( 'NONE', #1623, #268, #305 ) ;
#1646 = EDGE_CURVE ( 'NONE', #1840, #2269, #5443, .T. ) ;
#1647 = ADVANCED_FACE ( 'NONE', ( #1784 ), #4493, .F. ) ;
#1648 = DIRECTION ( 'NONE',  ( 0.0000000000000000000, 0.0000000000000000000, 1.000000000000000000 ) ) ;
#1649 = CALENDAR_DATE ( 2020, 24, 9 ) ;
#1650 = VECTOR ( 'NONE', #683, 1000.000000000000000 ) ;
#1651 = CARTESIAN_POINT ( 'NONE',  ( -6.000000000000000000, -0.7499999999999995559, 6.399999999999999467 ) ) ;
#1652 = FACE_OUTER_BOUND ( 'NONE', #4599, .T. ) ;
#1653 = ORIENTED_EDGE ( 'NONE', *, *, #4209, .F. ) ;
#1654 =( GEOMETRIC_REPRESENTATION_CONTEXT ( 3 ) GLOBAL_UNCERTAINTY_ASSIGNED_CONTEXT ( ( #10 ) ) GLOBAL_UNIT_ASSIGNED_CONTEXT ( ( #304, #2575, #2545 ) ) REPRESENTATION_CONTEXT ( 'NONE', 'WORKASPACE' ) );
#1655 = EDGE_LOOP ( 'NONE', ( #3819, #2750, #3009, #4587 ) ) ;
#1656 = EDGE_CURVE ( 'NONE', #2988, #4634, #1421, .T. ) ;
#1657 = CARTESIAN_POINT ( 'NONE',  ( 5.700000000000000178, -8.000000000000000000, 6.000000000000003553 ) ) ;
#1658 = DIRECTION ( 'NONE',  ( 1.000000000000000000, -8.673617379884035472E-17, -0.0000000000000000000 ) ) ;
#1659 = ORIENTED_EDGE ( 'NONE', *, *, #572, .T. ) ;
#1660 = AXIS2_PLACEMENT_3D ( 'NONE', #5243, #3211, #3175 ) ;
#1661 = DIRECTION ( 'NONE',  ( 1.000000000000000000, -8.673617379884036705E-17, 0.0000000000000000000 ) ) ;
#1662 =( NAMED_UNIT ( * ) PLANE_ANGLE_UNIT ( ) SI_UNIT ( $, .RADIAN. ) );
#1663 = DIRECTION ( 'NONE',  ( 0.0000000000000000000, 0.0000000000000000000, 1.000000000000000000 ) ) ;
#1664 = DIRECTION ( 'NONE',  ( 0.0000000000000000000, 1.000000000000000000, 0.0000000000000000000 ) ) ;
#1665 = EDGE_CURVE ( 'NONE', #2510, #4606, #5170, .T. ) ;
#1666 = ORIENTED_EDGE ( 'NONE', *, *, #3959, .T. ) ;
#1667 = DATE_AND_TIME ( #5604, #901 ) ;
#1668 = CARTESIAN_POINT ( 'NONE',  ( 0.0000000000000000000, 0.0000000000000000000, 7.500000000000000000 ) ) ;
#1669 = ORIENTED_EDGE ( 'NONE', *, *, #2689, .F. ) ;
#1670 = ORIENTED_EDGE ( 'NONE', *, *, #4905, .F. ) ;
#1671 = AXIS2_PLACEMENT_3D ( 'NONE', #5589, #3875, #5627 ) ;
#1672 = AXIS2_PLACEMENT_3D ( 'NONE', #2904, #5140, #1138 ) ;
#1673 = DESIGN_CONTEXT ( 'detailed design', #3499, 'design' ) ;
#1674 = ORIENTED_EDGE ( 'NONE', *, *, #855, .T. ) ;
#1675 = VECTOR ( 'NONE', #2833, 1000.000000000000000 ) ;
#1677 = VERTEX_POINT ( 'NONE', #1638 ) ;
#1676 = DIRECTION ( 'NONE',  ( 8.673617379884035472E-17, -1.000000000000000000, 0.0000000000000000000 ) ) ;
#1678 = CARTESIAN_POINT ( 'NONE',  ( 1.517883041479706208E-14, 0.0000000000000000000, 20.00000000000000000 ) ) ;
#1679 = APPROVAL ( #3516, 'UNKNOWN' ) ;
#1680 = ADVANCED_FACE ( 'NONE', ( #3375 ), #4131, .F. ) ;
#1681 = APPLICATION_PROTOCOL_DEFINITION ( 'international standard', 'config_control_design', 1994, #4692 ) ;
#1682 = VERTEX_POINT ( 'NONE', #4004 ) ;
#1683 = PERSON_AND_ORGANIZATION ( #1600, #2760 ) ;
#1684 = CARTESIAN_POINT ( 'NONE',  ( -9.700000000000002842, -2.749999999999999112, 5.899999999999998579 ) ) ;
#1685 = ORIENTED_EDGE ( 'NONE', *, *, #4185, .T. ) ;
#1686 = DIRECTION ( 'NONE',  ( 1.000000000000000000, 0.0000000000000000000, 0.0000000000000000000 ) ) ;
#1687 = LINE ( 'NONE', #78, #766 ) ;
#1688 = EDGE_CURVE ( 'NONE', #3364, #997, #516, .T. ) ;
#1689 = DIRECTION ( 'NONE',  ( 1.000000000000000000, 8.673617379884035472E-16, 0.0000000000000000000 ) ) ;
#1690 = CARTESIAN_POINT ( 'NONE',  ( -8.199999999999999289, -6.000000000000001776, -8.933335432157942790 ) ) ;
#1691 = ORIENTED_EDGE ( 'NONE', *, *, #3722, .F. ) ;
#1692 = DIRECTION ( 'NONE',  ( -0.0000000000000000000, -0.0000000000000000000, -1.000000000000000000 ) ) ;
#1693 = LINE ( 'NONE', #5573, #1771 ) ;
#1694 = CARTESIAN_POINT ( 'NONE',  ( 10.81665382639196515, 4.800000000000002487, 5.700000000000001066 ) ) ;
#1695 = DIRECTION ( 'NONE',  ( -1.000000000000000000, 0.0000000000000000000, 0.0000000000000000000 ) ) ;
#1696 = AXIS2_PLACEMENT_3D ( 'NONE', #2638, #1295, #4768 ) ;
#1697 = EDGE_CURVE ( 'NONE', #882, #4186, #647, .T. ) ;
#1698 = LOCAL_TIME ( 7, 23, 42.00000000000000000, #3629 ) ;
#1699 = VECTOR ( 'NONE', #4972, 1000.000000000000000 ) ;
#1700 = DIRECTION ( 'NONE',  ( -0.0000000000000000000, -0.0000000000000000000, -1.000000000000000000 ) ) ;
#1701 = CARTESIAN_POINT ( 'NONE',  ( -5.700000000000000178, 2.602085213965210642E-17, 7.500000000000000000 ) ) ;
#1702 = CARTESIAN_POINT ( 'NONE',  ( 0.0000000000000000000, 0.0000000000000000000, -8.933335432157942790 ) ) ;
#1703 = CARTESIAN_POINT ( 'NONE',  ( 5.299999999999999822, 6.490628035480971924E-16, 9.599999999999999645 ) ) ;
#1704 = PERSON_AND_ORGANIZATION_ROLE ( 'creator' ) ;
#1705 = EDGE_CURVE ( 'NONE', #3995, #535, #5031, .T. ) ;
#1706 = DIRECTION ( 'NONE',  ( -1.000000000000000000, 0.0000000000000000000, 0.0000000000000000000 ) ) ;
#1707 = VECTOR ( 'NONE', #1768, 1000.000000000000000 ) ;
#1708 = ORIENTED_EDGE ( 'NONE', *, *, #2489, .T. ) ;
#1709 = CARTESIAN_POINT ( 'NONE',  ( -5.999999999999999112, -6.987298334620740015, 7.500000000000000000 ) ) ;
#1710 = CIRCLE ( 'NONE', #1511, 12.10000000000000320 ) ;
#1711 = CARTESIAN_POINT ( 'NONE',  ( -11.91617381144772025, 2.101142949769862156, 9.199999999999999289 ) ) ;
#1712 = APPROVAL_DATE_TIME ( #5585, #538 ) ;
#1713 = AXIS2_PLACEMENT_3D ( 'NONE', #2766, #4428, #4844 ) ;
#1714 = EDGE_CURVE ( 'NONE', #2552, #5685, #581, .T. ) ;
#1715 = VECTOR ( 'NONE', #5302, 1000.000000000000000 ) ;
#1716 = EDGE_CURVE ( 'NONE', #5154, #2455, #2348, .T. ) ;
#1717 = ADVANCED_FACE ( 'NONE', ( #4293, #2761 ), #790, .T. ) ;
#1718 = DIRECTION ( 'NONE',  ( -0.0000000000000000000, -0.0000000000000000000, -1.000000000000000000 ) ) ;
#1719 = CARTESIAN_POINT ( 'NONE',  ( -0.3999999999999998002, -1.899999999999999911, 4.599999999999999645 ) ) ;
#1720 = CARTESIAN_POINT ( 'NONE',  ( -0.9499999999999996225, -2.949999999999999734, 4.599999999999996092 ) ) ;
#1721 = LOCAL_TIME ( 7, 23, 42.00000000000000000, #4045 ) ;
#1722 = VECTOR ( 'NONE', #3138, 1000.000000000000000 ) ;
#1723 = LINE ( 'NONE', #1839, #3850 ) ;
#1724 = DIRECTION ( 'NONE',  ( -1.000000000000000000, 0.0000000000000000000, 7.375650828688862849E-33 ) ) ;
#1725 = DIRECTION ( 'NONE',  ( 8.673617379884036705E-17, -1.000000000000000000, 0.0000000000000000000 ) ) ;
#1726 = AXIS2_PLACEMENT_3D ( 'NONE', #4350, #2145, #5137 ) ;
#1727 = DIRECTION ( 'NONE',  ( 0.0000000000000000000, 0.0000000000000000000, 1.000000000000000000 ) ) ;
#1728 = PERSON_AND_ORGANIZATION ( #1600, #2760 ) ;
#1729 = EDGE_CURVE ( 'NONE', #5060, #3364, #1626, .T. ) ;
#1730 = FACE_OUTER_BOUND ( 'NONE', #3491, .T. ) ;
#1731 = LOCAL_TIME ( 7, 23, 42.00000000000000000, #231 ) ;
#1732 = CARTESIAN_POINT ( 'NONE',  ( 1.517883041479706208E-14, 0.0000000000000000000, 20.00000000000000000 ) ) ;
#1733 = ORIENTED_EDGE ( 'NONE', *, *, #2965, .T. ) ;
#1734 = CARTESIAN_POINT ( 'NONE',  ( -5.299999999999999822, 0.0000000000000000000, 9.799999999999998934 ) ) ;
#1735 = CARTESIAN_POINT ( 'NONE',  ( 7.960204194457798435E-16, -6.500000000000000000, 8.949999999999999289 ) ) ;
#1736 = CARTESIAN_POINT ( 'NONE',  ( 0.0000000000000000000, 0.0000000000000000000, 5.900000000000005684 ) ) ;
#1737 = CC_DESIGN_SECURITY_CLASSIFICATION ( #5616, ( #1272 ) ) ;
#1738 = ORIENTED_EDGE ( 'NONE', *, *, #303, .F. ) ;
#1739 = ORIENTED_EDGE ( 'NONE', *, *, #4121, .F. ) ;
#1740 = EDGE_CURVE ( 'NONE', #1257, #39, #216, .T. ) ;
#1741 = ORIENTED_EDGE ( 'NONE', *, *, #2568, .T. ) ;
#1742 = LINE ( 'NONE', #4541, #1174 ) ;
#1743 = CARTESIAN_POINT ( 'NONE',  ( -6.000000000000000000, -1.249999999999999112, 6.399999999999999467 ) ) ;
#1744 = LOCAL_TIME ( 7, 23, 42.00000000000000000, #2390 ) ;
#1745 = AXIS2_PLACEMENT_3D ( 'NONE', #214, #139, #2401 ) ;
#1746 = VECTOR ( 'NONE', #3980, 1000.000000000000000 ) ;
#1747 = ORIENTED_EDGE ( 'NONE', *, *, #1885, .F. ) ;
#1748 = EDGE_CURVE ( 'NONE', #4075, #4090, #1551, .T. ) ;
#1749 = CONICAL_SURFACE ( 'NONE', #4776, 2.800000000000000266, 0.7853981633974386201 ) ;
#1750 = CARTESIAN_POINT ( 'NONE',  ( -5.700000000000000178, 2.602085213965210642E-17, -19.40231944897310612 ) ) ;
#1751 = CARTESIAN_POINT ( 'NONE',  ( 0.2999999999999969358, -5.676015213396086978E-16, -3.000000000000000444 ) ) ;
#1752 = VERTEX_POINT ( 'NONE', #3530 ) ;
#1753 = ADVANCED_FACE ( 'NONE', ( #4430 ), #3313, .F. ) ;
#1754 = APPROVAL_STATUS ( 'not_yet_approved' ) ;
#1755 = ORIENTED_EDGE ( 'NONE', *, *, #5111, .F. ) ;
#1756 = PRODUCT_DEFINITION ( 'UNKNOWN', '', #3417, #5502 ) ;
#1757 = DIRECTION ( 'NONE',  ( 0.0000000000000000000, 0.0000000000000000000, 1.000000000000000000 ) ) ;
#1758 = EDGE_LOOP ( 'NONE', ( #2318, #2480, #2647, #2871 ) ) ;
#1759 = CARTESIAN_POINT ( 'NONE',  ( -9.700000000000002842, -1.249999999999998890, 5.899999999999998579 ) ) ;
#1760 = ORIENTED_EDGE ( 'NONE', *, *, #4556, .T. ) ;
#1761 = DIRECTION ( 'NONE',  ( 0.0000000000000000000, 0.0000000000000000000, 1.000000000000000000 ) ) ;
#1762 = VERTEX_POINT ( 'NONE', #3455 ) ;
#1763 = DIRECTION ( 'NONE',  ( 1.000000000000000000, 0.0000000000000000000, 0.0000000000000000000 ) ) ;
#1764 = CARTESIAN_POINT ( 'NONE',  ( 6.000000000000000000, -1.250000000000000222, 6.399999999999999467 ) ) ;
#1765 = VECTOR ( 'NONE', #153, 999.9999999999998863 ) ;
#1766 = ORIENTED_EDGE ( 'NONE', *, *, #1714, .T. ) ;
#1767 = FACE_OUTER_BOUND ( 'NONE', #2940, .T. ) ;
#1768 = DIRECTION ( 'NONE',  ( -8.673617379884036705E-17, 1.000000000000000000, 0.0000000000000000000 ) ) ;
#1769 = ORIENTED_EDGE ( 'NONE', *, *, #3846, .T. ) ;
#1770 = CC_DESIGN_SECURITY_CLASSIFICATION ( #847, ( #5697 ) ) ;
#1771 = VECTOR ( 'NONE', #5175, 1000.000000000000000 ) ;
#1772 = PERSON_AND_ORGANIZATION_ROLE ( 'design_owner' ) ;
#1773 = ORIENTED_EDGE ( 'NONE', *, *, #5438, .T. ) ;
#1774 = VERTEX_POINT ( 'NONE', #4327 ) ;
#1775 = CARTESIAN_POINT ( 'NONE',  ( -10.34048140662818405, -1.823305865502773404, 9.199999999999999289 ) ) ;
#1776 = EDGE_CURVE ( 'NONE', #745, #5347, #4033, .T. ) ;
#1777 = CARTESIAN_POINT ( 'NONE',  ( -0.8914213562373096700, 2.891421356237310114, 4.658578643762686156 ) ) ;
#1778 = DIRECTION ( 'NONE',  ( -1.000000000000000000, -9.992007221626420697E-16, 0.0000000000000000000 ) ) ;
#1779 = ORIENTED_EDGE ( 'NONE', *, *, #3591, .T. ) ;
#1780 = CARTESIAN_POINT ( 'NONE',  ( -6.000000000000000000, 0.0000000000000000000, 5.899999999999998579 ) ) ;
#1781 = DIRECTION ( 'NONE',  ( -1.000000000000000000, 0.0000000000000000000, 0.0000000000000000000 ) ) ;
#1782 = AXIS2_PLACEMENT_3D ( 'NONE', #4328, #1727, #4348 ) ;
#1783 = EDGE_CURVE ( 'NONE', #3139, #3744, #5638, .T. ) ;
#1784 = FACE_OUTER_BOUND ( 'NONE', #3097, .T. ) ;
#1785 = ORIENTED_EDGE ( 'NONE', *, *, #1021, .F. ) ;
#1786 = VECTOR ( 'NONE', #2840, 1000.000000000000000 ) ;
#1787 = AXIS2_PLACEMENT_3D ( 'NONE', #4318, #1243, #379 ) ;
#1788 = CARTESIAN_POINT ( 'NONE',  ( 0.7500000000000004441, -2.949999999999999734, 4.599999999999996092 ) ) ;
#1789 = CARTESIAN_POINT ( 'NONE',  ( 5.699999999999999289, -8.000000000000000000, -19.40231944897310612 ) ) ;
#1790 = PERSON_AND_ORGANIZATION_ROLE ( 'classification_officer' ) ;
#1791 = EDGE_CURVE ( 'NONE', #1774, #1227, #436, .T. ) ;
#1792 = DIRECTION ( 'NONE',  ( 1.000000000000000000, 0.0000000000000000000, 0.0000000000000000000 ) ) ;
#1793 = CARTESIAN_POINT ( 'NONE',  ( 6.500000000000001776, -4.900000000000001243, 7.500000000000000000 ) ) ;
#1794 = LINE ( 'NONE', #1252, #2431 ) ;
#1795 = DIRECTION ( 'NONE',  ( -0.0000000000000000000, -0.0000000000000000000, -1.000000000000000000 ) ) ;
#1796 = VECTOR ( 'NONE', #604, 1000.000000000000000 ) ;
#1797 = APPROVAL ( #752, 'UNSPECIFIED' ) ;
#1798 = LOCAL_TIME ( 7, 23, 42.00000000000000000, #725 ) ;
#1799 = ADVANCED_FACE ( 'NONE', ( #940 ), #1145, .T. ) ;
#1800 = CIRCLE ( 'NONE', #804, 5.299999999999999822 ) ;
#1801 = CALENDAR_DATE ( 2020, 24, 9 ) ;
#1802 = CARTESIAN_POINT ( 'NONE',  ( -6.100000000000000533, -4.899999999999998579, 7.500000000000000000 ) ) ;
#1803 = CIRCLE ( 'NONE', #1124, 0.4000000000000001887 ) ;
#1804 = AXIS2_PLACEMENT_3D ( 'NONE', #2095, #3432, #4252 ) ;
#1805 = PERSON_AND_ORGANIZATION ( #1043, #2163 ) ;
#1806 = DIRECTION ( 'NONE',  ( 1.000000000000000000, 0.0000000000000000000, 0.0000000000000000000 ) ) ;
#1807 = FACE_OUTER_BOUND ( 'NONE', #492, .T. ) ;
#1808 = DIRECTION ( 'NONE',  ( 0.7071067811865414665, 0.0000000000000000000, -0.7071067811865536790 ) ) ;
#1809 = VERTEX_POINT ( 'NONE', #386 ) ;
#1810 = VERTEX_POINT ( 'NONE', #4025 ) ;
#1811 = CARTESIAN_POINT ( 'NONE',  ( 13.79999999999999893, 8.655248140943832100E-48, 5.700000000000001066 ) ) ;
#1812 = AXIS2_PLACEMENT_3D ( 'NONE', #5522, #3057, #5225 ) ;
#1813 = DIRECTION ( 'NONE',  ( -0.0000000000000000000, -0.0000000000000000000, 1.000000000000000000 ) ) ;
#1814 = FACE_OUTER_BOUND ( 'NONE', #3535, .T. ) ;
#1815 = LOCAL_TIME ( 7, 23, 42.00000000000000000, #3939 ) ;
#1816 = ORIENTED_EDGE ( 'NONE', *, *, #3925, .F. ) ;
#1817 = EDGE_LOOP ( 'NONE', ( #4478, #2885, #573, #5520 ) ) ;
#1818 = CC_DESIGN_APPROVAL ( #5518, ( #4319 ) ) ;
#1819 = APPROVAL_DATE_TIME ( #3668, #50 ) ;
#1820 = EDGE_CURVE ( 'NONE', #5352, #4165, #3239, .T. ) ;
#1821 = LINE ( 'NONE', #3543, #325 ) ;
#1822 = ORIENTED_EDGE ( 'NONE', *, *, #1206, .F. ) ;
#1823 = ORIENTED_EDGE ( 'NONE', *, *, #1601, .F. ) ;
#1824 = DIRECTION ( 'NONE',  ( 1.000000000000000000, 0.0000000000000000000, 0.0000000000000000000 ) ) ;
#1825 = LINE ( 'NONE', #3730, #3140 ) ;
#1826 = VERTEX_POINT ( 'NONE', #2432 ) ;
#1827 = EDGE_CURVE ( 'NONE', #1894, #544, #1998, .T. ) ;
#1828 = CARTESIAN_POINT ( 'NONE',  ( -13.76665032449887072, -2.545454545454545858, 5.900000000000005684 ) ) ;
#1829 = CARTESIAN_POINT ( 'NONE',  ( 0.0000000000000000000, 0.0000000000000000000, 9.199999999999999289 ) ) ;
#1830 = ADVANCED_FACE ( 'NONE', ( #3913 ), #852, .T. ) ;
#1831 = APPROVAL_ROLE ( '' ) ;
#1832 = ORIENTED_EDGE ( 'NONE', *, *, #2764, .T. ) ;
#1833 = DIRECTION ( 'NONE',  ( -0.0000000000000000000, 1.000000000000000000, -0.0000000000000000000 ) ) ;
#1834 = PERSON_AND_ORGANIZATION ( #1600, #2760 ) ;
#1835 = LINE ( 'NONE', #3282, #557 ) ;
#1836 = ORIENTED_EDGE ( 'NONE', *, *, #1688, .F. ) ;
#1837 = CARTESIAN_POINT ( 'NONE',  ( 6.999999999999997335, -10.00000000000000000, 5.700000000000000178 ) ) ;
#1838 = EDGE_CURVE ( 'NONE', #1682, #4870, #3637, .T. ) ;
#1839 = CARTESIAN_POINT ( 'NONE',  ( 5.699999999999999289, -10.00000000000000000, -19.40231944897310612 ) ) ;
#1840 = VERTEX_POINT ( 'NONE', #1143 ) ;
#1841 = SHAPE_DEFINITION_REPRESENTATION ( #5320, #5210 ) ;
#1842 = APPROVAL_STATUS ( 'not_yet_approved' ) ;
#1843 = ORIENTED_EDGE ( 'NONE', *, *, #2674, .F. ) ;
#1844 = CONICAL_SURFACE ( 'NONE', #1165, 2.799999999999997158, 0.7853981633974418397 ) ;
#1845 = ADVANCED_FACE ( 'NONE', ( #2074 ), #4220, .T. ) ;
#1846 = DIRECTION ( 'NONE',  ( 0.0000000000000000000, 0.0000000000000000000, 1.000000000000000000 ) ) ;
#1847 = CARTESIAN_POINT ( 'NONE',  ( 6.500000000000001776, -4.900000000000001243, 9.199999999999999289 ) ) ;
#1848 = DATE_AND_TIME ( #5361, #1721 ) ;
#1849 = ORIENTED_EDGE ( 'NONE', *, *, #3047, .T. ) ;
#1850 = ORIENTED_EDGE ( 'NONE', *, *, #4363, .F. ) ;
#1851 = FACE_OUTER_BOUND ( 'NONE', #4681, .T. ) ;
#1852 = LINE ( 'NONE', #4346, #4019 ) ;
#1853 = EDGE_CURVE ( 'NONE', #2025, #258, #5101, .T. ) ;
#1854 = EDGE_LOOP ( 'NONE', ( #517, #5545, #2927, #3029, #92 ) ) ;
#1855 = EDGE_LOOP ( 'NONE', ( #4802, #4133, #3902, #3962 ) ) ;
#1856 = CARTESIAN_POINT ( 'NONE',  ( -8.199999999999999289, -6.000000000000001776, 5.700000000000000178 ) ) ;
#1857 = EDGE_LOOP ( 'NONE', ( #2541, #5025, #2721, #3227, #5121, #2180 ) ) ;
#1858 = SECURITY_CLASSIFICATION_LEVEL ( 'unclassified' ) ;
#1859 = DIRECTION ( 'NONE',  ( -0.0000000000000000000, 0.0000000000000000000, -1.000000000000000000 ) ) ;
#1860 = FACE_OUTER_BOUND ( 'NONE', #5490, .T. ) ;
#1861 = PLANE ( 'NONE',  #3357 ) ;
#1862 = EDGE_CURVE ( 'NONE', #2946, #1277, #5303, .T. ) ;
#1863 = CARTESIAN_POINT ( 'NONE',  ( -7.199999999999999289, -6.000000000000001776, 5.900000000000005684 ) ) ;
#1864 = FACE_OUTER_BOUND ( 'NONE', #5466, .T. ) ;
#1865 = CARTESIAN_POINT ( 'NONE',  ( -5.999999999999999112, -10.00000000000000000, 9.199999999999999289 ) ) ;
#1866 = CARTESIAN_POINT ( 'NONE',  ( 6.000000000000000000, -1.250000000000000222, 6.399999999999999467 ) ) ;
#1867 = ORIENTED_EDGE ( 'NONE', *, *, #4818, .T. ) ;
#1868 = ADVANCED_FACE ( 'NONE', ( #4754 ), #4096, .T. ) ;
#1869 = CARTESIAN_POINT ( 'NONE',  ( 0.4000000000000002442, -1.899999999999999911, 4.599999999999999645 ) ) ;
#1870 = LINE ( 'NONE', #937, #2756 ) ;
#1871 = CARTESIAN_POINT ( 'NONE',  ( -6.000000000000000000, -2.749999999999999556, 6.399999999999999467 ) ) ;
#1872 = EDGE_CURVE ( 'NONE', #4075, #31, #715, .T. ) ;
#1873 = FACE_OUTER_BOUND ( 'NONE', #2968, .T. ) ;
#1874 = CARTESIAN_POINT ( 'NONE',  ( 5.699999999999999289, -9.999999999999984013, 6.900000000000003020 ) ) ;
#1875 = CARTESIAN_POINT ( 'NONE',  ( -9.700000000000002842, -1.249999999999998890, 6.399999999999999467 ) ) ;
#1876 = ADVANCED_FACE ( 'NONE', ( #1928 ), #1545, .T. ) ;
#1877 = VECTOR ( 'NONE', #1347, 1000.000000000000000 ) ;
#1878 = DIRECTION ( 'NONE',  ( 0.0000000000000000000, 0.0000000000000000000, 1.000000000000000000 ) ) ;
#1879 = CYLINDRICAL_SURFACE ( 'NONE', #1576, 0.5999999999999999778 ) ;
#1880 = CARTESIAN_POINT ( 'NONE',  ( 0.0000000000000000000, 0.0000000000000000000, 0.0000000000000000000 ) ) ;
#1881 = CARTESIAN_POINT ( 'NONE',  ( 10.81665382639196693, -5.000000000000001776, 5.900000000000005684 ) ) ;
#1882 = CARTESIAN_POINT ( 'NONE',  ( -5.999999999999999112, -10.00000000000000000, 0.0000000000000000000 ) ) ;
#1883 = CALENDAR_DATE ( 2020, 24, 9 ) ;
#1884 = ORIENTED_EDGE ( 'NONE', *, *, #2351, .T. ) ;
#1885 = EDGE_CURVE ( 'NONE', #2444, #1677, #5228, .T. ) ;
#1886 = CARTESIAN_POINT ( 'NONE',  ( -10.34048140662818405, 1.823305865502771184, 5.700000000000001954 ) ) ;
#1887 = CARTESIAN_POINT ( 'NONE',  ( -4.899999999999999467, 9.540979117872439019E-17, 0.2999999999999999889 ) ) ;
#1888 = DIRECTION ( 'NONE',  ( 0.0000000000000000000, 0.0000000000000000000, -1.000000000000000000 ) ) ;
#1889 = ORIENTED_EDGE ( 'NONE', *, *, #2009, .F. ) ;
#1890 = CIRCLE ( 'NONE', #2244, 0.4999999999999995559 ) ;
#1891 = APPROVAL_PERSON_ORGANIZATION ( #3269, #4306, #3092 ) ;
#1892 = DIRECTION ( 'NONE',  ( -0.7071067811865487940, -7.796407203474797709E-17, 0.7071067811865462405 ) ) ;
#1893 = ADVANCED_FACE ( 'NONE', ( #3106 ), #3368, .F. ) ;
#1894 = VERTEX_POINT ( 'NONE', #5527 ) ;
#1895 = LOCAL_TIME ( 7, 23, 42.00000000000000000, #2385 ) ;
#1896 = DIRECTION ( 'NONE',  ( 0.0000000000000000000, 0.0000000000000000000, 1.000000000000000000 ) ) ;
#1897 = VERTEX_POINT ( 'NONE', #289 ) ;
#1898 = AXIS2_PLACEMENT_3D ( 'NONE', #119, #1982, #1077 ) ;
#1899 = CARTESIAN_POINT ( 'NONE',  ( 6.000000000000000000, 0.0000000000000000000, 5.700000000000000178 ) ) ;
#1900 = CARTESIAN_POINT ( 'NONE',  ( -0.7499999999999996669, -2.949999999999999734, 4.599999999999996092 ) ) ;
#1901 = ORIENTED_EDGE ( 'NONE', *, *, #4811, .F. ) ;
#1902 = CARTESIAN_POINT ( 'NONE',  ( -8.800000000000002487, -7.999999999999998224, 7.500000000000000000 ) ) ;
#1903 = EDGE_CURVE ( 'NONE', #4660, #4767, #2203, .T. ) ;
#1904 = DIRECTION ( 'NONE',  ( 7.771561172376096769E-16, 4.930380657631516462E-32, -1.000000000000000000 ) ) ;
#1905 = ORIENTED_EDGE ( 'NONE', *, *, #2646, .T. ) ;
#1906 = ORIENTED_EDGE ( 'NONE', *, *, #38, .F. ) ;
#1907 = CC_DESIGN_PERSON_AND_ORGANIZATION_ASSIGNMENT ( #1683, #4231, ( #2882 ) ) ;
#1908 = EDGE_CURVE ( 'NONE', #3868, #2960, #5574, .T. ) ;
#1909 = ORIENTED_EDGE ( 'NONE', *, *, #3975, .F. ) ;
#1910 = LINE ( 'NONE', #5271, #419 ) ;
#1911 = DIRECTION ( 'NONE',  ( 8.673617379884035472E-17, 1.000000000000000000, 0.0000000000000000000 ) ) ;
#1912 = ORIENTED_EDGE ( 'NONE', *, *, #4629, .F. ) ;
#1913 = CC_DESIGN_APPROVAL ( #425, ( #79 ) ) ;
#1914 = DIRECTION ( 'NONE',  ( 0.0000000000000000000, 0.0000000000000000000, 1.000000000000000000 ) ) ;
#1915 = CARTESIAN_POINT ( 'NONE',  ( -4.899999999999999467, 0.0000000000000000000, 1.100000000000000311 ) ) ;
#1916 = ORIENTED_EDGE ( 'NONE', *, *, #4185, .F. ) ;
#1917 = LINE ( 'NONE', #947, #702 ) ;
#1918 = EDGE_CURVE ( 'NONE', #1536, #2409, #3171, .T. ) ;
#1919 = CARTESIAN_POINT ( 'NONE',  ( -4.899999999999998579, -10.00000000000000000, 0.3000000000000016542 ) ) ;
#1920 = APPLICATION_PROTOCOL_DEFINITION ( 'international standard', 'config_control_design', 1994, #101 ) ;
#1921 = ORIENTED_EDGE ( 'NONE', *, *, #2909, .T. ) ;
#1922 = EDGE_LOOP ( 'NONE', ( #3537, #4959, #5492, #1130 ) ) ;
#1923 = PLANE ( 'NONE',  #4626 ) ;
#1924 = EDGE_LOOP ( 'NONE', ( #4813, #5633, #3469, #5417 ) ) ;
#1925 = DIRECTION ( 'NONE',  ( 0.0000000000000000000, 0.0000000000000000000, -1.000000000000000000 ) ) ;
#1926 = ORGANIZATION ( 'NAUO-ORG8', 'UNSPECIFIED', 'UNSPECIFIED' ) ;
#1927 = CIRCLE ( 'NONE', #2798, 0.8000000000000000444 ) ;
#1928 = FACE_OUTER_BOUND ( 'NONE', #4740, .T. ) ;
#1929 = LINE ( 'NONE', #4250, #2490 ) ;
#1930 = CC_DESIGN_PERSON_AND_ORGANIZATION_ASSIGNMENT ( #1805, #960, ( #2881 ) ) ;
#1931 = AXIS2_PLACEMENT_3D ( 'NONE', #5287, #61, #4823 ) ;
#1932 = CARTESIAN_POINT ( 'NONE',  ( 0.0000000000000000000, 0.0000000000000000000, 5.700000000000000178 ) ) ;
#1933 = CARTESIAN_POINT ( 'NONE',  ( -5.999999999999999112, -10.00000000000000000, 7.500000000000000000 ) ) ;
#1934 = EDGE_CURVE ( 'NONE', #4634, #365, #5508, .T. ) ;
#1935 = CARTESIAN_POINT ( 'NONE',  ( 0.0000000000000000000, -2.449999999999997957, 5.100000000000000533 ) ) ;
#1936 = CARTESIAN_POINT ( 'NONE',  ( -4.899999999999998579, -10.00000000000000000, 1.100000000000000311 ) ) ;
#1937 = ADVANCED_FACE ( 'NONE', ( #1860 ), #4550, .F. ) ;
#1938 = AXIS2_PLACEMENT_3D ( 'NONE', #5108, #5093, #5131 ) ;
#1939 = DIRECTION ( 'NONE',  ( -1.000000000000000000, 0.0000000000000000000, 0.0000000000000000000 ) ) ;
#1940 = CIRCLE ( 'NONE', #3598, 4.899999999999999467 ) ;
#1941 = EDGE_CURVE ( 'NONE', #2574, #3759, #210, .T. ) ;
#1942 = AXIS2_PLACEMENT_3D ( 'NONE', #5147, #4851, #886 ) ;
#1943 = FACE_OUTER_BOUND ( 'NONE', #3203, .T. ) ;
#1944 = LOCAL_TIME ( 7, 23, 42.00000000000000000, #880 ) ;
#1945 = CIRCLE ( 'NONE', #4360, 0.1999999999999999833 ) ;
#1946 = DIRECTION ( 'NONE',  ( 1.000000000000000000, 0.0000000000000000000, 0.0000000000000000000 ) ) ;
#1947 = ORIENTED_EDGE ( 'NONE', *, *, #3010, .F. ) ;
#1948 = CARTESIAN_POINT ( 'NONE',  ( -0.9499999999999996225, -2.949999999999999734, 5.100000000000000533 ) ) ;
#1949 = PRODUCT_DEFINITION_FORMATION_WITH_SPECIFIED_SOURCE ( 'ANY', '', #199, .NOT_KNOWN. ) ;
#1950 = CIRCLE ( 'NONE', #1216, 0.4999999999999995559 ) ;
#1951 = AXIS2_PLACEMENT_3D ( 'NONE', #98, #1896, #4464 ) ;
#1952 = CARTESIAN_POINT ( 'NONE',  ( 5.999999999999999112, -8.500000000000000000, 5.999999999999999112 ) ) ;
#1953 = DIRECTION ( 'NONE',  ( -1.000000000000000000, -9.992007221626420697E-16, -7.771561172376096769E-16 ) ) ;
#1954 = CARTESIAN_POINT ( 'NONE',  ( 5.999999999999999112, -8.500000000000000000, 5.999999999999999112 ) ) ;
#1955 = ORIENTED_EDGE ( 'NONE', *, *, #709, .F. ) ;
#1956 = CALENDAR_DATE ( 2020, 24, 9 ) ;
#1957 = ORIENTED_EDGE ( 'NONE', *, *, #1224, .F. ) ;
#1958 = ORIENTED_EDGE ( 'NONE', *, *, #2461, .T. ) ;
#1959 = FACE_BOUND ( 'NONE', #3366, .T. ) ;
#1960 = EDGE_CURVE ( 'NONE', #3632, #1257, #2418, .T. ) ;
#1961 = VERTEX_POINT ( 'NONE', #1163 ) ;
#1962 = DIRECTION ( 'NONE',  ( -0.0000000000000000000, 0.0000000000000000000, -1.000000000000000000 ) ) ;
#1963 = AXIS2_PLACEMENT_3D ( 'NONE', #375, #858, #3508 ) ;
#1964 = CARTESIAN_POINT ( 'NONE',  ( -5.700000000000000178, 2.602085213965210642E-17, 5.500000000000001776 ) ) ;
#1965 = COORDINATED_UNIVERSAL_TIME_OFFSET ( 1, 0, .AHEAD. ) ;
#1966 = PLANE ( 'NONE',  #1225 ) ;
#1967 = EDGE_CURVE ( 'NONE', #5154, #1809, #1140, .T. ) ;
#1968 = ORIENTED_EDGE ( 'NONE', *, *, #4446, .F. ) ;
#1969 = DIRECTION ( 'NONE',  ( 0.0000000000000000000, -1.000000000000000000, 0.0000000000000000000 ) ) ;
#1970 = DIRECTION ( 'NONE',  ( 0.0000000000000000000, 0.0000000000000000000, 1.000000000000000000 ) ) ;
#1971 = VERTEX_POINT ( 'NONE', #5106 ) ;
#1972 = CC_DESIGN_APPROVAL ( #148, ( #3923 ) ) ;
#1973 = ORIENTED_EDGE ( 'NONE', *, *, #4500, .F. ) ;
#1974 = FACE_BOUND ( 'NONE', #4377, .T. ) ;
#1975 = EDGE_CURVE ( 'NONE', #4848, #3407, #1073, .T. ) ;
#1976 = DIRECTION ( 'NONE',  ( -1.102578480493733312E-16, 1.000000000000000000, 0.0000000000000000000 ) ) ;
#1977 = ORIENTED_EDGE ( 'NONE', *, *, #3257, .T. ) ;
#1978 = ORIENTED_EDGE ( 'NONE', *, *, #5438, .F. ) ;
#1979 = VECTOR ( 'NONE', #1795, 1000.000000000000000 ) ;
#1980 = LINE ( 'NONE', #1364, #4605 ) ;
#1981 = CC_DESIGN_PERSON_AND_ORGANIZATION_ASSIGNMENT ( #1389, #2148, ( #4406 ) ) ;
#1982 = DIRECTION ( 'NONE',  ( 1.000000000000000000, -8.673617379884035472E-17, 0.0000000000000000000 ) ) ;
#1983 = DIRECTION ( 'NONE',  ( 7.771561172376095783E-16, 1.503766100577553754E-30, 1.000000000000000000 ) ) ;
#1984 = DIRECTION ( 'NONE',  ( 1.000000000000000000, -8.673617379884035472E-17, -0.0000000000000000000 ) ) ;
#1985 = EDGE_CURVE ( 'NONE', #1257, #3632, #364, .T. ) ;
#1986 = CARTESIAN_POINT ( 'NONE',  ( 0.9500000000000002887, -2.749999999999999556, 4.599999999999996092 ) ) ;
#1987 = CARTESIAN_POINT ( 'NONE',  ( -0.3000000000000029865, -1.130382550662774283E-15, -2.999999999999999556 ) ) ;
#1988 = ORIENTED_EDGE ( 'NONE', *, *, #3372, .F. ) ;
#1989 = VECTOR ( 'NONE', #1053, 999.9999999999998863 ) ;
#1990 = ADVANCED_FACE ( 'NONE', ( #4426 ), #70, .F. ) ;
#1991 = APPROVAL_ROLE ( '' ) ;
#1992 = PLANE ( 'NONE',  #1672 ) ;
#1993 = FACE_OUTER_BOUND ( 'NONE', #1611, .T. ) ;
#1994 = ORIENTED_EDGE ( 'NONE', *, *, #3539, .F. ) ;
#1995 = CC_DESIGN_DATE_AND_TIME_ASSIGNMENT ( #4777, #3190, ( #2045 ) ) ;
#1996 = DIRECTION ( 'NONE',  ( -1.000000000000000000, 0.0000000000000000000, 0.0000000000000000000 ) ) ;
#1997 = AXIS2_PLACEMENT_3D ( 'NONE', #755, #1661, #3882 ) ;
#1998 = CIRCLE ( 'NONE', #2886, 0.4000000000000001887 ) ;
#1999 = ORIENTED_EDGE ( 'NONE', *, *, #2689, .T. ) ;
#2000 = EDGE_CURVE ( 'NONE', #3588, #1134, #1343, .T. ) ;
#2001 = DIRECTION ( 'NONE',  ( 1.000000000000000000, 0.0000000000000000000, 0.0000000000000000000 ) ) ;
#2002 = CIRCLE ( 'NONE', #2293, 0.4999999999999995559 ) ;
#2003 = DIRECTION ( 'NONE',  ( -1.000000000000000000, -9.992007221626420697E-16, 0.0000000000000000000 ) ) ;
#2004 = CYLINDRICAL_SURFACE ( 'NONE', #438, 0.4999999999999995559 ) ;
#2005 = VECTOR ( 'NONE', #2579, 1000.000000000000000 ) ;
#2006 = AXIS2_PLACEMENT_3D ( 'NONE', #485, #4864, #542 ) ;
#2007 = DIRECTION ( 'NONE',  ( 1.000000000000000000, 9.992007221626420697E-16, 7.771561172376096769E-16 ) ) ;
#2008 = CARTESIAN_POINT ( 'NONE',  ( -6.000000000000000000, -4.512701665379258209, 7.500000000000000000 ) ) ;
#2009 = EDGE_CURVE ( 'NONE', #5291, #912, #1481, .T. ) ;
#2010 = CARTESIAN_POINT ( 'NONE',  ( 8.199999999999999289, -6.000000000000001776, 9.199999999999999289 ) ) ;
#2011 = VECTOR ( 'NONE', #2608, 1000.000000000000000 ) ;
#2012 = FACE_OUTER_BOUND ( 'NONE', #2035, .T. ) ;
#2013 = APPLICATION_PROTOCOL_DEFINITION ( 'international standard', 'config_control_design', 1994, #4532 ) ;
#2014 = AXIS2_PLACEMENT_3D ( 'NONE', #4039, #3265, #3687 ) ;
#2015 = CARTESIAN_POINT ( 'NONE',  ( 7.199999999999999289, -10.00000000000000000, 9.199999999999999289 ) ) ;
#2016 = VECTOR ( 'NONE', #2779, 1000.000000000000000 ) ;
#2017 = APPROVAL_PERSON_ORGANIZATION ( #4502, #4704, #4863 ) ;
#2018 = EDGE_CURVE ( 'NONE', #4759, #4650, #5637, .T. ) ;
#2019 = DIRECTION ( 'NONE',  ( 0.0000000000000000000, 0.0000000000000000000, 1.000000000000000000 ) ) ;
#2020 = LINE ( 'NONE', #4770, #4968 ) ;
#2021 = ORIENTED_EDGE ( 'NONE', *, *, #3591, .F. ) ;
#2022 = ADVANCED_FACE ( 'NONE', ( #1993 ), #5028, .T. ) ;
#2023 = DIRECTION ( 'NONE',  ( -0.0000000000000000000, -0.0000000000000000000, 1.000000000000000000 ) ) ;
#2024 = FACE_OUTER_BOUND ( 'NONE', #3528, .T. ) ;
#2025 = VERTEX_POINT ( 'NONE', #1709 ) ;
#2026 = EDGE_CURVE ( 'NONE', #4062, #3920, #4285, .T. ) ;
#2027 = ORIENTED_EDGE ( 'NONE', *, *, #602, .F. ) ;
#2028 = CARTESIAN_POINT ( 'NONE',  ( 0.3666666666666663077, -1.633333333333333748, 5.916666666666666963 ) ) ;
#2029 = CIRCLE ( 'NONE', #1246, 2.799999999999997602 ) ;
#2030 = CALENDAR_DATE ( 2020, 24, 9 ) ;
#2031 = VECTOR ( 'NONE', #1888, 1000.000000000000000 ) ;
#2032 = ORIENTED_EDGE ( 'NONE', *, *, #946, .F. ) ;
#2033 = CARTESIAN_POINT ( 'NONE',  ( 6.000000000000000000, -1.250000000000000222, 5.899999999999998579 ) ) ;
#2034 = CC_DESIGN_SECURITY_CLASSIFICATION ( #2627, ( #1949 ) ) ;
#2035 = EDGE_LOOP ( 'NONE', ( #643, #1513, #5150, #3545 ) ) ;
#2036 = DIRECTION ( 'NONE',  ( 0.0000000000000000000, 0.0000000000000000000, 1.000000000000000000 ) ) ;
#2037 = CARTESIAN_POINT ( 'NONE',  ( 0.0000000000000000000, 0.0000000000000000000, 9.599999999999999645 ) ) ;
#2038 = APPROVAL_DATE_TIME ( #4720, #5504 ) ;
#2039 = EDGE_LOOP ( 'NONE', ( #1199, #4805, #1035, #1264 ) ) ;
#2040 = PERSON_AND_ORGANIZATION ( #1600, #2760 ) ;
#2041 = CARTESIAN_POINT ( 'NONE',  ( -8.740481406628184402, -1.823305865502773404, 5.700000000000000178 ) ) ;
#2042 = ORIENTED_EDGE ( 'NONE', *, *, #4899, .F. ) ;
#2043 = DIRECTION ( 'NONE',  ( 0.0000000000000000000, 1.000000000000000000, 0.0000000000000000000 ) ) ;
#2044 = VERTEX_POINT ( 'NONE', #5648 ) ;
#2045 = SECURITY_CLASSIFICATION ( '', '', #5238 ) ;
#2046 = PERSON_AND_ORGANIZATION ( #1600, #2760 ) ;
#2047 = AXIS2_PLACEMENT_3D ( 'NONE', #4086, #4929, #4137 ) ;
#2048 = ORIENTED_EDGE ( 'NONE', *, *, #3414, .F. ) ;
#2049 = EDGE_CURVE ( 'NONE', #3076, #312, #4952, .T. ) ;
#2050 = ORIENTED_EDGE ( 'NONE', *, *, #1167, .T. ) ;
#2051 = CARTESIAN_POINT ( 'NONE',  ( 7.960204194457798435E-16, -6.500000000000000000, 8.949999999999999289 ) ) ;
#2052 = FACE_OUTER_BOUND ( 'NONE', #3453, .T. ) ;
#2054 = ORIENTED_EDGE ( 'NONE', *, *, #4200, .T. ) ;
#2053 = CARTESIAN_POINT ( 'NONE',  ( -6.000000000000000000, 0.0000000000000000000, 1.100000000000000311 ) ) ;
#2055 = CIRCLE ( 'NONE', #4491, 0.5000000000000004441 ) ;
#2056 = ADVANCED_FACE ( 'NONE', ( #999 ), #5437, .T. ) ;
#2057 = PERSON_AND_ORGANIZATION_ROLE ( 'creator' ) ;
#2058 = ORIENTED_EDGE ( 'NONE', *, *, #4446, .T. ) ;
#2059 = CARTESIAN_POINT ( 'NONE',  ( 5.699999999999999289, -8.500000000000001776, 5.500000000000001776 ) ) ;
#2060 = EDGE_CURVE ( 'NONE', #1677, #1752, #4164, .T. ) ;
#2061 = CARTESIAN_POINT ( 'NONE',  ( 10.81665382639196693, -2.000000000000001776, 9.199999999999999289 ) ) ;
#2062 = ORIENTED_EDGE ( 'NONE', *, *, #1918, .F. ) ;
#2063 = LINE ( 'NONE', #4547, #5163 ) ;
#2064 = CARTESIAN_POINT ( 'NONE',  ( 0.0000000000000000000, 0.0000000000000000000, 5.700000000000000178 ) ) ;
#2065 = LINE ( 'NONE', #4711, #422 ) ;
#2066 = ORIENTED_EDGE ( 'NONE', *, *, #1003, .T. ) ;
#2067 = APPROVAL ( #2501, 'UNSPECIFIED' ) ;
#2068 = LOCAL_TIME ( 7, 23, 42.00000000000000000, #995 ) ;
#2069 = CYLINDRICAL_SURFACE ( 'NONE', #688, 12.10000000000000142 ) ;
#2070 = EDGE_CURVE ( 'NONE', #1441, #3878, #3767, .T. ) ;
#2071 = DATE_AND_TIME ( #3237, #5571 ) ;
#2072 = CARTESIAN_POINT ( 'NONE',  ( 0.8037522204129378123, 2.950000000000000178, 4.599999999999996092 ) ) ;
#2073 = CARTESIAN_POINT ( 'NONE',  ( 5.699999999999999289, -10.00000000000000000, 1.099999999999993427 ) ) ;
#2074 = FACE_OUTER_BOUND ( 'NONE', #4094, .T. ) ;
#2075 = VERTEX_POINT ( 'NONE', #2639 ) ;
#2076 = PRODUCT_DEFINITION_SHAPE ( 'NONE', 'NONE',  #5701 ) ;
#2077 = VECTOR ( 'NONE', #1593, 1000.000000000000000 ) ;
#2078 = CARTESIAN_POINT ( 'NONE',  ( -9.700000000000002842, -2.749999999999999112, 5.899999999999998579 ) ) ;
#2079 = APPLICATION_CONTEXT ( 'configuration controlled 3d designs of mechanical parts and assemblies' ) ;
#2080 = CARTESIAN_POINT ( 'NONE',  ( 5.999999999999999112, -10.00000000000000000, 5.500000000000000000 ) ) ;
#2081 = CC_DESIGN_APPROVAL ( #525, ( #847 ) ) ;
#2082 = CARTESIAN_POINT ( 'NONE',  ( -6.000000000000000000, -3.469446951953627008E-16, 6.899999999999997691 ) ) ;
#2083 = EDGE_CURVE ( 'NONE', #1677, #191, #3838, .T. ) ;
#2084 = ADVANCED_FACE ( 'NONE', ( #3040 ), #4746, .T. ) ;
#2085 = LINE ( 'NONE', #1964, #4372 ) ;
#2086 = ORIENTED_EDGE ( 'NONE', *, *, #2489, .F. ) ;
#2087 = DATE_AND_TIME ( #3388, #5654 ) ;
#2088 = AXIS2_PLACEMENT_3D ( 'NONE', #267, #3433, #1686 ) ;
#2089 = FACE_BOUND ( 'NONE', #703, .T. ) ;
#2090 = CARTESIAN_POINT ( 'NONE',  ( -0.2999999999999817812, -2.034483692625601648E-15, 23.00000000000000000 ) ) ;
#2091 = EDGE_CURVE ( 'NONE', #31, #2130, #3907, .T. ) ;
#2092 = PERSON_AND_ORGANIZATION ( #4270, #532 ) ;
#2093 = CARTESIAN_POINT ( 'NONE',  ( 1.821459649775647449E-14, -1.734723475976807094E-15, 23.00000000000000000 ) ) ;
#2094 = AXIS2_PLACEMENT_3D ( 'NONE', #3081, #359, #4739 ) ;
#2095 = CARTESIAN_POINT ( 'NONE',  ( 0.0000000000000000000, 0.0000000000000000000, 0.2999999999999999889 ) ) ;
#2096 = DIRECTION ( 'NONE',  ( 1.000000000000000000, 0.0000000000000000000, 0.0000000000000000000 ) ) ;
#2097 = EDGE_CURVE ( 'NONE', #2406, #5486, #2485, .T. ) ;
#2098 = CARTESIAN_POINT ( 'NONE',  ( 0.0000000000000000000, 0.0000000000000000000, 7.500000000000000000 ) ) ;
#2099 = LINE ( 'NONE', #307, #2237 ) ;
#2100 = DATE_AND_TIME ( #1446, #1815 ) ;
#2101 = EDGE_LOOP ( 'NONE', ( #982, #920, #418, #808 ) ) ;
#2102 = VECTOR ( 'NONE', #4207, 1000.000000000000000 ) ;
#2103 = DATE_AND_TIME ( #1956, #5541 ) ;
#2104 = COORDINATED_UNIVERSAL_TIME_OFFSET ( 1, 0, .AHEAD. ) ;
#2105 = EDGE_CURVE ( 'NONE', #985, #3738, #3701, .T. ) ;
#2106 = EDGE_LOOP ( 'NONE', ( #4986, #3754, #1255, #4119 ) ) ;
#2107 = CARTESIAN_POINT ( 'NONE',  ( -6.000000000000000000, 0.0000000000000000000, 7.500000000000000000 ) ) ;
#2108 = VERTEX_POINT ( 'NONE', #22 ) ;
#2109 = DIRECTION ( 'NONE',  ( 0.0000000000000000000, -1.000000000000000000, 0.0000000000000000000 ) ) ;
#2110 = FACE_OUTER_BOUND ( 'NONE', #2528, .T. ) ;
#2111 = ORIENTED_EDGE ( 'NONE', *, *, #1285, .T. ) ;
#2112 = ADVANCED_FACE ( 'NONE', ( #3435 ), #5160, .F. ) ;
#2113 = ORIENTED_EDGE ( 'NONE', *, *, #4818, .F. ) ;
#2114 = DIRECTION ( 'NONE',  ( 0.0000000000000000000, 0.0000000000000000000, 1.000000000000000000 ) ) ;
#2115 = DIRECTION ( 'NONE',  ( 9.860761315262647568E-32, -1.000000000000000000, -1.224646799147353207E-16 ) ) ;
#2116 = DIRECTION ( 'NONE',  ( 1.000000000000000000, -8.673617379884035472E-17, -0.0000000000000000000 ) ) ;
#2117 = DIRECTION ( 'NONE',  ( 8.503546450866702047E-17, 1.000000000000000000, -0.0000000000000000000 ) ) ;
#2118 = ORIENTED_EDGE ( 'NONE', *, *, #2780, .F. ) ;
#2119 = DIRECTION ( 'NONE',  ( 1.000000000000000000, 0.0000000000000000000, -0.0000000000000000000 ) ) ;
#2120 = EDGE_LOOP ( 'NONE', ( #2328, #1520, #1382, #457 ) ) ;
#2121 = AXIS2_PLACEMENT_3D ( 'NONE', #3932, #3915, #1724 ) ;
#2122 = EDGE_CURVE ( 'NONE', #4145, #2181, #3631, .T. ) ;
#2123 = ORIENTED_EDGE ( 'NONE', *, *, #5657, .T. ) ;
#2124 = VECTOR ( 'NONE', #5526, 1000.000000000000000 ) ;
#2125 = DIRECTION ( 'NONE',  ( 7.771561172376095783E-16, 1.503766100577553754E-30, 1.000000000000000000 ) ) ;
#2126 = EDGE_LOOP ( 'NONE', ( #664, #5433, #2665, #902, #4686, #3261, #4865 ) ) ;
#2127 = UNCERTAINTY_MEASURE_WITH_UNIT (LENGTH_MEASURE( 1.000000000000000082E-05 ), #3826, 'distance_accuracy_value', 'NONE');
#2128 = DIRECTION ( 'NONE',  ( -1.000000000000000000, -8.673617379884036705E-17, -0.0000000000000000000 ) ) ;
#2129 = ORIENTED_EDGE ( 'NONE', *, *, #962, .F. ) ;
#2130 = VERTEX_POINT ( 'NONE', #1793 ) ;
#2131 = CARTESIAN_POINT ( 'NONE',  ( -6.000000000000000000, -2.749999999999999556, 5.899999999999998579 ) ) ;
#2132 = ORIENTED_EDGE ( 'NONE', *, *, #4005, .F. ) ;
#2133 =( LENGTH_UNIT ( ) NAMED_UNIT ( * ) SI_UNIT ( .MILLI., .METRE. ) );
#2134 = VERTEX_POINT ( 'NONE', #4888 ) ;
#2135 = VECTOR ( 'NONE', #5088, 1000.000000000000000 ) ;
#2136 = AXIS2_PLACEMENT_3D ( 'NONE', #3570, #1155, #5327 ) ;
#2137 = CARTESIAN_POINT ( 'NONE',  ( 0.2999999999999999334, -5.676015213396122476E-16, -2.331468351712828340E-16 ) ) ;
#2138 = DIRECTION ( 'NONE',  ( 1.000000000000000000, -8.673617379884035472E-17, -0.0000000000000000000 ) ) ;
#2139 = AXIS2_PLACEMENT_3D ( 'NONE', #2958, #236, #264 ) ;
#2140 = CARTESIAN_POINT ( 'NONE',  ( -5.999999999999999112, -8.499999999999998224, 5.999999999999999112 ) ) ;
#2141 = CARTESIAN_POINT ( 'NONE',  ( -8.800000000000002487, -8.499999999999998224, 5.999999999999999112 ) ) ;
#2142 = LINE ( 'NONE', #2259, #2625 ) ;
#2143 = ORIENTED_EDGE ( 'NONE', *, *, #1108, .F. ) ;
#2144 = CARTESIAN_POINT ( 'NONE',  ( 0.0000000000000000000, 0.0000000000000000000, 1.100000000000000311 ) ) ;
#2145 = DIRECTION ( 'NONE',  ( 0.0000000000000000000, 0.0000000000000000000, 1.000000000000000000 ) ) ;
#2146 = EDGE_CURVE ( 'NONE', #4090, #3503, #1416, .T. ) ;
#2147 = LINE ( 'NONE', #1150, #2005 ) ;
#2148 = PERSON_AND_ORGANIZATION_ROLE ( 'classification_officer' ) ;
#2149 = DIRECTION ( 'NONE',  ( 1.000000000000000000, 0.0000000000000000000, 0.0000000000000000000 ) ) ;
#2150 = DIRECTION ( 'NONE',  ( 0.0000000000000000000, 0.0000000000000000000, -1.000000000000000000 ) ) ;
#2151 = DIRECTION ( 'NONE',  ( 1.000000000000000000, 0.0000000000000000000, 0.0000000000000000000 ) ) ;
#2152 = LINE ( 'NONE', #1493, #5454 ) ;
#2153 = CARTESIAN_POINT ( 'NONE',  ( -5.700000000000000178, -2.749999999999999556, 6.399999999999999467 ) ) ;
#2154 = DIRECTION ( 'NONE',  ( 1.000000000000000000, 0.0000000000000000000, -0.0000000000000000000 ) ) ;
#2155 = EDGE_CURVE ( 'NONE', #1110, #3062, #4810, .T. ) ;
#2156 = DIRECTION ( 'NONE',  ( 1.000000000000000000, 0.0000000000000000000, 0.0000000000000000000 ) ) ;
#2157 = COORDINATED_UNIVERSAL_TIME_OFFSET ( 1, 0, .AHEAD. ) ;
#2158 = DIRECTION ( 'NONE',  ( -7.375650828688862849E-33, 8.503546450866702047E-17, -1.000000000000000000 ) ) ;
#2159 = VECTOR ( 'NONE', #3256, 1000.000000000000000 ) ;
#2160 = DATE_AND_TIME ( #3451, #2777 ) ;
#2161 = VERTEX_POINT ( 'NONE', #81 ) ;
#2162 = VECTOR ( 'NONE', #3054, 1000.000000000000000 ) ;
#2163 = ORGANIZATION ( 'NAUO-ORG4', 'UNSPECIFIED', 'UNSPECIFIED' ) ;
#2164 = DIRECTION ( 'NONE',  ( -8.673617379884035472E-17, 1.000000000000000000, -0.0000000000000000000 ) ) ;
#2165 = ORIENTED_EDGE ( 'NONE', *, *, #3846, .F. ) ;
#2166 = DIRECTION ( 'NONE',  ( 7.771561172376095783E-16, 1.503766100577553754E-30, 1.000000000000000000 ) ) ;
#2167 = CARTESIAN_POINT ( 'NONE',  ( -4.899999999999999467, 2.236880271654303674E-17, 0.2999999999999999889 ) ) ;
#2168 = CARTESIAN_POINT ( 'NONE',  ( 6.000000000000000000, -1.250000000000000222, 5.899999999999998579 ) ) ;
#2169 = ORIENTED_EDGE ( 'NONE', *, *, #2105, .F. ) ;
#2170 = ADVANCED_FACE ( 'NONE', ( #5094 ), #4382, .T. ) ;
#2171 = APPROVAL_STATUS ( 'not_yet_approved' ) ;
#2172 = VECTOR ( 'NONE', #4276, 1000.000000000000000 ) ;
#2173 = ORIENTED_EDGE ( 'NONE', *, *, #2243, .F. ) ;
#2174 = EDGE_CURVE ( 'NONE', #3044, #2476, #5021, .T. ) ;
#2175 = ORIENTED_EDGE ( 'NONE', *, *, #613, .T. ) ;
#2176 = COORDINATED_UNIVERSAL_TIME_OFFSET ( 1, 0, .AHEAD. ) ;
#2177 = ORIENTED_EDGE ( 'NONE', *, *, #2971, .T. ) ;
#2178 = PLANE ( 'NONE',  #4544 ) ;
#2179 = CC_DESIGN_PERSON_AND_ORGANIZATION_ASSIGNMENT ( #2040, #5195, ( #43 ) ) ;
#2180 = ORIENTED_EDGE ( 'NONE', *, *, #2948, .F. ) ;
#2181 = VERTEX_POINT ( 'NONE', #1477 ) ;
#2182 = DIRECTION ( 'NONE',  ( -1.000000000000000000, 0.0000000000000000000, 0.0000000000000000000 ) ) ;
#2183 = DIRECTION ( 'NONE',  ( 0.0000000000000000000, 0.0000000000000000000, 1.000000000000000000 ) ) ;
#2184 = CARTESIAN_POINT ( 'NONE',  ( 5.700000000000000178, 0.0000000000000000000, 1.099999999999993427 ) ) ;
#2185 = CARTESIAN_POINT ( 'NONE',  ( -6.000000000000000000, -1.249999999999999112, 5.899999999999998579 ) ) ;
#2186 = EDGE_LOOP ( 'NONE', ( #4474, #1042, #2821, #1485 ) ) ;
#2187 = VERTEX_POINT ( 'NONE', #4513 ) ;
#2188 = DIRECTION ( 'NONE',  ( 8.673617379884036705E-17, -1.000000000000000000, 0.0000000000000000000 ) ) ;
#2189 = LINE ( 'NONE', #3359, #3356 ) ;
#2190 = CARTESIAN_POINT ( 'NONE',  ( -0.7500000000000004441, 2.950000000000000622, 4.599999999999996092 ) ) ;
#2191 = ORIENTED_EDGE ( 'NONE', *, *, #4811, .T. ) ;
#2192 = ORIENTED_EDGE ( 'NONE', *, *, #1562, .F. ) ;
#2193 = VECTOR ( 'NONE', #5651, 1000.000000000000000 ) ;
#2194 = AXIS2_PLACEMENT_3D ( 'NONE', #5076, #3352, #1129 ) ;
#2195 = ADVANCED_FACE ( 'NONE', ( #2856 ), #5124, .T. ) ;
#2196 = DIRECTION ( 'NONE',  ( 0.0000000000000000000, 1.000000000000000000, 0.0000000000000000000 ) ) ;
#2197 = CARTESIAN_POINT ( 'NONE',  ( 0.0000000000000000000, 0.0000000000000000000, 9.599999999999999645 ) ) ;
#2198 = VERTEX_POINT ( 'NONE', #5023 ) ;
#2199 = EDGE_CURVE ( 'NONE', #4211, #3139, #1619, .T. ) ;
#2200 = CONTEXT_DEPENDENT_SHAPE_REPRESENTATION ( #4830, #2803 ) ;
#2201 = CYLINDRICAL_SURFACE ( 'NONE', #277, 0.4999999999999995559 ) ;
#2202 = CARTESIAN_POINT ( 'NONE',  ( -5.999999999999999112, -10.00000000000000000, 5.700000000000000178 ) ) ;
#2203 = LINE ( 'NONE', #1598, #4886 ) ;
#2204 = CC_DESIGN_PERSON_AND_ORGANIZATION_ASSIGNMENT ( #89, #2383, ( #1164 ) ) ;
#2205 = CARTESIAN_POINT ( 'NONE',  ( -5.000000000000002665, 4.799999999999998934, 5.700000000000001066 ) ) ;
#2206 = LINE ( 'NONE', #4859, #3561 ) ;
#2207 = CARTESIAN_POINT ( 'NONE',  ( 0.0000000000000000000, 0.0000000000000000000, -8.933335432157942790 ) ) ;
#2208 = EDGE_CURVE ( 'NONE', #2946, #4634, #2711, .T. ) ;
#2209 = CARTESIAN_POINT ( 'NONE',  ( -10.81665382639196871, 1.999999999999999112, 5.700000000000001954 ) ) ;
#2210 = CARTESIAN_POINT ( 'NONE',  ( -5.700000000000000178, 2.602085213965210642E-17, -19.40231944897310612 ) ) ;
#2211 = LINE ( 'NONE', #5323, #1006 ) ;
#2212 = ORIENTED_EDGE ( 'NONE', *, *, #4614, .T. ) ;
#2213 = DIRECTION ( 'NONE',  ( 1.000000000000000000, 0.0000000000000000000, 0.0000000000000000000 ) ) ;
#2214 = CYLINDRICAL_SURFACE ( 'NONE', #5389, 0.8000000000000003775 ) ;
#2215 = CARTESIAN_POINT ( 'NONE',  ( -4.500000000000000000, 5.000000000000000888, 5.699999999999996625 ) ) ;
#2216 = CARTESIAN_POINT ( 'NONE',  ( 4.899999999999999467, -4.250072516143177381E-16, 0.0000000000000000000 ) ) ;
#2217 = AXIS2_PLACEMENT_3D ( 'NONE', #673, #2553, #3762 ) ;
#2218 = DIRECTION ( 'NONE',  ( 8.673617379884035472E-17, -1.000000000000000000, 0.0000000000000000000 ) ) ;
#2219 = ORIENTED_EDGE ( 'NONE', *, *, #109, .F. ) ;
#2220 = AXIS2_PLACEMENT_3D ( 'NONE', #1690, #797, #399 ) ;
#2221 = CARTESIAN_POINT ( 'NONE',  ( 4.899999999999998579, -10.00000000000000000, 1.100000000000000311 ) ) ;
#2222 = CIRCLE ( 'NONE', #3089, 14.00000000000000178 ) ;
#2223 = DIRECTION ( 'NONE',  ( 0.0000000000000000000, -1.000000000000000000, 0.0000000000000000000 ) ) ;
#2224 = LINE ( 'NONE', #1071, #1435 ) ;
#2225 = LOCAL_TIME ( 7, 23, 42.00000000000000000, #1569 ) ;
#2226 = CARTESIAN_POINT ( 'NONE',  ( -5.700000000000000178, 2.602085213965210642E-17, -19.40231944897310612 ) ) ;
#2227 = CARTESIAN_POINT ( 'NONE',  ( 6.500000000000001776, -4.900000000000001243, 7.500000000000000000 ) ) ;
#2228 = APPROVAL ( #1842, 'UNKNOWN' ) ;
#2229 = CARTESIAN_POINT ( 'NONE',  ( -0.8534127966794866627, -2.929429915795132011, 4.620570084204864258 ) ) ;
#2230 = DATE_AND_TIME ( #4315, #3396 ) ;
#2231 = ORIENTED_EDGE ( 'NONE', *, *, #5415, .T. ) ;
#2232 = ORIENTED_EDGE ( 'NONE', *, *, #2497, .T. ) ;
#2233 = EDGE_CURVE ( 'NONE', #3062, #2662, #5597, .T. ) ;
#2234 = CARTESIAN_POINT ( 'NONE',  ( 6.099999999999999645, -6.599999999999999645, 9.199999999999999289 ) ) ;
#2235 = DIRECTION ( 'NONE',  ( -0.0000000000000000000, 0.0000000000000000000, 1.000000000000000000 ) ) ;
#2236 = CARTESIAN_POINT ( 'NONE',  ( -9.700000000000002842, -2.749999999999999112, 6.899999999999999467 ) ) ;
#2237 = VECTOR ( 'NONE', #1168, 1000.000000000000114 ) ;
#2238 = AXIS2_PLACEMENT_3D ( 'NONE', #2806, #4554, #5432 ) ;
#2239 = ORIENTED_EDGE ( 'NONE', *, *, #3557, .F. ) ;
#2240 = APPROVAL_PERSON_ORGANIZATION ( #4255, #1797, #2570 ) ;
#2241 = ORIENTED_EDGE ( 'NONE', *, *, #2543, .T. ) ;
#2242 = LINE ( 'NONE', #4969, #1583 ) ;
#2243 = EDGE_CURVE ( 'NONE', #3998, #3943, #315, .T. ) ;
#2244 = AXIS2_PLACEMENT_3D ( 'NONE', #4867, #1052, #1490 ) ;
#2245 = CARTESIAN_POINT ( 'NONE',  ( -8.740481406628184402, 1.823305865502771184, 9.199999999999999289 ) ) ;
#2246 = FACE_OUTER_BOUND ( 'NONE', #4403, .T. ) ;
#2247 = ORIENTED_EDGE ( 'NONE', *, *, #5311, .F. ) ;
#2248 =( REPRESENTATION_RELATIONSHIP ('NONE','NONE', #1318, #5210 ) REPRESENTATION_RELATIONSHIP_WITH_TRANSFORMATION ( #1447 )SHAPE_REPRESENTATION_RELATIONSHIP( ) );
#2249 = EDGE_LOOP ( 'NONE', ( #1588, #2271, #2054, #1653 ) ) ;
#2250 = DIRECTION ( 'NONE',  ( 0.0000000000000000000, 0.0000000000000000000, 1.000000000000000000 ) ) ;
#2251 = DIRECTION ( 'NONE',  ( 1.000000000000000000, -8.673617379884035472E-17, -0.0000000000000000000 ) ) ;
#2252 = CARTESIAN_POINT ( 'NONE',  ( 5.699999999999999289, -6.599999999999999645, -19.40231944897310612 ) ) ;
#2253 = AXIS2_PLACEMENT_3D ( 'NONE', #4358, #1761, #4775 ) ;
#2254 = VERTEX_POINT ( 'NONE', #2445 ) ;
#2255 = VERTEX_POINT ( 'NONE', #3353 ) ;
#2256 = PLANE ( 'NONE',  #455 ) ;
#2257 = CC_DESIGN_PERSON_AND_ORGANIZATION_ASSIGNMENT ( #3339, #1191, ( #1949 ) ) ;
#2258 = DIRECTION ( 'NONE',  ( 8.673617379884035472E-17, 1.000000000000000000, -0.0000000000000000000 ) ) ;
#2259 = CARTESIAN_POINT ( 'NONE',  ( 3.899999999999996803, 5.200000000000001954, 5.900000000000007461 ) ) ;
#2260 = ORIENTED_EDGE ( 'NONE', *, *, #2233, .T. ) ;
#2261 = FACE_OUTER_BOUND ( 'NONE', #1758, .T. ) ;
#2262 = VERTEX_POINT ( 'NONE', #3720 ) ;
#2263 = DIRECTION ( 'NONE',  ( -0.0000000000000000000, 0.0000000000000000000, -1.000000000000000000 ) ) ;
#2264 = CARTESIAN_POINT ( 'NONE',  ( 5.700000000000000178, -4.900000000000001243, -19.40231944897310612 ) ) ;
#2265 = ORIENTED_EDGE ( 'NONE', *, *, #444, .F. ) ;
#2266 = DIRECTION ( 'NONE',  ( -0.0000000000000000000, -0.0000000000000000000, 1.000000000000000000 ) ) ;
#2267 = FACE_OUTER_BOUND ( 'NONE', #5171, .T. ) ;
#2268 = SHAPE_REPRESENTATION_RELATIONSHIP ( 'NONE' , 'NONE' ,  #3370, #2372 ) ;
#2269 = VERTEX_POINT ( 'NONE', #2090 ) ;
#2270 = AXIS2_PLACEMENT_3D ( 'NONE', #2546, #5143, #1311 ) ;
#2271 = ORIENTED_EDGE ( 'NONE', *, *, #962, .T. ) ;
#2272 = DIRECTION ( 'NONE',  ( 0.0000000000000000000, 1.000000000000000000, 0.0000000000000000000 ) ) ;
#2273 = EDGE_CURVE ( 'NONE', #2548, #2391, #2305, .T. ) ;
#2274 = CARTESIAN_POINT ( 'NONE',  ( -6.000000000000000000, 0.0000000000000000000, 7.500000000000000000 ) ) ;
#2275 = AXIS2_PLACEMENT_3D ( 'NONE', #4181, #2953, #2937 ) ;
#2276 = ADVANCED_FACE ( 'NONE', ( #164 ), #3128, .F. ) ;
#2277 = ORIENTED_EDGE ( 'NONE', *, *, #2070, .T. ) ;
#2278 = DIRECTION ( 'NONE',  ( -1.000000000000000000, 0.0000000000000000000, -0.0000000000000000000 ) ) ;
#2279 = EDGE_CURVE ( 'NONE', #2548, #2955, #3270, .T. ) ;
#2280 = VERTEX_POINT ( 'NONE', #281 ) ;
#2281 = ITEM_DEFINED_TRANSFORMATION ( 'NONE', 'NONE', #3653,  #566 ) ;
#2282 = CC_DESIGN_PERSON_AND_ORGANIZATION_ASSIGNMENT ( #5388, #5083, ( #226 ) ) ;
#2283 = DIRECTION ( 'NONE',  ( 0.0000000000000000000, 0.0000000000000000000, 1.000000000000000000 ) ) ;
#2284 = LOCAL_TIME ( 7, 23, 42.00000000000000000, #4168 ) ;
#2285 = DIRECTION ( 'NONE',  ( -0.0000000000000000000, -0.0000000000000000000, -1.000000000000000000 ) ) ;
#2286 = FACE_OUTER_BOUND ( 'NONE', #5533, .T. ) ;
#2287 = ORIENTED_EDGE ( 'NONE', *, *, #4564, .T. ) ;
#2288 = EDGE_CURVE ( 'NONE', #1457, #121, #3258, .T. ) ;
#2289 = CARTESIAN_POINT ( 'NONE',  ( 10.81665382639196693, -2.000000000000001776, 5.700000000000000178 ) ) ;
#2290 = CARTESIAN_POINT ( 'NONE',  ( -8.764789001808649616, -1.545468781235684874, 5.700000000000000178 ) ) ;
#2291 = LINE ( 'NONE', #4572, #5315 ) ;
#2292 = LOCAL_TIME ( 7, 23, 42.00000000000000000, #1642 ) ;
#2293 = AXIS2_PLACEMENT_3D ( 'NONE', #4956, #1406, #4462 ) ;
#2294 = CARTESIAN_POINT ( 'NONE',  ( 8.199999999999999289, -5.000000000000001776, 5.900000000000005684 ) ) ;
#2295 = CARTESIAN_POINT ( 'NONE',  ( -5.000000000000002665, 4.799999999999998934, 5.700000000000001066 ) ) ;
#2296 = CARTESIAN_POINT ( 'NONE',  ( -5.999999999999999112, -10.00000000000000000, 5.700000000000000178 ) ) ;
#2297 = APPROVAL_DATE_TIME ( #2842, #148 ) ;
#2298 = CC_DESIGN_PERSON_AND_ORGANIZATION_ASSIGNMENT ( #2092, #3586, ( #2045 ) ) ;
#2299 = AXIS2_PLACEMENT_3D ( 'NONE', #5213, #873, #2700 ) ;
#2300 = CARTESIAN_POINT ( 'NONE',  ( -9.700000000000002842, -1.249999999999998890, 5.899999999999998579 ) ) ;
#2301 = ORIENTED_EDGE ( 'NONE', *, *, #3151, .T. ) ;
#2302 = AXIS2_PLACEMENT_3D ( 'NONE', #1954, #3325, #1969 ) ;
#2303 = ADVANCED_FACE ( 'NONE', ( #2024 ), #2985, .T. ) ;
#2304 = SECURITY_CLASSIFICATION_LEVEL ( 'unclassified' ) ;
#2305 = LINE ( 'NONE', #3894, #2162 ) ;
#2306 = COORDINATED_UNIVERSAL_TIME_OFFSET ( 1, 0, .AHEAD. ) ;
#2307 =( NAMED_UNIT ( * ) PLANE_ANGLE_UNIT ( ) SI_UNIT ( $, .RADIAN. ) );
#2308 = ORIENTED_EDGE ( 'NONE', *, *, #3836, .T. ) ;
#2309 = ORIENTED_EDGE ( 'NONE', *, *, #4393, .T. ) ;
#2310 = LINE ( 'NONE', #651, #5534 ) ;
#2311 = VERTEX_POINT ( 'NONE', #801 ) ;
#2312 = ADVANCED_FACE ( 'NONE', ( #5245 ), #2628, .F. ) ;
#2313 = ORIENTED_EDGE ( 'NONE', *, *, #4166, .T. ) ;
#2314 = CARTESIAN_POINT ( 'NONE',  ( -9.700000000000002842, -2.749999999999999112, 6.899999999999999467 ) ) ;
#2315 = CC_DESIGN_PERSON_AND_ORGANIZATION_ASSIGNMENT ( #3176, #3268, ( #701 ) ) ;
#2316 = VERTEX_POINT ( 'NONE', #3070 ) ;
#2317 = EDGE_CURVE ( 'NONE', #2130, #5346, #1803, .T. ) ;
#2318 = ORIENTED_EDGE ( 'NONE', *, *, #798, .F. ) ;
#2319 = ORIENTED_EDGE ( 'NONE', *, *, #1206, .T. ) ;
#2320 = CARTESIAN_POINT ( 'NONE',  ( 5.999999999999999112, -8.000000000000000000, 7.500000000000000000 ) ) ;
#2321 = CALENDAR_DATE ( 2020, 24, 9 ) ;
#2322 = CARTESIAN_POINT ( 'NONE',  ( 5.999999999999999112, -10.00000000000000000, 5.500000000000000000 ) ) ;
#2323 = ORIENTED_EDGE ( 'NONE', *, *, #5096, .T. ) ;
#2324 = EDGE_CURVE ( 'NONE', #4253, #2444, #4116, .T. ) ;
#2325 = EDGE_CURVE ( 'NONE', #689, #3212, #23, .T. ) ;
#2326 = CARTESIAN_POINT ( 'NONE',  ( -6.999999999999996447, -10.00000000000000000, 5.700000000000000178 ) ) ;
#2327 = VERTEX_POINT ( 'NONE', #4743 ) ;
#2328 = ORIENTED_EDGE ( 'NONE', *, *, #1729, .T. ) ;
#2329 = ADVANCED_FACE ( 'NONE', ( #1229 ), #1923, .T. ) ;
#2330 = CIRCLE ( 'NONE', #3329, 0.4999999999999995559 ) ;
#2331 = PRODUCT_DEFINITION ( 'UNKNOWN', '', #1272, #1673 ) ;
#2332 = EDGE_LOOP ( 'NONE', ( #622, #269 ) ) ;
#2333 = PLANE ( 'NONE',  #530 ) ;
#2334 = VERTEX_POINT ( 'NONE', #5412 ) ;
#2335 = FACE_OUTER_BOUND ( 'NONE', #3002, .T. ) ;
#2336 = VECTOR ( 'NONE', #957, 1000.000000000000000 ) ;
#2337 = ORIENTED_EDGE ( 'NONE', *, *, #1656, .T. ) ;
#2338 = PLANE ( 'NONE',  #549 ) ;
#2339 = DIRECTION ( 'NONE',  ( -0.0000000000000000000, -0.0000000000000000000, -1.000000000000000000 ) ) ;
#2340 = ORIENTED_EDGE ( 'NONE', *, *, #792, .F. ) ;
#2341 = CARTESIAN_POINT ( 'NONE',  ( 10.81665382639196693, -2.000000000000001776, -8.933335432157942790 ) ) ;
#2342 = APPROVAL ( #2688, 'UNKNOWN' ) ;
#2343 = AXIS2_PLACEMENT_3D ( 'NONE', #767, #1700, #2182 ) ;
#2344 = PLANE ( 'NONE',  #4727 ) ;
#2345 = LINE ( 'NONE', #1363, #294 ) ;
#2346 = CARTESIAN_POINT ( 'NONE',  ( -6.000000000000000000, 0.0000000000000000000, 7.500000000000000000 ) ) ;
#2347 = COORDINATED_UNIVERSAL_TIME_OFFSET ( 1, 0, .AHEAD. ) ;
#2348 = LINE ( 'NONE', #3896, #3502 ) ;
#2349 = DIRECTION ( 'NONE',  ( -0.0000000000000000000, 0.0000000000000000000, -1.000000000000000000 ) ) ;
#2350 = VECTOR ( 'NONE', #4233, 1000.000000000000000 ) ;
#2351 = EDGE_CURVE ( 'NONE', #840, #1971, #376, .T. ) ;
#2352 = VECTOR ( 'NONE', #5531, 1000.000000000000000 ) ;
#2353 = CARTESIAN_POINT ( 'NONE',  ( -0.2999999999999847233, -2.034483692625614664E-15, 20.00000000000000000 ) ) ;
#2354 = AXIS2_PLACEMENT_3D ( 'NONE', #3659, #1904, #1953 ) ;
#2355 = ADVANCED_FACE ( 'NONE', ( #5528 ), #1309, .F. ) ;
#2356 = LINE ( 'NONE', #3524, #1722 ) ;
#2357 = CARTESIAN_POINT ( 'NONE',  ( 0.4499999999999978462, 4.961603162221776178E-17, 5.100000000000000533 ) ) ;
#2358 = DIRECTION ( 'NONE',  ( 0.0000000000000000000, 0.0000000000000000000, -1.000000000000000000 ) ) ;
#2359 = CIRCLE ( 'NONE', #970, 5.700000000000000178 ) ;
#2360 = LOCAL_TIME ( 7, 23, 42.00000000000000000, #91 ) ;
#2361 = ORIENTED_EDGE ( 'NONE', *, *, #2018, .F. ) ;
#2362 = ADVANCED_FACE ( 'NONE', ( #510 ), #5467, .F. ) ;
#2363 = DIRECTION ( 'NONE',  ( 1.000000000000000000, 0.0000000000000000000, 0.0000000000000000000 ) ) ;
#2364 = DIRECTION ( 'NONE',  ( 0.0000000000000000000, 0.0000000000000000000, -1.000000000000000000 ) ) ;
#2365 = CIRCLE ( 'NONE', #2534, 0.5000000000000004441 ) ;
#2366 = VERTEX_POINT ( 'NONE', #2520 ) ;
#2367 = EDGE_LOOP ( 'NONE', ( #3440, #4991, #274, #1437 ) ) ;
#2368 = CC_DESIGN_DATE_AND_TIME_ASSIGNMENT ( #539, #4368, ( #847 ) ) ;
#2369 = ADVANCED_FACE ( 'NONE', ( #1943 ), #729, .F. ) ;
#2370 = DIRECTION ( 'NONE',  ( 1.000000000000000000, 0.0000000000000000000, 0.0000000000000000000 ) ) ;
#2371 = AXIS2_PLACEMENT_3D ( 'NONE', #5180, #3940, #3520 ) ;
#2372 = ADVANCED_BREP_SHAPE_REPRESENTATION ( '', ( #5125, #566 ), #2565 ) ;
#2373 = ORIENTED_EDGE ( 'NONE', *, *, #952, .F. ) ;
#2374 = EDGE_CURVE ( 'NONE', #2391, #2532, #3236, .T. ) ;
#2375 = EDGE_LOOP ( 'NONE', ( #4908, #2527, #4618, #2685 ) ) ;
#2376 = CIRCLE ( 'NONE', #2194, 5.100000000000000533 ) ;
#2377 = DIRECTION ( 'NONE',  ( 0.0000000000000000000, 0.0000000000000000000, 1.000000000000000000 ) ) ;
#2378 = CARTESIAN_POINT ( 'NONE',  ( -0.7500000000000003331, 2.750000000000000888, 2.100000000000000089 ) ) ;
#2379 = EDGE_LOOP ( 'NONE', ( #3240, #3788, #4201, #271 ) ) ;
#2380 = PLANE ( 'NONE',  #5485 ) ;
#2381 = CARTESIAN_POINT ( 'NONE',  ( -4.500000000000000000, 5.000000000000000888, 5.900000000000005684 ) ) ;
#2382 = ORIENTED_EDGE ( 'NONE', *, *, #3464, .T. ) ;
#2383 = PERSON_AND_ORGANIZATION_ROLE ( 'design_owner' ) ;
#2384 = EDGE_CURVE ( 'NONE', #5444, #2728, #3564, .T. ) ;
#2385 = COORDINATED_UNIVERSAL_TIME_OFFSET ( 1, 0, .AHEAD. ) ;
#2386 = CARTESIAN_POINT ( 'NONE',  ( -5.999999999999999112, -8.500000000000001776, 5.500000000000000000 ) ) ;
#2387 = ORIENTED_EDGE ( 'NONE', *, *, #5593, .F. ) ;
#2388 = APPROVAL_PERSON_ORGANIZATION ( #3607, #5200, #4661 ) ;
#2389 = AXIS2_PLACEMENT_3D ( 'NONE', #3255, #3625, #3199 ) ;
#2390 = COORDINATED_UNIVERSAL_TIME_OFFSET ( 1, 0, .AHEAD. ) ;
#2391 = VERTEX_POINT ( 'NONE', #4806 ) ;
#2392 = EDGE_CURVE ( 'NONE', #839, #344, #2863, .T. ) ;
#2393 = DIRECTION ( 'NONE',  ( 1.000000000000000000, 0.0000000000000000000, -0.0000000000000000000 ) ) ;
#2394 = ORIENTED_EDGE ( 'NONE', *, *, #3521, .T. ) ;
#2395 = LINE ( 'NONE', #4432, #3954 ) ;
#2396 = ADVANCED_FACE ( 'NONE', ( #1516 ), #749, .F. ) ;
#2397 = ORIENTED_EDGE ( 'NONE', *, *, #3189, .F. ) ;
#2398 = PRODUCT_RELATED_PRODUCT_CATEGORY ( 'detail', '', ( #4948 ) ) ;
#2399 = DIRECTION ( 'NONE',  ( 0.0000000000000000000, 0.0000000000000000000, 1.000000000000000000 ) ) ;
#2400 = ORIENTED_EDGE ( 'NONE', *, *, #1510, .T. ) ;
#2401 = DIRECTION ( 'NONE',  ( 0.0000000000000000000, 9.130123557772663404E-17, -1.000000000000000000 ) ) ;
#2402 = VECTOR ( 'NONE', #1813, 1000.000000000000000 ) ;
#2403 = AXIS2_PLACEMENT_3D ( 'NONE', #1429, #100, #928 ) ;
#2404 = DIRECTION ( 'NONE',  ( -1.000000000000000000, 0.0000000000000000000, 0.0000000000000000000 ) ) ;
#2405 = ADVANCED_FACE ( 'NONE', ( #1959, #5262 ), #80, .F. ) ;
#2406 = VERTEX_POINT ( 'NONE', #2322 ) ;
#2407 = DIRECTION ( 'NONE',  ( 0.0000000000000000000, 0.0000000000000000000, 1.000000000000000000 ) ) ;
#2408 = ORIENTED_EDGE ( 'NONE', *, *, #2764, .F. ) ;
#2409 = VERTEX_POINT ( 'NONE', #5284 ) ;
#2410 = CARTESIAN_POINT ( 'NONE',  ( -5.699999999999999289, -7.999999999999998224, 6.000000000000003553 ) ) ;
#2411 = CARTESIAN_POINT ( 'NONE',  ( -6.000000000000000000, 0.0000000000000000000, 7.500000000000000000 ) ) ;
#2412 = APPROVAL_PERSON_ORGANIZATION ( #575, #5518, #3555 ) ;
#2413 = AXIS2_PLACEMENT_3D ( 'NONE', #3587, #1911, #3170 ) ;
#2414 = ORIENTED_EDGE ( 'NONE', *, *, #5396, .T. ) ;
#2415 = EDGE_LOOP ( 'NONE', ( #4507, #1973, #3686, #2477, #4203, #799, #2994 ) ) ;
#2416 = ORIENTED_EDGE ( 'NONE', *, *, #2470, .F. ) ;
#2417 = DIRECTION ( 'NONE',  ( 1.000000000000000000, 0.0000000000000000000, -0.0000000000000000000 ) ) ;
#2418 = CIRCLE ( 'NONE', #1645, 0.2999999999999999889 ) ;
#2419 = ORIENTED_EDGE ( 'NONE', *, *, #4060, .F. ) ;
#2420 = AXIS2_PLACEMENT_3D ( 'NONE', #1208, #341, #2567 ) ;
#2421 = CARTESIAN_POINT ( 'NONE',  ( 1.821459649775647449E-14, -1.734723475976807094E-15, 23.00000000000000000 ) ) ;
#2422 = EDGE_CURVE ( 'NONE', #21, #535, #5476, .T. ) ;
#2423 = CARTESIAN_POINT ( 'NONE',  ( 7.199999999999999289, -6.000000000000001776, 0.0000000000000000000 ) ) ;
#2424 = DATE_AND_TIME ( #3563, #1217 ) ;
#2425 = CIRCLE ( 'NONE', #4072, 0.4999999999999995559 ) ;
#2426 = DIRECTION ( 'NONE',  ( 1.000000000000000000, 8.673617379884035472E-17, -0.0000000000000000000 ) ) ;
#2427 = CARTESIAN_POINT ( 'NONE',  ( -0.9499999999999996225, -2.749999999999999556, 4.599999999999996092 ) ) ;
#2428 = PERSON_AND_ORGANIZATION_ROLE ( 'creator' ) ;
#2429 = AXIS2_PLACEMENT_3D ( 'NONE', #288, #1236, #4292 ) ;
#2430 = DIRECTION ( 'NONE',  ( -1.000000000000000000, 0.0000000000000000000, 0.0000000000000000000 ) ) ;
#2431 = VECTOR ( 'NONE', #1231, 1000.000000000000000 ) ;
#2432 = CARTESIAN_POINT ( 'NONE',  ( -0.9500000000000002887, 2.750000000000000888, 2.100000000000000089 ) ) ;
#2433 = FACE_OUTER_BOUND ( 'NONE', #3277, .T. ) ;
#2434 = EDGE_CURVE ( 'NONE', #708, #2789, #3148, .T. ) ;
#2435 = DIRECTION ( 'NONE',  ( 0.0000000000000000000, 0.0000000000000000000, 1.000000000000000000 ) ) ;
#2436 = LINE ( 'NONE', #2078, #5112 ) ;
#2437 = ADVANCED_FACE ( 'NONE', ( #1251 ), #1749, .T. ) ;
#2438 = DIRECTION ( 'NONE',  ( 0.0000000000000000000, 0.0000000000000000000, 1.000000000000000000 ) ) ;
#2439 = CARTESIAN_POINT ( 'NONE',  ( -4.899999999999999467, 9.540979117872437787E-17, 1.100000000000000311 ) ) ;
#2440 = AXIS2_PLACEMENT_3D ( 'NONE', #5674, #3574, #930 ) ;
#2441 = LINE ( 'NONE', #3238, #2159 ) ;
#2442 = DIRECTION ( 'NONE',  ( -7.771561172376095783E-16, -1.503766100577553754E-30, -1.000000000000000000 ) ) ;
#2443 = VERTEX_POINT ( 'NONE', #4508 ) ;
#2444 = VERTEX_POINT ( 'NONE', #3280 ) ;
#2445 = CARTESIAN_POINT ( 'NONE',  ( -11.91617381144771848, -2.101142949769864821, 9.199999999999999289 ) ) ;
#2446 = PRODUCT_DEFINITION_SHAPE ( 'NONE', 'NONE',  #79 ) ;
#2447 = COORDINATED_UNIVERSAL_TIME_OFFSET ( 1, 0, .AHEAD. ) ;
#2448 = PERSON_AND_ORGANIZATION_ROLE ( 'classification_officer' ) ;
#2449 = CARTESIAN_POINT ( 'NONE',  ( 0.0000000000000000000, 0.0000000000000000000, -8.933335432157942790 ) ) ;
#2450 = DIRECTION ( 'NONE',  ( 0.0000000000000000000, 0.7071067811865430208, -0.7071067811865521247 ) ) ;
#2451 = AXIS2_PLACEMENT_3D ( 'NONE', #1339, #917, #4861 ) ;
#2452 = DIRECTION ( 'NONE',  ( 1.000000000000000000, 0.0000000000000000000, 0.0000000000000000000 ) ) ;
#2453 = DIRECTION ( 'NONE',  ( 8.673617379884036705E-17, 1.000000000000000000, -0.0000000000000000000 ) ) ;
#2454 = DIRECTION ( 'NONE',  ( 1.000000000000000000, 2.312955680093647658E-16, 1.229267523578345187E-32 ) ) ;
#2455 = VERTEX_POINT ( 'NONE', #598 ) ;
#2456 = CYLINDRICAL_SURFACE ( 'NONE', #1284, 0.2999999999999999889 ) ;
#2457 = DIRECTION ( 'NONE',  ( 0.0000000000000000000, -1.000000000000000000, 0.0000000000000000000 ) ) ;
#2458 = DIRECTION ( 'NONE',  ( 0.0000000000000000000, 0.0000000000000000000, 1.000000000000000000 ) ) ;
#2459 = ORIENTED_EDGE ( 'NONE', *, *, #5405, .T. ) ;
#2460 = FACE_OUTER_BOUND ( 'NONE', #3467, .T. ) ;
#2461 = EDGE_CURVE ( 'NONE', #775, #3952, #2932, .T. ) ;
#2462 = ADVANCED_FACE ( 'NONE', ( #3876 ), #1384, .F. ) ;
#2463 = ORIENTED_EDGE ( 'NONE', *, *, #3575, .T. ) ;
#2464 = APPROVAL_DATE_TIME ( #1044, #425 ) ;
#2465 = CARTESIAN_POINT ( 'NONE',  ( 11.91617381144771848, -2.101142949769863488, 9.199999999999999289 ) ) ;
#2466 = ORIENTED_EDGE ( 'NONE', *, *, #4445, .T. ) ;
#2467 = ORIENTED_EDGE ( 'NONE', *, *, #798, .T. ) ;
#2468 = APPROVAL_ROLE ( '' ) ;
#2469 = APPROVAL_PERSON_ORGANIZATION ( #1394, #425, #791 ) ;
#2470 = EDGE_CURVE ( 'NONE', #2262, #5486, #972, .T. ) ;
#2471 = EDGE_LOOP ( 'NONE', ( #4915, #1454, #3626, #959 ) ) ;
#2472 = DIRECTION ( 'NONE',  ( 0.0000000000000000000, 0.0000000000000000000, 1.000000000000000000 ) ) ;
#2473 = VERTEX_POINT ( 'NONE', #2873 ) ;
#2474 = VECTOR ( 'NONE', #5558, 1000.000000000000000 ) ;
#2475 = DIRECTION ( 'NONE',  ( 1.000000000000000000, 0.0000000000000000000, -0.0000000000000000000 ) ) ;
#2476 = VERTEX_POINT ( 'NONE', #169 ) ;
#2477 = ORIENTED_EDGE ( 'NONE', *, *, #3389, .F. ) ;
#2478 = LINE ( 'NONE', #2423, #4018 ) ;
#2479 = CYLINDRICAL_SURFACE ( 'NONE', #1713, 0.2999999999999999889 ) ;
#2480 = ORIENTED_EDGE ( 'NONE', *, *, #1330, .T. ) ;
#2481 = ORIENTED_EDGE ( 'NONE', *, *, #400, .F. ) ;
#2482 = AXIS2_PLACEMENT_3D ( 'NONE', #2804, #3724, #5377 ) ;
#2483 = PLANE ( 'NONE',  #3142 ) ;
#2484 = PERSON_AND_ORGANIZATION_ROLE ( 'classification_officer' ) ;
#2485 = LINE ( 'NONE', #395, #4815 ) ;
#2486 = CC_DESIGN_PERSON_AND_ORGANIZATION_ASSIGNMENT ( #4244, #5645, ( #1272 ) ) ;
#2487 = DIRECTION ( 'NONE',  ( 8.673617379884035472E-17, -1.000000000000000000, 0.0000000000000000000 ) ) ;
#2488 = VECTOR ( 'NONE', #2928, 1000.000000000000000 ) ;
#2489 = EDGE_CURVE ( 'NONE', #4169, #1321, #5546, .T. ) ;
#2490 = VECTOR ( 'NONE', #3018, 1000.000000000000000 ) ;
#2491 = VERTEX_POINT ( 'NONE', #2854 ) ;
#2492 = ADVANCED_FACE ( 'NONE', ( #2724 ), #1547, .F. ) ;
#2493 = CARTESIAN_POINT ( 'NONE',  ( -9.700000000000002842, -1.249999999999998890, 6.899999999999998579 ) ) ;
#2494 = ORIENTED_EDGE ( 'NONE', *, *, #5649, .F. ) ;
#2495 = FACE_OUTER_BOUND ( 'NONE', #3136, .T. ) ;
#2496 = DIRECTION ( 'NONE',  ( -1.000000000000000000, 0.0000000000000000000, 0.0000000000000000000 ) ) ;
#2497 = EDGE_CURVE ( 'NONE', #4325, #5342, #4071, .T. ) ;
#2498 = DIRECTION ( 'NONE',  ( 1.000000000000000000, -8.673617379884035472E-17, -0.0000000000000000000 ) ) ;
#2499 = VECTOR ( 'NONE', #1599, 1000.000000000000000 ) ;
#2500 = VECTOR ( 'NONE', #4110, 1000.000000000000000 ) ;
#2501 = APPROVAL_STATUS ( 'not_yet_approved' ) ;
#2502 = DIRECTION ( 'NONE',  ( 0.0000000000000000000, -1.000000000000000000, 5.782411586589355667E-16 ) ) ;
#2503 = CARTESIAN_POINT ( 'NONE',  ( 10.34048140662818405, 1.823305865502772960, -8.933335432157942790 ) ) ;
#2504 = CIRCLE ( 'NONE', #654, 0.5000000000000004441 ) ;
#2505 = EDGE_CURVE ( 'NONE', #5346, #3397, #816, .T. ) ;
#2506 = ORIENTED_EDGE ( 'NONE', *, *, #178, .F. ) ;
#2507 = APPROVAL ( #2171, 'UNSPECIFIED' ) ;
#2508 = CARTESIAN_POINT ( 'NONE',  ( -0.9499999999999996225, -2.749999999999999556, 4.599999999999996092 ) ) ;
#2509 = ORIENTED_EDGE ( 'NONE', *, *, #3198, .T. ) ;
#2510 = VERTEX_POINT ( 'NONE', #711 ) ;
#2511 = AXIS2_PLACEMENT_3D ( 'NONE', #5100, #2535, #2972 ) ;
#2512 = CIRCLE ( 'NONE', #638, 0.5999999999999999778 ) ;
#2513 = CARTESIAN_POINT ( 'NONE',  ( 0.8534127966794866627, 2.929429915795132455, 4.620570084204864258 ) ) ;
#2514 = CARTESIAN_POINT ( 'NONE',  ( -0.3000000000000029865, -1.130382550662775466E-15, -3.000000000000000444 ) ) ;
#2515 = ORIENTED_EDGE ( 'NONE', *, *, #1399, .T. ) ;
#2516 = ORIENTED_EDGE ( 'NONE', *, *, #5079, .T. ) ;
#2517 = ADVANCED_FACE ( 'NONE', ( #4135 ), #4655, .F. ) ;
#2518 = APPROVAL_ROLE ( '' ) ;
#2519 = AXIS2_PLACEMENT_3D ( 'NONE', #4967, #5038, #5477 ) ;
#2520 = CARTESIAN_POINT ( 'NONE',  ( 0.9499999999999996225, 2.750000000000000444, 4.599999999999996092 ) ) ;
#2521 = ORIENTED_EDGE ( 'NONE', *, *, #2392, .F. ) ;
#2522 = CARTESIAN_POINT ( 'NONE',  ( -9.700000000000002842, -2.749999999999999112, 6.399999999999999467 ) ) ;
#2523 = CARTESIAN_POINT ( 'NONE',  ( 5.699999999999998401, -2.750000000000000444, 6.399999999999999467 ) ) ;
#2524 = ADVANCED_FACE ( 'NONE', ( #5344 ), #5040, .F. ) ;
#2525 = CARTESIAN_POINT ( 'NONE',  ( -5.699999999999999289, -10.00000000000000000, 1.099999999999993427 ) ) ;
#2526 = VERTEX_POINT ( 'NONE', #3778 ) ;
#2527 = ORIENTED_EDGE ( 'NONE', *, *, #4437, .F. ) ;
#2528 = EDGE_LOOP ( 'NONE', ( #4594, #4345, #505, #990 ) ) ;
#2529 = CARTESIAN_POINT ( 'NONE',  ( 5.699999999999999289, -10.00000000000000000, 5.500000000000001776 ) ) ;
#2530 = EDGE_CURVE ( 'NONE', #3161, #39, #4857, .T. ) ;
#2531 = PRODUCT_DEFINITION_SHAPE ( 'NONE', 'NONE',  #5700 ) ;
#2532 = VERTEX_POINT ( 'NONE', #2465 ) ;
#2533 = FACE_OUTER_BOUND ( 'NONE', #3361, .T. ) ;
#2534 = AXIS2_PLACEMENT_3D ( 'NONE', #3252, #5393, #2826 ) ;
#2536 = ORIENTED_EDGE ( 'NONE', *, *, #3580, .F. ) ;
#2535 = DIRECTION ( 'NONE',  ( -1.000000000000000000, -8.673617379884036705E-17, -0.0000000000000000000 ) ) ;
#2537 = LINE ( 'NONE', #433, #559 ) ;
#2538 = PRODUCT_DEFINITION_SHAPE ( 'NONE', 'NONE',  #226 ) ;
#2539 = CARTESIAN_POINT ( 'NONE',  ( -10.81665382639196693, -5.000000000000001776, 9.199999999999999289 ) ) ;
#2540 = APPLICATION_PROTOCOL_DEFINITION ( 'international standard', 'config_control_design', 1994, #2079 ) ;
#2541 = ORIENTED_EDGE ( 'NONE', *, *, #3852, .F. ) ;
#2542 = CARTESIAN_POINT ( 'NONE',  ( 1.517883041479706208E-14, 0.0000000000000000000, 20.00000000000000000 ) ) ;
#2543 = EDGE_CURVE ( 'NONE', #2311, #5221, #5679, .T. ) ;
#2544 = ORIENTED_EDGE ( 'NONE', *, *, #1250, .F. ) ;
#2545 =( NAMED_UNIT ( * ) SI_UNIT ( $, .STERADIAN. ) SOLID_ANGLE_UNIT ( ) );
#2546 = CARTESIAN_POINT ( 'NONE',  ( -3.035766082959412415E-15, -8.673617379884035472E-16, -3.000000000000000000 ) ) ;
#2547 = CIRCLE ( 'NONE', #2299, 13.79999999999999893 ) ;
#2548 = VERTEX_POINT ( 'NONE', #3423 ) ;
#2549 = LINE ( 'NONE', #3476, #4808 ) ;
#2550 = EDGE_CURVE ( 'NONE', #280, #2607, #475, .T. ) ;
#2551 = ADVANCED_FACE ( 'NONE', ( #3072 ), #4584, .F. ) ;
#2552 = VERTEX_POINT ( 'NONE', #2353 ) ;
#2553 = DIRECTION ( 'NONE',  ( -0.0000000000000000000, -0.0000000000000000000, -1.000000000000000000 ) ) ;
#2554 = VECTOR ( 'NONE', #2116, 1000.000000000000000 ) ;
#2555 = LINE ( 'NONE', #1933, #4891 ) ;
#2556 = CARTESIAN_POINT ( 'NONE',  ( -5.699999999999999289, -10.00000000000000000, -19.40231944897310612 ) ) ;
#2557 = PERSON_AND_ORGANIZATION_ROLE ( 'design_owner' ) ;
#2558 = DIRECTION ( 'NONE',  ( -0.0000000000000000000, -0.0000000000000000000, -1.000000000000000000 ) ) ;
#2559 = ORIENTED_EDGE ( 'NONE', *, *, #1791, .F. ) ;
#2560 = AXIS2_PLACEMENT_3D ( 'NONE', #4334, #1757, #2213 ) ;
#2561 = VECTOR ( 'NONE', #5177, 1000.000000000000000 ) ;
#2562 = VECTOR ( 'NONE', #4890, 1000.000000000000000 ) ;
#2563 = CARTESIAN_POINT ( 'NONE',  ( 0.0000000000000000000, 0.0000000000000000000, 0.0000000000000000000 ) ) ;
#2564 = APPROVAL_DATE_TIME ( #3253, #459 ) ;
#2565 =( GEOMETRIC_REPRESENTATION_CONTEXT ( 3 ) GLOBAL_UNCERTAINTY_ASSIGNED_CONTEXT ( ( #1072 ) ) GLOBAL_UNIT_ASSIGNED_CONTEXT ( ( #2133, #351, #3043 ) ) REPRESENTATION_CONTEXT ( 'NONE', 'WORKASPACE' ) );
#2566 = CIRCLE ( 'NONE', #3068, 1.100000000000000311 ) ;
#2567 = DIRECTION ( 'NONE',  ( -1.000000000000000000, 0.0000000000000000000, 0.0000000000000000000 ) ) ;
#2568 = EDGE_CURVE ( 'NONE', #2366, #4484, #1317, .T. ) ;
#2569 = ADVANCED_FACE ( 'NONE', ( #2110 ), #3623, .F. ) ;
#2570 = APPROVAL_ROLE ( '' ) ;
#2571 = CARTESIAN_POINT ( 'NONE',  ( 0.0000000000000000000, 0.0000000000000000000, 0.0000000000000000000 ) ) ;
#2572 = VECTOR ( 'NONE', #354, 1000.000000000000000 ) ;
#2573 = ORIENTED_EDGE ( 'NONE', *, *, #4148, .F. ) ;
#2574 = VERTEX_POINT ( 'NONE', #51 ) ;
#2575 =( NAMED_UNIT ( * ) PLANE_ANGLE_UNIT ( ) SI_UNIT ( $, .RADIAN. ) );
#2576 = DIRECTION ( 'NONE',  ( -1.000000000000000000, 0.0000000000000000000, 0.0000000000000000000 ) ) ;
#2577 = CARTESIAN_POINT ( 'NONE',  ( 5.699999999999999289, -8.000000000000000000, -19.40231944897310612 ) ) ;
#2578 = VERTEX_POINT ( 'NONE', #4571 ) ;
#2579 = DIRECTION ( 'NONE',  ( -0.0000000000000000000, -0.0000000000000000000, -1.000000000000000000 ) ) ;
#2580 = CC_DESIGN_DATE_AND_TIME_ASSIGNMENT ( #5547, #772, ( #467 ) ) ;
#2581 = ORIENTED_EDGE ( 'NONE', *, *, #1079, .F. ) ;
#2582 = DIRECTION ( 'NONE',  ( 0.0000000000000000000, -1.000000000000000000, 0.0000000000000000000 ) ) ;
#2583 = DIRECTION ( 'NONE',  ( 0.0000000000000000000, -1.000000000000000000, 0.0000000000000000000 ) ) ;
#2584 = CARTESIAN_POINT ( 'NONE',  ( -8.800000000000002487, -8.500000000000001776, 5.500000000000000000 ) ) ;
#2585 = DIRECTION ( 'NONE',  ( 0.0000000000000000000, 0.0000000000000000000, 1.000000000000000000 ) ) ;
#2586 = ORIENTED_EDGE ( 'NONE', *, *, #4322, .T. ) ;
#2587 = APPLICATION_CONTEXT ( 'configuration controlled 3d designs of mechanical parts and assemblies' ) ;
#2588 = CARTESIAN_POINT ( 'NONE',  ( 4.899999999999998579, -10.00000000000000000, 0.3000000000000016542 ) ) ;
#2589 = AXIS2_PLACEMENT_3D ( 'NONE', #2144, #4852, #3792 ) ;
#2590 = DIRECTION ( 'NONE',  ( 1.000000000000000000, 0.0000000000000000000, 0.0000000000000000000 ) ) ;
#2591 = VERTEX_POINT ( 'NONE', #4933 ) ;
#2592 = APPROVAL_DATE_TIME ( #1525, #5200 ) ;
#2593 = VERTEX_POINT ( 'NONE', #4985 ) ;
#2594 = DIRECTION ( 'NONE',  ( 1.000000000000000000, 0.0000000000000000000, 0.0000000000000000000 ) ) ;
#2595 = ADVANCED_FACE ( 'NONE', ( #2460 ), #1106, .T. ) ;
#2596 = DIRECTION ( 'NONE',  ( 1.000000000000000000, 0.0000000000000000000, 0.0000000000000000000 ) ) ;
#2597 = PLANE ( 'NONE',  #713 ) ;
#2598 = VERTEX_POINT ( 'NONE', #4141 ) ;
#2599 = DIRECTION ( 'NONE',  ( 0.0000000000000000000, 1.000000000000000000, 0.0000000000000000000 ) ) ;
#2600 = EDGE_CURVE ( 'NONE', #4169, #2280, #1825, .T. ) ;
#2601 = FACE_OUTER_BOUND ( 'NONE', #5081, .T. ) ;
#2602 = ORIENTED_EDGE ( 'NONE', *, *, #3401, .T. ) ;
#2603 = AXIS2_PLACEMENT_3D ( 'NONE', #3506, #838, #5652 ) ;
#2604 = CARTESIAN_POINT ( 'NONE',  ( -4.899999999999999467, 9.540979117872439019E-17, 1.100000000000000311 ) ) ;
#2605 = CC_DESIGN_APPROVAL ( #5663, ( #385 ) ) ;
#2606 = DIRECTION ( 'NONE',  ( 1.000000000000000000, -8.673617379884035472E-17, -0.0000000000000000000 ) ) ;
#2607 = VERTEX_POINT ( 'NONE', #5397 ) ;
#2608 = DIRECTION ( 'NONE',  ( 1.102578480493733312E-16, -1.000000000000000000, 0.0000000000000000000 ) ) ;
#2609 = VECTOR ( 'NONE', #5280, 1000.000000000000000 ) ;
#2610 = EDGE_CURVE ( 'NONE', #882, #2510, #324, .T. ) ;
#2611 = DIRECTION ( 'NONE',  ( 0.0000000000000000000, 0.0000000000000000000, 1.000000000000000000 ) ) ;
#2612 = ORIENTED_EDGE ( 'NONE', *, *, #924, .T. ) ;
#2613 = ORIENTED_EDGE ( 'NONE', *, *, #3437, .F. ) ;
#2614 = CARTESIAN_POINT ( 'NONE',  ( 5.699999999999999289, -10.00000000000000000, 7.500000000000000000 ) ) ;
#2615 = CARTESIAN_POINT ( 'NONE',  ( -10.81665382639196693, -5.000000000000001776, 5.900000000000005684 ) ) ;
#2616 = DIRECTION ( 'NONE',  ( 0.0000000000000000000, 0.0000000000000000000, 1.000000000000000000 ) ) ;
#2617 = ORIENTED_EDGE ( 'NONE', *, *, #109, .T. ) ;
#2618 = DIRECTION ( 'NONE',  ( 0.0000000000000000000, 0.0000000000000000000, 1.000000000000000000 ) ) ;
#2619 = EDGE_CURVE ( 'NONE', #3738, #822, #2792, .T. ) ;
#2620 = VECTOR ( 'NONE', #2218, 1000.000000000000000 ) ;
#2621 = CARTESIAN_POINT ( 'NONE',  ( -9.700000000000002842, -1.249999999999998890, 6.899999999999998579 ) ) ;
#2622 = DIRECTION ( 'NONE',  ( -0.0000000000000000000, -0.0000000000000000000, 1.000000000000000000 ) ) ;
#2623 = DIRECTION ( 'NONE',  ( 1.000000000000000000, 8.673617379884035472E-17, -0.0000000000000000000 ) ) ;
#2624 = LOCAL_TIME ( 7, 23, 42.00000000000000000, #4958 ) ;
#2625 = VECTOR ( 'NONE', #5276, 1000.000000000000114 ) ;
#2626 = CONICAL_SURFACE ( 'NONE', #4259, 2.799999999999998490, 0.7853981633974386201 ) ;
#2627 = SECURITY_CLASSIFICATION ( '', '', #4731 ) ;
#2628 = PLANE ( 'NONE',  #2121 ) ;
#2629 = CARTESIAN_POINT ( 'NONE',  ( 14.00000000000000178, 0.0000000000000000000, 5.900000000000005684 ) ) ;
#2630 = CARTESIAN_POINT ( 'NONE',  ( 4.899999999999999467, 6.938893903907228378E-17, 1.100000000000000089 ) ) ;
#2631 = CARTESIAN_POINT ( 'NONE',  ( -5.700000000000000178, 2.602085213965210642E-17, 7.500000000000000000 ) ) ;
#2632 = CARTESIAN_POINT ( 'NONE',  ( -8.199999999999999289, -5.000000000000001776, 9.199999999999999289 ) ) ;
#2633 = LINE ( 'NONE', #1720, #4895 ) ;
#2634 = ORIENTED_EDGE ( 'NONE', *, *, #1176, .F. ) ;
#2635 = ADVANCED_FACE ( 'NONE', ( #3870 ), #5535, .F. ) ;
#2636 = CIRCLE ( 'NONE', #5295, 0.5000000000000004441 ) ;
#2637 = DIRECTION ( 'NONE',  ( -0.0000000000000000000, -0.0000000000000000000, -1.000000000000000000 ) ) ;
#2638 = CARTESIAN_POINT ( 'NONE',  ( 10.34048140662818405, -1.823305865502770073, 9.199999999999999289 ) ) ;
#2639 = CARTESIAN_POINT ( 'NONE',  ( 6.000000000000000000, -2.750000000000000444, 5.899999999999998579 ) ) ;
#2640 = LINE ( 'NONE', #2865, #2499 ) ;
#2641 = EDGE_CURVE ( 'NONE', #4525, #4003, #2786, .T. ) ;
#2642 = LINE ( 'NONE', #4838, #390 ) ;
#2643 = ORIENTED_EDGE ( 'NONE', *, *, #1705, .T. ) ;
#2644 = AXIS2_PLACEMENT_3D ( 'NONE', #182, #3813, #1169 ) ;
#2645 = CALENDAR_DATE ( 2020, 24, 9 ) ;
#2646 = EDGE_CURVE ( 'NONE', #2712, #4735, #1742, .T. ) ;
#2647 = ORIENTED_EDGE ( 'NONE', *, *, #5609, .F. ) ;
#2648 = ORIENTED_EDGE ( 'NONE', *, *, #3984, .T. ) ;
#2649 = DIRECTION ( 'NONE',  ( -1.000000000000000000, -8.673617379884036705E-17, 0.0000000000000000000 ) ) ;
#2650 = CARTESIAN_POINT ( 'NONE',  ( -6.500000000000001776, -4.899999999999999467, 8.599999999999999645 ) ) ;
#2651 = APPROVAL_STATUS ( 'not_yet_approved' ) ;
#2652 = CARTESIAN_POINT ( 'NONE',  ( -4.500000000000000000, 6.000000000000000888, 5.900000000000005684 ) ) ;
#2653 = VECTOR ( 'NONE', #4608, 1000.000000000000000 ) ;
#2654 = ORIENTED_EDGE ( 'NONE', *, *, #3010, .T. ) ;
#2655 = EDGE_CURVE ( 'NONE', #5623, #1894, #3333, .T. ) ;
#2656 = DIRECTION ( 'NONE',  ( 1.000000000000000000, 8.673617379884035472E-17, -0.0000000000000000000 ) ) ;
#2657 = ORIENTED_EDGE ( 'NONE', *, *, #461, .T. ) ;
#2658 = VECTOR ( 'NONE', #5055, 999.9999999999998863 ) ;
#2659 = PLANE ( 'NONE',  #188 ) ;
#2660 = ORIENTED_EDGE ( 'NONE', *, *, #1214, .T. ) ;
#2661 = CARTESIAN_POINT ( 'NONE',  ( 0.0000000000000000000, 0.0000000000000000000, 7.500000000000000000 ) ) ;
#2662 = VERTEX_POINT ( 'NONE', #3385 ) ;
#2663 = CARTESIAN_POINT ( 'NONE',  ( -9.700000000000002842, -1.249999999999998890, 6.399999999999999467 ) ) ;
#2664 = ORGANIZATION ( 'NAUO-ORG1', 'UNSPECIFIED', 'UNSPECIFIED' ) ;
#2665 = ORIENTED_EDGE ( 'NONE', *, *, #4614, .F. ) ;
#2666 = EDGE_LOOP ( 'NONE', ( #1372, #1615, #3214, #421 ) ) ;
#2667 = DIRECTION ( 'NONE',  ( -0.0000000000000000000, -0.0000000000000000000, 1.000000000000000000 ) ) ;
#2668 = PRODUCT_RELATED_PRODUCT_CATEGORY ( 'detail', '', ( #623 ) ) ;
#2669 = SECURITY_CLASSIFICATION_LEVEL ( 'unclassified' ) ;
#2670 = CARTESIAN_POINT ( 'NONE',  ( -5.999999999999999112, -8.499999999999998224, 5.999999999999999112 ) ) ;
#2671 = ORIENTED_EDGE ( 'NONE', *, *, #1149, .F. ) ;
#2672 = DIRECTION ( 'NONE',  ( 1.000000000000000000, -8.673617379884036705E-17, 0.0000000000000000000 ) ) ;
#2673 = LINE ( 'NONE', #2015, #125 ) ;
#2674 = EDGE_CURVE ( 'NONE', #4931, #5352, #5471, .T. ) ;
#2675 = CARTESIAN_POINT ( 'NONE',  ( -4.999999999999999112, -10.00000000000000000, 5.700000000000000178 ) ) ;
#2676 = VERTEX_POINT ( 'NONE', #5515 ) ;
#2677 = ORIENTED_EDGE ( 'NONE', *, *, #3959, .F. ) ;
#2678 = CARTESIAN_POINT ( 'NONE',  ( -5.700000000000000178, 2.602085213965210642E-17, 1.099999999999993427 ) ) ;
#2679 = LINE ( 'NONE', #32, #2609 ) ;
#2680 = AXIS2_PLACEMENT_3D ( 'NONE', #4939, #5440, #4558 ) ;
#2681 = ORIENTED_EDGE ( 'NONE', *, *, #2851, .F. ) ;
#2682 = EDGE_CURVE ( 'NONE', #2662, #2044, #2099, .T. ) ;
#2683 = VECTOR ( 'NONE', #5536, 1000.000000000000000 ) ;
#2684 = PLANE ( 'NONE',  #3387 ) ;
#2685 = ORIENTED_EDGE ( 'NONE', *, *, #5128, .F. ) ;
#2686 = CARTESIAN_POINT ( 'NONE',  ( 5.999999999999999112, -10.00000000000000000, 7.500000000000000000 ) ) ;
#2687 = ADVANCED_FACE ( 'NONE', ( #671 ), #4916, .F. ) ;
#2688 = APPROVAL_STATUS ( 'not_yet_approved' ) ;
#2689 = EDGE_CURVE ( 'NONE', #1774, #2476, #811, .T. ) ;
#2690 = EDGE_LOOP ( 'NONE', ( #3660, #2419, #4521, #3873 ) ) ;
#2691 = AXIS2_PLACEMENT_3D ( 'NONE', #5500, #5554, #1614 ) ;
#2692 = EDGE_CURVE ( 'NONE', #3957, #4216, #3066, .T. ) ;
#2693 = VERTEX_POINT ( 'NONE', #434 ) ;
#2694 = AXIS2_PLACEMENT_3D ( 'NONE', #1802, #3931, #1289 ) ;
#2695 = CARTESIAN_POINT ( 'NONE',  ( -4.899999999999999467, 9.540979117872439019E-17, 1.100000000000000311 ) ) ;
#2696 = VECTOR ( 'NONE', #5370, 1000.000000000000000 ) ;
#2697 = DIRECTION ( 'NONE',  ( 1.000000000000000000, 0.0000000000000000000, 0.0000000000000000000 ) ) ;
#2698 = CARTESIAN_POINT ( 'NONE',  ( 0.0000000000000000000, 0.0000000000000000000, 7.500000000000000000 ) ) ;
#2699 = CARTESIAN_POINT ( 'NONE',  ( -5.700000000000000178, -2.749999999999999556, 5.899999999999998579 ) ) ;
#2700 = DIRECTION ( 'NONE',  ( 0.0000000000000000000, 1.000000000000000000, 6.285229985423214289E-17 ) ) ;
#2701 = DIRECTION ( 'NONE',  ( -7.375650828688862849E-33, 8.503546450866702047E-17, -1.000000000000000000 ) ) ;
#2702 = PERSON_AND_ORGANIZATION ( #1600, #2760 ) ;
#2703 = CARTESIAN_POINT ( 'NONE',  ( 10.81665382639196515, 5.000000000000006217, 5.900000000000007461 ) ) ;
#2704 = CARTESIAN_POINT ( 'NONE',  ( -0.8914213562373087818, -2.891421356237308782, 4.658578643762687044 ) ) ;
#2705 = DIRECTION ( 'NONE',  ( 1.000000000000000000, -8.673617379884035472E-17, -0.0000000000000000000 ) ) ;
#2706 = APPROVAL_ROLE ( '' ) ;
#2707 = LINE ( 'NONE', #3771, #4836 ) ;
#2708 = ORIENTED_EDGE ( 'NONE', *, *, #1392, .F. ) ;
#2709 = DIRECTION ( 'NONE',  ( 1.000000000000000000, 8.673617379884033007E-17, 0.0000000000000000000 ) ) ;
#2710 = CIRCLE ( 'NONE', #1938, 4.899999999999999467 ) ;
#2711 = LINE ( 'NONE', #1131, #4647 ) ;
#2712 = VERTEX_POINT ( 'NONE', #4023 ) ;
#2713 = ORIENTED_EDGE ( 'NONE', *, *, #2794, .F. ) ;
#2714 = VECTOR ( 'NONE', #1914, 1000.000000000000000 ) ;
#2715 = EDGE_CURVE ( 'NONE', #4211, #4650, #888, .T. ) ;
#2716 = DIRECTION ( 'NONE',  ( -1.000000000000000000, 8.673617379884035472E-17, 0.0000000000000000000 ) ) ;
#2717 = VECTOR ( 'NONE', #4703, 1000.000000000000000 ) ;
#2718 = DIRECTION ( 'NONE',  ( -0.0000000000000000000, 0.0000000000000000000, 1.000000000000000000 ) ) ;
#2719 = CALENDAR_DATE ( 2020, 24, 9 ) ;
#2720 = CARTESIAN_POINT ( 'NONE',  ( -4.500000000000000000, 5.000000000000000888, 9.199999999999999289 ) ) ;
#2721 = ORIENTED_EDGE ( 'NONE', *, *, #4698, .F. ) ;
#2722 = DIRECTION ( 'NONE',  ( -1.000000000000000000, 0.0000000000000000000, 0.0000000000000000000 ) ) ;
#2723 = UNCERTAINTY_MEASURE_WITH_UNIT (LENGTH_MEASURE( 1.000000000000000082E-05 ), #4215, 'distance_accuracy_value', 'NONE');
#2724 = FACE_OUTER_BOUND ( 'NONE', #1559, .T. ) ;
#2725 = VERTEX_POINT ( 'NONE', #5273 ) ;
#2726 = DATE_AND_TIME ( #5265, #753 ) ;
#2727 = ORIENTED_EDGE ( 'NONE', *, *, #1535, .F. ) ;
#2728 = VERTEX_POINT ( 'NONE', #2631 ) ;
#2729 = DIRECTION ( 'NONE',  ( 1.000000000000000000, -8.673617379884035472E-17, -0.0000000000000000000 ) ) ;
#2730 = ORIENTED_EDGE ( 'NONE', *, *, #1026, .F. ) ;
#2731 = CALENDAR_DATE ( 2020, 24, 9 ) ;
#2732 = LINE ( 'NONE', #3243, #1765 ) ;
#2733 = ORIENTED_EDGE ( 'NONE', *, *, #1278, .F. ) ;
#2734 = AXIS2_PLACEMENT_3D ( 'NONE', #4771, #5266, #1778 ) ;
#2735 = ORIENTED_EDGE ( 'NONE', *, *, #5415, .F. ) ;
#2736 = DIRECTION ( 'NONE',  ( -0.0000000000000000000, -0.0000000000000000000, 1.000000000000000000 ) ) ;
#2737 = DIRECTION ( 'NONE',  ( -0.0000000000000000000, 0.0000000000000000000, -1.000000000000000000 ) ) ;
#2738 = EDGE_LOOP ( 'NONE', ( #3755, #1625, #4388, #5690 ) ) ;
#2739 = CIRCLE ( 'NONE', #3184, 0.2999999999999999889 ) ;
#2740 =( REPRESENTATION_RELATIONSHIP ('NONE','NONE', #1318, #5167 ) REPRESENTATION_RELATIONSHIP_WITH_TRANSFORMATION ( #1574 )SHAPE_REPRESENTATION_RELATIONSHIP( ) );
#2741 = AXIS2_PLACEMENT_3D ( 'NONE', #3568, #1362, #3647 ) ;
#2742 =( NAMED_UNIT ( * ) SI_UNIT ( $, .STERADIAN. ) SOLID_ANGLE_UNIT ( ) );
#2743 = EDGE_CURVE ( 'NONE', #4256, #3022, #1890, .T. ) ;
#2745 = VERTEX_POINT ( 'NONE', #4415 ) ;
#2744 = DIRECTION ( 'NONE',  ( 0.0000000000000000000, 0.0000000000000000000, 1.000000000000000000 ) ) ;
#2746 = CIRCLE ( 'NONE', #4057, 0.1999999999999999833 ) ;
#2747 = CARTESIAN_POINT ( 'NONE',  ( -0.9500000000000002887, 2.950000000000000622, 2.100000000000000089 ) ) ;
#2748 = VECTOR ( 'NONE', #2744, 1000.000000000000000 ) ;
#2749 = DIRECTION ( 'NONE',  ( -0.0000000000000000000, -0.0000000000000000000, 1.000000000000000000 ) ) ;
#2750 = ORIENTED_EDGE ( 'NONE', *, *, #3549, .T. ) ;
#2751 = ORIENTED_EDGE ( 'NONE', *, *, #5405, .F. ) ;
#2752 = CARTESIAN_POINT ( 'NONE',  ( 0.9500000000000002887, -2.749999999999999556, 2.100000000000000089 ) ) ;
#2753 = DIRECTION ( 'NONE',  ( 0.0000000000000000000, 0.0000000000000000000, 1.000000000000000000 ) ) ;
#2754 = EDGE_CURVE ( 'NONE', #4848, #2108, #245, .T. ) ;
#2755 = VECTOR ( 'NONE', #5636, 1000.000000000000000 ) ;
#2756 = VECTOR ( 'NONE', #2705, 1000.000000000000000 ) ;
#2757 = CARTESIAN_POINT ( 'NONE',  ( 0.9499999999999998446, 2.803752220412938367, 4.599999999999996092 ) ) ;
#2758 = DIRECTION ( 'NONE',  ( 0.0000000000000000000, 0.0000000000000000000, 1.000000000000000000 ) ) ;
#2759 = APPROVAL ( #3287, 'UNSPECIFIED' ) ;
#2760 = ORGANIZATION ( 'UNSPECIFIED', 'UNSPECIFIED', '' ) ;
#2761 = FACE_BOUND ( 'NONE', #4780, .T. ) ;
#2762 = FACE_OUTER_BOUND ( 'NONE', #2106, .T. ) ;
#2763 = ORIENTED_EDGE ( 'NONE', *, *, #3549, .F. ) ;
#2764 = EDGE_CURVE ( 'NONE', #3349, #3559, #1950, .T. ) ;
#2765 = DIRECTION ( 'NONE',  ( -0.0000000000000000000, -0.0000000000000000000, -1.000000000000000000 ) ) ;
#2766 = CARTESIAN_POINT ( 'NONE',  ( 1.821459649775647449E-14, -1.734723475976807094E-15, 23.00000000000000000 ) ) ;
#2767 = DIRECTION ( 'NONE',  ( 1.000000000000000000, -8.673617379884035472E-17, -0.0000000000000000000 ) ) ;
#2768 = CARTESIAN_POINT ( 'NONE',  ( 0.9499999999999996225, 2.950000000000000622, 4.599999999999996092 ) ) ;
#2769 = FACE_OUTER_BOUND ( 'NONE', #2332, .T. ) ;
#2770 = CARTESIAN_POINT ( 'NONE',  ( -0.9500000000000002887, 2.750000000000000888, 4.599999999999996092 ) ) ;
#2771 = AXIS2_PLACEMENT_3D ( 'NONE', #4434, #5274, #4875 ) ;
#2772 = ADVANCED_FACE ( 'NONE', ( #1814 ), #5132, .T. ) ;
#2773 = CYLINDRICAL_SURFACE ( 'NONE', #3710, 0.5000000000000000000 ) ;
#2774 = CIRCLE ( 'NONE', #2014, 0.2999999999999999889 ) ;
#2775 = CARTESIAN_POINT ( 'NONE',  ( 3.316624790355395813, 5.000000000000002665, -8.933335432157942790 ) ) ;
#2776 = CC_DESIGN_APPROVAL ( #4306, ( #5616 ) ) ;
#2777 = LOCAL_TIME ( 7, 23, 42.00000000000000000, #526 ) ;
#2778 = EDGE_LOOP ( 'NONE', ( #149, #252, #3006, #2602 ) ) ;
#2779 = DIRECTION ( 'NONE',  ( -0.0000000000000000000, 1.000000000000000000, 0.0000000000000000000 ) ) ;
#2780 = EDGE_CURVE ( 'NONE', #3797, #1531, #2029, .T. ) ;
#2781 = APPROVAL_PERSON_ORGANIZATION ( #2092, #2342, #3126 ) ;
#2782 = ORIENTED_EDGE ( 'NONE', *, *, #3115, .T. ) ;
#2783 = ORIENTED_EDGE ( 'NONE', *, *, #228, .T. ) ;
#2784 = DIRECTION ( 'NONE',  ( -0.0000000000000000000, -1.000000000000000000, -8.673617379884031774E-17 ) ) ;
#2785 =( GEOMETRIC_REPRESENTATION_CONTEXT ( 3 ) GLOBAL_UNCERTAINTY_ASSIGNED_CONTEXT ( ( #4223 ) ) GLOBAL_UNIT_ASSIGNED_CONTEXT ( ( #776, #1662, #5595 ) ) REPRESENTATION_CONTEXT ( 'NONE', 'WORKASPACE' ) );
#2786 = LINE ( 'NONE', #3867, #4455 ) ;
#2787 = VECTOR ( 'NONE', #273, 1000.000000000000000 ) ;
#2788 = ORIENTED_EDGE ( 'NONE', *, *, #4445, .F. ) ;
#2789 = VERTEX_POINT ( 'NONE', #1986 ) ;
#2790 = FACE_OUTER_BOUND ( 'NONE', #777, .T. ) ;
#2791 = AXIS2_PLACEMENT_3D ( 'NONE', #1866, #1388, #4845 ) ;
#2792 = LINE ( 'NONE', #3697, #1308 ) ;
#2793 = VERTEX_POINT ( 'NONE', #2835 ) ;
#2794 = EDGE_CURVE ( 'NONE', #320, #997, #4645, .T. ) ;
#2795 = ORIENTED_EDGE ( 'NONE', *, *, #414, .T. ) ;
#2796 = ORIENTED_EDGE ( 'NONE', *, *, #4209, .T. ) ;
#2797 = DIRECTION ( 'NONE',  ( 1.000000000000000000, 0.0000000000000000000, 0.0000000000000000000 ) ) ;
#2798 = AXIS2_PLACEMENT_3D ( 'NONE', #2604, #3916, #748 ) ;
#2799 = CARTESIAN_POINT ( 'NONE',  ( 8.199999999999999289, -6.000000000000001776, 5.700000000000000178 ) ) ;
#2800 = CARTESIAN_POINT ( 'NONE',  ( 5.700000000000000178, -10.00000000000000000, 5.500000000000000000 ) ) ;
#2801 = CLOSED_SHELL ( 'NONE', ( #561, #3603, #141, #1157, #3408, #869, #3639, #1495, #5282, #3430, #5512, #77, #1845, #4247, #3994, #3479, #3709 ) ) ;
#2802 = VECTOR ( 'NONE', #1335, 1000.000000000000000 ) ;
#2803 = PRODUCT_DEFINITION_SHAPE ( 'NONE', 'NONE',  #5703 ) ;
#2804 = CARTESIAN_POINT ( 'NONE',  ( -7.200000000000000178, -6.142961956106105239E-16, 0.0000000000000000000 ) ) ;
#2805 = ORIENTED_EDGE ( 'NONE', *, *, #641, .F. ) ;
#2806 = CARTESIAN_POINT ( 'NONE',  ( -10.34048140662818405, 1.823305865502771184, 9.199999999999999289 ) ) ;
#2807 = ORIENTED_EDGE ( 'NONE', *, *, #5242, .T. ) ;
#2808 = VECTOR ( 'NONE', #3185, 1000.000000000000000 ) ;
#2809 = CARTESIAN_POINT ( 'NONE',  ( 0.0000000000000000000, 0.0000000000000000000, 1.100000000000000311 ) ) ;
#2810 = EDGE_LOOP ( 'NONE', ( #536, #4535, #5052, #1117 ) ) ;
#2811 = ORIENTED_EDGE ( 'NONE', *, *, #5553, .F. ) ;
#2812 = DATE_AND_TIME ( #362, #285 ) ;
#2813 = LINE ( 'NONE', #2053, #2683 ) ;
#2814 = ORIENTED_EDGE ( 'NONE', *, *, #4922, .T. ) ;
#2815 = EDGE_CURVE ( 'NONE', #5347, #775, #4130, .T. ) ;
#2816 = DIRECTION ( 'NONE',  ( -1.000000000000000000, 0.0000000000000000000, 0.0000000000000000000 ) ) ;
#2817 = ORIENTED_EDGE ( 'NONE', *, *, #5626, .T. ) ;
#2818 = VERTEX_POINT ( 'NONE', #5660 ) ;
#2819 = AXIS2_PLACEMENT_3D ( 'NONE', #1201, #4300, #1695 ) ;
#2820 = FACE_OUTER_BOUND ( 'NONE', #5032, .T. ) ;
#2821 = ORIENTED_EDGE ( 'NONE', *, *, #2325, .T. ) ;
#2822 =( GEOMETRIC_REPRESENTATION_CONTEXT ( 3 ) GLOBAL_UNCERTAINTY_ASSIGNED_CONTEXT ( ( #2905 ) ) GLOBAL_UNIT_ASSIGNED_CONTEXT ( ( #3150, #2307, #2742 ) ) REPRESENTATION_CONTEXT ( 'NONE', 'WORKASPACE' ) );
#2823 = CARTESIAN_POINT ( 'NONE',  ( -3.899999999999999911, 5.200000000000001066, 9.199999999999999289 ) ) ;
#2824 = CARTESIAN_POINT ( 'NONE',  ( 6.000000000000000000, -1.250000000000000222, 5.899999999999998579 ) ) ;
#2825 = EDGE_CURVE ( 'NONE', #3349, #1047, #3274, .T. ) ;
#2826 = DIRECTION ( 'NONE',  ( 0.0000000000000000000, 1.000000000000000000, 0.0000000000000000000 ) ) ;
#2827 = DATE_AND_TIME ( #4291, #1631 ) ;
#2828 = ORIENTED_EDGE ( 'NONE', *, *, #672, .T. ) ;
#2829 = ADVANCED_FACE ( 'NONE', ( #4573, #3872 ), #958, .F. ) ;
#2830 = DIRECTION ( 'NONE',  ( -8.673617379884035472E-17, 1.000000000000000000, 8.503546450866702047E-17 ) ) ;
#2831 = VECTOR ( 'NONE', #1048, 1000.000000000000000 ) ;
#2832 = EDGE_CURVE ( 'NONE', #5286, #2693, #896, .T. ) ;
#2833 = DIRECTION ( 'NONE',  ( 0.0000000000000000000, -0.0000000000000000000, 1.000000000000000000 ) ) ;
#2834 = CYLINDRICAL_SURFACE ( 'NONE', #1290, 12.10000000000000320 ) ;
#2835 = CARTESIAN_POINT ( 'NONE',  ( 6.000000000000000000, -0.7500000000000006661, 6.399999999999999467 ) ) ;
#2836 = DATE_AND_TIME ( #1359, #1798 ) ;
#2837 = DIRECTION ( 'NONE',  ( 0.0000000000000000000, 1.000000000000000000, 0.0000000000000000000 ) ) ;
#2838 = FACE_OUTER_BOUND ( 'NONE', #1316, .T. ) ;
#2839 = APPROVAL_STATUS ( 'not_yet_approved' ) ;
#2840 = DIRECTION ( 'NONE',  ( 8.503546450866702047E-17, -1.000000000000000000, -8.503546450866702047E-17 ) ) ;
#2841 = CARTESIAN_POINT ( 'NONE',  ( 0.0000000000000000000, 0.0000000000000000000, 9.799999999999998934 ) ) ;
#2842 = DATE_AND_TIME ( #2913, #3449 ) ;
#2843 = EDGE_CURVE ( 'NONE', #2473, #3473, #1821, .T. ) ;
#2844 = CALENDAR_DATE ( 2020, 24, 9 ) ;
#2845 = FACE_BOUND ( 'NONE', #1120, .T. ) ;
#2846 = VERTEX_POINT ( 'NONE', #1070 ) ;
#2847 = CARTESIAN_POINT ( 'NONE',  ( 0.0000000000000000000, 0.0000000000000000000, -2.740971508067062246 ) ) ;
#2848 = DIRECTION ( 'NONE',  ( 1.000000000000000000, 0.0000000000000000000, -0.0000000000000000000 ) ) ;
#2849 = AXIS2_PLACEMENT_3D ( 'NONE', #2522, #4269, #4697 ) ;
#2850 = ORIENTED_EDGE ( 'NONE', *, *, #1240, .F. ) ;
#2851 = EDGE_CURVE ( 'NONE', #2945, #1971, #36, .T. ) ;
#2852 = ADVANCED_FACE ( 'NONE', ( #4709 ), #3406, .T. ) ;
#2853 = ORIENTED_EDGE ( 'NONE', *, *, #1862, .T. ) ;
#2854 = CARTESIAN_POINT ( 'NONE',  ( 5.699999999999998401, -2.750000000000000444, 5.899999999999998579 ) ) ;
#2855 = CARTESIAN_POINT ( 'NONE',  ( 0.8534127966794871067, -2.929429915795132011, 4.620570084204865147 ) ) ;
#2856 = FACE_OUTER_BOUND ( 'NONE', #2471, .T. ) ;
#2857 = EDGE_LOOP ( 'NONE', ( #2929, #2394, #1674, #5138 ) ) ;
#2858 = DIRECTION ( 'NONE',  ( 0.0000000000000000000, 0.0000000000000000000, 1.000000000000000000 ) ) ;
#2859 = ORIENTED_EDGE ( 'NONE', *, *, #2832, .T. ) ;
#2860 = ADVANCED_FACE ( 'NONE', ( #4984 ), #5596, .F. ) ;
#2861 = APPLICATION_CONTEXT ( 'configuration controlled 3d designs of mechanical parts and assemblies' ) ;
#2862 = EDGE_CURVE ( 'NONE', #3698, #1531, #1379, .T. ) ;
#2863 = CIRCLE ( 'NONE', #3869, 6.299999999999998934 ) ;
#2864 = ORIENTED_EDGE ( 'NONE', *, *, #2843, .F. ) ;
#2865 = CARTESIAN_POINT ( 'NONE',  ( 5.700000000000000178, 6.980486755139913108E-16, 1.100000000000000089 ) ) ;
#2866 = CARTESIAN_POINT ( 'NONE',  ( -6.000000000000000000, -1.249999999999999112, 5.899999999999998579 ) ) ;
#2867 = ORIENTED_EDGE ( 'NONE', *, *, #3761, .F. ) ;
#2868 = CC_DESIGN_PERSON_AND_ORGANIZATION_ASSIGNMENT ( #4700, #3801, ( #1066 ) ) ;
#2869 = DIRECTION ( 'NONE',  ( 0.4242640687119251242, -0.5656854249492314635, -0.7071067811865547892 ) ) ;
#2870 = DIRECTION ( 'NONE',  ( 1.000000000000000000, 0.0000000000000000000, 0.0000000000000000000 ) ) ;
#2871 = ORIENTED_EDGE ( 'NONE', *, *, #251, .T. ) ;
#2872 = ORIENTED_EDGE ( 'NONE', *, *, #1748, .F. ) ;
#2873 = CARTESIAN_POINT ( 'NONE',  ( -7.199999999999999289, -10.00000000000000000, 5.900000000000005684 ) ) ;
#2875 = EDGE_LOOP ( 'NONE', ( #4146, #5628, #684, #668 ) ) ;
#2874 = CARTESIAN_POINT ( 'NONE',  ( -8.800000000000002487, -7.999999999999998224, 7.500000000000000000 ) ) ;
#2876 = FACE_OUTER_BOUND ( 'NONE', #127, .T. ) ;
#2877 = AXIS2_PLACEMENT_3D ( 'NONE', #4399, #5365, #4935 ) ;
#2878 = APPROVAL_STATUS ( 'not_yet_approved' ) ;
#2879 = ORIENTED_EDGE ( 'NONE', *, *, #2324, .F. ) ;
#2880 = ORIENTED_EDGE ( 'NONE', *, *, #1716, .F. ) ;
#2881 = SECURITY_CLASSIFICATION ( '', '', #483 ) ;
#2882 = PRODUCT ( '3981_subjto PCB', '3981_subjto PCB', '', ( #5061 ) ) ;
#2883 = LINE ( 'NONE', #1420, #1470 ) ;
#2884 = AXIS2_PLACEMENT_3D ( 'NONE', #5240, #3127, #443 ) ;
#2885 = ORIENTED_EDGE ( 'NONE', *, *, #1314, .T. ) ;
#2886 = AXIS2_PLACEMENT_3D ( 'NONE', #223, #2907, #4553 ) ;
#2887 = EDGE_CURVE ( 'NONE', #4767, #648, #3864, .T. ) ;
#2888 = FACE_OUTER_BOUND ( 'NONE', #3292, .T. ) ;
#2889 = ADVANCED_FACE ( 'NONE', ( #4841, #163 ), #5148, .F. ) ;
#2890 = CARTESIAN_POINT ( 'NONE',  ( 0.0000000000000000000, 0.0000000000000000000, 5.100000000000000533 ) ) ;
#2891 = VECTOR ( 'NONE', #652, 999.9999999999998863 ) ;
#2892 = ADVANCED_FACE ( 'NONE', ( #3454 ), #462, .F. ) ;
#2893 = AXIS2_PLACEMENT_3D ( 'NONE', #405, #954, #992 ) ;
#2894 = DIRECTION ( 'NONE',  ( 1.000000000000000000, 0.0000000000000000000, 0.0000000000000000000 ) ) ;
#2895 = CARTESIAN_POINT ( 'NONE',  ( -5.999999999999999112, -7.999999999999998224, 7.500000000000000000 ) ) ;
#2896 = EDGE_CURVE ( 'NONE', #4381, #5608, #2710, .T. ) ;
#2897 = PERSON_AND_ORGANIZATION ( #1600, #2760 ) ;
#2898 = VECTOR ( 'NONE', #829, 1000.000000000000000 ) ;
#2899 = ORIENTED_EDGE ( 'NONE', *, *, #4043, .F. ) ;
#2900 = PLANE ( 'NONE',  #383 ) ;
#2901 = PRODUCT_DEFINITION_SHAPE ( 'NONE', 'NONE',  #467 ) ;
#2902 = LINE ( 'NONE', #1780, #3914 ) ;
#2903 = DATE_TIME_ROLE ( 'classification_date' ) ;
#2904 = CARTESIAN_POINT ( 'NONE',  ( -8.800000000000002487, -7.999999999999998224, 7.500000000000000000 ) ) ;
#2905 = UNCERTAINTY_MEASURE_WITH_UNIT (LENGTH_MEASURE( 1.000000000000000082E-05 ), #3150, 'distance_accuracy_value', 'NONE');
#2906 = DIRECTION ( 'NONE',  ( 0.0000000000000000000, 1.000000000000000000, 0.0000000000000000000 ) ) ;
#2907 = DIRECTION ( 'NONE',  ( 0.0000000000000000000, 0.0000000000000000000, 1.000000000000000000 ) ) ;
#2908 = LINE ( 'NONE', #4454, #5039 ) ;
#2909 = EDGE_CURVE ( 'NONE', #1227, #3349, #5256, .T. ) ;
#2910 = LINE ( 'NONE', #2539, #4832 ) ;
#2911 = CC_DESIGN_DATE_AND_TIME_ASSIGNMENT ( #3012, #3379, ( #1756 ) ) ;
#2912 = EDGE_CURVE ( 'NONE', #1585, #2025, #5058, .T. ) ;
#2913 = CALENDAR_DATE ( 2020, 24, 9 ) ;
#2914 = EDGE_CURVE ( 'NONE', #2316, #2044, #249, .T. ) ;
#2915 = VECTOR ( 'NONE', #4404, 1000.000000000000000 ) ;
#2916 = DIRECTION ( 'NONE',  ( 1.000000000000000000, 0.0000000000000000000, 0.0000000000000000000 ) ) ;
#2917 = EDGE_LOOP ( 'NONE', ( #4354, #3657, #5603, #5625 ) ) ;
#2918 = CARTESIAN_POINT ( 'NONE',  ( -10.34048140662818405, -1.823305865502773404, 5.700000000000000178 ) ) ;
#2919 = CARTESIAN_POINT ( 'NONE',  ( 10.34048140662818405, -1.823305865502770073, 5.700000000000000178 ) ) ;
#2920 = DIRECTION ( 'NONE',  ( 0.0000000000000000000, 1.000000000000000000, 0.0000000000000000000 ) ) ;
#2921 = DIRECTION ( 'NONE',  ( -0.0000000000000000000, -0.0000000000000000000, 1.000000000000000000 ) ) ;
#2922 = DATE_AND_TIME ( #5188, #1237 ) ;
#2923 = ADVANCED_FACE ( 'NONE', ( #2246 ), #2597, .T. ) ;
#2924 = APPROVAL_ROLE ( '' ) ;
#2925 = DIRECTION ( 'NONE',  ( 1.000000000000000000, 0.0000000000000000000, 0.0000000000000000000 ) ) ;
#2926 = ORIENTED_EDGE ( 'NONE', *, *, #3862, .F. ) ;
#2927 = ORIENTED_EDGE ( 'NONE', *, *, #872, .T. ) ;
#2928 = DIRECTION ( 'NONE',  ( 0.0000000000000000000, 0.0000000000000000000, 1.000000000000000000 ) ) ;
#2929 = ORIENTED_EDGE ( 'NONE', *, *, #2832, .F. ) ;
#2930 = ORIENTED_EDGE ( 'NONE', *, *, #747, .T. ) ;
#2931 = CC_DESIGN_APPROVAL ( #2342, ( #2045 ) ) ;
#2932 = LINE ( 'NONE', #3317, #1184 ) ;
#2933 = LOCAL_TIME ( 7, 23, 42.00000000000000000, #1245 ) ;
#2934 = EDGE_CURVE ( 'NONE', #145, #4381, #2992, .T. ) ;
#2935 = ORIENTED_EDGE ( 'NONE', *, *, #73, .F. ) ;
#2936 = EDGE_LOOP ( 'NONE', ( #5202, #204, #4241, #1469 ) ) ;
#2937 = DIRECTION ( 'NONE',  ( 1.000000000000000000, 0.0000000000000000000, 0.0000000000000000000 ) ) ;
#2938 = DIRECTION ( 'NONE',  ( 1.000000000000000000, 9.992007221626420697E-16, 1.445602896647339311E-15 ) ) ;
#2939 = CARTESIAN_POINT ( 'NONE',  ( -8.199999999999999289, -6.000000000000001776, 5.900000000000005684 ) ) ;
#2940 = EDGE_LOOP ( 'NONE', ( #5000, #3560 ) ) ;
#2941 = EDGE_CURVE ( 'NONE', #3194, #2443, #5126, .T. ) ;
#2942 = VERTEX_POINT ( 'NONE', #3642 ) ;
#2943 = CARTESIAN_POINT ( 'NONE',  ( 6.100000000000001421, -6.599999999999999645, 7.500000000000000000 ) ) ;
#2944 = DIRECTION ( 'NONE',  ( -0.0000000000000000000, -0.0000000000000000000, -1.000000000000000000 ) ) ;
#2945 = VERTEX_POINT ( 'NONE', #11 ) ;
#2946 = VERTEX_POINT ( 'NONE', #4070 ) ;
#2947 = VECTOR ( 'NONE', #27, 1000.000000000000000 ) ;
#2948 = EDGE_CURVE ( 'NONE', #191, #2745, #4064, .T. ) ;
#2949 = CARTESIAN_POINT ( 'NONE',  ( 1.517883041479706208E-14, 0.0000000000000000000, 20.00000000000000000 ) ) ;
#2950 = ORIENTED_EDGE ( 'NONE', *, *, #3085, .T. ) ;
#2951 = VECTOR ( 'NONE', #1002, 1000.000000000000114 ) ;
#2952 = CARTESIAN_POINT ( 'NONE',  ( -9.700000000000002842, -1.249999999999998890, 5.899999999999998579 ) ) ;
#2953 = DIRECTION ( 'NONE',  ( 0.0000000000000000000, 0.0000000000000000000, 1.000000000000000000 ) ) ;
#2954 = ORIENTED_EDGE ( 'NONE', *, *, #3761, .T. ) ;
#2955 = VERTEX_POINT ( 'NONE', #1395 ) ;
#2956 = DIRECTION ( 'NONE',  ( -7.375650828688862849E-33, -8.503546450866702047E-17, 1.000000000000000000 ) ) ;
#2957 = CIRCLE ( 'NONE', #2511, 0.5000000000000000000 ) ;
#2958 = CARTESIAN_POINT ( 'NONE',  ( 6.000000000000000000, -2.750000000000000444, 6.399999999999999467 ) ) ;
#2959 = DIRECTION ( 'NONE',  ( -0.0000000000000000000, -0.0000000000000000000, 1.000000000000000000 ) ) ;
#2960 = VERTEX_POINT ( 'NONE', #4026 ) ;
#2961 =( NAMED_UNIT ( * ) SI_UNIT ( $, .STERADIAN. ) SOLID_ANGLE_UNIT ( ) );
#2962 = CC_DESIGN_PERSON_AND_ORGANIZATION_ASSIGNMENT ( #4123, #1790, ( #847 ) ) ;
#2963 = AXIS2_PLACEMENT_3D ( 'NONE', #352, #2188, #372 ) ;
#2964 = VECTOR ( 'NONE', #1326, 1000.000000000000000 ) ;
#2965 = EDGE_CURVE ( 'NONE', #2591, #1826, #105, .T. ) ;
#2966 = CYLINDRICAL_SURFACE ( 'NONE', #615, 1.600000000000000755 ) ;
#2967 = DIRECTION ( 'NONE',  ( 8.673617379884035472E-17, -1.000000000000000000, 0.0000000000000000000 ) ) ;
#2968 = EDGE_LOOP ( 'NONE', ( #5401, #3749, #2954, #3350 ) ) ;
#2969 = DIRECTION ( 'NONE',  ( 0.0000000000000000000, -1.000000000000000000, -9.745637505487679766E-17 ) ) ;
#2970 = ADVANCED_BREP_SHAPE_REPRESENTATION ( '', ( #3251, #566 ), #3156 ) ;
#2971 = EDGE_CURVE ( 'NONE', #1270, #4735, #404, .T. ) ;
#2972 = DIRECTION ( 'NONE',  ( 0.0000000000000000000, -1.000000000000000000, 0.0000000000000000000 ) ) ;
#2973 = ADVANCED_FACE ( 'NONE', ( #3202 ), #2333, .T. ) ;
#2974 = LINE ( 'NONE', #3285, #1796 ) ;
#2975 = SECURITY_CLASSIFICATION_LEVEL ( 'unclassified' ) ;
#2976 = CARTESIAN_POINT ( 'NONE',  ( 5.999999999999999112, -10.00000000000000000, 1.100000000000000311 ) ) ;
#2977 = PLANE ( 'NONE',  #5646 ) ;
#2978 = DIRECTION ( 'NONE',  ( 1.000000000000000000, 0.0000000000000000000, 0.0000000000000000000 ) ) ;
#2979 = PERSON_AND_ORGANIZATION ( #1600, #2760 ) ;
#2980 = DIRECTION ( 'NONE',  ( 0.0000000000000000000, 0.0000000000000000000, 1.000000000000000000 ) ) ;
#2981 = CIRCLE ( 'NONE', #4873, 14.00000000000000178 ) ;
#2982 = ADVANCED_FACE ( 'NONE', ( #1310 ), #4048, .F. ) ;
#2983 = EDGE_CURVE ( 'NONE', #2187, #3044, #3526, .T. ) ;
#2984 = DIRECTION ( 'NONE',  ( 0.0000000000000000000, 0.0000000000000000000, 1.000000000000000000 ) ) ;
#2985 = CYLINDRICAL_SURFACE ( 'NONE', #2343, 5.299999999999999822 ) ;
#2986 = APPROVAL_DATE_TIME ( #731, #3746 ) ;
#2987 = VERTEX_POINT ( 'NONE', #3675 ) ;
#2988 = VERTEX_POINT ( 'NONE', #1064 ) ;
#2989 = AXIS2_PLACEMENT_3D ( 'NONE', #3496, #15, #2697 ) ;
#2990 = AXIS2_PLACEMENT_3D ( 'NONE', #2449, #2036, #2925 ) ;
#2991 = CARTESIAN_POINT ( 'NONE',  ( -0.3999999999999998002, -1.899999999999999911, 5.100000000000000533 ) ) ;
#2992 = LINE ( 'NONE', #360, #1030 ) ;
#2993 = DIRECTION ( 'NONE',  ( 0.0000000000000000000, -1.000000000000000000, -9.745637505487682231E-17 ) ) ;
#2994 = ORIENTED_EDGE ( 'NONE', *, *, #3947, .F. ) ;
#2995 = APPROVAL_ROLE ( '' ) ;
#2996 = AXIS2_PLACEMENT_3D ( 'NONE', #5307, #4078, #2797 ) ;
#2997 = CARTESIAN_POINT ( 'NONE',  ( -5.999999999999999112, -8.499999999999998224, 5.999999999999999112 ) ) ;
#2998 = CARTESIAN_POINT ( 'NONE',  ( 0.0000000000000000000, 0.0000000000000000000, 9.199999999999999289 ) ) ;
#2999 = AXIS2_PLACEMENT_3D ( 'NONE', #3117, #4392, #3596 ) ;
#3000 = VECTOR ( 'NONE', #2023, 1000.000000000000000 ) ;
#3001 = CARTESIAN_POINT ( 'NONE',  ( 0.0000000000000000000, 0.0000000000000000000, 0.0000000000000000000 ) ) ;
#3002 = EDGE_LOOP ( 'NONE', ( #4726, #3693, #1031, #233 ) ) ;
#3003 = DIRECTION ( 'NONE',  ( -8.673617379884035472E-17, -1.000000000000000000, 0.0000000000000000000 ) ) ;
#3004 = PERSON ( 'NAUO-PER2', 'UNSPECIFIED', 'UNSPECIFIED', ('UNSPECIFIED'), ('UNSPECIFIED'), ('UNSPECIFIED') ) ;
#3005 = CARTESIAN_POINT ( 'NONE',  ( -0.2999999999999999889, -1.130382550662772113E-15, 2.331468351712828833E-16 ) ) ;
#3006 = ORIENTED_EDGE ( 'NONE', *, *, #1838, .T. ) ;
#3007 = ORIENTED_EDGE ( 'NONE', *, *, #4383, .F. ) ;
#3008 = CC_DESIGN_PERSON_AND_ORGANIZATION_ASSIGNMENT ( #575, #3613, ( #4319 ) ) ;
#3009 = ORIENTED_EDGE ( 'NONE', *, *, #4088, .F. ) ;
#3010 = EDGE_CURVE ( 'NONE', #822, #689, #4649, .T. ) ;
#3011 = VERTEX_POINT ( 'NONE', #110 ) ;
#3012 = DATE_AND_TIME ( #4143, #5275 ) ;
#3014 = VERTEX_POINT ( 'NONE', #2866 ) ;
#3013 = DIRECTION ( 'NONE',  ( 1.000000000000000000, -8.673617379884035472E-17, -0.0000000000000000000 ) ) ;
#3015 = CARTESIAN_POINT ( 'NONE',  ( -10.81665382639196693, -5.000000000000002665, -8.933335432157942790 ) ) ;
#3016 = APPLICATION_PROTOCOL_DEFINITION ( 'international standard', 'config_control_design', 1994, #2587 ) ;
#3017 = ORIENTED_EDGE ( 'NONE', *, *, #993, .F. ) ;
#3018 = DIRECTION ( 'NONE',  ( 1.000000000000000000, -8.673617379884035472E-17, -0.0000000000000000000 ) ) ;
#3019 = EDGE_CURVE ( 'NONE', #4784, #4537, #2365, .T. ) ;
#3020 = DIRECTION ( 'NONE',  ( -0.0000000000000000000, -0.0000000000000000000, 1.000000000000000000 ) ) ;
#3021 = AXIS2_PLACEMENT_3D ( 'NONE', #2847, #1543, #2001 ) ;
#3022 = VERTEX_POINT ( 'NONE', #128 ) ;
#3023 = DIRECTION ( 'NONE',  ( 0.0000000000000000000, 0.0000000000000000000, 1.000000000000000000 ) ) ;
#3024 = CIRCLE ( 'NONE', #3964, 5.299999999999999822 ) ;
#3025 = CARTESIAN_POINT ( 'NONE',  ( -5.000000000000002665, 4.800000000000000711, 5.700000000000001066 ) ) ;
#3026 = VERTEX_POINT ( 'NONE', #1012 ) ;
#3027 = CARTESIAN_POINT ( 'NONE',  ( 2.326828918379971365E-16, -1.899999999999999911, 4.599999999999999645 ) ) ;
#3028 = CARTESIAN_POINT ( 'NONE',  ( 10.81665382639196693, -5.000000000000001776, 5.900000000000005684 ) ) ;
#3029 = ORIENTED_EDGE ( 'NONE', *, *, #1527, .T. ) ;
#3030 = DIRECTION ( 'NONE',  ( -1.000000000000000000, -8.673617379884036705E-17, -0.0000000000000000000 ) ) ;
#3031 = CIRCLE ( 'NONE', #5127, 1.000000000000000000 ) ;
#3032 = LINE ( 'NONE', #1874, #2808 ) ;
#3033 = AXIS2_PLACEMENT_3D ( 'NONE', #4592, #3344, #665 ) ;
#3034 = CARTESIAN_POINT ( 'NONE',  ( -8.199999999999999289, -6.000000000000001776, 9.199999999999999289 ) ) ;
#3035 = DIRECTION ( 'NONE',  ( -1.000000000000000000, -8.673617379884033007E-17, 0.0000000000000000000 ) ) ;
#3036 = ORIENTED_EDGE ( 'NONE', *, *, #513, .F. ) ;
#3037 = ORIENTED_EDGE ( 'NONE', *, *, #1714, .F. ) ;
#3038 = DATE_AND_TIME ( #4359, #3104 ) ;
#3039 = LINE ( 'NONE', #3111, #2193 ) ;
#3040 = FACE_OUTER_BOUND ( 'NONE', #4812, .T. ) ;
#3041 = AXIS2_PLACEMENT_3D ( 'NONE', #3478, #5630, #388 ) ;
#3042 = CYLINDRICAL_SURFACE ( 'NONE', #4132, 0.4000000000000000222 ) ;
#3043 =( NAMED_UNIT ( * ) SI_UNIT ( $, .STERADIAN. ) SOLID_ANGLE_UNIT ( ) );
#3044 = VERTEX_POINT ( 'NONE', #3273 ) ;
#3045 = DIRECTION ( 'NONE',  ( 8.673617379884035472E-17, 1.000000000000000000, 0.0000000000000000000 ) ) ;
#3046 = FACE_OUTER_BOUND ( 'NONE', #3839, .T. ) ;
#3047 = EDGE_CURVE ( 'NONE', #4142, #5053, #4712, .T. ) ;
#3048 = VECTOR ( 'NONE', #300, 1000.000000000000000 ) ;
#3049 = LINE ( 'NONE', #596, #1356 ) ;
#3050 = LINE ( 'NONE', #1847, #4046 ) ;
#3051 = CARTESIAN_POINT ( 'NONE',  ( 0.0000000000000000000, 0.0000000000000000000, 0.0000000000000000000 ) ) ;
#3052 = VECTOR ( 'NONE', #1135, 1000.000000000000000 ) ;
#3053 = ORIENTED_EDGE ( 'NONE', *, *, #1399, .F. ) ;
#3054 = DIRECTION ( 'NONE',  ( 0.0000000000000000000, 0.0000000000000000000, 1.000000000000000000 ) ) ;
#3055 = EDGE_CURVE ( 'NONE', #365, #2316, #4451, .T. ) ;
#3056 = DIRECTION ( 'NONE',  ( -0.0000000000000000000, -0.0000000000000000000, 1.000000000000000000 ) ) ;
#3057 = DIRECTION ( 'NONE',  ( 0.0000000000000000000, 0.0000000000000000000, 1.000000000000000000 ) ) ;
#3058 = APPROVAL_STATUS ( 'not_yet_approved' ) ;
#3059 = ORIENTED_EDGE ( 'NONE', *, *, #2843, .T. ) ;
#3060 = EDGE_CURVE ( 'NONE', #2455, #2409, #1170, .T. ) ;
#3061 = DIRECTION ( 'NONE',  ( -1.000000000000000000, 7.105427357601001859E-15, 0.0000000000000000000 ) ) ;
#3062 = VERTEX_POINT ( 'NONE', #4089 ) ;
#3063 = ORIENTED_EDGE ( 'NONE', *, *, #1090, .F. ) ;
#3064 = CARTESIAN_POINT ( 'NONE',  ( -5.699999999999999289, -6.599999999999997868, -19.40231944897310612 ) ) ;
#3065 = DIRECTION ( 'NONE',  ( 0.0000000000000000000, 0.0000000000000000000, 1.000000000000000000 ) ) ;
#3066 = CIRCLE ( 'NONE', #1942, 0.4000000000000000222 ) ;
#3067 = FACE_OUTER_BOUND ( 'NONE', #3677, .T. ) ;
#3068 = AXIS2_PLACEMENT_3D ( 'NONE', #878, #3974, #4386 ) ;
#3069 = VERTEX_POINT ( 'NONE', #1482 ) ;
#3070 = CARTESIAN_POINT ( 'NONE',  ( -13.56998389129174321, -2.509090909090910149, 5.700000000000001066 ) ) ;
#3071 = CARTESIAN_POINT ( 'NONE',  ( 7.960204194457798435E-16, -6.500000000000000000, 8.949999999999999289 ) ) ;
#3072 = FACE_OUTER_BOUND ( 'NONE', #2375, .T. ) ;
#3073 = APPROVAL_PERSON_ORGANIZATION ( #817, #3108, #1831 ) ;
#3074 = ORIENTED_EDGE ( 'NONE', *, *, #993, .T. ) ;
#3075 = ORIENTED_EDGE ( 'NONE', *, *, #1465, .F. ) ;
#3076 = VERTEX_POINT ( 'NONE', #4219 ) ;
#3077 = DIRECTION ( 'NONE',  ( 1.000000000000000000, 0.0000000000000000000, 0.0000000000000000000 ) ) ;
#3078 = DIRECTION ( 'NONE',  ( 0.0000000000000000000, 0.0000000000000000000, 1.000000000000000000 ) ) ;
#3079 = ORIENTED_EDGE ( 'NONE', *, *, #1783, .F. ) ;
#3080 = DIRECTION ( 'NONE',  ( 0.0000000000000000000, -0.7071067811865383579, -0.7071067811865566766 ) ) ;
#3081 = CARTESIAN_POINT ( 'NONE',  ( 5.699999999999998401, -1.250000000000000222, 6.399999999999999467 ) ) ;
#3082 = ORIENTED_EDGE ( 'NONE', *, *, #5003, .F. ) ;
#3083 = PERSON_AND_ORGANIZATION ( #1600, #2760 ) ;
#3084 = CIRCLE ( 'NONE', #980, 0.4000000000000001887 ) ;
#3085 = EDGE_CURVE ( 'NONE', #5153, #1333, #1506, .T. ) ;
#3086 = VERTEX_POINT ( 'NONE', #2525 ) ;
#3087 = CIRCLE ( 'NONE', #1509, 14.00000000000000178 ) ;
#3088 = DESIGN_CONTEXT ( 'detailed design', #2587, 'design' ) ;
#3089 = AXIS2_PLACEMENT_3D ( 'NONE', #4499, #4974, #2404 ) ;
#3090 = ORIENTED_EDGE ( 'NONE', *, *, #3600, .T. ) ;
#3091 = LINE ( 'NONE', #469, #3293 ) ;
#3092 = APPROVAL_ROLE ( '' ) ;
#3093 = EDGE_CURVE ( 'NONE', #312, #2846, #238, .T. ) ;
#3094 = DIRECTION ( 'NONE',  ( 1.000000000000000000, 9.992007221626420697E-16, 0.0000000000000000000 ) ) ;
#3095 = ORIENTED_EDGE ( 'NONE', *, *, #1015, .F. ) ;
#3096 = EDGE_LOOP ( 'NONE', ( #1999, #742, #1276, #2559 ) ) ;
#3097 = EDGE_LOOP ( 'NONE', ( #3533, #5199, #4022, #3337 ) ) ;
#3098 = FACE_BOUND ( 'NONE', #3328, .T. ) ;
#3099 = DIRECTION ( 'NONE',  ( -1.000000000000000000, 0.0000000000000000000, 0.0000000000000000000 ) ) ;
#3100 = ORIENTED_EDGE ( 'NONE', *, *, #2392, .T. ) ;
#3101 = ORIENTED_EDGE ( 'NONE', *, *, #5548, .T. ) ;
#3102 = AXIS2_PLACEMENT_3D ( 'NONE', #1902, #3245, #547 ) ;
#3103 = DIRECTION ( 'NONE',  ( 0.0000000000000000000, 0.0000000000000000000, -1.000000000000000000 ) ) ;
#3104 = LOCAL_TIME ( 7, 23, 42.00000000000000000, #5695 ) ;
#3105 = DIRECTION ( 'NONE',  ( -1.000000000000000000, 0.0000000000000000000, -0.0000000000000000000 ) ) ;
#3106 = FACE_OUTER_BOUND ( 'NONE', #4286, .T. ) ;
#3107 = VECTOR ( 'NONE', #4297, 1000.000000000000000 ) ;
#3108 = APPROVAL ( #2651, 'UNSPECIFIED' ) ;
#3109 = CARTESIAN_POINT ( 'NONE',  ( 0.7499999999999997780, 2.950000000000000622, 5.100000000000000533 ) ) ;
#3110 = LINE ( 'NONE', #1566, #2831 ) ;
#3111 = CARTESIAN_POINT ( 'NONE',  ( 5.699999999999999289, -10.00000000000000000, -19.40231944897310612 ) ) ;
#3112 = CARTESIAN_POINT ( 'NONE',  ( 13.56998389129174321, -2.509090909090911037, 5.700000000000001066 ) ) ;
#3113 = AXIS2_PLACEMENT_3D ( 'NONE', #3172, #3589, #3633 ) ;
#3114 = DIRECTION ( 'NONE',  ( -8.673617379884036705E-17, -1.000000000000000000, 0.0000000000000000000 ) ) ;
#3115 = EDGE_CURVE ( 'NONE', #417, #4837, #881, .T. ) ;
#3116 = DIRECTION ( 'NONE',  ( -7.771561172376095783E-16, -1.503766100577553754E-30, -1.000000000000000000 ) ) ;
#3117 = CARTESIAN_POINT ( 'NONE',  ( -4.500000000000000000, 6.000000000000000888, -2.740971508067062246 ) ) ;
#3118 = CARTESIAN_POINT ( 'NONE',  ( 10.81665382639196515, 2.000000000000004441, 9.199999999999999289 ) ) ;
#3119 = EDGE_CURVE ( 'NONE', #488, #145, #4835, .T. ) ;
#3120 = DIRECTION ( 'NONE',  ( 0.0000000000000000000, 0.0000000000000000000, 1.000000000000000000 ) ) ;
#3121 = FACE_OUTER_BOUND ( 'NONE', #610, .T. ) ;
#3122 = ORIENTED_EDGE ( 'NONE', *, *, #116, .F. ) ;
#3123 = AXIS2_PLACEMENT_3D ( 'NONE', #1223, #1606, #2043 ) ;
#3124 = DIRECTION ( 'NONE',  ( 0.0000000000000000000, 1.000000000000000000, 0.0000000000000000000 ) ) ;
#3125 = CARTESIAN_POINT ( 'NONE',  ( 6.500000000000001776, -6.599999999999999645, 8.599999999999999645 ) ) ;
#3126 = APPROVAL_ROLE ( '' ) ;
#3127 = DIRECTION ( 'NONE',  ( -9.403954806578278168E-32, 1.000000000000000000, 8.673617379884019448E-17 ) ) ;
#3128 = CYLINDRICAL_SURFACE ( 'NONE', #2420, 6.000000000000000000 ) ;
#3129 = ORIENTED_EDGE ( 'NONE', *, *, #4503, .T. ) ;
#3130 = AXIS2_PLACEMENT_3D ( 'NONE', #1735, #5615, #3941 ) ;
#3131 = DIRECTION ( 'NONE',  ( 1.000000000000000000, -8.673617379884035472E-17, -0.0000000000000000000 ) ) ;
#3132 = ORIENTED_EDGE ( 'NONE', *, *, #2325, .F. ) ;
#3133 = PERSON_AND_ORGANIZATION ( #1600, #2760 ) ;
#3134 = CARTESIAN_POINT ( 'NONE',  ( -0.9500000000000002887, 2.803752220412938811, 4.599999999999996092 ) ) ;
#3135 = VECTOR ( 'NONE', #556, 1000.000000000000000 ) ;
#3136 = EDGE_LOOP ( 'NONE', ( #545, #5565, #424, #409 ) ) ;
#3137 = ADVANCED_FACE ( 'NONE', ( #1807 ), #3787, .T. ) ;
#3138 = DIRECTION ( 'NONE',  ( 8.673617379884035472E-17, -1.000000000000000000, 5.782411586589355667E-16 ) ) ;
#3139 = VERTEX_POINT ( 'NONE', #2041 ) ;
#3140 = VECTOR ( 'NONE', #3345, 1000.000000000000000 ) ;
#3141 = CALENDAR_DATE ( 2020, 24, 9 ) ;
#3142 = AXIS2_PLACEMENT_3D ( 'NONE', #284, #5103, #4659 ) ;
#3143 = ORIENTED_EDGE ( 'NONE', *, *, #4714, .F. ) ;
#3144 = APPROVAL_PERSON_ORGANIZATION ( #5139, #2507, #5611 ) ;
#3145 = ORIENTED_EDGE ( 'NONE', *, *, #4159, .T. ) ;
#3146 = DIRECTION ( 'NONE',  ( -1.000000000000000000, 0.0000000000000000000, 0.0000000000000000000 ) ) ;
#3147 = DATE_TIME_ROLE ( 'classification_date' ) ;
#3148 =( BOUNDED_CURVE ( )  B_SPLINE_CURVE ( 3, ( #1076, #4105, #3684, #117 ),
 .UNSPECIFIED., .F., .T. ) 
 B_SPLINE_CURVE_WITH_KNOTS ( ( 4, 4 ),
 ( 5.497787143782137065, 6.283185307179586232 ),
 .UNSPECIFIED. ) 
 CURVE ( )  GEOMETRIC_REPRESENTATION_ITEM ( )  RATIONAL_B_SPLINE_CURVE ( ( 1.000000000000000000, 0.9492530216741910110, 0.9492530216741910110, 1.000000000000000000 ) ) 
 REPRESENTATION_ITEM ( '' )  );
#3149 = ORIENTED_EDGE ( 'NONE', *, *, #1294, .T. ) ;
#3150 =( LENGTH_UNIT ( ) NAMED_UNIT ( * ) SI_UNIT ( .MILLI., .METRE. ) );
#3151 = EDGE_CURVE ( 'NONE', #5563, #21, #5119, .T. ) ;
#3152 = CARTESIAN_POINT ( 'NONE',  ( -0.8037522204129383674, 2.950000000000000178, 4.599999999999996092 ) ) ;
#3153 = EDGE_LOOP ( 'NONE', ( #1581, #1512, #3017, #3823 ) ) ;
#3154 = ORIENTED_EDGE ( 'NONE', *, *, #5396, .F. ) ;
#3155 = CARTESIAN_POINT ( 'NONE',  ( -3.035766082959412415E-15, -8.673617379884035472E-16, -3.000000000000000000 ) ) ;
#3156 =( GEOMETRIC_REPRESENTATION_CONTEXT ( 3 ) GLOBAL_UNCERTAINTY_ASSIGNED_CONTEXT ( ( #2723 ) ) GLOBAL_UNIT_ASSIGNED_CONTEXT ( ( #4215, #721, #5560 ) ) REPRESENTATION_CONTEXT ( 'NONE', 'WORKASPACE' ) );
#3157 = CIRCLE ( 'NONE', #53, 5.100000000000000533 ) ;
#3158 = ORIENTED_EDGE ( 'NONE', *, *, #1354, .F. ) ;
#3159 = EDGE_CURVE ( 'NONE', #2280, #2960, #3259, .T. ) ;
#3160 = ORIENTED_EDGE ( 'NONE', *, *, #2091, .F. ) ;
#3161 = VERTEX_POINT ( 'NONE', #3005 ) ;
#3162 = VECTOR ( 'NONE', #487, 1000.000000000000114 ) ;
#3163 = DIRECTION ( 'NONE',  ( 1.000000000000000000, 9.992007221626420697E-16, 0.0000000000000000000 ) ) ;
#3164 = VECTOR ( 'NONE', #3705, 1000.000000000000000 ) ;
#3165 = ORIENTED_EDGE ( 'NONE', *, *, #807, .F. ) ;
#3166 = ADVANCED_FACE ( 'NONE', ( #1500 ), #4718, .F. ) ;
#3167 = ORIENTED_EDGE ( 'NONE', *, *, #4200, .F. ) ;
#3168 = DATE_TIME_ROLE ( 'classification_date' ) ;
#3169 = PERSON_AND_ORGANIZATION ( #3784, #849 ) ;
#3170 = DIRECTION ( 'NONE',  ( -1.000000000000000000, 8.673617379884035472E-17, 0.0000000000000000000 ) ) ;
#3171 = LINE ( 'NONE', #1578, #2554 ) ;
#3172 = CARTESIAN_POINT ( 'NONE',  ( -6.100000000000000533, -4.899999999999998579, -19.40231944897310612 ) ) ;
#3173 = APPROVAL_DATE_TIME ( #1627, #5672 ) ;
#3174 = VECTOR ( 'NONE', #2869, 1000.000000000000114 ) ;
#3175 = DIRECTION ( 'NONE',  ( -8.503546450866702047E-17, 1.000000000000000000, 8.503546450866702047E-17 ) ) ;
#3176 = PERSON_AND_ORGANIZATION ( #1600, #2760 ) ;
#3177 = VECTOR ( 'NONE', #2223, 1000.000000000000000 ) ;
#3178 = AXIS2_PLACEMENT_3D ( 'NONE', #2890, #1544, #184 ) ;
#3179 = DIRECTION ( 'NONE',  ( 1.000000000000000000, -8.673617379884035472E-17, -0.0000000000000000000 ) ) ;
#3180 = CYLINDRICAL_SURFACE ( 'NONE', #2990, 8.900000000000000355 ) ;
#3181 = CC_DESIGN_PERSON_AND_ORGANIZATION_ASSIGNMENT ( #4646, #848, ( #5616 ) ) ;
#3182 = LINE ( 'NONE', #5398, #378 ) ;
#3183 = ORIENTED_EDGE ( 'NONE', *, *, #2208, .F. ) ;
#3184 = AXIS2_PLACEMENT_3D ( 'NONE', #1732, #3531, #3094 ) ;
#3185 = DIRECTION ( 'NONE',  ( -8.673617379884036705E-17, -1.000000000000000000, 5.782411586589355667E-16 ) ) ;
#3186 = PLANE ( 'NONE',  #45 ) ;
#3187 = AXIS2_PLACEMENT_3D ( 'NONE', #3400, #2944, #1182 ) ;
#3188 = PLANE ( 'NONE',  #698 ) ;
#3189 = EDGE_CURVE ( 'NONE', #1408, #4881, #599, .T. ) ;
#3190 = DATE_TIME_ROLE ( 'classification_date' ) ;
#3191 = DIRECTION ( 'NONE',  ( -8.503546450866702047E-17, -1.000000000000000000, -8.503546450866702047E-17 ) ) ;
#3192 = SECURITY_CLASSIFICATION ( '', '', #1858 ) ;
#3193 = FACE_BOUND ( 'NONE', #3210, .T. ) ;
#3194 = VERTEX_POINT ( 'NONE', #1222 ) ;
#3195 = EDGE_LOOP ( 'NONE', ( #1785, #4641, #4468, #1843 ) ) ;
#3196 = CC_DESIGN_PERSON_AND_ORGANIZATION_ASSIGNMENT ( #3501, #4885, ( #4588 ) ) ;
#3197 = ORIENTED_EDGE ( 'NONE', *, *, #560, .F. ) ;
#3198 = EDGE_CURVE ( 'NONE', #3698, #4187, #527, .T. ) ;
#3199 = DIRECTION ( 'NONE',  ( 0.0000000000000000000, 1.000000000000000000, 0.0000000000000000000 ) ) ;
#3200 = VECTOR ( 'NONE', #1353, 999.9999999999998863 ) ;
#3201 = CARTESIAN_POINT ( 'NONE',  ( -10.81665382639196693, -5.000000000000002665, 9.199999999999999289 ) ) ;
#3202 = FACE_OUTER_BOUND ( 'NONE', #2810, .T. ) ;
#3203 = EDGE_LOOP ( 'NONE', ( #1624, #4724, #4120, #1253 ) ) ;
#3204 = DIRECTION ( 'NONE',  ( -0.6953208427626432764, 0.1285648693066439030, -0.7071067811865568986 ) ) ;
#3205 = LINE ( 'NONE', #4340, #2717 ) ;
#3206 = CALENDAR_DATE ( 2020, 24, 9 ) ;
#3207 = AXIS2_PLACEMENT_3D ( 'NONE', #235, #2109, #1188 ) ;
#3208 = EDGE_CURVE ( 'NONE', #5551, #3026, #5049, .T. ) ;
#3209 = DIRECTION ( 'NONE',  ( -8.673617379884035472E-17, 1.000000000000000000, 0.0000000000000000000 ) ) ;
#3210 = EDGE_LOOP ( 'NONE', ( #1338, #2169, #4604, #780, #3079, #899 ) ) ;
#3211 = DIRECTION ( 'NONE',  ( -0.7071067811865536790, -1.047705889746656304E-30, -0.7071067811865414665 ) ) ;
#3212 = VERTEX_POINT ( 'NONE', #1711 ) ;
#3213 = DIRECTION ( 'NONE',  ( -1.000000000000000000, 0.0000000000000000000, 0.0000000000000000000 ) ) ;
#3214 = ORIENTED_EDGE ( 'NONE', *, *, #2948, .T. ) ;
#3215 = DIRECTION ( 'NONE',  ( 0.0000000000000000000, -1.000000000000000000, 0.0000000000000000000 ) ) ;
#3216 = DIRECTION ( 'NONE',  ( -2.312955680093648151E-16, 1.000000000000000000, 0.0000000000000000000 ) ) ;
#3217 = ORIENTED_EDGE ( 'NONE', *, *, #3414, .T. ) ;
#3218 = AXIS2_PLACEMENT_3D ( 'NONE', #655, #5115, #4678 ) ;
#3219 = ORIENTED_EDGE ( 'NONE', *, *, #5593, .T. ) ;
#3220 = DIRECTION ( 'NONE',  ( 1.000000000000000000, 0.0000000000000000000, 0.0000000000000000000 ) ) ;
#3221 = CARTESIAN_POINT ( 'NONE',  ( 13.76665032449886894, 2.545454545454553852, 5.900000000000005684 ) ) ;
#3222 = ORIENTED_EDGE ( 'NONE', *, *, #826, .F. ) ;
#3223 = VECTOR ( 'NONE', #3020, 1000.000000000000000 ) ;
#3224 = CARTESIAN_POINT ( 'NONE',  ( 6.000000000000000000, -4.512701665379259985, 7.500000000000000000 ) ) ;
#3225 = EDGE_CURVE ( 'NONE', #4449, #299, #3987, .T. ) ;
#3227 = ORIENTED_EDGE ( 'NONE', *, *, #5018, .F. ) ;
#3226 = CARTESIAN_POINT ( 'NONE',  ( -13.76665032449887072, -2.545454545454545858, 9.199999999999999289 ) ) ;
#3228 = VECTOR ( 'NONE', #4734, 1000.000000000000000 ) ;
#3229 = LINE ( 'NONE', #82, #1127 ) ;
#3230 = CARTESIAN_POINT ( 'NONE',  ( 14.00000000000000178, 0.0000000000000000000, -8.933335432157942790 ) ) ;
#3231 = MECHANICAL_CONTEXT ( 'NONE', #2861, 'mechanical' ) ;
#3232 = ORIENTED_EDGE ( 'NONE', *, *, #2384, .T. ) ;
#3233 = SHAPE_REPRESENTATION ( '3987_rotor sobremoldeado', ( #566 ), #3156 ) ;
#3234 = CIRCLE ( 'NONE', #5151, 6.500000000000000888 ) ;
#3235 = DIRECTION ( 'NONE',  ( 8.673617379884036705E-17, -1.000000000000000000, 0.0000000000000000000 ) ) ;
#3236 = CIRCLE ( 'NONE', #1696, 1.600000000000000755 ) ;
#3237 = CALENDAR_DATE ( 2020, 24, 9 ) ;
#3238 = CARTESIAN_POINT ( 'NONE',  ( -0.7899999999999848255, -7.893685705084872232E-16, 20.00000000000000000 ) ) ;
#3239 = CIRCLE ( 'NONE', #2302, 0.5000000000000004441 ) ;
#3240 = ORIENTED_EDGE ( 'NONE', *, *, #1090, .T. ) ;
#3241 = CIRCLE ( 'NONE', #2440, 2.799999999999997158 ) ;
#3242 = PLANE ( 'NONE',  #3606 ) ;
#3243 = CARTESIAN_POINT ( 'NONE',  ( -0.3666666666666658636, -1.633333333333333526, 5.916666666666666963 ) ) ;
#3244 = ORIENTED_EDGE ( 'NONE', *, *, #97, .F. ) ;
#3245 = DIRECTION ( 'NONE',  ( 8.673617379884035472E-17, 1.000000000000000000, 0.0000000000000000000 ) ) ;
#3246 = ADVANCED_FACE ( 'NONE', ( #734, #456 ), #5123, .T. ) ;
#3247 = AXIS2_PLACEMENT_3D ( 'NONE', #2207, #2585, #1292 ) ;
#3248 = PLANE ( 'NONE',  #2354 ) ;
#3249 = LINE ( 'NONE', #3918, #3048 ) ;
#3250 = ORIENTED_EDGE ( 'NONE', *, *, #2208, .T. ) ;
#3251 = MANIFOLD_SOLID_BREP ( 'Cortar-Extruir3', #2801 ) ;
#3252 = CARTESIAN_POINT ( 'NONE',  ( 5.700000000000000178, -8.500000000000000000, 5.999999999999999112 ) ) ;
#3253 = DATE_AND_TIME ( #5317, #953 ) ;
#3254 = VECTOR ( 'NONE', #1186, 1000.000000000000000 ) ;
#3255 = CARTESIAN_POINT ( 'NONE',  ( -9.700000000000002842, -2.749999999999999112, 6.399999999999999467 ) ) ;
#3256 = DIRECTION ( 'NONE',  ( -7.771561172376095783E-16, -1.503766100577553754E-30, -1.000000000000000000 ) ) ;
#3257 = EDGE_CURVE ( 'NONE', #1134, #486, #1945, .T. ) ;
#3258 = LINE ( 'NONE', #1249, #3855 ) ;
#3259 = LINE ( 'NONE', #1603, #3718 ) ;
#3260 = CARTESIAN_POINT ( 'NONE',  ( -9.700000000000002842, -1.249999999999998890, 5.899999999999998579 ) ) ;
#3261 = ORIENTED_EDGE ( 'NONE', *, *, #297, .F. ) ;
#3262 = ORIENTED_EDGE ( 'NONE', *, *, #682, .F. ) ;
#3263 = DIRECTION ( 'NONE',  ( -1.000000000000000000, 0.0000000000000000000, -0.0000000000000000000 ) ) ;
#3264 = DIRECTION ( 'NONE',  ( 0.0000000000000000000, 1.000000000000000000, 0.0000000000000000000 ) ) ;
#3265 = DIRECTION ( 'NONE',  ( 7.771561172376095783E-16, 1.503766100577553754E-30, 1.000000000000000000 ) ) ;
#3266 = CARTESIAN_POINT ( 'NONE',  ( 0.9499999999999996225, 2.950000000000000622, 5.100000000000000533 ) ) ;
#3267 = ADVANCED_FACE ( 'NONE', ( #5459 ), #4240, .T. ) ;
#3268 = PERSON_AND_ORGANIZATION_ROLE ( 'design_owner' ) ;
#3269 = PERSON_AND_ORGANIZATION ( #1600, #2760 ) ;
#3270 = CIRCLE ( 'NONE', #296, 8.900000000000000355 ) ;
#3271 = EDGE_CURVE ( 'NONE', #4870, #3952, #562, .T. ) ;
#3272 = ORIENTED_EDGE ( 'NONE', *, *, #2909, .F. ) ;
#3273 = CARTESIAN_POINT ( 'NONE',  ( 6.000000000000000000, -1.249999999999999334, 6.899999999999998579 ) ) ;
#3274 = LINE ( 'NONE', #1112, #4977 ) ;
#3275 = VERTEX_POINT ( 'NONE', #4758 ) ;
#3276 = EDGE_CURVE ( 'NONE', #2662, #4660, #1366, .T. ) ;
#3277 = EDGE_LOOP ( 'NONE', ( #1067, #2212, #5241, #2586 ) ) ;
#3278 = VECTOR ( 'NONE', #4206, 1000.000000000000000 ) ;
#3279 = ORIENTED_EDGE ( 'NONE', *, *, #3311, .T. ) ;
#3280 = CARTESIAN_POINT ( 'NONE',  ( 11.91617381144771848, 2.101142949769864376, 5.700000000000001954 ) ) ;
#3281 = ORIENTED_EDGE ( 'NONE', *, *, #5449, .F. ) ;
#3282 = CARTESIAN_POINT ( 'NONE',  ( 5.999999999999999112, -10.00000000000000000, 9.199999999999999289 ) ) ;
#3283 = CARTESIAN_POINT ( 'NONE',  ( 6.000000000000000000, -1.250000000000000222, 5.899999999999998579 ) ) ;
#3284 = AXIS2_PLACEMENT_3D ( 'NONE', #1400, #4456, #3146 ) ;
#3285 = CARTESIAN_POINT ( 'NONE',  ( -5.700000000000000178, 2.602085213965210642E-17, 7.500000000000000000 ) ) ;
#3286 = ORIENTED_EDGE ( 'NONE', *, *, #4757, .F. ) ;
#3287 = APPROVAL_STATUS ( 'not_yet_approved' ) ;
#3288 = CARTESIAN_POINT ( 'NONE',  ( -9.700000000000002842, -2.749999999999999112, 5.899999999999998579 ) ) ;
#3289 = ORIENTED_EDGE ( 'NONE', *, *, #4778, .T. ) ;
#3290 = DIRECTION ( 'NONE',  ( 0.0000000000000000000, 0.0000000000000000000, 1.000000000000000000 ) ) ;
#3291 = ORIENTED_EDGE ( 'NONE', *, *, #2530, .F. ) ;
#3292 = EDGE_LOOP ( 'NONE', ( #2111, #2123 ) ) ;
#3293 = VECTOR ( 'NONE', #1411, 1000.000000000000000 ) ;
#3294 = CARTESIAN_POINT ( 'NONE',  ( 0.0000000000000000000, 0.0000000000000000000, -8.933335432157942790 ) ) ;
#3295 = ORIENTED_EDGE ( 'NONE', *, *, #4795, .T. ) ;
#3296 = CARTESIAN_POINT ( 'NONE',  ( -0.4499999999999980682, 2.449999999999998401, 5.100000000000000533 ) ) ;
#3297 = ORIENTED_EDGE ( 'NONE', *, *, #4516, .T. ) ;
#3298 = CIRCLE ( 'NONE', #2691, 1.000000000000000000 ) ;
#3299 = CC_DESIGN_DATE_AND_TIME_ASSIGNMENT ( #2812, #4407, ( #4319 ) ) ;
#3300 = CARTESIAN_POINT ( 'NONE',  ( 6.100000000000000533, -4.900000000000001243, 11.29999999999999893 ) ) ;
#3301 = CARTESIAN_POINT ( 'NONE',  ( -13.76665032449887072, 2.545454545454544526, -8.933335432157942790 ) ) ;
#3302 = ORIENTED_EDGE ( 'NONE', *, *, #3019, .F. ) ;
#3303 = CARTESIAN_POINT ( 'NONE',  ( 4.499999999999996447, 4.800000000000001599, 5.700000000000001066 ) ) ;
#3304 = VERTEX_POINT ( 'NONE', #3571 ) ;
#3305 = CARTESIAN_POINT ( 'NONE',  ( 13.79999999999999893, 0.0000000000000000000, 5.700000000000000178 ) ) ;
#3306 = VERTEX_POINT ( 'NONE', #3112 ) ;
#3307 = APPROVAL_ROLE ( '' ) ;
#3308 = VECTOR ( 'NONE', #3416, 1000.000000000000000 ) ;
#3309 = CLOSED_SHELL ( 'NONE', ( #4751, #590, #1069, #2852, #762, #2889, #2195, #4020, #5544, #416 ) ) ;
#3310 = APPROVAL ( #1426, 'UNSPECIFIED' ) ;
#3311 = EDGE_CURVE ( 'NONE', #2327, #745, #2020, .T. ) ;
#3312 = DIRECTION ( 'NONE',  ( 1.000000000000000000, -8.673617379884035472E-17, -0.0000000000000000000 ) ) ;
#3313 = CYLINDRICAL_SURFACE ( 'NONE', #1013, 5.700000000000000178 ) ;
#3314 = DIRECTION ( 'NONE',  ( 0.0000000000000000000, -1.000000000000000000, 5.782411586589356653E-16 ) ) ;
#3315 = FACE_OUTER_BOUND ( 'NONE', #350, .T. ) ;
#3316 = CIRCLE ( 'NONE', #2451, 13.79999999999999893 ) ;
#3317 = CARTESIAN_POINT ( 'NONE',  ( -0.2999999999999991007, 2.299999999999999378, 5.249999999999999112 ) ) ;
#3318 = DIRECTION ( 'NONE',  ( 0.0000000000000000000, 0.0000000000000000000, 1.000000000000000000 ) ) ;
#3319 = CARTESIAN_POINT ( 'NONE',  ( -10.34048140662818405, -1.823305865502773404, -8.933335432157942790 ) ) ;
#3320 = LINE ( 'NONE', #48, #5182 ) ;
#3321 = ADVANCED_FACE ( 'NONE', ( #3121, #3193, #2845 ), #3534, .T. ) ;
#3322 = APPLICATION_PROTOCOL_DEFINITION ( 'international standard', 'config_control_design', 1994, #1573 ) ;
#3323 = DIRECTION ( 'NONE',  ( 7.375650828688862849E-33, 8.503546450866702047E-17, -1.000000000000000000 ) ) ;
#3324 = AXIS2_PLACEMENT_3D ( 'NONE', #580, #1892, #57 ) ;
#3325 = DIRECTION ( 'NONE',  ( 1.000000000000000000, -8.673617379884035472E-17, -0.0000000000000000000 ) ) ;
#3326 = LINE ( 'NONE', #2686, #4111 ) ;
#3327 = DIRECTION ( 'NONE',  ( -1.000000000000000000, -8.673617379884036705E-17, -0.0000000000000000000 ) ) ;
#3328 = EDGE_LOOP ( 'NONE', ( #3358, #3082, #1906, #611, #1889 ) ) ;
#3329 = AXIS2_PLACEMENT_3D ( 'NONE', #5580, #3030, #335 ) ;
#3330 = DIRECTION ( 'NONE',  ( -0.0000000000000000000, -0.0000000000000000000, -1.000000000000000000 ) ) ;
#3331 = EDGE_CURVE ( 'NONE', #3212, #2254, #5246, .T. ) ;
#3332 = ORIENTED_EDGE ( 'NONE', *, *, #4473, .T. ) ;
#3333 = LINE ( 'NONE', #293, #2172 ) ;
#3334 = AXIS2_PLACEMENT_3D ( 'NONE', #914, #2716, #4398 ) ;
#3335 = ORIENTED_EDGE ( 'NONE', *, *, #2060, .F. ) ;
#3336 = CARTESIAN_POINT ( 'NONE',  ( 0.0000000000000000000, 0.0000000000000000000, 9.599999999999999645 ) ) ;
#3337 = ORIENTED_EDGE ( 'NONE', *, *, #4159, .F. ) ;
#3338 = EDGE_CURVE ( 'NONE', #1457, #1110, #5326, .T. ) ;
#3339 = PERSON_AND_ORGANIZATION ( #1600, #2760 ) ;
#3340 = ORIENTED_EDGE ( 'NONE', *, *, #1618, .T. ) ;
#3341 = CARTESIAN_POINT ( 'NONE',  ( -0.7500000000000003331, 2.950000000000000622, 5.100000000000000533 ) ) ;
#3342 = EDGE_LOOP ( 'NONE', ( #317, #571, #5145, #1401 ) ) ;
#3343 = CC_DESIGN_PERSON_AND_ORGANIZATION_ASSIGNMENT ( #4237, #3673, ( #4648 ) ) ;
#3344 = DIRECTION ( 'NONE',  ( 0.0000000000000000000, 0.0000000000000000000, 1.000000000000000000 ) ) ;
#3345 = DIRECTION ( 'NONE',  ( 8.503546450866702047E-17, -1.000000000000000000, 0.0000000000000000000 ) ) ;
#3346 = ORIENTED_EDGE ( 'NONE', *, *, #3276, .F. ) ;
#3347 = EDGE_CURVE ( 'NONE', #417, #3935, #311, .T. ) ;
#3348 = ADVANCED_FACE ( 'NONE', ( #3452 ), #3581, .T. ) ;
#3349 = VERTEX_POINT ( 'NONE', #569 ) ;
#3350 = ORIENTED_EDGE ( 'NONE', *, *, #2288, .F. ) ;
#3351 = CARTESIAN_POINT ( 'NONE',  ( 6.100000000000000533, -4.900000000000001243, 7.500000000000000000 ) ) ;
#3352 = DIRECTION ( 'NONE',  ( 0.0000000000000000000, 0.0000000000000000000, 1.000000000000000000 ) ) ;
#3353 = CARTESIAN_POINT ( 'NONE',  ( -5.700000000000000178, -1.249999999999999334, 5.899999999999998579 ) ) ;
#3354 = CARTESIAN_POINT ( 'NONE',  ( 6.000000000000000000, -2.750000000000000444, 6.399999999999999467 ) ) ;
#3355 = CARTESIAN_POINT ( 'NONE',  ( -0.9500000000000002887, 2.449999999999998401, 5.100000000000000533 ) ) ;
#3356 = VECTOR ( 'NONE', #1085, 1000.000000000000000 ) ;
#3357 = AXIS2_PLACEMENT_3D ( 'NONE', #4017, #463, #922 ) ;
#3358 = ORIENTED_EDGE ( 'NONE', *, *, #3671, .F. ) ;
#3359 = CARTESIAN_POINT ( 'NONE',  ( -5.700000000000000178, 2.602085213965210642E-17, 5.899999999999998579 ) ) ;
#3360 = DIRECTION ( 'NONE',  ( 1.000000000000000000, 0.0000000000000000000, -0.0000000000000000000 ) ) ;
#3361 = EDGE_LOOP ( 'NONE', ( #736, #4329, #5555, #5579 ) ) ;
#3362 = CARTESIAN_POINT ( 'NONE',  ( -9.700000000000002842, -2.749999999999999112, 6.399999999999999467 ) ) ;
#3363 = LINE ( 'NONE', #979, #2748 ) ;
#3364 = VERTEX_POINT ( 'NONE', #1919 ) ;
#3365 = VERTEX_POINT ( 'NONE', #1899 ) ;
#3366 = EDGE_LOOP ( 'NONE', ( #3770, #2459, #3612, #3420, #2308 ) ) ;
#3367 = FACE_OUTER_BOUND ( 'NONE', #2666, .T. ) ;
#3368 = CONICAL_SURFACE ( 'NONE', #851, 1.200000000000002176, 0.7853981633974396193 ) ;
#3369 = ORIENTED_EDGE ( 'NONE', *, *, #4437, .T. ) ;
#3370 = SHAPE_REPRESENTATION ( '3980_cable', ( #566 ), #2565 ) ;
#3371 = AXIS2_PLACEMENT_3D ( 'NONE', #4682, #1218, #3861 ) ;
#3372 = EDGE_CURVE ( 'NONE', #3022, #2712, #4706, .T. ) ;
#3373 = CARTESIAN_POINT ( 'NONE',  ( -0.8914213562373087818, -2.891421356237308782, 4.658578643762687044 ) ) ;
#3374 = LOCAL_TIME ( 7, 23, 42.00000000000000000, #4424 ) ;
#3375 = FACE_OUTER_BOUND ( 'NONE', #2690, .T. ) ;
#3376 = ORIENTED_EDGE ( 'NONE', *, *, #1934, .F. ) ;
#3377 = CALENDAR_DATE ( 2020, 24, 9 ) ;
#3378 = ADVANCED_FACE ( 'NONE', ( #663 ), #4236, .T. ) ;
#3379 = DATE_TIME_ROLE ( 'creation_date' ) ;
#3380 = CARTESIAN_POINT ( 'NONE',  ( 3.779999999999994920, 5.039999999999999147, 5.700000000000001066 ) ) ;
#3381 = PRODUCT_DEFINITION ( 'UNKNOWN', '', #5086, #4324 ) ;
#3382 = VERTEX_POINT ( 'NONE', #3611 ) ;
#3383 = DIRECTION ( 'NONE',  ( 0.0000000000000000000, 1.000000000000000000, 0.0000000000000000000 ) ) ;
#3384 = DIRECTION ( 'NONE',  ( 1.000000000000000000, -8.673617379884035472E-17, -0.0000000000000000000 ) ) ;
#3385 = CARTESIAN_POINT ( 'NONE',  ( -13.76665032449887072, 2.545454545454544526, 5.900000000000007461 ) ) ;
#3386 = FACE_OUTER_BOUND ( 'NONE', #3725, .T. ) ;
#3387 = AXIS2_PLACEMENT_3D ( 'NONE', #2300, #2263, #4009 ) ;
#3388 = CALENDAR_DATE ( 2020, 24, 9 ) ;
#3389 = EDGE_CURVE ( 'NONE', #2406, #3935, #595, .T. ) ;
#3390 = VECTOR ( 'NONE', #3735, 1000.000000000000000 ) ;
#3391 = DIRECTION ( 'NONE',  ( -0.0000000000000000000, 0.0000000000000000000, -1.000000000000000000 ) ) ;
#3392 = CARTESIAN_POINT ( 'NONE',  ( -8.800000000000002487, -7.999999999999998224, 7.500000000000000000 ) ) ;
#3393 = MANIFOLD_SOLID_BREP ( 'Cortar-Extruir3', #5532 ) ;
#3394 = DIRECTION ( 'NONE',  ( 0.0000000000000000000, 1.000000000000000000, 0.0000000000000000000 ) ) ;
#3395 = CC_DESIGN_PERSON_AND_ORGANIZATION_ASSIGNMENT ( #3133, #4785, ( #2331 ) ) ;
#3396 = LOCAL_TIME ( 7, 23, 42.00000000000000000, #2306 ) ;
#3397 = VERTEX_POINT ( 'NONE', #3999 ) ;
#3398 = ORIENTED_EDGE ( 'NONE', *, *, #4676, .T. ) ;
#3399 = AXIS2_PLACEMENT_3D ( 'NONE', #3618, #2753, #1824 ) ;
#3400 = CARTESIAN_POINT ( 'NONE',  ( 6.100000000000000533, -4.900000000000001243, 9.199999999999999289 ) ) ;
#3401 = EDGE_CURVE ( 'NONE', #4870, #3588, #382, .T. ) ;
#3402 = CARTESIAN_POINT ( 'NONE',  ( -8.800000000000002487, -9.999999999999998224, 5.500000000000000000 ) ) ;
#3403 = DIRECTION ( 'NONE',  ( 0.0000000000000000000, 0.0000000000000000000, 1.000000000000000000 ) ) ;
#3404 = ORIENTED_EDGE ( 'NONE', *, *, #228, .F. ) ;
#3405 = ADVANCED_FACE ( 'NONE', ( #4504 ), #2834, .F. ) ;
#3406 = CYLINDRICAL_SURFACE ( 'NONE', #606, 0.7900000000000000355 ) ;
#3407 = VERTEX_POINT ( 'NONE', #173 ) ;
#3408 = ADVANCED_FACE ( 'NONE', ( #5384 ), #2900, .F. ) ;
#3409 = ORIENTED_EDGE ( 'NONE', *, *, #2743, .F. ) ;
#3410 = CARTESIAN_POINT ( 'NONE',  ( -5.700000000000001066, -6.599999999999997868, 9.199999999999999289 ) ) ;
#3411 = ORIENTED_EDGE ( 'NONE', *, *, #3441, .T. ) ;
#3412 = PERSON_AND_ORGANIZATION_ROLE ( 'design_supplier' ) ;
#3413 = DIRECTION ( 'NONE',  ( -7.771561172376096769E-16, -4.930380657631516462E-32, 1.000000000000000000 ) ) ;
#3414 = EDGE_CURVE ( 'NONE', #4417, #4742, #1723, .T. ) ;
#3415 = CARTESIAN_POINT ( 'NONE',  ( 2.499999999999998224, -8.500000000000000000, 5.299999999999995381 ) ) ;
#3416 = DIRECTION ( 'NONE',  ( -1.000000000000000000, 0.0000000000000000000, 7.375650828688862849E-33 ) ) ;
#3417 = PRODUCT_DEFINITION_FORMATION_WITH_SPECIFIED_SOURCE ( 'ANY', '', #2882, .NOT_KNOWN. ) ;
#3418 = ORIENTED_EDGE ( 'NONE', *, *, #5111, .T. ) ;
#3419 = CONICAL_SURFACE ( 'NONE', #1032, 1.200000000000002176, 0.7853981633974396193 ) ;
#3420 = ORIENTED_EDGE ( 'NONE', *, *, #1967, .T. ) ;
#3421 = ORIENTED_EDGE ( 'NONE', *, *, #1601, .T. ) ;
#3422 = CYLINDRICAL_SURFACE ( 'NONE', #4458, 3.000000000000000888 ) ;
#3423 = CARTESIAN_POINT ( 'NONE',  ( 8.764789001808651392, -1.545468781235684430, 5.700000000000000178 ) ) ;
#3424 = ORIENTED_EDGE ( 'NONE', *, *, #4005, .T. ) ;
#3425 = DIRECTION ( 'NONE',  ( -1.000000000000000000, -8.673617379884032514E-16, 0.0000000000000000000 ) ) ;
#3426 = DIRECTION ( 'NONE',  ( 1.000000000000000000, 0.0000000000000000000, 0.0000000000000000000 ) ) ;
#3427 = ORIENTED_EDGE ( 'NONE', *, *, #1618, .F. ) ;
#3428 = ORIENTED_EDGE ( 'NONE', *, *, #5649, .T. ) ;
#3429 = COORDINATED_UNIVERSAL_TIME_OFFSET ( 1, 0, .AHEAD. ) ;
#3430 = ADVANCED_FACE ( 'NONE', ( #524 ), #1443, .T. ) ;
#3431 = DIRECTION ( 'NONE',  ( -1.000000000000000000, 0.0000000000000000000, -0.0000000000000000000 ) ) ;
#3432 = DIRECTION ( 'NONE',  ( 0.0000000000000000000, 0.0000000000000000000, 1.000000000000000000 ) ) ;
#3433 = DIRECTION ( 'NONE',  ( 0.0000000000000000000, 0.0000000000000000000, 1.000000000000000000 ) ) ;
#3434 = EDGE_LOOP ( 'NONE', ( #5662, #627, #2313, #1849 ) ) ;
#3435 = FACE_OUTER_BOUND ( 'NONE', #5219, .T. ) ;
#3436 = ORIENTED_EDGE ( 'NONE', *, *, #5070, .F. ) ;
#3437 = EDGE_CURVE ( 'NONE', #1134, #1682, #5234, .T. ) ;
#3438 = DIRECTION ( 'NONE',  ( -7.771561172376096769E-16, -4.930380657631516462E-32, 1.000000000000000000 ) ) ;
#3439 = APPROVAL_PERSON_ORGANIZATION ( #4753, #5380, #1991 ) ;
#3440 = ORIENTED_EDGE ( 'NONE', *, *, #5181, .F. ) ;
#3441 = EDGE_CURVE ( 'NONE', #3306, #2108, #3928, .T. ) ;
#3442 = CARTESIAN_POINT ( 'NONE',  ( -10.34048140662818405, -1.823305865502773404, 9.199999999999999289 ) ) ;
#3443 = FACE_OUTER_BOUND ( 'NONE', #3793, .T. ) ;
#3444 = FACE_OUTER_BOUND ( 'NONE', #4264, .T. ) ;
#3445 = PERSON_AND_ORGANIZATION_ROLE ( 'design_owner' ) ;
#3446 = DIRECTION ( 'NONE',  ( 1.000000000000000000, 0.0000000000000000000, 0.0000000000000000000 ) ) ;
#3447 = PERSON_AND_ORGANIZATION ( #1600, #2760 ) ;
#3448 = CYLINDRICAL_SURFACE ( 'NONE', #1369, 1.100000000000000311 ) ;
#3449 = LOCAL_TIME ( 7, 23, 42.00000000000000000, #5185 ) ;
#3450 = ADVANCED_FACE ( 'NONE', ( #1564, #3386 ), #876, .F. ) ;
#3451 = CALENDAR_DATE ( 2020, 24, 9 ) ;
#3452 = FACE_OUTER_BOUND ( 'NONE', #1854, .T. ) ;
#3453 = EDGE_LOOP ( 'NONE', ( #2129, #1171, #2796, #197 ) ) ;
#3454 = FACE_OUTER_BOUND ( 'NONE', #240, .T. ) ;
#3455 = CARTESIAN_POINT ( 'NONE',  ( -5.699999999999999289, -10.00000000000000000, 1.099999999999993427 ) ) ;
#3456 = DIRECTION ( 'NONE',  ( 0.0000000000000000000, 1.000000000000000000, 0.0000000000000000000 ) ) ;
#3457 = CC_DESIGN_SECURITY_CLASSIFICATION ( #2881, ( #5699 ) ) ;
#3458 = ORIENTED_EDGE ( 'NONE', *, *, #211, .F. ) ;
#3459 = DATE_TIME_ROLE ( 'creation_date' ) ;
#3460 = CARTESIAN_POINT ( 'NONE',  ( -5.699999999999999289, -6.599999999999997868, 7.500000000000000000 ) ) ;
#3461 = VECTOR ( 'NONE', #5007, 1000.000000000000000 ) ;
#3462 = AXIS2_PLACEMENT_3D ( 'NONE', #2064, #2980, #242 ) ;
#3463 = DIRECTION ( 'NONE',  ( -1.000000000000000000, -4.930380657631323784E-32, 1.332267629550187849E-15 ) ) ;
#3464 = EDGE_CURVE ( 'NONE', #2269, #1840, #2774, .T. ) ;
#3465 = CARTESIAN_POINT ( 'NONE',  ( -9.700000000000002842, -1.249999999999998890, 6.899999999999998579 ) ) ;
#3466 = DIRECTION ( 'NONE',  ( 0.0000000000000000000, 0.0000000000000000000, 1.000000000000000000 ) ) ;
#3467 = EDGE_LOOP ( 'NONE', ( #4341, #2414, #921, #2373 ) ) ;
#3468 = PERSON_AND_ORGANIZATION ( #1600, #2760 ) ;
#3469 = ORIENTED_EDGE ( 'NONE', *, *, #3119, .F. ) ;
#3470 = PLANE ( 'NONE',  #5378 ) ;
#3471 = CC_DESIGN_SECURITY_CLASSIFICATION ( #3192, ( #5700 ) ) ;
#3472 = DIRECTION ( 'NONE',  ( 0.0000000000000000000, 1.000000000000000000, 0.0000000000000000000 ) ) ;
#3473 = VERTEX_POINT ( 'NONE', #2326 ) ;
#3474 = EDGE_LOOP ( 'NONE', ( #5422, #2301, #25, #4397, #2850, #859, #3232 ) ) ;
#3475 = DIRECTION ( 'NONE',  ( -7.771561172376095783E-16, -1.503766100577553754E-30, -1.000000000000000000 ) ) ;
#3477 = ORIENTED_EDGE ( 'NONE', *, *, #1776, .T. ) ;
#3476 = CARTESIAN_POINT ( 'NONE',  ( 5.999999999999999112, -8.000000000000000000, 7.500000000000000000 ) ) ;
#3478 = CARTESIAN_POINT ( 'NONE',  ( -10.81665382639196871, 4.999999999999999112, -8.933335432157942790 ) ) ;
#3479 = ADVANCED_FACE ( 'NONE', ( #1019 ), #229, .T. ) ;
#3480 = ORIENTED_EDGE ( 'NONE', *, *, #4993, .F. ) ;
#3481 = DIRECTION ( 'NONE',  ( -1.000000000000000000, 0.0000000000000000000, 0.0000000000000000000 ) ) ;
#3482 = COORDINATED_UNIVERSAL_TIME_OFFSET ( 1, 0, .AHEAD. ) ;
#3483 = ORIENTED_EDGE ( 'NONE', *, *, #1060, .T. ) ;
#3484 = CARTESIAN_POINT ( 'NONE',  ( 8.199999999999999289, -5.000000000000001776, -8.933335432157942790 ) ) ;
#3485 = CIRCLE ( 'NONE', #4030, 1.000000000000000000 ) ;
#3486 = CARTESIAN_POINT ( 'NONE',  ( 0.0000000000000000000, 0.0000000000000000000, 9.199999999999999289 ) ) ;
#3487 = CARTESIAN_POINT ( 'NONE',  ( 10.81665382639196515, 2.000000000000004441, 5.900000000000007461 ) ) ;
#3488 = EDGE_LOOP ( 'NONE', ( #4232, #1466, #2481, #4858 ) ) ;
#3489 = ORIENTED_EDGE ( 'NONE', *, *, #1101, .T. ) ;
#3490 = FACE_OUTER_BOUND ( 'NONE', #411, .T. ) ;
#3491 = EDGE_LOOP ( 'NONE', ( #2795, #2241 ) ) ;
#3492 = ORIENTED_EDGE ( 'NONE', *, *, #3702, .F. ) ;
#3493 = ORIENTED_EDGE ( 'NONE', *, *, #1918, .T. ) ;
#3494 = ITEM_DEFINED_TRANSFORMATION ( 'NONE', 'NONE', #1173,  #566 ) ;
#3495 = DIRECTION ( 'NONE',  ( -1.000000000000000000, -2.312955680093647658E-16, -0.0000000000000000000 ) ) ;
#3496 = CARTESIAN_POINT ( 'NONE',  ( 6.099999999999999645, -6.599999999999999645, 7.500000000000000000 ) ) ;
#3497 = VECTOR ( 'NONE', #1328, 1000.000000000000000 ) ;
#3498 = CARTESIAN_POINT ( 'NONE',  ( 0.4499999999999975131, 2.950000000000000622, 5.100000000000000533 ) ) ;
#3499 = APPLICATION_CONTEXT ( 'configuration controlled 3d designs of mechanical parts and assemblies' ) ;
#3500 = DIRECTION ( 'NONE',  ( -1.000000000000000000, 0.0000000000000000000, 0.0000000000000000000 ) ) ;
#3501 = PERSON_AND_ORGANIZATION ( #1600, #2760 ) ;
#3502 = VECTOR ( 'NONE', #4304, 1000.000000000000000 ) ;
#3503 = VERTEX_POINT ( 'NONE', #4957 ) ;
#3504 = CARTESIAN_POINT ( 'NONE',  ( 0.0000000000000000000, 0.0000000000000000000, 5.700000000000000178 ) ) ;
#3505 = LINE ( 'NONE', #1641, #2077 ) ;
#3506 = CARTESIAN_POINT ( 'NONE',  ( 0.0000000000000000000, 0.0000000000000000000, 9.199999999999999289 ) ) ;
#3507 = EDGE_CURVE ( 'NONE', #2198, #2262, #4501, .T. ) ;
#3508 = DIRECTION ( 'NONE',  ( 0.0000000000000000000, 1.000000000000000000, 0.0000000000000000000 ) ) ;
#3509 = DIRECTION ( 'NONE',  ( 0.0000000000000000000, 0.0000000000000000000, 1.000000000000000000 ) ) ;
#3510 = AXIS2_PLACEMENT_3D ( 'NONE', #4394, #3713, #2364 ) ;
#3511 = CIRCLE ( 'NONE', #5606, 0.4000000000000000222 ) ;
#3512 = VECTOR ( 'NONE', #618, 1000.000000000000000 ) ;
#3513 = EDGE_CURVE ( 'NONE', #2025, #544, #4625, .T. ) ;
#3514 = DIRECTION ( 'NONE',  ( 0.0000000000000000000, 0.0000000000000000000, 1.000000000000000000 ) ) ;
#3515 = CARTESIAN_POINT ( 'NONE',  ( 5.699999999999999289, 0.0000000000000000000, 9.199999999999999289 ) ) ;
#3516 = APPROVAL_STATUS ( 'not_yet_approved' ) ;
#3517 = DIRECTION ( 'NONE',  ( 0.0000000000000000000, 1.000000000000000000, 0.0000000000000000000 ) ) ;
#3518 = ORIENTED_EDGE ( 'NONE', *, *, #3271, .T. ) ;
#3519 = CC_DESIGN_PERSON_AND_ORGANIZATION_ASSIGNMENT ( #1498, #5447, ( #3923 ) ) ;
#3520 = DIRECTION ( 'NONE',  ( -6.217248937900877415E-15, -1.000000000000000000, -7.168278826350441775E-17 ) ) ;
#3521 = EDGE_CURVE ( 'NONE', #5286, #814, #5322, .T. ) ;
#3522 = ORIENTED_EDGE ( 'NONE', *, *, #1149, .T. ) ;
#3523 = EDGE_LOOP ( 'NONE', ( #4311, #118, #4717, #5602 ) ) ;
#3524 = CARTESIAN_POINT ( 'NONE',  ( -6.000000000000000000, -3.469446951953627008E-16, 6.899999999999997691 ) ) ;
#3525 = DIRECTION ( 'NONE',  ( 1.000000000000000000, -8.673617379884035472E-17, -0.0000000000000000000 ) ) ;
#3526 = LINE ( 'NONE', #4912, #607 ) ;
#3527 = AXIS2_PLACEMENT_3D ( 'NONE', #2939, #694, #3763 ) ;
#3528 = EDGE_LOOP ( 'NONE', ( #3075, #4654, #1319, #189 ) ) ;
#3529 = VECTOR ( 'NONE', #232, 1000.000000000000000 ) ;
#3530 = CARTESIAN_POINT ( 'NONE',  ( 11.91617381144771848, -2.101142949769863488, 5.700000000000000178 ) ) ;
#3531 = DIRECTION ( 'NONE',  ( 7.771561172376095783E-16, 1.503766100577553754E-30, 1.000000000000000000 ) ) ;
#3532 = EDGE_CURVE ( 'NONE', #4523, #3275, #4902, .T. ) ;
#3533 = ORIENTED_EDGE ( 'NONE', *, *, #2641, .F. ) ;
#3534 = PLANE ( 'NONE',  #3766 ) ;
#3535 = EDGE_LOOP ( 'NONE', ( #2309, #2859, #2058, #5461 ) ) ;
#3536 = CARTESIAN_POINT ( 'NONE',  ( -0.9500000000000002887, 2.950000000000000622, 5.100000000000000533 ) ) ;
#3537 = ORIENTED_EDGE ( 'NONE', *, *, #3803, .T. ) ;
#3538 = DIRECTION ( 'NONE',  ( 7.771561172376095783E-16, 1.503766100577553754E-30, 1.000000000000000000 ) ) ;
#3539 = EDGE_CURVE ( 'NONE', #2181, #5015, #865, .T. ) ;
#3540 = EDGE_LOOP ( 'NONE', ( #4077, #843, #3892, #3436 ) ) ;
#3541 = LINE ( 'NONE', #46, #2802 ) ;
#3542 = DIRECTION ( 'NONE',  ( 1.000000000000000000, 0.0000000000000000000, 0.0000000000000000000 ) ) ;
#3543 = CARTESIAN_POINT ( 'NONE',  ( -7.200000000000000178, -10.00000000000000000, 5.900000000000006573 ) ) ;
#3544 = CC_DESIGN_PERSON_AND_ORGANIZATION_ASSIGNMENT ( #3468, #1772, ( #623 ) ) ;
#3545 = ORIENTED_EDGE ( 'NONE', *, *, #1278, .T. ) ;
#3546 = CARTESIAN_POINT ( 'NONE',  ( -4.899999999999998579, -10.00000000000000000, 1.100000000000000311 ) ) ;
#3547 = CIRCLE ( 'NONE', #1011, 0.4000000000000001887 ) ;
#3548 =( REPRESENTATION_RELATIONSHIP ('NONE','NONE', #1318, #1434 ) REPRESENTATION_RELATIONSHIP_WITH_TRANSFORMATION ( #738 )SHAPE_REPRESENTATION_RELATIONSHIP( ) );
#3549 = EDGE_CURVE ( 'NONE', #614, #4523, #4963, .T. ) ;
#3550 = ORIENTED_EDGE ( 'NONE', *, *, #3225, .F. ) ;
#3551 = MANIFOLD_SOLID_BREP ( 'Redondeo22', #3858 ) ;
#3552 = ORIENTED_EDGE ( 'NONE', *, *, #4993, .T. ) ;
#3553 = CALENDAR_DATE ( 2020, 24, 9 ) ;
#3554 = VECTOR ( 'NONE', #2164, 1000.000000000000000 ) ;
#3555 = APPROVAL_ROLE ( '' ) ;
#3556 = AXIS2_PLACEMENT_3D ( 'NONE', #3965, #5659, #1806 ) ;
#3557 = EDGE_CURVE ( 'NONE', #535, #1333, #2085, .T. ) ;
#3558 = ORIENTED_EDGE ( 'NONE', *, *, #3566, .F. ) ;
#3559 = VERTEX_POINT ( 'NONE', #1444 ) ;
#3560 = ORIENTED_EDGE ( 'NONE', *, *, #1960, .T. ) ;
#3561 = VECTOR ( 'NONE', #1016, 1000.000000000000000 ) ;
#3562 = DIRECTION ( 'NONE',  ( 0.0000000000000000000, 0.0000000000000000000, 1.000000000000000000 ) ) ;
#3563 = CALENDAR_DATE ( 2020, 24, 9 ) ;
#3564 = LINE ( 'NONE', #2210, #2964 ) ;
#3565 = ORIENTED_EDGE ( 'NONE', *, *, #2505, .T. ) ;
#3566 = EDGE_CURVE ( 'NONE', #4523, #3698, #2222, .T. ) ;
#3567 = PERSON_AND_ORGANIZATION_ROLE ( 'classification_officer' ) ;
#3568 = CARTESIAN_POINT ( 'NONE',  ( 4.499999999999996447, 6.000000000000002665, -2.740971508067062246 ) ) ;
#3569 = FACE_BOUND ( 'NONE', #5614, .T. ) ;
#3570 = CARTESIAN_POINT ( 'NONE',  ( 2.326828918379971365E-16, -1.899999999999999911, 5.100000000000000533 ) ) ;
#3571 = CARTESIAN_POINT ( 'NONE',  ( -13.76665032449887072, 2.545454545454544526, 9.199999999999999289 ) ) ;
#3572 = LINE ( 'NONE', #4100, #3777 ) ;
#3573 = ORIENTED_EDGE ( 'NONE', *, *, #2646, .F. ) ;
#3574 = DIRECTION ( 'NONE',  ( -7.375650828688862849E-33, 8.503546450866702047E-17, -1.000000000000000000 ) ) ;
#3575 = EDGE_CURVE ( 'NONE', #5608, #4807, #1297, .T. ) ;
#3576 = APPROVAL_DATE_TIME ( #2087, #756 ) ;
#3577 = VECTOR ( 'NONE', #1114, 1000.000000000000000 ) ;
#3578 = AXIS2_PLACEMENT_3D ( 'NONE', #4465, #4530, #83 ) ;
#3579 = CC_DESIGN_PERSON_AND_ORGANIZATION_ASSIGNMENT ( #1080, #2428, ( #5086 ) ) ;
#3580 = EDGE_CURVE ( 'NONE', #3397, #2510, #3783, .T. ) ;
#3581 = CYLINDRICAL_SURFACE ( 'NONE', #5189, 0.5000000000000004441 ) ;
#3582 = EDGE_LOOP ( 'NONE', ( #3990, #4481, #5420, #5408 ) ) ;
#3583 = VERTEX_POINT ( 'NONE', #2800 ) ;
#3584 = CARTESIAN_POINT ( 'NONE',  ( 0.8914213562373092259, -2.891421356237308782, 4.658578643762687044 ) ) ;
#3585 = CARTESIAN_POINT ( 'NONE',  ( 13.76665032449886894, -2.545454545454547191, -8.933335432157942790 ) ) ;
#3586 = PERSON_AND_ORGANIZATION_ROLE ( 'classification_officer' ) ;
#3587 = CARTESIAN_POINT ( 'NONE',  ( -8.800000000000002487, -7.999999999999998224, 7.500000000000000000 ) ) ;
#3588 = VERTEX_POINT ( 'NONE', #1057 ) ;
#3589 = DIRECTION ( 'NONE',  ( 0.0000000000000000000, 0.0000000000000000000, -1.000000000000000000 ) ) ;
#3590 = CARTESIAN_POINT ( 'NONE',  ( 5.700000000000000178, -8.000000000000000000, 6.000000000000003553 ) ) ;
#3591 = EDGE_CURVE ( 'NONE', #4807, #3086, #5653, .T. ) ;
#3592 = APPROVAL_PERSON_ORGANIZATION ( #1376, #50, #1341 ) ;
#3593 = ORIENTED_EDGE ( 'NONE', *, *, #1491, .T. ) ;
#3594 = CARTESIAN_POINT ( 'NONE',  ( -7.199999999999999289, -10.00000000000000000, 5.700000000000000178 ) ) ;
#3595 = ORIENTED_EDGE ( 'NONE', *, *, #3609, .F. ) ;
#3596 = DIRECTION ( 'NONE',  ( 1.000000000000000000, 0.0000000000000000000, 0.0000000000000000000 ) ) ;
#3597 = DIRECTION ( 'NONE',  ( -1.000000000000000000, 0.0000000000000000000, 0.0000000000000000000 ) ) ;
#3598 = AXIS2_PLACEMENT_3D ( 'NONE', #75, #2339, #5350 ) ;
#3599 = ORIENTED_EDGE ( 'NONE', *, *, #3811, .T. ) ;
#3600 = EDGE_CURVE ( 'NONE', #5684, #488, #88, .T. ) ;
#3601 = EDGE_LOOP ( 'NONE', ( #1659, #2467, #1502, #558 ) ) ;
#3602 = CARTESIAN_POINT ( 'NONE',  ( -0.4499999999999975131, -2.949999999999999734, 5.100000000000000533 ) ) ;
#3603 = ADVANCED_FACE ( 'NONE', ( #2012 ), #2380, .F. ) ;
#3604 = DATE_TIME_ROLE ( 'classification_date' ) ;
#3605 = ORIENTED_EDGE ( 'NONE', *, *, #3880, .T. ) ;
#3606 = AXIS2_PLACEMENT_3D ( 'NONE', #1018, #4955, #5383 ) ;
#3607 = PERSON_AND_ORGANIZATION ( #1600, #2760 ) ;
#3608 = ORIENTED_EDGE ( 'NONE', *, *, #3752, .F. ) ;
#3609 = EDGE_CURVE ( 'NONE', #2728, #5563, #2974, .T. ) ;
#3610 = CARTESIAN_POINT ( 'NONE',  ( 10.81665382639196693, -2.000000000000001776, 5.700000000000001066 ) ) ;
#3611 = CARTESIAN_POINT ( 'NONE',  ( -5.699999999999999289, -7.999999999999998224, 7.500000000000000000 ) ) ;
#3612 = ORIENTED_EDGE ( 'NONE', *, *, #1586, .T. ) ;
#3613 = PERSON_AND_ORGANIZATION_ROLE ( 'classification_officer' ) ;
#3614 = CARTESIAN_POINT ( 'NONE',  ( -10.34048140662818405, 1.823305865502771184, -8.933335432157942790 ) ) ;
#3615 = FACE_OUTER_BOUND ( 'NONE', #4416, .T. ) ;
#3616 = ADVANCED_FACE ( 'NONE', ( #1488 ), #1879, .F. ) ;
#3617 = DIRECTION ( 'NONE',  ( 1.000000000000000000, -8.673617379884035472E-17, -0.0000000000000000000 ) ) ;
#3618 = CARTESIAN_POINT ( 'NONE',  ( 0.0000000000000000000, 0.0000000000000000000, -8.933335432157942790 ) ) ;
#3619 = EDGE_CURVE ( 'NONE', #2075, #4256, #4230, .T. ) ;
#3620 = ORIENTED_EDGE ( 'NONE', *, *, #3580, .T. ) ;
#3621 = LINE ( 'NONE', #464, #1979 ) ;
#3622 = CIRCLE ( 'NONE', #4408, 3.000000000000000888 ) ;
#3623 = PLANE ( 'NONE',  #1621 ) ;
#3624 = CARTESIAN_POINT ( 'NONE',  ( 0.0000000000000000000, 0.0000000000000000000, 9.199999999999999289 ) ) ;
#3625 = DIRECTION ( 'NONE',  ( 1.000000000000000000, -8.673617379884035472E-17, -0.0000000000000000000 ) ) ;
#3626 = ORIENTED_EDGE ( 'NONE', *, *, #1740, .T. ) ;
#3627 = CC_DESIGN_DATE_AND_TIME_ASSIGNMENT ( #2922, #4997, ( #4648 ) ) ;
#3628 = DIRECTION ( 'NONE',  ( 8.503546450866702047E-17, 1.000000000000000000, 8.503546450866702047E-17 ) ) ;
#3629 = COORDINATED_UNIVERSAL_TIME_OFFSET ( 1, 0, .AHEAD. ) ;
#3630 = EDGE_CURVE ( 'NONE', #3744, #2254, #3712, .T. ) ;
#3631 = LINE ( 'NONE', #3971, #3497 ) ;
#3632 = VERTEX_POINT ( 'NONE', #1987 ) ;
#3633 = DIRECTION ( 'NONE',  ( -1.000000000000000000, 0.0000000000000000000, 0.0000000000000000000 ) ) ;
#3634 = CARTESIAN_POINT ( 'NONE',  ( 4.900000000000000355, -7.523163845262643335E-32, 0.2999999999999999889 ) ) ;
#3635 = DIRECTION ( 'NONE',  ( 0.0000000000000000000, 1.000000000000000000, 0.0000000000000000000 ) ) ;
#3636 = PERSON_AND_ORGANIZATION_ROLE ( 'classification_officer' ) ;
#3637 = LINE ( 'NONE', #3341, #5374 ) ;
#3638 = ORIENTED_EDGE ( 'NONE', *, *, #3575, .F. ) ;
#3639 = ADVANCED_FACE ( 'NONE', ( #592 ), #3663, .T. ) ;
#3640 = FACE_OUTER_BOUND ( 'NONE', #819, .T. ) ;
#3641 = CARTESIAN_POINT ( 'NONE',  ( -5.999999999999999112, -7.999999999999998224, 6.000000000000003553 ) ) ;
#3642 = CARTESIAN_POINT ( 'NONE',  ( 8.199999999999999289, -4.799999999999999822, 5.700000000000001066 ) ) ;
#3643 = FACE_OUTER_BOUND ( 'NONE', #2101, .T. ) ;
#3644 = AXIS2_PLACEMENT_3D ( 'NONE', #774, #3843, #323 ) ;
#3645 = DIRECTION ( 'NONE',  ( 0.0000000000000000000, 1.000000000000000000, 0.0000000000000000000 ) ) ;
#3646 = FACE_OUTER_BOUND ( 'NONE', #4084, .T. ) ;
#3647 = DIRECTION ( 'NONE',  ( 1.000000000000000000, 0.0000000000000000000, 0.0000000000000000000 ) ) ;
#3648 = VECTOR ( 'NONE', #2858, 1000.000000000000000 ) ;
#3649 = DIRECTION ( 'NONE',  ( 0.0000000000000000000, 0.0000000000000000000, 1.000000000000000000 ) ) ;
#3650 = DIRECTION ( 'NONE',  ( 0.0000000000000000000, 0.0000000000000000000, 1.000000000000000000 ) ) ;
#3651 = CARTESIAN_POINT ( 'NONE',  ( -6.000000000000000000, 0.0000000000000000000, 7.500000000000000000 ) ) ;
#3652 = COORDINATED_UNIVERSAL_TIME_OFFSET ( 1, 0, .AHEAD. ) ;
#3653 = AXIS2_PLACEMENT_3D ( 'NONE', #3415, #2115, #3463 ) ;
#3654 = CARTESIAN_POINT ( 'NONE',  ( -4.899999999999999467, -4.250072516143177874E-16, 0.2999999999999999889 ) ) ;
#3655 = LINE ( 'NONE', #2493, #3390 ) ;
#3656 = AXIS2_PLACEMENT_3D ( 'NONE', #4037, #1404, #4884 ) ;
#3657 = ORIENTED_EDGE ( 'NONE', *, *, #4639, .T. ) ;
#3658 = EDGE_CURVE ( 'NONE', #3943, #1337, #3572, .T. ) ;
#3659 = CARTESIAN_POINT ( 'NONE',  ( -3.035766082959412415E-15, -8.673617379884035472E-16, -3.000000000000000000 ) ) ;
#3660 = ORIENTED_EDGE ( 'NONE', *, *, #818, .T. ) ;
#3661 = EDGE_LOOP ( 'NONE', ( #3122, #5559, #5543, #996, #4747 ) ) ;
#3662 = EDGE_CURVE ( 'NONE', #4988, #5342, #1226, .T. ) ;
#3663 = PLANE ( 'NONE',  #5084 ) ;
#3664 = DIRECTION ( 'NONE',  ( 0.0000000000000000000, -0.7071067811865430208, -0.7071067811865521247 ) ) ;
#3665 = ADVANCED_FACE ( 'NONE', ( #5451 ), #4897, .T. ) ;
#3666 = EDGE_LOOP ( 'NONE', ( #203, #1045, #5203, #1836 ) ) ;
#3667 = CARTESIAN_POINT ( 'NONE',  ( 5.999999999999999112, -10.00000000000000000, 1.100000000000000311 ) ) ;
#3668 = DATE_AND_TIME ( #4128, #2933 ) ;
#3669 = AXIS2_PLACEMENT_3D ( 'NONE', #2799, #4483, #3997 ) ;
#3670 = CARTESIAN_POINT ( 'NONE',  ( 13.76665032449886894, -2.545454545454547191, 5.900000000000005684 ) ) ;
#3671 = EDGE_CURVE ( 'NONE', #2491, #5291, #2908, .T. ) ;
#3672 = ORIENTED_EDGE ( 'NONE', *, *, #4786, .F. ) ;
#3673 = PERSON_AND_ORGANIZATION_ROLE ( 'creator' ) ;
#3674 = EDGE_LOOP ( 'NONE', ( #2643, #4662, #5599, #634 ) ) ;
#3675 = CARTESIAN_POINT ( 'NONE',  ( -6.000000000000000000, -7.999999999999998224, 7.500000000000000000 ) ) ;
#3676 = EDGE_LOOP ( 'NONE', ( #4574, #3279, #3477, #4677 ) ) ;
#3677 = EDGE_LOOP ( 'NONE', ( #5248, #3969, #3732, #3149 ) ) ;
#3678 = CARTESIAN_POINT ( 'NONE',  ( -6.000000000000000000, 0.0000000000000000000, 9.199999999999999289 ) ) ;
#3679 = LINE ( 'NONE', #523, #1675 ) ;
#3680 = ORIENTED_EDGE ( 'NONE', *, *, #1562, .T. ) ;
#3681 = VECTOR ( 'NONE', #448, 1000.000000000000000 ) ;
#3682 = CC_DESIGN_SECURITY_CLASSIFICATION ( #4319, ( #5703 ) ) ;
#3683 = ORIENTED_EDGE ( 'NONE', *, *, #4121, .T. ) ;
#3684 = CARTESIAN_POINT ( 'NONE',  ( 0.9500000000000001776, -2.803752220412937923, 4.599999999999996092 ) ) ;
#3686 = ORIENTED_EDGE ( 'NONE', *, *, #3703, .F. ) ;
#3685 = CARTESIAN_POINT ( 'NONE',  ( 8.764789001808651392, 1.545468781235683098, 5.700000000000001954 ) ) ;
#3687 = DIRECTION ( 'NONE',  ( 1.000000000000000000, 9.992007221626420697E-16, 0.0000000000000000000 ) ) ;
#3688 = LINE ( 'NONE', #1684, #918 ) ;
#3689 = DIRECTION ( 'NONE',  ( 8.673617379884036705E-17, -1.000000000000000000, 0.0000000000000000000 ) ) ;
#3690 = ORIENTED_EDGE ( 'NONE', *, *, #759, .F. ) ;
#3691 = CARTESIAN_POINT ( 'NONE',  ( -5.299999999999999822, 0.0000000000000000000, 9.199999999999999289 ) ) ;
#3692 = AXIS2_PLACEMENT_3D ( 'NONE', #4589, #244, #3383 ) ;
#3693 = ORIENTED_EDGE ( 'NONE', *, *, #4707, .T. ) ;
#3694 = EDGE_CURVE ( 'NONE', #2955, #1100, #4975, .T. ) ;
#3695 = EDGE_CURVE ( 'NONE', #4186, #5060, #1428, .T. ) ;
#3696 = ORIENTED_EDGE ( 'NONE', *, *, #3925, .T. ) ;
#3697 = CARTESIAN_POINT ( 'NONE',  ( -8.764789001808651392, 1.545468781235682432, -8.933335432157942790 ) ) ;
#3698 = VERTEX_POINT ( 'NONE', #3221 ) ;
#3699 = CC_DESIGN_PERSON_AND_ORGANIZATION_ASSIGNMENT ( #3083, #4638, ( #3417 ) ) ;
#3700 = CARTESIAN_POINT ( 'NONE',  ( -3.779999999999998916, 5.040000000000000036, 5.700000000000001066 ) ) ;
#3701 = CIRCLE ( 'NONE', #1931, 1.600000000000001199 ) ;
#3702 = EDGE_CURVE ( 'NONE', #775, #2327, #14, .T. ) ;
#3703 = EDGE_CURVE ( 'NONE', #3935, #1961, #2636, .T. ) ;
#3704 = DIRECTION ( 'NONE',  ( 0.0000000000000000000, 0.0000000000000000000, -1.000000000000000000 ) ) ;
#3705 = DIRECTION ( 'NONE',  ( 0.0000000000000000000, -1.000000000000000000, 5.782411586589356653E-16 ) ) ;
#3706 = CARTESIAN_POINT ( 'NONE',  ( 10.81665382639196515, 2.000000000000004441, 5.700000000000001066 ) ) ;
#3707 = APPROVAL_DATE_TIME ( #4820, #5663 ) ;
#3708 = CONICAL_SURFACE ( 'NONE', #3033, 13.79999999999999893, 0.7853981633974396193 ) ;
#3709 = ADVANCED_FACE ( 'NONE', ( #3444 ), #1565, .F. ) ;
#3710 = AXIS2_PLACEMENT_3D ( 'NONE', #4995, #4531, #1082 ) ;
#3711 = CONICAL_SURFACE ( 'NONE', #4265, 1.200000000000003064, 0.7853981633974396193 ) ;
#3712 = LINE ( 'NONE', #5043, #3052 ) ;
#3713 = DIRECTION ( 'NONE',  ( 1.000000000000000000, 0.0000000000000000000, 0.0000000000000000000 ) ) ;
#3714 = CYLINDRICAL_SURFACE ( 'NONE', #3247, 8.900000000000000355 ) ;
#3715 = APPROVAL_DATE_TIME ( #94, #1797 ) ;
#3716 = CARTESIAN_POINT ( 'NONE',  ( 0.6000000000000007550, -6.500000000000000000, 9.199999999999999289 ) ) ;
#3717 = PERSON_AND_ORGANIZATION ( #5030, #4833 ) ;
#3718 = VECTOR ( 'NONE', #5164, 1000.000000000000000 ) ;
#3719 = DIRECTION ( 'NONE',  ( 1.000000000000000000, 0.0000000000000000000, 0.0000000000000000000 ) ) ;
#3720 = CARTESIAN_POINT ( 'NONE',  ( 4.899999999999998579, -10.00000000000000000, 0.0000000000000000000 ) ) ;
#3721 = DIRECTION ( 'NONE',  ( 0.0000000000000000000, 0.0000000000000000000, -1.000000000000000000 ) ) ;
#3722 = EDGE_CURVE ( 'NONE', #5153, #3995, #3182, .T. ) ;
#3723 = CARTESIAN_POINT ( 'NONE',  ( -6.000000000000000000, 0.0000000000000000000, 5.500000000000000000 ) ) ;
#3724 = DIRECTION ( 'NONE',  ( 1.000000000000000000, 8.503546450866702047E-17, -0.0000000000000000000 ) ) ;
#3725 = EDGE_LOOP ( 'NONE', ( #2782, #2930, #1526, #629, #3090, #480, #3680 ) ) ;
#3726 = VECTOR ( 'NONE', #5607, 1000.000000000000000 ) ;
#3727 = COORDINATED_UNIVERSAL_TIME_OFFSET ( 1, 0, .AHEAD. ) ;
#3728 = APPROVAL ( #5482, 'UNSPECIFIED' ) ;
#3729 = COORDINATED_UNIVERSAL_TIME_OFFSET ( 1, 0, .AHEAD. ) ;
#3730 = CARTESIAN_POINT ( 'NONE',  ( -7.200000000000000178, 0.1999999999999981792, 9.199999999999999289 ) ) ;
#3731 = EDGE_CURVE ( 'NONE', #1141, #2591, #2291, .T. ) ;
#3732 = ORIENTED_EDGE ( 'NONE', *, *, #5146, .T. ) ;
#3733 = ADVANCED_FACE ( 'NONE', ( #4175 ), #4542, .F. ) ;
#3734 = CARTESIAN_POINT ( 'NONE',  ( -0.3999999999999998002, -1.899999999999999911, 4.599999999999999645 ) ) ;
#3735 = DIRECTION ( 'NONE',  ( 1.000000000000000000, -8.673617379884035472E-17, -0.0000000000000000000 ) ) ;
#3736 = PERSON_AND_ORGANIZATION ( #1600, #2760 ) ;
#3737 = DIRECTION ( 'NONE',  ( 1.000000000000000000, 0.0000000000000000000, 0.0000000000000000000 ) ) ;
#3738 = VERTEX_POINT ( 'NONE', #5418 ) ;
#3739 = DIRECTION ( 'NONE',  ( -1.000000000000000000, -8.673617379884036705E-17, -0.0000000000000000000 ) ) ;
#3740 = DIRECTION ( 'NONE',  ( 1.000000000000000000, 0.0000000000000000000, 0.0000000000000000000 ) ) ;
#3741 = ORIENTED_EDGE ( 'NONE', *, *, #5626, .F. ) ;
#3742 = DIRECTION ( 'NONE',  ( 1.000000000000000000, -8.673617379884035472E-17, -0.0000000000000000000 ) ) ;
#3743 = CIRCLE ( 'NONE', #1898, 0.4999999999999995559 ) ;
#3744 = VERTEX_POINT ( 'NONE', #5035 ) ;
#3745 = DIRECTION ( 'NONE',  ( 1.000000000000000000, 2.312955680093648151E-16, 1.229267523578345872E-32 ) ) ;
#3746 = APPROVAL ( #18, 'UNKNOWN' ) ;
#3747 = CARTESIAN_POINT ( 'NONE',  ( 0.9500000000000002887, -2.749999999999999556, 5.100000000000000533 ) ) ;
#3748 = PERSON ( 'NAUO-PER8', 'UNSPECIFIED', 'UNSPECIFIED', ('UNSPECIFIED'), ('UNSPECIFIED'), ('UNSPECIFIED') ) ;
#3749 = ORIENTED_EDGE ( 'NONE', *, *, #2155, .T. ) ;
#3750 = ORIENTED_EDGE ( 'NONE', *, *, #1630, .T. ) ;
#3751 = FACE_OUTER_BOUND ( 'NONE', #52, .T. ) ;
#3752 = EDGE_CURVE ( 'NONE', #1810, #4261, #3049, .T. ) ;
#3753 = DIRECTION ( 'NONE',  ( 1.000000000000000000, -8.673617379884035472E-17, -0.0000000000000000000 ) ) ;
#3754 = ORIENTED_EDGE ( 'NONE', *, *, #4500, .T. ) ;
#3755 = ORIENTED_EDGE ( 'NONE', *, *, #4088, .T. ) ;
#3756 = VECTOR ( 'NONE', #4438, 1000.000000000000000 ) ;
#3757 = CC_DESIGN_APPROVAL ( #4704, ( #3192 ) ) ;
#3758 = PLANE ( 'NONE',  #5074 ) ;
#3759 = VERTEX_POINT ( 'NONE', #181 ) ;
#3760 = DIRECTION ( 'NONE',  ( 0.0000000000000000000, -1.000000000000000000, 0.0000000000000000000 ) ) ;
#3761 = EDGE_CURVE ( 'NONE', #3062, #121, #224, .T. ) ;
#3762 = DIRECTION ( 'NONE',  ( 1.000000000000000000, 0.0000000000000000000, 0.0000000000000000000 ) ) ;
#3763 = DIRECTION ( 'NONE',  ( -1.000000000000000000, 0.0000000000000000000, 0.0000000000000000000 ) ) ;
#3764 = CIRCLE ( 'NONE', #1078, 0.4999999999999995559 ) ;
#3765 = ADVANCED_FACE ( 'NONE', ( #3643 ), #151, .T. ) ;
#3766 = AXIS2_PLACEMENT_3D ( 'NONE', #2675, #465, #4384 ) ;
#3767 = LINE ( 'NONE', #3484, #291 ) ;
#3768 = EDGE_LOOP ( 'NONE', ( #2416, #2581, #3063, #5217 ) ) ;
#3769 = PERSON_AND_ORGANIZATION ( #1600, #2760 ) ;
#3770 = ORIENTED_EDGE ( 'NONE', *, *, #3909, .T. ) ;
#3771 = CARTESIAN_POINT ( 'NONE',  ( 3.316624790355395813, 5.000000000000002665, 9.199999999999999289 ) ) ;
#3772 = CARTESIAN_POINT ( 'NONE',  ( 5.700000000000000178, 0.0000000000000000000, -19.40231944897310612 ) ) ;
#3773 = CIRCLE ( 'NONE', #4487, 0.7900000000000000355 ) ;
#3774 = CARTESIAN_POINT ( 'NONE',  ( 5.700000000000000178, 0.0000000000000000000, 1.099999999999993427 ) ) ;
#3775 = AXIS2_PLACEMENT_3D ( 'NONE', #4834, #5299, #935 ) ;
#3776 = EDGE_CURVE ( 'NONE', #1533, #3011, #2147, .T. ) ;
#3777 = VECTOR ( 'NONE', #74, 1000.000000000000000 ) ;
#3778 = CARTESIAN_POINT ( 'NONE',  ( -5.999999999999999112, -9.999999999999998224, 5.500000000000000000 ) ) ;
#3779 = CARTESIAN_POINT ( 'NONE',  ( -3.035766082959412415E-15, -8.673617379884035472E-16, -3.000000000000000000 ) ) ;
#3780 = CARTESIAN_POINT ( 'NONE',  ( -4.999999999999999112, -10.00000000000000000, 5.700000000000000178 ) ) ;
#3781 = VECTOR ( 'NONE', #3003, 1000.000000000000000 ) ;
#3782 = PRODUCT_RELATED_PRODUCT_CATEGORY ( 'detail', '', ( #199 ) ) ;
#3783 = LINE ( 'NONE', #1022, #3512 ) ;
#3784 = PERSON ( 'NAUO-PER7', 'UNSPECIFIED', 'UNSPECIFIED', ('UNSPECIFIED'), ('UNSPECIFIED'), ('UNSPECIFIED') ) ;
#3785 = LINE ( 'NONE', #5349, #230 ) ;
#3786 = DIRECTION ( 'NONE',  ( 0.0000000000000000000, 1.000000000000000000, 0.0000000000000000000 ) ) ;
#3787 = CYLINDRICAL_SURFACE ( 'NONE', #5521, 3.000000000000000888 ) ;
#3788 = ORIENTED_EDGE ( 'NONE', *, *, #1510, .F. ) ;
#3789 = DIRECTION ( 'NONE',  ( -1.000000000000000000, -2.312955680093648151E-16, -0.0000000000000000000 ) ) ;
#3790 = ADVANCED_FACE ( 'NONE', ( #2495 ), #3470, .F. ) ;
#3791 = CC_DESIGN_SECURITY_CLASSIFICATION ( #1202, ( #5702 ) ) ;
#3792 = DIRECTION ( 'NONE',  ( 1.000000000000000000, 0.0000000000000000000, 0.0000000000000000000 ) ) ;
#3793 = EDGE_LOOP ( 'NONE', ( #4787, #4385, #2853, #1957 ) ) ;
#3794 = ADVANCED_FACE ( 'NONE', ( #2433 ), #3890, .T. ) ;
#3795 = CARTESIAN_POINT ( 'NONE',  ( -8.740481406628184402, 1.823305865502771184, -8.933335432157942790 ) ) ;
#3796 = CIRCLE ( 'NONE', #2094, 0.4999999999999995559 ) ;
#3797 = VERTEX_POINT ( 'NONE', #1694 ) ;
#3798 = PRODUCT_DEFINITION_SHAPE ( 'NONE', 'NONE',  #2331 ) ;
#3799 = CARTESIAN_POINT ( 'NONE',  ( 6.000000000000000000, 0.0000000000000000000, 7.500000000000000000 ) ) ;
#3800 = ORIENTED_EDGE ( 'NONE', *, *, #3047, .F. ) ;
#3801 = PERSON_AND_ORGANIZATION_ROLE ( 'design_supplier' ) ;
#3802 = CARTESIAN_POINT ( 'NONE',  ( -8.800000000000002487, -9.999999999999998224, 5.500000000000000000 ) ) ;
#3803 = EDGE_CURVE ( 'NONE', #2593, #21, #3205, .T. ) ;
#3804 = CARTESIAN_POINT ( 'NONE',  ( -9.700000000000002842, -1.249999999999998890, 6.899999999999998579 ) ) ;
#3805 = DIRECTION ( 'NONE',  ( -1.000000000000000000, 0.0000000000000000000, 0.0000000000000000000 ) ) ;
#3806 = DIRECTION ( 'NONE',  ( -1.000000000000000000, -6.409494854920720919E-31, 1.443289932012703700E-15 ) ) ;
#3807 = ORIENTED_EDGE ( 'NONE', *, *, #4411, .F. ) ;
#3808 = ORIENTED_EDGE ( 'NONE', *, *, #3507, .T. ) ;
#3809 = PRODUCT_RELATED_PRODUCT_CATEGORY ( 'detail', '', ( #701 ) ) ;
#3810 = ORIENTED_EDGE ( 'NONE', *, *, #1518, .F. ) ;
#3811 = EDGE_CURVE ( 'NONE', #1277, #4169, #1037, .T. ) ;
#3812 = DIRECTION ( 'NONE',  ( -1.000000000000000000, 0.0000000000000000000, 0.0000000000000000000 ) ) ;
#3813 = DIRECTION ( 'NONE',  ( 0.0000000000000000000, 0.0000000000000000000, 1.000000000000000000 ) ) ;
#3814 = DATE_AND_TIME ( #2321, #340 ) ;
#3815 = CARTESIAN_POINT ( 'NONE',  ( -0.8914213562373087818, -2.891421356237308782, 4.658578643762687044 ) ) ;
#3816 = DIRECTION ( 'NONE',  ( 1.000000000000000000, -8.673617379884035472E-17, -0.0000000000000000000 ) ) ;
#3817 = APPROVAL_PERSON_ORGANIZATION ( #1268, #2067, #2518 ) ;
#3819 = ORIENTED_EDGE ( 'NONE', *, *, #1433, .F. ) ;
#3818 = DIRECTION ( 'NONE',  ( 0.0000000000000000000, -1.000000000000000000, 0.0000000000000000000 ) ) ;
#3820 = FACE_OUTER_BOUND ( 'NONE', #5194, .T. ) ;
#3821 = CARTESIAN_POINT ( 'NONE',  ( 5.699999999999998401, -2.750000000000000444, 5.899999999999998579 ) ) ;
#3822 = APPLICATION_PROTOCOL_DEFINITION ( 'international standard', 'config_control_design', 1994, #676 ) ;
#3823 = ORIENTED_EDGE ( 'NONE', *, *, #2091, .T. ) ;
#3824 = DIRECTION ( 'NONE',  ( 1.000000000000000000, 0.0000000000000000000, 0.0000000000000000000 ) ) ;
#3825 = ORIENTED_EDGE ( 'NONE', *, *, #2233, .F. ) ;
#3826 =( LENGTH_UNIT ( ) NAMED_UNIT ( * ) SI_UNIT ( .MILLI., .METRE. ) );
#3827 = CIRCLE ( 'NONE', #3775, 0.8000000000000001554 ) ;
#3828 = DIRECTION ( 'NONE',  ( 1.000000000000000000, 0.0000000000000000000, 0.0000000000000000000 ) ) ;
#3829 = EDGE_CURVE ( 'NONE', #912, #1570, #3796, .T. ) ;
#3830 = DIRECTION ( 'NONE',  ( 0.0000000000000000000, 0.0000000000000000000, 1.000000000000000000 ) ) ;
#3831 = AXIS2_PLACEMENT_3D ( 'NONE', #3260, #1962, #4529 ) ;
#3832 = ORIENTED_EDGE ( 'NONE', *, *, #3159, .T. ) ;
#3833 = ADVANCED_FACE ( 'NONE', ( #3067 ), #2178, .T. ) ;
#3834 = AXIS2_PLACEMENT_3D ( 'NONE', #3118, #4816, #453 ) ;
#3835 = DIRECTION ( 'NONE',  ( -1.000000000000000000, -8.673617379884036705E-17, -0.0000000000000000000 ) ) ;
#3836 = EDGE_CURVE ( 'NONE', #1809, #1373, #160, .T. ) ;
#3837 = DIRECTION ( 'NONE',  ( 0.0000000000000000000, 1.000000000000000000, 0.0000000000000000000 ) ) ;
#3838 = LINE ( 'NONE', #4312, #2755 ) ;
#3839 = EDGE_LOOP ( 'NONE', ( #3480, #2042, #3908, #2247 ) ) ;
#3840 = CYLINDRICAL_SURFACE ( 'NONE', #4413, 0.2999999999999999889 ) ;
#3841 = DIRECTION ( 'NONE',  ( 1.000000000000000000, 9.992007221626420697E-16, 7.771561172376096769E-16 ) ) ;
#3842 = AXIS2_PLACEMENT_3D ( 'NONE', #966, #5355, #1461 ) ;
#3843 = DIRECTION ( 'NONE',  ( 1.224646799147353207E-16, 1.000000000000000000, -0.0000000000000000000 ) ) ;
#3844 = ORIENTED_EDGE ( 'NONE', *, *, #5498, .T. ) ;
#3845 = DIRECTION ( 'NONE',  ( -0.0000000000000000000, -0.0000000000000000000, -1.000000000000000000 ) ) ;
#3846 = EDGE_CURVE ( 'NONE', #5095, #4449, #4632, .T. ) ;
#3847 = CARTESIAN_POINT ( 'NONE',  ( 0.0000000000000000000, 0.0000000000000000000, -8.933335432157942790 ) ) ;
#3848 = APPROVAL_PERSON_ORGANIZATION ( #4962, #3728, #2468 ) ;
#3849 = ADVANCED_FACE ( 'NONE', ( #5183 ), #1299, .F. ) ;
#3850 = VECTOR ( 'NONE', #5312, 1000.000000000000000 ) ;
#3851 = CC_DESIGN_PERSON_AND_ORGANIZATION_ASSIGNMENT ( #3736, #3412, ( #43 ) ) ;
#3852 = EDGE_CURVE ( 'NONE', #2532, #191, #5410, .T. ) ;
#3853 = LINE ( 'NONE', #2650, #2561 ) ;
#3854 = APPROVAL_ROLE ( '' ) ;
#3855 = VECTOR ( 'NONE', #3495, 1000.000000000000000 ) ;
#3856 = DIRECTION ( 'NONE',  ( 8.673617379884036705E-17, 1.000000000000000000, 0.0000000000000000000 ) ) ;
#3857 = VECTOR ( 'NONE', #1370, 1000.000000000000000 ) ;
#3858 = CLOSED_SHELL ( 'NONE', ( #1587, #3765, #4610, #5505, #4222, #187, #4339, #262, #5610, #4470, #2772, #3733, #820, #737, #1340, #5292, #1830, #3833, #2569, #3794, #3348, #389, #570, #4917, #3665, #4669, #2170, #1555, #330, #3849, #620, #3936, #1008, #1040, #3321, #3246, #1471, #5391, #2276, #2517, #2355, #2982, #3790, #4177, #1717, #4378, #2112, #3166, #2462, #1523, #4849, #5318, #5446, #3137, #2973, #1937, #1274, #4794, #2635, #1380, #4644, #3378, #2022, #1517, #1634, #4862, #3405, #5249, #2595, #5330, #1647, #2369, #107, #5582, #1893, #431, #2437, #8, #162, #1680, #4051, #2084, #2551, #1033, #5157, #1876, #5044, #2312, #1431, #4173, #3616, #4151, #1868, #3267, #2056, #2303, #2329, #460 ) ) ;
#3859 = ORIENTED_EDGE ( 'NONE', *, *, #2568, .F. ) ;
#3860 = AXIS2_PLACEMENT_3D ( 'NONE', #2205, #4364, #366 ) ;
#3861 = DIRECTION ( 'NONE',  ( -1.000000000000000000, -6.409494854920720919E-31, 1.498801083243961330E-15 ) ) ;
#3862 = EDGE_CURVE ( 'NONE', #3473, #2988, #4321, .T. ) ;
#3863 = CARTESIAN_POINT ( 'NONE',  ( 5.700000000000000178, -8.000000000000000000, 7.500000000000000000 ) ) ;
#3864 = CIRCLE ( 'NONE', #636, 3.000000000000000888 ) ;
#3865 = LOCAL_TIME ( 7, 23, 42.00000000000000000, #5400 ) ;
#3866 = EDGE_LOOP ( 'NONE', ( #4950, #2730 ) ) ;
#3867 = CARTESIAN_POINT ( 'NONE',  ( -3.899999999999999467, 5.200000000000001066, -2.740971508067062246 ) ) ;
#3868 = VERTEX_POINT ( 'NONE', #5220 ) ;
#3869 = AXIS2_PLACEMENT_3D ( 'NONE', #4842, #2701, #5309 ) ;
#3870 = FACE_OUTER_BOUND ( 'NONE', #339, .T. ) ;
#3871 = EDGE_CURVE ( 'NONE', #4537, #4145, #1234, .T. ) ;
#3872 = FACE_OUTER_BOUND ( 'NONE', #2415, .T. ) ;
#3873 = ORIENTED_EDGE ( 'NONE', *, *, #4736, .F. ) ;
#3874 = AXIS2_PLACEMENT_3D ( 'NONE', #1503, #4611, #2393 ) ;
#3875 = DIRECTION ( 'NONE',  ( -0.0000000000000000000, -0.0000000000000000000, -1.000000000000000000 ) ) ;
#3876 = FACE_OUTER_BOUND ( 'NONE', #1463, .T. ) ;
#3877 = LOCAL_TIME ( 7, 23, 42.00000000000000000, #1385 ) ;
#3878 = VERTEX_POINT ( 'NONE', #2294 ) ;
#3879 = PERSON_AND_ORGANIZATION_ROLE ( 'design_supplier' ) ;
#3880 = EDGE_CURVE ( 'NONE', #5362, #2334, #4913, .T. ) ;
#3881 = VERTEX_POINT ( 'NONE', #5233 ) ;
#3882 = DIRECTION ( 'NONE',  ( 0.0000000000000000000, 1.000000000000000000, 0.0000000000000000000 ) ) ;
#3883 = CARTESIAN_POINT ( 'NONE',  ( 0.0000000000000000000, 0.0000000000000000000, 0.0000000000000000000 ) ) ;
#3884 = CARTESIAN_POINT ( 'NONE',  ( 5.699999999999999289, -4.900000000000001243, 9.199999999999999289 ) ) ;
#3885 = PERSON_AND_ORGANIZATION ( #1600, #2760 ) ;
#3886 = ORIENTED_EDGE ( 'NONE', *, *, #5373, .F. ) ;
#3887 = CARTESIAN_POINT ( 'NONE',  ( -5.699999999999999289, -10.00000000000000000, -19.40231944897310612 ) ) ;
#3888 = CARTESIAN_POINT ( 'NONE',  ( 5.999999999999999112, -10.00000000000000000, 7.500000000000000000 ) ) ;
#3889 = AXIS2_PLACEMENT_3D ( 'NONE', #1668, #781, #1239 ) ;
#3890 = PLANE ( 'NONE',  #1787 ) ;
#3891 = DIRECTION ( 'NONE',  ( 1.000000000000000000, 9.992007221626420697E-16, 7.771561172376096769E-16 ) ) ;
#3892 = ORIENTED_EDGE ( 'NONE', *, *, #5223, .T. ) ;
#3893 = FACE_OUTER_BOUND ( 'NONE', #911, .T. ) ;
#3894 = CARTESIAN_POINT ( 'NONE',  ( 8.764789001808651392, -1.545468781235684430, -8.933335432157942790 ) ) ;
#3895 = CARTESIAN_POINT ( 'NONE',  ( 0.4000000000000002442, -1.899999999999999911, 5.100000000000000533 ) ) ;
#3896 = CARTESIAN_POINT ( 'NONE',  ( -9.700000000000002842, -1.249999999999998890, 6.899999999999998579 ) ) ;
#3897 = ORIENTED_EDGE ( 'NONE', *, *, #2674, .T. ) ;
#3898 = FACE_OUTER_BOUND ( 'NONE', #4607, .T. ) ;
#3899 = CIRCLE ( 'NONE', #4338, 1.600000000000000755 ) ;
#3900 = APPROVAL_STATUS ( 'not_yet_approved' ) ;
#3901 = SHAPE_REPRESENTATION_RELATIONSHIP ( 'NONE' , 'NONE' ,  #5092, #4945 ) ;
#3902 = ORIENTED_EDGE ( 'NONE', *, *, #1697, .F. ) ;
#3903 = ORIENTED_EDGE ( 'NONE', *, *, #29, .T. ) ;
#3904 = DIRECTION ( 'NONE',  ( 0.0000000000000000000, 0.0000000000000000000, 1.000000000000000000 ) ) ;
#3905 = EDGE_LOOP ( 'NONE', ( #4343, #4713, #1577, #2340 ) ) ;
#3906 = UNCERTAINTY_MEASURE_WITH_UNIT (LENGTH_MEASURE( 1.000000000000000082E-05 ), #1622, 'distance_accuracy_value', 'NONE');
#3907 = LINE ( 'NONE', #2227, #2 ) ;
#3908 = ORIENTED_EDGE ( 'NONE', *, *, #4371, .T. ) ;
#3909 = EDGE_CURVE ( 'NONE', #1373, #1350, #2395, .T. ) ;
#3910 = CIRCLE ( 'NONE', #586, 14.00000000000000178 ) ;
#3911 = CARTESIAN_POINT ( 'NONE',  ( 0.0000000000000000000, 0.0000000000000000000, 7.500000000000000000 ) ) ;
#3912 = DIRECTION ( 'NONE',  ( 1.000000000000000000, -8.673617379884035472E-17, 0.0000000000000000000 ) ) ;
#3913 = FACE_OUTER_BOUND ( 'NONE', #4268, .T. ) ;
#3914 = VECTOR ( 'NONE', #1332, 1000.000000000000000 ) ;
#3915 = DIRECTION ( 'NONE',  ( 5.215372716630039566E-33, 0.7071067811865521247, 0.7071067811865429098 ) ) ;
#3916 = DIRECTION ( 'NONE',  ( 8.673617379884030542E-17, -1.000000000000000000, 9.130123557772665869E-17 ) ) ;
#3917 = CARTESIAN_POINT ( 'NONE',  ( 8.900000000000000355, 0.0000000000000000000, -8.933335432157942790 ) ) ;
#3918 = CARTESIAN_POINT ( 'NONE',  ( -5.699999999999999289, -10.00000000000000000, 0.3000000000000016542 ) ) ;
#3919 = VECTOR ( 'NONE', #1610, 1000.000000000000000 ) ;
#3920 = VERTEX_POINT ( 'NONE', #5319 ) ;
#3921 = APPROVAL_STATUS ( 'not_yet_approved' ) ;
#3922 = DIRECTION ( 'NONE',  ( 1.000000000000000000, -8.673617379884035472E-17, -0.0000000000000000000 ) ) ;
#3923 = PRODUCT_DEFINITION_FORMATION_WITH_SPECIFIED_SOURCE ( 'ANY', '', #701, .NOT_KNOWN. ) ;
#3924 = FACE_OUTER_BOUND ( 'NONE', #4980, .T. ) ;
#3925 = EDGE_CURVE ( 'NONE', #2473, #2280, #5082, .T. ) ;
#3926 = DIRECTION ( 'NONE',  ( 1.000000000000000000, 0.0000000000000000000, -7.375650828688862849E-33 ) ) ;
#3927 = DIRECTION ( 'NONE',  ( -0.0000000000000000000, 0.0000000000000000000, -1.000000000000000000 ) ) ;
#3928 = CIRCLE ( 'NONE', #4999, 2.800000000000000266 ) ;
#3929 = DIRECTION ( 'NONE',  ( 1.000000000000000000, 0.0000000000000000000, 0.0000000000000000000 ) ) ;
#3930 = ORIENTED_EDGE ( 'NONE', *, *, #1872, .F. ) ;
#3931 = DIRECTION ( 'NONE',  ( 0.0000000000000000000, 0.0000000000000000000, 1.000000000000000000 ) ) ;
#3932 = CARTESIAN_POINT ( 'NONE',  ( -4.999999999999999112, -4.799999999999999822, 5.700000000000001066 ) ) ;
#3933 = DIRECTION ( 'NONE',  ( -0.0000000000000000000, -0.0000000000000000000, 1.000000000000000000 ) ) ;
#3934 = ORIENTED_EDGE ( 'NONE', *, *, #3909, .F. ) ;
#3935 = VERTEX_POINT ( 'NONE', #5293 ) ;
#3936 = ADVANCED_FACE ( 'NONE', ( #2261 ), #2256, .F. ) ;
#3937 =( REPRESENTATION_RELATIONSHIP ('NONE','NONE', #1318, #5092 ) REPRESENTATION_RELATIONSHIP_WITH_TRANSFORMATION ( #4927 )SHAPE_REPRESENTATION_RELATIONSHIP( ) );
#3938 = DIRECTION ( 'NONE',  ( 0.0000000000000000000, 0.0000000000000000000, 1.000000000000000000 ) ) ;
#3939 = COORDINATED_UNIVERSAL_TIME_OFFSET ( 1, 0, .AHEAD. ) ;
#3940 = DIRECTION ( 'NONE',  ( 7.375650828688862849E-33, 8.503546450866702047E-17, -1.000000000000000000 ) ) ;
#3941 = DIRECTION ( 'NONE',  ( 1.000000000000000000, 0.0000000000000000000, -0.0000000000000000000 ) ) ;
#3942 = CARTESIAN_POINT ( 'NONE',  ( -8.800000000000002487, -8.499999999999998224, 5.999999999999999112 ) ) ;
#3943 = VERTEX_POINT ( 'NONE', #4850 ) ;
#3944 = CARTESIAN_POINT ( 'NONE',  ( -6.500000000000001776, -4.899999999999999467, 7.500000000000000000 ) ) ;
#3945 = ORIENTED_EDGE ( 'NONE', *, *, #2825, .T. ) ;
#3946 = ORIENTED_EDGE ( 'NONE', *, *, #913, .F. ) ;
#3947 = EDGE_CURVE ( 'NONE', #5005, #4988, #1910, .T. ) ;
#3948 = CONTEXT_DEPENDENT_SHAPE_REPRESENTATION ( #3548, #1025 ) ;
#3949 = ORIENTED_EDGE ( 'NONE', *, *, #5311, .T. ) ;
#3950 = LOCAL_TIME ( 7, 23, 42.00000000000000000, #5205 ) ;
#3951 = EDGE_LOOP ( 'NONE', ( #2132, #2677, #2143, #891, #3281 ) ) ;
#3952 = VERTEX_POINT ( 'NONE', #1414 ) ;
#3953 = ORIENTED_EDGE ( 'NONE', *, *, #4556, .F. ) ;
#3954 = VECTOR ( 'NONE', #5677, 1000.000000000000000 ) ;
#3955 = DIRECTION ( 'NONE',  ( 1.000000000000000000, 0.0000000000000000000, 0.0000000000000000000 ) ) ;
#3956 = VERTEX_POINT ( 'NONE', #2752 ) ;
#3957 = VERTEX_POINT ( 'NONE', #1869 ) ;
#3958 = FACE_OUTER_BOUND ( 'NONE', #1386, .T. ) ;
#3959 = EDGE_CURVE ( 'NONE', #2578, #1810, #3541, .T. ) ;
#3960 = DIRECTION ( 'NONE',  ( 1.000000000000000000, 8.673617379884035472E-17, -0.0000000000000000000 ) ) ;
#3961 = DIRECTION ( 'NONE',  ( 1.000000000000000000, 0.0000000000000000000, 0.0000000000000000000 ) ) ;
#3962 = ORIENTED_EDGE ( 'NONE', *, *, #1060, .F. ) ;
#3963 = FACE_OUTER_BOUND ( 'NONE', #474, .T. ) ;
#3964 = AXIS2_PLACEMENT_3D ( 'NONE', #2037, #4621, #1515 ) ;
#3965 = CARTESIAN_POINT ( 'NONE',  ( 0.0000000000000000000, 0.0000000000000000000, 1.100000000000000311 ) ) ;
#3966 = DIRECTION ( 'NONE',  ( 1.000000000000000000, 0.0000000000000000000, 0.0000000000000000000 ) ) ;
#3967 = ORIENTED_EDGE ( 'NONE', *, *, #5487, .F. ) ;
#3968 = EDGE_CURVE ( 'NONE', #4216, #3957, #693, .T. ) ;
#3969 = ORIENTED_EDGE ( 'NONE', *, *, #984, .T. ) ;
#3970 = VECTOR ( 'NONE', #5192, 1000.000000000000000 ) ;
#3971 = CARTESIAN_POINT ( 'NONE',  ( 5.999999999999999112, -8.000000000000000000, 7.500000000000000000 ) ) ;
#3972 = CYLINDRICAL_SURFACE ( 'NONE', #5640, 0.4999999999999995559 ) ;
#3973 = DIRECTION ( 'NONE',  ( -0.0000000000000000000, -0.0000000000000000000, -1.000000000000000000 ) ) ;
#3974 = DIRECTION ( 'NONE',  ( 8.673617379884031774E-17, 1.000000000000000000, -8.673617379884031774E-17 ) ) ;
#3975 = EDGE_CURVE ( 'NONE', #2818, #2181, #2537, .T. ) ;
#3976 = CALENDAR_DATE ( 2020, 24, 9 ) ;
#3977 = CYLINDRICAL_SURFACE ( 'NONE', #4591, 0.5000000000000004441 ) ;
#3978 = PERSON_AND_ORGANIZATION ( #1600, #2760 ) ;
#3979 = ADVANCED_FACE ( 'NONE', ( #4937 ), #1605, .T. ) ;
#3980 = DIRECTION ( 'NONE',  ( -8.503546450866702047E-17, 1.000000000000000000, 8.503546450866702047E-17 ) ) ;
#3981 = CARTESIAN_POINT ( 'NONE',  ( -8.764789001808649616, -1.545468781235684874, -8.933335432157942790 ) ) ;
#3982 = CARTESIAN_POINT ( 'NONE',  ( -0.9500000000000002887, 2.750000000000000888, 5.100000000000000533 ) ) ;
#3983 = AXIS2_PLACEMENT_3D ( 'NONE', #5470, #5067, #3828 ) ;
#3984 = EDGE_CURVE ( 'NONE', #4660, #2316, #5556, .T. ) ;
#3985 = COORDINATED_UNIVERSAL_TIME_OFFSET ( 1, 0, .AHEAD. ) ;
#3986 = LINE ( 'NONE', #4911, #1432 ) ;
#3987 = CIRCLE ( 'NONE', #1430, 0.4000000000000001887 ) ;
#3988 = VERTEX_POINT ( 'NONE', #4065 ) ;
#3989 = AXIS2_PLACEMENT_3D ( 'NONE', #4305, #5209, #2993 ) ;
#3990 = ORIENTED_EDGE ( 'NONE', *, *, #3630, .F. ) ;
#3991 = CYLINDRICAL_SURFACE ( 'NONE', #4002, 0.4000000000000000222 ) ;
#3992 = CARTESIAN_POINT ( 'NONE',  ( 0.7500000000000003331, -2.749999999999999556, 2.100000000000000089 ) ) ;
#3993 = DIRECTION ( 'NONE',  ( -1.000000000000000000, 8.673617379884035472E-17, 0.0000000000000000000 ) ) ;
#3994 = ADVANCED_FACE ( 'NONE', ( #3820 ), #4800, .T. ) ;
#3995 = VERTEX_POINT ( 'NONE', #2386 ) ;
#3996 = EDGE_CURVE ( 'NONE', #5288, #840, #5215, .T. ) ;
#3997 = DIRECTION ( 'NONE',  ( 0.0000000000000000000, 1.000000000000000000, 0.0000000000000000000 ) ) ;
#3998 = VERTEX_POINT ( 'NONE', #2410 ) ;
#3999 = CARTESIAN_POINT ( 'NONE',  ( 5.700000000000000178, -4.900000000000001243, 7.500000000000000000 ) ) ;
#4000 = ORIENTED_EDGE ( 'NONE', *, *, #451, .T. ) ;
#4001 = DATE_AND_TIME ( #5269, #171 ) ;
#4002 = AXIS2_PLACEMENT_3D ( 'NONE', #5404, #1051, #1946 ) ;
#4003 = VERTEX_POINT ( 'NONE', #2823 ) ;
#4004 = CARTESIAN_POINT ( 'NONE',  ( -0.7500000000000004441, 2.950000000000000622, 2.100000000000000089 ) ) ;
#4005 = EDGE_CURVE ( 'NONE', #1810, #1897, #1190, .T. ) ;
#4006 = DIRECTION ( 'NONE',  ( 0.0000000000000000000, 0.0000000000000000000, 1.000000000000000000 ) ) ;
#4007 = ORIENTED_EDGE ( 'NONE', *, *, #2934, .T. ) ;
#4008 = ORIENTED_EDGE ( 'NONE', *, *, #1941, .F. ) ;
#4009 = DIRECTION ( 'NONE',  ( -1.000000000000000000, 0.0000000000000000000, 0.0000000000000000000 ) ) ;
#4010 = CC_DESIGN_APPROVAL ( #756, ( #226 ) ) ;
#4011 = CARTESIAN_POINT ( 'NONE',  ( 0.4499999999999980682, -2.449999999999997957, 5.100000000000000533 ) ) ;
#4012 = EDGE_LOOP ( 'NONE', ( #47, #2408, #3945, #1591 ) ) ;
#4013 = CYLINDRICAL_SURFACE ( 'NONE', #2741, 1.000000000000000000 ) ;
#4014 = EDGE_CURVE ( 'NONE', #2725, #985, #1329, .T. ) ;
#4015 = PLANE ( 'NONE',  #5279 ) ;
#4016 = ORIENTED_EDGE ( 'NONE', *, *, #1125, .F. ) ;
#4017 = CARTESIAN_POINT ( 'NONE',  ( -4.999999999999999112, -4.799999999999999822, 5.700000000000001066 ) ) ;
#4018 = VECTOR ( 'NONE', #5424, 1000.000000000000000 ) ;
#4019 = VECTOR ( 'NONE', #789, 1000.000000000000000 ) ;
#4020 = ADVANCED_FACE ( 'NONE', ( #1767 ), #3248, .T. ) ;
#4021 = AXIS2_PLACEMENT_3D ( 'NONE', #821, #3116, #887 ) ;
#4022 = ORIENTED_EDGE ( 'NONE', *, *, #3338, .F. ) ;
#4023 = CARTESIAN_POINT ( 'NONE',  ( 6.000000000000000000, -1.249999999999999334, 6.899999999999998579 ) ) ;
#4024 = LINE ( 'NONE', #1036, #1699 ) ;
#4025 = CARTESIAN_POINT ( 'NONE',  ( -0.7499999999999996669, -2.949999999999999734, 2.100000000000000089 ) ) ;
#4026 = CARTESIAN_POINT ( 'NONE',  ( 7.199999999999999289, -10.00000000000000000, 9.199999999999999289 ) ) ;
#4027 = VECTOR ( 'NONE', #835, 1000.000000000000000 ) ;
#4028 = ORIENTED_EDGE ( 'NONE', *, *, #84, .T. ) ;
#4029 = CC_DESIGN_APPROVAL ( #3746, ( #2881 ) ) ;
#4030 = AXIS2_PLACEMENT_3D ( 'NONE', #2652, #2637, #3481 ) ;
#4031 = LOCAL_TIME ( 7, 23, 42.00000000000000000, #4894 ) ;
#4032 = PLANE ( 'NONE',  #2519 ) ;
#4033 = LINE ( 'NONE', #3498, #2898 ) ;
#4034 = APPROVAL_PERSON_ORGANIZATION ( #3978, #5672, #3854 ) ;
#4035 = CIRCLE ( 'NONE', #308, 1.000000000000000000 ) ;
#4036 = DIRECTION ( 'NONE',  ( 0.0000000000000000000, 0.0000000000000000000, 1.000000000000000000 ) ) ;
#4037 = CARTESIAN_POINT ( 'NONE',  ( -6.000000000000000000, 0.0000000000000000000, 7.500000000000000000 ) ) ;
#4038 = APPLICATION_PROTOCOL_DEFINITION ( 'international standard', 'config_control_design', 1994, #509 ) ;
#4039 = CARTESIAN_POINT ( 'NONE',  ( 1.821459649775647449E-14, -1.734723475976807094E-15, 23.00000000000000000 ) ) ;
#4040 = CC_DESIGN_PERSON_AND_ORGANIZATION_ASSIGNMENT ( #4502, #943, ( #3192 ) ) ;
#4041 =( REPRESENTATION_RELATIONSHIP ('NONE','NONE', #5210, #3370 ) REPRESENTATION_RELATIONSHIP_WITH_TRANSFORMATION ( #2281 )SHAPE_REPRESENTATION_RELATIONSHIP( ) );
#4042 = DIRECTION ( 'NONE',  ( 0.0000000000000000000, 0.0000000000000000000, 1.000000000000000000 ) ) ;
#4043 = EDGE_CURVE ( 'NONE', #3086, #5444, #1467, .T. ) ;
#4044 = CARTESIAN_POINT ( 'NONE',  ( 0.6000000000000007550, -6.500000000000000000, 8.949999999999999289 ) ) ;
#4045 = COORDINATED_UNIVERSAL_TIME_OFFSET ( 1, 0, .AHEAD. ) ;
#4046 = VECTOR ( 'NONE', #3215, 1000.000000000000000 ) ;
#4047 = DIRECTION ( 'NONE',  ( 1.000000000000000000, 8.673617379884035472E-17, -0.0000000000000000000 ) ) ;
#4048 = PLANE ( 'NONE',  #3510 ) ;
#4049 = ORIENTED_EDGE ( 'NONE', *, *, #4593, .T. ) ;
#4050 = DIRECTION ( 'NONE',  ( -0.0000000000000000000, -0.0000000000000000000, 1.000000000000000000 ) ) ;
#4051 = ADVANCED_FACE ( 'NONE', ( #5686 ), #3419, .F. ) ;
#4052 = VECTOR ( 'NONE', #5193, 1000.000000000000000 ) ;
#4053 = CARTESIAN_POINT ( 'NONE',  ( -9.700000000000002842, -1.249999999999998890, 5.899999999999998579 ) ) ;
#4054 = CC_DESIGN_DATE_AND_TIME_ASSIGNMENT ( #3814, #2903, ( #1504 ) ) ;
#4055 = APPLICATION_PROTOCOL_DEFINITION ( 'international standard', 'config_control_design', 1994, #5332 ) ;
#4056 = ORIENTED_EDGE ( 'NONE', *, *, #5487, .T. ) ;
#4057 = AXIS2_PLACEMENT_3D ( 'NONE', #2378, #4559, #4994 ) ;
#4058 = CARTESIAN_POINT ( 'NONE',  ( -4.899999999999998579, -10.00000000000000000, 0.3000000000000016542 ) ) ;
#4059 = EDGE_CURVE ( 'NONE', #2960, #1000, #2673, .T. ) ;
#4060 = EDGE_CURVE ( 'NONE', #4353, #3797, #1049, .T. ) ;
#4061 = DIRECTION ( 'NONE',  ( 0.0000000000000000000, 1.000000000000000000, 0.0000000000000000000 ) ) ;
#4062 = VERTEX_POINT ( 'NONE', #3863 ) ;
#4063 = LINE ( 'NONE', #3795, #5338 ) ;
#4064 = CIRCLE ( 'NONE', #4926, 12.10000000000000142 ) ;
#4065 = CARTESIAN_POINT ( 'NONE',  ( -10.81665382639196693, -5.000000000000002665, 5.900000000000005684 ) ) ;
#4066 = DESIGN_CONTEXT ( 'detailed design', #4692, 'design' ) ;
#4067 = DIRECTION ( 'NONE',  ( -8.673617379884035472E-17, -1.000000000000000000, 0.0000000000000000000 ) ) ;
#4068 = ORIENTED_EDGE ( 'NONE', *, *, #4102, .F. ) ;
#4069 = CIRCLE ( 'NONE', #1055, 0.7900000000000000355 ) ;
#4070 = CARTESIAN_POINT ( 'NONE',  ( -8.199999999999999289, -5.000000000000001776, 5.900000000000005684 ) ) ;
#4071 = LINE ( 'NONE', #2107, #332 ) ;
#4072 = AXIS2_PLACEMENT_3D ( 'NONE', #1743, #2623, #2599 ) ;
#4073 = EDGE_LOOP ( 'NONE', ( #2817, #3949 ) ) ;
#4074 = COORDINATED_UNIVERSAL_TIME_OFFSET ( 1, 0, .AHEAD. ) ;
#4075 = VERTEX_POINT ( 'NONE', #3884 ) ;
#4076 = CARTESIAN_POINT ( 'NONE',  ( 4.899999999999999467, -10.00000000000000000, 0.2999999999999999889 ) ) ;
#4077 = ORIENTED_EDGE ( 'NONE', *, *, #1646, .F. ) ;
#4078 = DIRECTION ( 'NONE',  ( 0.0000000000000000000, 0.0000000000000000000, 1.000000000000000000 ) ) ;
#4079 = SECURITY_CLASSIFICATION ( '', '', #2304 ) ;
#4080 = ORIENTED_EDGE ( 'NONE', *, *, #4961, .F. ) ;
#4081 = CARTESIAN_POINT ( 'NONE',  ( 5.700000000000000178, -10.00000000000000000, 5.500000000000000000 ) ) ;
#4082 = CARTESIAN_POINT ( 'NONE',  ( 5.699999999999999289, -10.00000000000000000, 1.100000000000000311 ) ) ;
#4083 = ORIENTED_EDGE ( 'NONE', *, *, #73, .T. ) ;
#4084 = EDGE_LOOP ( 'NONE', ( #1708, #2783, #3696, #477 ) ) ;
#4085 = LINE ( 'NONE', #2615, #4667 ) ;
#4086 = CARTESIAN_POINT ( 'NONE',  ( 10.34048140662818405, 1.823305865502772960, 5.700000000000001954 ) ) ;
#4087 = ORIENTED_EDGE ( 'NONE', *, *, #3331, .F. ) ;
#4088 = EDGE_CURVE ( 'NONE', #4317, #4523, #3087, .T. ) ;
#4089 = CARTESIAN_POINT ( 'NONE',  ( -10.81665382639196871, 4.999999999999999112, 5.900000000000007461 ) ) ;
#4090 = VERTEX_POINT ( 'NONE', #1497 ) ;
#4091 = CYLINDRICAL_SURFACE ( 'NONE', #4793, 3.000000000000000888 ) ;
#4092 = EDGE_LOOP ( 'NONE', ( #4543, #5619, #892, #3219 ) ) ;
#4093 = ADVANCED_FACE ( 'NONE', ( #5629 ), #5429, .T. ) ;
#4094 = EDGE_LOOP ( 'NONE', ( #5368, #194, #529, #3859, #905 ) ) ;
#4095 = APPLICATION_PROTOCOL_DEFINITION ( 'international standard', 'config_control_design', 1994, #142 ) ;
#4096 = CYLINDRICAL_SURFACE ( 'NONE', #1342, 0.8000000000000003775 ) ;
#4097 = CARTESIAN_POINT ( 'NONE',  ( 6.100000000000000533, -4.900000000000001243, 7.500000000000000000 ) ) ;
#4098 = LINE ( 'NONE', #209, #3919 ) ;
#4099 = EDGE_LOOP ( 'NONE', ( #1823, #4570, #3844, #741, #1177, #1189 ) ) ;
#4100 = CARTESIAN_POINT ( 'NONE',  ( -5.700000000000000178, 2.602085213965210642E-17, 5.500000000000001776 ) ) ;
#4101 = DIRECTION ( 'NONE',  ( 0.0000000000000000000, 0.0000000000000000000, 1.000000000000000000 ) ) ;
#4102 = EDGE_CURVE ( 'NONE', #3988, #2946, #4085, .T. ) ;
#4103 = FACE_OUTER_BOUND ( 'NONE', #1028, .T. ) ;
#4104 = VECTOR ( 'NONE', #568, 1000.000000000000000 ) ;
#4105 = CARTESIAN_POINT ( 'NONE',  ( 0.9294299157951322332, -2.853412796679486885, 4.620570084204864258 ) ) ;
#4106 = DIRECTION ( 'NONE',  ( 0.0000000000000000000, 0.0000000000000000000, 1.000000000000000000 ) ) ;
#4107 = CARTESIAN_POINT ( 'NONE',  ( 6.000000000000000000, -1.250000000000000222, 6.899999999999998579 ) ) ;
#4108 = CARTESIAN_POINT ( 'NONE',  ( 4.899999999999999467, 6.938893903907219749E-17, 0.2999999999999999889 ) ) ;
#4109 = AXIS2_PLACEMENT_3D ( 'NONE', #5577, #4663, #327 ) ;
#4110 = DIRECTION ( 'NONE',  ( 8.673617379884035472E-17, 1.000000000000000000, 0.0000000000000000000 ) ) ;
#4111 = VECTOR ( 'NONE', #977, 1000.000000000000000 ) ;
#4112 = APPROVAL_STATUS ( 'not_yet_approved' ) ;
#4113 = VECTOR ( 'NONE', #3384, 1000.000000000000000 ) ;
#4114 = DIRECTION ( 'NONE',  ( 0.0000000000000000000, -1.000000000000000000, -7.168278826350440542E-17 ) ) ;
#4115 = EDGE_CURVE ( 'NONE', #488, #3583, #3039, .T. ) ;
#4116 = CIRCLE ( 'NONE', #2047, 1.600000000000001199 ) ;
#4117 = CARTESIAN_POINT ( 'NONE',  ( -5.700000000000000178, 2.602085213965210642E-17, 5.899999999999998579 ) ) ;
#4118 = VECTOR ( 'NONE', #3131, 1000.000000000000000 ) ;
#4119 = ORIENTED_EDGE ( 'NONE', *, *, #747, .F. ) ;
#4120 = ORIENTED_EDGE ( 'NONE', *, *, #2070, .F. ) ;
#4121 = EDGE_CURVE ( 'NONE', #1570, #2712, #5496, .T. ) ;
#4122 = CARTESIAN_POINT ( 'NONE',  ( -5.700000000000001066, 0.0000000000000000000, 9.199999999999999289 ) ) ;
#4123 = PERSON_AND_ORGANIZATION ( #3004, #4710 ) ;
#4124 = CARTESIAN_POINT ( 'NONE',  ( 6.500000000000001776, -6.599999999999999645, 7.500000000000000000 ) ) ;
#4125 = ORIENTED_EDGE ( 'NONE', *, *, #5196, .F. ) ;
#4126 = DIRECTION ( 'NONE',  ( -0.5773502691896250649, 0.5773502691896250649, -0.5773502691896272854 ) ) ;
#4127 = DIRECTION ( 'NONE',  ( -0.0000000000000000000, -0.0000000000000000000, -1.000000000000000000 ) ) ;
#4128 = CALENDAR_DATE ( 2020, 24, 9 ) ;
#4129 = AXIS2_PLACEMENT_3D ( 'NONE', #1530, #3721, #2816 ) ;
#4130 = LINE ( 'NONE', #3355, #470 ) ;
#4131 = PLANE ( 'NONE',  #3860 ) ;
#4132 = AXIS2_PLACEMENT_3D ( 'NONE', #4781, #2736, #3220 ) ;
#4133 = ORIENTED_EDGE ( 'NONE', *, *, #3695, .F. ) ;
#4134 =( BOUNDED_CURVE ( )  B_SPLINE_CURVE ( 3, ( #2508, #254, #5013, #3815 ),
 .UNSPECIFIED., .F., .T. ) 
 B_SPLINE_CURVE_WITH_KNOTS ( ( 4, 4 ),
 ( -2.664535259100375697E-15, 0.7853981633974471688 ),
 .UNSPECIFIED. ) 
 CURVE ( )  GEOMETRIC_REPRESENTATION_ITEM ( )  RATIONAL_B_SPLINE_CURVE ( ( 1.000000000000000000, 0.9492530216741910110, 0.9492530216741910110, 1.000000000000000000 ) ) 
 REPRESENTATION_ITEM ( '' )  );
#4135 = FACE_OUTER_BOUND ( 'NONE', #1259, .T. ) ;
#4136 = CALENDAR_DATE ( 2020, 24, 9 ) ;
#4137 = DIRECTION ( 'NONE',  ( 0.0000000000000000000, -1.000000000000000000, 0.0000000000000000000 ) ) ;
#4138 = CARTESIAN_POINT ( 'NONE',  ( 4.499999999999996447, 6.000000000000002665, 5.700000000000001954 ) ) ;
#4139 = ORIENTED_EDGE ( 'NONE', *, *, #3731, .F. ) ;
#4140 = DIRECTION ( 'NONE',  ( -1.000000000000000000, 8.673617379884035472E-17, 0.0000000000000000000 ) ) ;
#4141 = CARTESIAN_POINT ( 'NONE',  ( -5.700000000000000178, -1.249999999999998890, 6.900000000000000355 ) ) ;
#4142 = VERTEX_POINT ( 'NONE', #837 ) ;
#4143 = CALENDAR_DATE ( 2020, 24, 9 ) ;
#4144 = CYLINDRICAL_SURFACE ( 'NONE', #377, 14.00000000000000178 ) ;
#4145 = VERTEX_POINT ( 'NONE', #5669 ) ;
#4146 = ORIENTED_EDGE ( 'NONE', *, *, #4463, .T. ) ;
#4147 = AXIS2_PLACEMENT_3D ( 'NONE', #1128, #4190, #1636 ) ;
#4148 = EDGE_CURVE ( 'NONE', #4650, #822, #198, .T. ) ;
#4149 = LINE ( 'NONE', #5613, #2474 ) ;
#4150 = DESIGN_CONTEXT ( 'detailed design', #101, 'design' ) ;
#4151 = ADVANCED_FACE ( 'NONE', ( #2888 ), #4336, .T. ) ;
#4152 = APPLICATION_PROTOCOL_DEFINITION ( 'international standard', 'config_control_design', 1994, #2861 ) ;
#4153 = ORIENTED_EDGE ( 'NONE', *, *, #342, .F. ) ;
#4154 = CARTESIAN_POINT ( 'NONE',  ( -6.000000000000000000, -7.999999999999998224, 7.500000000000000000 ) ) ;
#4155 = DIRECTION ( 'NONE',  ( 1.000000000000000000, 0.0000000000000000000, 0.0000000000000000000 ) ) ;
#4156 = CC_DESIGN_APPROVAL ( #5380, ( #5086 ) ) ;
#4157 = ORIENTED_EDGE ( 'NONE', *, *, #1079, .T. ) ;
#4158 = VECTOR ( 'NONE', #3120, 1000.000000000000000 ) ;
#4159 = EDGE_CURVE ( 'NONE', #4003, #1457, #3031, .T. ) ;
#4160 = EDGE_LOOP ( 'NONE', ( #5002, #3550, #2165, #4671, #4427 ) ) ;
#4161 = CYLINDRICAL_SURFACE ( 'NONE', #5268, 0.5000000000000004441 ) ;
#4162 = DIRECTION ( 'NONE',  ( 1.102578480493733312E-16, -1.000000000000000000, 0.0000000000000000000 ) ) ;
#4163 = CC_DESIGN_PERSON_AND_ORGANIZATION_ASSIGNMENT ( #1187, #5506, ( #1756 ) ) ;
#4164 = CIRCLE ( 'NONE', #2371, 12.10000000000000142 ) ;
#4165 = VERTEX_POINT ( 'NONE', #4791 ) ;
#4166 = EDGE_CURVE ( 'NONE', #3014, #4142, #4278, .T. ) ;
#4167 = CARTESIAN_POINT ( 'NONE',  ( 4.899999999999998579, -10.00000000000000000, 1.100000000000000311 ) ) ;
#4168 = COORDINATED_UNIVERSAL_TIME_OFFSET ( 1, 0, .AHEAD. ) ;
#4169 = VERTEX_POINT ( 'NONE', #429 ) ;
#4170 = CIRCLE ( 'NONE', #2139, 0.5000000000000000000 ) ;
#4171 = APPROVAL_STATUS ( 'not_yet_approved' ) ;
#4172 = DIRECTION ( 'NONE',  ( 0.0000000000000000000, -1.000000000000000000, 0.0000000000000000000 ) ) ;
#4173 = ADVANCED_FACE ( 'NONE', ( #769 ), #445, .T. ) ;
#4174 = DIRECTION ( 'NONE',  ( 1.000000000000000000, -8.673617379884035472E-17, -0.0000000000000000000 ) ) ;
#4175 = FACE_OUTER_BOUND ( 'NONE', #2120, .T. ) ;
#4176 = LINE ( 'NONE', #1719, #156 ) ;
#4177 = ADVANCED_FACE ( 'NONE', ( #3898 ), #4314, .F. ) ;
#4178 = VECTOR ( 'NONE', #674, 1000.000000000000000 ) ;
#4179 = CARTESIAN_POINT ( 'NONE',  ( 5.999999999999999112, -8.500000000000000000, 5.999999999999999112 ) ) ;
#4180 = CONTEXT_DEPENDENT_SHAPE_REPRESENTATION ( #506, #2531 ) ;
#4181 = CARTESIAN_POINT ( 'NONE',  ( 0.0000000000000000000, 0.0000000000000000000, 7.500000000000000000 ) ) ;
#4182 = ORIENTED_EDGE ( 'NONE', *, *, #4371, .F. ) ;
#4183 = APPROVAL_DATE_TIME ( #802, #2342 ) ;
#4184 = CARTESIAN_POINT ( 'NONE',  ( -6.500000000000001776, -6.599999999999997868, 7.500000000000000000 ) ) ;
#4185 = EDGE_CURVE ( 'NONE', #1146, #3365, #3621, .T. ) ;
#4186 = VERTEX_POINT ( 'NONE', #3634 ) ;
#4187 = VERTEX_POINT ( 'NONE', #2703 ) ;
#4188 = CARTESIAN_POINT ( 'NONE',  ( 5.699999999999998401, -0.7500000000000006661, 6.399999999999999467 ) ) ;
#4189 = PERSON_AND_ORGANIZATION ( #1600, #2760 ) ;
#4190 = DIRECTION ( 'NONE',  ( -1.000000000000000000, 8.503546450866702047E-17, 0.0000000000000000000 ) ) ;
#4191 = ORIENTED_EDGE ( 'NONE', *, *, #1101, .F. ) ;
#4192 = PERSON_AND_ORGANIZATION ( #243, #2664 ) ;
#4193 = ORIENTED_EDGE ( 'NONE', *, *, #1345, .T. ) ;
#4194 = ORIENTED_EDGE ( 'NONE', *, *, #2279, .F. ) ;
#4195 = DIRECTION ( 'NONE',  ( 0.0000000000000000000, -1.000000000000000000, -7.168278826350441775E-17 ) ) ;
#4196 = ORIENTED_EDGE ( 'NONE', *, *, #1872, .T. ) ;
#4197 = AXIS2_PLACEMENT_3D ( 'NONE', #4379, #1307, #1275 ) ;
#4198 = ORIENTED_EDGE ( 'NONE', *, *, #2083, .F. ) ;
#4199 = VECTOR ( 'NONE', #3745, 1000.000000000000000 ) ;
#4200 = EDGE_CURVE ( 'NONE', #4418, #4590, #841, .T. ) ;
#4201 = ORIENTED_EDGE ( 'NONE', *, *, #451, .F. ) ;
#4202 = APPROVAL_DATE_TIME ( #1848, #3728 ) ;
#4203 = ORIENTED_EDGE ( 'NONE', *, *, #2097, .T. ) ;
#4204 = LINE ( 'NONE', #4515, #1989 ) ;
#4205 = VECTOR ( 'NONE', #3191, 1000.000000000000000 ) ;
#4206 = DIRECTION ( 'NONE',  ( -0.0000000000000000000, -0.0000000000000000000, -1.000000000000000000 ) ) ;
#4207 = DIRECTION ( 'NONE',  ( -0.0000000000000000000, -0.0000000000000000000, 1.000000000000000000 ) ) ;
#4208 = ORIENTED_EDGE ( 'NONE', *, *, #2174, .T. ) ;
#4209 = EDGE_CURVE ( 'NONE', #3957, #4590, #778, .T. ) ;
#4210 = DIRECTION ( 'NONE',  ( 1.000000000000000000, -8.673617379884035472E-17, 0.0000000000000000000 ) ) ;
#4211 = VERTEX_POINT ( 'NONE', #2290 ) ;
#4212 = AXIS2_PLACEMENT_3D ( 'NONE', #1936, #2837, #1427 ) ;
#4213 = ORIENTED_EDGE ( 'NONE', *, *, #3119, .T. ) ;
#4214 = CARTESIAN_POINT ( 'NONE',  ( 8.199999999999999289, -6.000000000000001776, 0.0000000000000000000 ) ) ;
#4215 =( LENGTH_UNIT ( ) NAMED_UNIT ( * ) SI_UNIT ( .MILLI., .METRE. ) );
#4216 = VERTEX_POINT ( 'NONE', #3734 ) ;
#4217 = DIRECTION ( 'NONE',  ( -1.000000000000000000, 8.673617379884033007E-17, 0.0000000000000000000 ) ) ;
#4218 = EDGE_CURVE ( 'NONE', #1000, #1441, #4879, .T. ) ;
#4219 = CARTESIAN_POINT ( 'NONE',  ( -5.299999999999999822, 0.0000000000000000000, 9.599999999999999645 ) ) ;
#4220 = CYLINDRICAL_SURFACE ( 'NONE', #628, 0.1999999999999999833 ) ;
#4221 = FACE_OUTER_BOUND ( 'NONE', #4693, .T. ) ;
#4222 = ADVANCED_FACE ( 'NONE', ( #2335 ), #5016, .F. ) ;
#4223 = UNCERTAINTY_MEASURE_WITH_UNIT (LENGTH_MEASURE( 1.000000000000000082E-05 ), #776, 'distance_accuracy_value', 'NONE');
#4224 = AXIS2_PLACEMENT_3D ( 'NONE', #691, #4616, #1133 ) ;
#4225 = VECTOR ( 'NONE', #2967, 1000.000000000000000 ) ;
#4226 = DIRECTION ( 'NONE',  ( 0.0000000000000000000, -1.000000000000000000, 5.782411586589355667E-16 ) ) ;
#4227 = DIRECTION ( 'NONE',  ( 8.503546450866702047E-17, 1.000000000000000000, 8.503546450866702047E-17 ) ) ;
#4228 = DIRECTION ( 'NONE',  ( 0.0000000000000000000, -1.000000000000000000, -9.745637505487679766E-17 ) ) ;
#4229 = VECTOR ( 'NONE', #5237, 1000.000000000000000 ) ;
#4230 = LINE ( 'NONE', #2033, #4178 ) ;
#4231 = PERSON_AND_ORGANIZATION_ROLE ( 'design_owner' ) ;
#4232 = ORIENTED_EDGE ( 'NONE', *, *, #3347, .T. ) ;
#4233 = DIRECTION ( 'NONE',  ( 1.000000000000000000, -8.673617379884035472E-17, -0.0000000000000000000 ) ) ;
#4234 = DIRECTION ( 'NONE',  ( 0.0000000000000000000, 0.0000000000000000000, 1.000000000000000000 ) ) ;
#4235 = VECTOR ( 'NONE', #276, 1000.000000000000000 ) ;
#4236 = CYLINDRICAL_SURFACE ( 'NONE', #1396, 14.00000000000000178 ) ;
#4237 = PERSON_AND_ORGANIZATION ( #1600, #2760 ) ;
#4238 = CC_DESIGN_APPROVAL ( #4893, ( #4079 ) ) ;
#4239 = AXIS2_PLACEMENT_3D ( 'NONE', #563, #2358, #3263 ) ;
#4240 = TOROIDAL_SURFACE ( 'NONE', #5340, 4.899999999999999467, 0.8000000000000000444 ) ;
#4241 = ORIENTED_EDGE ( 'NONE', *, *, #2530, .T. ) ;
#4242 = EDGE_CURVE ( 'NONE', #3194, #1000, #2478, .T. ) ;
#4243 = VECTOR ( 'NONE', #28, 1000.000000000000000 ) ;
#4244 = PERSON_AND_ORGANIZATION ( #1600, #2760 ) ;
#4245 = AXIS2_PLACEMENT_3D ( 'NONE', #2098, #2616, #1258 ) ;
#4246 = DIRECTION ( 'NONE',  ( 1.000000000000000000, -8.673617379884036705E-17, 0.0000000000000000000 ) ) ;
#4247 = ADVANCED_FACE ( 'NONE', ( #1851 ), #1271, .T. ) ;
#4248 = PERSON_AND_ORGANIZATION_ROLE ( 'classification_officer' ) ;
#4249 = CYLINDRICAL_SURFACE ( 'NONE', #1462, 14.00000000000000178 ) ;
#4250 = CARTESIAN_POINT ( 'NONE',  ( -8.800000000000002487, -7.999999999999998224, 6.000000000000003553 ) ) ;
#4251 = EDGE_CURVE ( 'NONE', #2987, #5563, #632, .T. ) ;
#4252 = DIRECTION ( 'NONE',  ( 1.000000000000000000, 0.0000000000000000000, -0.0000000000000000000 ) ) ;
#4253 = VERTEX_POINT ( 'NONE', #3685 ) ;
#4254 = DIRECTION ( 'NONE',  ( 1.000000000000000000, -8.673617379884035472E-17, 0.0000000000000000000 ) ) ;
#4255 = PERSON_AND_ORGANIZATION ( #1600, #2760 ) ;
#4256 = VERTEX_POINT ( 'NONE', #3283 ) ;
#4257 = DIRECTION ( 'NONE',  ( 1.000000000000000000, -8.673617379884036705E-17, 0.0000000000000000000 ) ) ;
#4258 = EDGE_LOOP ( 'NONE', ( #2032, #3291 ) ) ;
#4259 = AXIS2_PLACEMENT_3D ( 'NONE', #4909, #4042, #104 ) ;
#4260 = CARTESIAN_POINT ( 'NONE',  ( 0.0000000000000000000, 0.0000000000000000000, 7.500000000000000000 ) ) ;
#4261 = VERTEX_POINT ( 'NONE', #1095 ) ;
#4262 = ORIENTED_EDGE ( 'NONE', *, *, #2754, .F. ) ;
#4264 = EDGE_LOOP ( 'NONE', ( #1977, #687, #4721, #3608, #3424, #3197, #4281, #2613 ) ) ;
#4263 = DIRECTION ( 'NONE',  ( 0.0000000000000000000, 0.0000000000000000000, 1.000000000000000000 ) ) ;
#4265 = AXIS2_PLACEMENT_3D ( 'NONE', #1856, #2285, #868 ) ;
#4266 = ORIENTED_EDGE ( 'NONE', *, *, #3871, .F. ) ;
#4267 = CARTESIAN_POINT ( 'NONE',  ( 6.000000000000000000, 0.0000000000000000000, 1.100000000000000311 ) ) ;
#4268 = EDGE_LOOP ( 'NONE', ( #5229, #2066, #124, #2466 ) ) ;
#4269 = DIRECTION ( 'NONE',  ( 1.000000000000000000, -8.673617379884035472E-17, -0.0000000000000000000 ) ) ;
#4270 = PERSON ( 'NAUO-PER3', 'UNSPECIFIED', 'UNSPECIFIED', ('UNSPECIFIED'), ('UNSPECIFIED'), ('UNSPECIFIED') ) ;
#4271 = LINE ( 'NONE', #4333, #130 ) ;
#4272 = ORIENTED_EDGE ( 'NONE', *, *, #2815, .F. ) ;
#4273 = AXIS2_PLACEMENT_3D ( 'NONE', #3504, #854, #2151 ) ;
#4274 = ORIENTED_EDGE ( 'NONE', *, *, #2279, .T. ) ;
#4275 = EDGE_CURVE ( 'NONE', #1826, #1682, #2746, .T. ) ;
#4276 = DIRECTION ( 'NONE',  ( 0.0000000000000000000, 0.0000000000000000000, -1.000000000000000000 ) ) ;
#4277 = ORIENTED_EDGE ( 'NONE', *, *, #2060, .T. ) ;
#4278 = LINE ( 'NONE', #1759, #1537 ) ;
#4279 = LINE ( 'NONE', #479, #3756 ) ;
#4280 = ADVANCED_FACE ( 'NONE', ( #5363 ), #4161, .F. ) ;
#4281 = ORIENTED_EDGE ( 'NONE', *, *, #4275, .T. ) ;
#4282 = ORIENTED_EDGE ( 'NONE', *, *, #2743, .T. ) ;
#4283 = EDGE_CURVE ( 'NONE', #1110, #2334, #4204, .T. ) ;
#4284 = CARTESIAN_POINT ( 'NONE',  ( -3.899999999999999467, 5.200000000000001066, 5.900000000000002132 ) ) ;
#4285 = LINE ( 'NONE', #2614, #4489 ) ;
#4286 = EDGE_LOOP ( 'NONE', ( #4666, #768, #1007, #1850 ) ) ;
#4287 = LINE ( 'NONE', #131, #3174 ) ;
#4288 = PLANE ( 'NONE',  #3041 ) ;
#4289 = DATE_TIME_ROLE ( 'classification_date' ) ;
#4290 = CC_DESIGN_PERSON_AND_ORGANIZATION_ASSIGNMENT ( #3447, #2484, ( #1144 ) ) ;
#4291 = CALENDAR_DATE ( 2020, 24, 9 ) ;
#4292 = DIRECTION ( 'NONE',  ( 1.000000000000000000, 0.0000000000000000000, 0.0000000000000000000 ) ) ;
#4293 = FACE_OUTER_BOUND ( 'NONE', #1633, .T. ) ;
#4294 = COORDINATED_UNIVERSAL_TIME_OFFSET ( 1, 0, .AHEAD. ) ;
#4295 = VECTOR ( 'NONE', #157, 1000.000000000000000 ) ;
#4296 = DIRECTION ( 'NONE',  ( 0.0000000000000000000, -1.000000000000000000, 0.0000000000000000000 ) ) ;
#4297 = DIRECTION ( 'NONE',  ( -0.0000000000000000000, -0.0000000000000000000, 1.000000000000000000 ) ) ;
#4298 = VECTOR ( 'NONE', #4821, 1000.000000000000000 ) ;
#4299 = VECTOR ( 'NONE', #1436, 1000.000000000000000 ) ;
#4300 = DIRECTION ( 'NONE',  ( 0.0000000000000000000, 0.0000000000000000000, 1.000000000000000000 ) ) ;
#4301 = AXIS2_PLACEMENT_3D ( 'NONE', #2093, #3413, #3841 ) ;
#4302 = CIRCLE ( 'NONE', #3218, 5.700000000000000178 ) ;
#4303 = DIRECTION ( 'NONE',  ( 0.0000000000000000000, 0.0000000000000000000, 1.000000000000000000 ) ) ;
#4304 = DIRECTION ( 'NONE',  ( 1.000000000000000000, -8.673617379884035472E-17, -0.0000000000000000000 ) ) ;
#4305 = CARTESIAN_POINT ( 'NONE',  ( 0.0000000000000000000, 0.0000000000000000000, 5.700000000000000178 ) ) ;
#4306 = APPROVAL ( #4401, 'UNSPECIFIED' ) ;
#4307 = CIRCLE ( 'NONE', #1266, 6.500000000000000888 ) ;
#4308 = AXIS2_PLACEMENT_3D ( 'NONE', #4053, #1859, #2722 ) ;
#4309 = ORGANIZATION ( 'NAUO-ORG5', 'UNSPECIFIED', 'UNSPECIFIED' ) ;
#4310 = CARTESIAN_POINT ( 'NONE',  ( -4.899999999999998579, -10.00000000000000000, 1.100000000000000089 ) ) ;
#4311 = ORIENTED_EDGE ( 'NONE', *, *, #3947, .T. ) ;
#4312 = CARTESIAN_POINT ( 'NONE',  ( 12.10000000000000142, 0.0000000000000000000, -8.933335432157942790 ) ) ;
#4313 = CIRCLE ( 'NONE', #1782, 14.00000000000000178 ) ;
#4314 = PLANE ( 'NONE',  #186 ) ;
#4315 = CALENDAR_DATE ( 2020, 24, 9 ) ;
#4316 = DIRECTION ( 'NONE',  ( -0.0000000000000000000, 0.0000000000000000000, 1.000000000000000000 ) ) ;
#4317 = VERTEX_POINT ( 'NONE', #3670 ) ;
#4318 = CARTESIAN_POINT ( 'NONE',  ( -8.800000000000002487, -7.999999999999998224, 7.500000000000000000 ) ) ;
#4319 = SECURITY_CLASSIFICATION ( '', '', #447 ) ;
#4320 = AXIS2_PLACEMENT_3D ( 'NONE', #2943, #4566, #3805 ) ;
#4321 = LINE ( 'NONE', #932, #1746 ) ;
#4322 = EDGE_CURVE ( 'NONE', #3382, #3998, #4024, .T. ) ;
#4323 = VECTOR ( 'NONE', #5324, 1000.000000000000000 ) ;
#4324 = DESIGN_CONTEXT ( 'detailed design', #5332, 'design' ) ;
#4325 = VERTEX_POINT ( 'NONE', #603 ) ;
#4326 = AXIS2_PLACEMENT_3D ( 'NONE', #909, #2426, #4061 ) ;
#4327 = CARTESIAN_POINT ( 'NONE',  ( 5.700000000000000178, -2.750000000000000888, 6.899999999999998579 ) ) ;
#4328 = CARTESIAN_POINT ( 'NONE',  ( 0.0000000000000000000, 0.0000000000000000000, 9.199999999999999289 ) ) ;
#4329 = ORIENTED_EDGE ( 'NONE', *, *, #3566, .T. ) ;
#4330 = APPROVAL_STATUS ( 'not_yet_approved' ) ;
#4331 = EDGE_CURVE ( 'NONE', #4784, #5352, #2063, .T. ) ;
#4332 = ORIENTED_EDGE ( 'NONE', *, *, #533, .F. ) ;
#4333 = CARTESIAN_POINT ( 'NONE',  ( -9.700000000000002842, -2.749999999999999112, 6.899999999999999467 ) ) ;
#4334 = CARTESIAN_POINT ( 'NONE',  ( -10.81665382639196693, -2.000000000000001776, -8.933335432157942790 ) ) ;
#4335 = ORIENTED_EDGE ( 'NONE', *, *, #1586, .F. ) ;
#4336 = PLANE ( 'NONE',  #3130 ) ;
#4337 = ORIENTED_EDGE ( 'NONE', *, *, #3852, .T. ) ;
#4338 = AXIS2_PLACEMENT_3D ( 'NONE', #3442, #4303, #4728 ) ;
#4339 = ADVANCED_FACE ( 'NONE', ( #3367 ), #2069, .F. ) ;
#4340 = CARTESIAN_POINT ( 'NONE',  ( -8.800000000000002487, -7.999999999999998224, 6.000000000000003553 ) ) ;
#4341 = ORIENTED_EDGE ( 'NONE', *, *, #3776, .T. ) ;
#4342 = DIRECTION ( 'NONE',  ( 0.0000000000000000000, 0.0000000000000000000, 1.000000000000000000 ) ) ;
#4343 = ORIENTED_EDGE ( 'NONE', *, *, #2543, .F. ) ;
#4344 = LINE ( 'NONE', #4640, #2124 ) ;
#4345 = ORIENTED_EDGE ( 'NONE', *, *, #5048, .T. ) ;
#4346 = CARTESIAN_POINT ( 'NONE',  ( 0.3000000000000181966, -1.398223855353593850E-15, 23.00000000000000000 ) ) ;
#4347 = AXIS2_PLACEMENT_3D ( 'NONE', #1154, #1590, #4637 ) ;
#4348 = DIRECTION ( 'NONE',  ( 1.000000000000000000, 0.0000000000000000000, 0.0000000000000000000 ) ) ;
#4349 = EDGE_LOOP ( 'NONE', ( #551, #4527, #1038, #1978, #2708 ) ) ;
#4350 = CARTESIAN_POINT ( 'NONE',  ( 7.960204194457798435E-16, -6.500000000000000000, 8.949999999999999289 ) ) ;
#4351 = CIRCLE ( 'NONE', #2989, 0.4000000000000001887 ) ;
#4352 = SECURITY_CLASSIFICATION_LEVEL ( 'unclassified' ) ;
#4353 = VERTEX_POINT ( 'NONE', #3303 ) ;
#4354 = ORIENTED_EDGE ( 'NONE', *, *, #2384, .F. ) ;
#4355 = CARTESIAN_POINT ( 'NONE',  ( -0.9294299157951321222, 2.853412796679487773, 4.620570084204864258 ) ) ;
#4356 = EDGE_CURVE ( 'NONE', #1752, #2548, #845, .T. ) ;
#4357 = CARTESIAN_POINT ( 'NONE',  ( -10.81665382639196693, -2.000000000000001776, 5.900000000000005684 ) ) ;
#4358 = CARTESIAN_POINT ( 'NONE',  ( 0.0000000000000000000, 0.0000000000000000000, 7.500000000000000000 ) ) ;
#4359 = CALENDAR_DATE ( 2020, 24, 9 ) ;
#4360 = AXIS2_PLACEMENT_3D ( 'NONE', #5264, #3927, #5198 ) ;
#4361 = FACE_OUTER_BOUND ( 'NONE', #1817, .T. ) ;
#4362 = CIRCLE ( 'NONE', #5601, 0.5000000000000004441 ) ;
#4363 = EDGE_CURVE ( 'NONE', #3194, #3878, #3298, .T. ) ;
#4364 = DIRECTION ( 'NONE',  ( 1.635506645978179967E-16, -0.7071067811865555663, 0.7071067811865394681 ) ) ;
#4365 = CARTESIAN_POINT ( 'NONE',  ( 0.0000000000000000000, 0.0000000000000000000, -19.40231944897310612 ) ) ;
#4366 = VECTOR ( 'NONE', #5457, 1000.000000000000000 ) ;
#4367 = ORIENTED_EDGE ( 'NONE', *, *, #926, .F. ) ;
#4368 = DATE_TIME_ROLE ( 'classification_date' ) ;
#4369 = DIRECTION ( 'NONE',  ( 0.0000000000000000000, 0.0000000000000000000, -1.000000000000000000 ) ) ;
#4370 = CIRCLE ( 'NONE', #126, 1.100000000000000311 ) ;
#4371 = EDGE_CURVE ( 'NONE', #1302, #137, #363, .T. ) ;
#4372 = VECTOR ( 'NONE', #3689, 1000.000000000000000 ) ;
#4373 = ORIENTED_EDGE ( 'NONE', *, *, #1409, .T. ) ;
#4374 = LINE ( 'NONE', #5530, #3254 ) ;
#4375 = CARTESIAN_POINT ( 'NONE',  ( 13.76665032449886894, 2.545454545454553852, -8.933335432157942790 ) ) ;
#4376 = ORIENTED_EDGE ( 'NONE', *, *, #1139, .F. ) ;
#4377 = EDGE_LOOP ( 'NONE', ( #1905, #256, #4871, #4282, #763 ) ) ;
#4378 = ADVANCED_FACE ( 'NONE', ( #3963, #3098 ), #1549, .T. ) ;
#4379 = CARTESIAN_POINT ( 'NONE',  ( -5.999999999999999112, -10.00000000000000000, 7.500000000000000000 ) ) ;
#4380 = LOCAL_TIME ( 7, 23, 42.00000000000000000, #5056 ) ;
#4381 = VERTEX_POINT ( 'NONE', #4108 ) ;
#4382 = PLANE ( 'NONE',  #4239 ) ;
#4383 = EDGE_CURVE ( 'NONE', #5342, #2676, #2813, .T. ) ;
#4384 = DIRECTION ( 'NONE',  ( 0.0000000000000000000, 1.000000000000000000, 8.503546450866702047E-17 ) ) ;
#4385 = ORIENTED_EDGE ( 'NONE', *, *, #4102, .T. ) ;
#4386 = DIRECTION ( 'NONE',  ( 0.0000000000000000000, 8.673617379884030542E-17, 1.000000000000000000 ) ) ;
#4387 = CARTESIAN_POINT ( 'NONE',  ( -0.8914213562373096700, 2.891421356237310114, 4.658578643762686156 ) ) ;
#4388 = ORIENTED_EDGE ( 'NONE', *, *, #5689, .F. ) ;
#4389 = AXIS2_PLACEMENT_3D ( 'NONE', #1181, #4234, #2096 ) ;
#4390 = DIRECTION ( 'NONE',  ( -0.0000000000000000000, -0.0000000000000000000, -1.000000000000000000 ) ) ;
#4391 = ORIENTED_EDGE ( 'NONE', *, *, #5525, .F. ) ;
#4392 = DIRECTION ( 'NONE',  ( 0.0000000000000000000, 0.0000000000000000000, 1.000000000000000000 ) ) ;
#4393 = EDGE_CURVE ( 'NONE', #3014, #5286, #3764, .T. ) ;
#4394 = CARTESIAN_POINT ( 'NONE',  ( 6.500000000000001776, -4.499999999999997335, 7.500000000000000000 ) ) ;
#4395 = ORIENTED_EDGE ( 'NONE', *, *, #3060, .T. ) ;
#4396 = AXIS2_PLACEMENT_3D ( 'NONE', #5413, #2349, #1009 ) ;
#4397 = ORIENTED_EDGE ( 'NONE', *, *, #3557, .T. ) ;
#4398 = DIRECTION ( 'NONE',  ( -8.673617379884035472E-17, -1.000000000000000000, 0.0000000000000000000 ) ) ;
#4399 = CARTESIAN_POINT ( 'NONE',  ( 1.517883041479706208E-14, 0.0000000000000000000, 20.00000000000000000 ) ) ;
#4400 = PLANE ( 'NONE',  #3324 ) ;
#4401 = APPROVAL_STATUS ( 'not_yet_approved' ) ;
#4402 = EDGE_CURVE ( 'NONE', #4735, #2075, #1415, .T. ) ;
#4403 = EDGE_LOOP ( 'NONE', ( #4971, #1014, #520, #1312, #692, #3595, #4367, #934 ) ) ;
#4404 = DIRECTION ( 'NONE',  ( 0.0000000000000000000, 0.0000000000000000000, -1.000000000000000000 ) ) ;
#4405 = ORIENTED_EDGE ( 'NONE', *, *, #1729, .F. ) ;
#4406 = SECURITY_CLASSIFICATION ( '', '', #2975 ) ;
#4407 = DATE_TIME_ROLE ( 'classification_date' ) ;
#4408 = AXIS2_PLACEMENT_3D ( 'NONE', #1291, #2183, #343 ) ;
#4409 = SHAPE_REPRESENTATION_RELATIONSHIP ( 'NONE' , 'NONE' ,  #3233, #2970 ) ;
#4410 = VERTEX_POINT ( 'NONE', #3373 ) ;
#4411 = EDGE_CURVE ( 'NONE', #3026, #1533, #1200, .T. ) ;
#4412 = CYLINDRICAL_SURFACE ( 'NONE', #5026, 1.600000000000000755 ) ;
#4413 = AXIS2_PLACEMENT_3D ( 'NONE', #3155, #1635, #4435 ) ;
#4414 = CARTESIAN_POINT ( 'NONE',  ( -6.500000000000001776, -4.499999999999997335, 7.500000000000000000 ) ) ;
#4415 = CARTESIAN_POINT ( 'NONE',  ( 11.91617381144771848, 2.101142949769864376, 9.199999999999999289 ) ) ;
#4416 = EDGE_LOOP ( 'NONE', ( #1739, #4675, #2177, #3573 ) ) ;
#4417 = VERTEX_POINT ( 'NONE', #2073 ) ;
#4418 = VERTEX_POINT ( 'NONE', #2991 ) ;
#4419 = CC_DESIGN_PERSON_AND_ORGANIZATION_ASSIGNMENT ( #4189, #3879, ( #1949 ) ) ;
#4420 = DIRECTION ( 'NONE',  ( -8.673617379884035472E-17, -1.000000000000000000, 0.0000000000000000000 ) ) ;
#4421 = DIRECTION ( 'NONE',  ( 0.0000000000000000000, 0.0000000000000000000, 1.000000000000000000 ) ) ;
#4422 = ORIENTED_EDGE ( 'NONE', *, *, #2155, .F. ) ;
#4423 = APPLICATION_PROTOCOL_DEFINITION ( 'international standard', 'config_control_design', 1994, #3499 ) ;
#4424 = COORDINATED_UNIVERSAL_TIME_OFFSET ( 1, 0, .AHEAD. ) ;
#4425 = DIRECTION ( 'NONE',  ( -1.000000000000000000, 2.775557561562890858E-16, 0.0000000000000000000 ) ) ;
#4426 = FACE_OUTER_BOUND ( 'NONE', #1283, .T. ) ;
#4427 = ORIENTED_EDGE ( 'NONE', *, *, #2912, .F. ) ;
#4428 = DIRECTION ( 'NONE',  ( -7.771561172376095783E-16, -1.503766100577553754E-30, -1.000000000000000000 ) ) ;
#4429 = EDGE_CURVE ( 'NONE', #3632, #3161, #205, .T. ) ;
#4430 = FACE_OUTER_BOUND ( 'NONE', #2917, .T. ) ;
#4431 = ORIENTED_EDGE ( 'NONE', *, *, #1167, .F. ) ;
#4432 = CARTESIAN_POINT ( 'NONE',  ( -6.000000000000000000, 0.0000000000000000000, 5.899999999999998579 ) ) ;
#4433 = LINE ( 'NONE', #2577, #1010 ) ;
#4434 = CARTESIAN_POINT ( 'NONE',  ( -6.100000000000001421, -6.599999999999997868, 11.29999999999999893 ) ) ;
#4435 = DIRECTION ( 'NONE',  ( 1.000000000000000000, 9.992007221626420697E-16, 1.445602896647339311E-15 ) ) ;
#4436 = VECTOR ( 'NONE', #4162, 1000.000000000000000 ) ;
#4437 = EDGE_CURVE ( 'NONE', #2334, #839, #427, .T. ) ;
#4438 = DIRECTION ( 'NONE',  ( 0.0000000000000000000, 0.0000000000000000000, 1.000000000000000000 ) ) ;
#4439 = PLANE ( 'NONE',  #5270 ) ;
#4440 = APPROVAL_ROLE ( '' ) ;
#4441 = LINE ( 'NONE', #3747, #1877 ) ;
#4442 = CARTESIAN_POINT ( 'NONE',  ( 5.700000000000000178, -1.250000000000000222, 5.899999999999998579 ) ) ;
#4443 = AXIS2_PLACEMENT_3D ( 'NONE', #531, #1925, #1939 ) ;
#4444 = CARTESIAN_POINT ( 'NONE',  ( -11.91617381144772025, 2.101142949769862156, -8.933335432157942790 ) ) ;
#4445 = EDGE_CURVE ( 'NONE', #5053, #5214, #2957, .T. ) ;
#4446 = EDGE_CURVE ( 'NONE', #2693, #4142, #5367, .T. ) ;
#4447 = CARTESIAN_POINT ( 'NONE',  ( 0.0000000000000000000, 0.0000000000000000000, -8.933335432157942790 ) ) ;
#4448 = LINE ( 'NONE', #207, #4235 ) ;
#4449 = VERTEX_POINT ( 'NONE', #3410 ) ;
#4450 = ITEM_DEFINED_TRANSFORMATION ( 'NONE', 'NONE', #4672,  #566 ) ;
#4451 = CIRCLE ( 'NONE', #3692, 2.799999999999998934 ) ;
#4452 = EDGE_LOOP ( 'NONE', ( #1602, #2660, #4551, #5499 ) ) ;
#4453 = ORIENTED_EDGE ( 'NONE', *, *, #5373, .T. ) ;
#4454 = CARTESIAN_POINT ( 'NONE',  ( 5.699999999999999289, -10.00000000000000000, 5.899999999999998579 ) ) ;
#4455 = VECTOR ( 'NONE', #2984, 1000.000000000000000 ) ;
#4456 = DIRECTION ( 'NONE',  ( 0.0000000000000000000, 0.0000000000000000000, 1.000000000000000000 ) ) ;
#4457 = DIRECTION ( 'NONE',  ( 0.0000000000000000000, -0.0000000000000000000, -1.000000000000000000 ) ) ;
#4458 = AXIS2_PLACEMENT_3D ( 'NONE', #2341, #1878, #4883 ) ;
#4459 = ORIENTED_EDGE ( 'NONE', *, *, #2655, .T. ) ;
#4460 = DIRECTION ( 'NONE',  ( 1.000000000000000000, 0.0000000000000000000, 0.0000000000000000000 ) ) ;
#4461 = MECHANICAL_CONTEXT ( 'NONE', #509, 'mechanical' ) ;
#4462 = DIRECTION ( 'NONE',  ( 0.0000000000000000000, 1.000000000000000000, 0.0000000000000000000 ) ) ;
#4463 = EDGE_CURVE ( 'NONE', #5444, #5608, #1927, .T. ) ;
#4464 = DIRECTION ( 'NONE',  ( 1.000000000000000000, 0.0000000000000000000, 0.0000000000000000000 ) ) ;
#4465 = CARTESIAN_POINT ( 'NONE',  ( -0.7499999999999996669, -2.750000000000000000, 5.100000000000000533 ) ) ;
#4466 = ORIENTED_EDGE ( 'NONE', *, *, #420, .T. ) ;
#4467 = LOCAL_TIME ( 7, 23, 42.00000000000000000, #4074 ) ;
#4468 = ORIENTED_EDGE ( 'NONE', *, *, #4331, .T. ) ;
#4469 = AXIS2_PLACEMENT_3D ( 'NONE', #3487, #3466, #795 ) ;
#4470 = ADVANCED_FACE ( 'NONE', ( #1137 ), #2201, .T. ) ;
#4471 = CARTESIAN_POINT ( 'NONE',  ( -5.700000000000000178, 2.602085213965210642E-17, 1.100000000000000311 ) ) ;
#4472 = ORIENTED_EDGE ( 'NONE', *, *, #392, .T. ) ;
#4473 = EDGE_CURVE ( 'NONE', #503, #696, #5222, .T. ) ;
#4474 = ORIENTED_EDGE ( 'NONE', *, *, #4014, .T. ) ;
#4475 = PLANE ( 'NONE',  #860 ) ;
#4476 = ORIENTED_EDGE ( 'NONE', *, *, #2983, .T. ) ;
#4477 = CC_DESIGN_PERSON_AND_ORGANIZATION_ASSIGNMENT ( #1092, #4943, ( #5051 ) ) ;
#4478 = ORIENTED_EDGE ( 'NONE', *, *, #2619, .F. ) ;
#4479 = LINE ( 'NONE', #3723, #4733 ) ;
#4480 = CARTESIAN_POINT ( 'NONE',  ( 0.0000000000000000000, 0.0000000000000000000, 0.2999999999999999334 ) ) ;
#4481 = ORIENTED_EDGE ( 'NONE', *, *, #260, .T. ) ;
#4482 = DIRECTION ( 'NONE',  ( -1.000000000000000000, -2.312955680093647658E-16, -1.229267523578345187E-32 ) ) ;
#4484 = VERTEX_POINT ( 'NONE', #384 ) ;
#4483 = DIRECTION ( 'NONE',  ( 7.375650828688862849E-33, -8.503546450866702047E-17, 1.000000000000000000 ) ) ;
#4485 = LINE ( 'NONE', #5310, #5017 ) ;
#4486 = ORIENTED_EDGE ( 'NONE', *, *, #1665, .T. ) ;
#4487 = AXIS2_PLACEMENT_3D ( 'NONE', #2542, #5540, #1160 ) ;
#4488 = ORIENTED_EDGE ( 'NONE', *, *, #3539, .T. ) ;
#4489 = VECTOR ( 'NONE', #3045, 1000.000000000000000 ) ;
#4490 = CIRCLE ( 'NONE', #5463, 0.7900000000000000355 ) ;
#4491 = AXIS2_PLACEMENT_3D ( 'NONE', #2670, #4752, #3517 ) ;
#4492 = AXIS2_PLACEMENT_3D ( 'NONE', #2503, #722, #4643 ) ;
#4493 = CYLINDRICAL_SURFACE ( 'NONE', #2999, 1.000000000000000000 ) ;
#4494 = FACE_OUTER_BOUND ( 'NONE', #541, .T. ) ;
#4495 = DIRECTION ( 'NONE',  ( 1.102578480493733312E-16, -1.000000000000000000, 0.0000000000000000000 ) ) ;
#4496 = DIRECTION ( 'NONE',  ( 8.673617379884035472E-17, 1.000000000000000000, 8.503546450866702047E-17 ) ) ;
#4497 = DIRECTION ( 'NONE',  ( 0.0000000000000000000, 1.000000000000000000, 0.0000000000000000000 ) ) ;
#4498 = VERTEX_POINT ( 'NONE', #5642 ) ;
#4499 = CARTESIAN_POINT ( 'NONE',  ( 0.0000000000000000000, 0.0000000000000000000, 5.900000000000005684 ) ) ;
#4500 = EDGE_CURVE ( 'NONE', #1961, #5316, #2549, .T. ) ;
#4501 = LINE ( 'NONE', #1882, #2562 ) ;
#4502 = PERSON_AND_ORGANIZATION ( #661, #4309 ) ;
#4503 = EDGE_CURVE ( 'NONE', #2198, #3069, #136, .T. ) ;
#4504 = FACE_OUTER_BOUND ( 'NONE', #3582, .T. ) ;
#4505 = CARTESIAN_POINT ( 'NONE',  ( -10.81665382639196871, 4.799999999999998046, 5.700000000000001066 ) ) ;
#4506 = CC_DESIGN_DATE_AND_TIME_ASSIGNMENT ( #898, #5592, ( #4406 ) ) ;
#4507 = ORIENTED_EDGE ( 'NONE', *, *, #723, .F. ) ;
#4508 = CARTESIAN_POINT ( 'NONE',  ( 6.999999999999997335, -6.000000000000001776, 5.700000000000000178 ) ) ;
#4509 = PLANE ( 'NONE',  #3831 ) ;
#4510 = ORIENTED_EDGE ( 'NONE', *, *, #672, .F. ) ;
#4511 = ORIENTED_EDGE ( 'NONE', *, *, #709, .T. ) ;
#4512 = CARTESIAN_POINT ( 'NONE',  ( 0.7900000000000001465, 8.861156676411132938E-16, -6.139533326177115945E-16 ) ) ;
#4513 = CARTESIAN_POINT ( 'NONE',  ( 5.700000000000000178, -1.250000000000000222, 6.899999999999998579 ) ) ;
#4514 = AXIS2_PLACEMENT_3D ( 'NONE', #3071, #3933, #3426 ) ;
#4515 = CARTESIAN_POINT ( 'NONE',  ( -4.500000000000000000, 5.000000000000000888, 5.900000000000005684 ) ) ;
#4516 = EDGE_CURVE ( 'NONE', #4606, #1894, #707, .T. ) ;
#4517 = DIRECTION ( 'NONE',  ( -8.673617379884036705E-17, -1.000000000000000000, 0.0000000000000000000 ) ) ;
#4518 = PERSON_AND_ORGANIZATION_ROLE ( 'creator' ) ;
#4519 = CONTEXT_DEPENDENT_SHAPE_REPRESENTATION ( #3937, #550 ) ;
#4520 = CARTESIAN_POINT ( 'NONE',  ( 4.899999999999998579, -10.00000000000000000, 0.3000000000000016542 ) ) ;
#4521 = ORIENTED_EDGE ( 'NONE', *, *, #4856, .F. ) ;
#4522 = DIRECTION ( 'NONE',  ( 0.6953208427626466070, 0.1285648693066418213, -0.7071067811865539010 ) ) ;
#4523 = VERTEX_POINT ( 'NONE', #2629 ) ;
#4524 = EDGE_CURVE ( 'NONE', #2444, #2745, #2065, .T. ) ;
#4525 = VERTEX_POINT ( 'NONE', #4284 ) ;
#4526 = DIRECTION ( 'NONE',  ( -0.0000000000000000000, 0.7071067811865487940, 0.7071067811865462405 ) ) ;
#4527 = ORIENTED_EDGE ( 'NONE', *, *, #4598, .F. ) ;
#4528 = ORIENTED_EDGE ( 'NONE', *, *, #1783, .T. ) ;
#4529 = DIRECTION ( 'NONE',  ( -1.000000000000000000, 0.0000000000000000000, 0.0000000000000000000 ) ) ;
#4530 = DIRECTION ( 'NONE',  ( -0.0000000000000000000, 0.0000000000000000000, -1.000000000000000000 ) ) ;
#4531 = DIRECTION ( 'NONE',  ( 1.000000000000000000, -8.673617379884035472E-17, -0.0000000000000000000 ) ) ;
#4532 = APPLICATION_CONTEXT ( 'configuration controlled 3d designs of mechanical parts and assemblies' ) ;
#4533 = DIRECTION ( 'NONE',  ( -1.000000000000000000, 0.0000000000000000000, -0.0000000000000000000 ) ) ;
#4534 = FACE_OUTER_BOUND ( 'NONE', #278, .T. ) ;
#4535 = ORIENTED_EDGE ( 'NONE', *, *, #4736, .T. ) ;
#4536 = FACE_OUTER_BOUND ( 'NONE', #397, .T. ) ;
#4537 = VERTEX_POINT ( 'NONE', #1657 ) ;
#4538 = EDGE_CURVE ( 'NONE', #5684, #3920, #1693, .T. ) ;
#4539 = ORIENTED_EDGE ( 'NONE', *, *, #3208, .F. ) ;
#4540 = CIRCLE ( 'NONE', #1522, 4.899999999999999467 ) ;
#4541 = CARTESIAN_POINT ( 'NONE',  ( 6.000000000000000000, -1.250000000000000222, 6.899999999999998579 ) ) ;
#4542 = PLANE ( 'NONE',  #69 ) ;
#4543 = ORIENTED_EDGE ( 'NONE', *, *, #4824, .F. ) ;
#4544 = AXIS2_PLACEMENT_3D ( 'NONE', #2621, #4723, #337 ) ;
#4545 = CARTESIAN_POINT ( 'NONE',  ( -7.199999999999999289, -6.000000000000001776, 0.0000000000000000000 ) ) ;
#4546 = ORIENTED_EDGE ( 'NONE', *, *, #2983, .F. ) ;
#4547 = CARTESIAN_POINT ( 'NONE',  ( -8.800000000000002487, -8.500000000000001776, 5.500000000000000000 ) ) ;
#4548 = CARTESIAN_POINT ( 'NONE',  ( 5.999999999999999112, -10.00000000000000000, 7.500000000000000000 ) ) ;
#4549 = COORDINATED_UNIVERSAL_TIME_OFFSET ( 1, 0, .AHEAD. ) ;
#4550 = CYLINDRICAL_SURFACE ( 'NONE', #4492, 1.600000000000000755 ) ;
#4551 = ORIENTED_EDGE ( 'NONE', *, *, #1518, .T. ) ;
#4552 = CARTESIAN_POINT ( 'NONE',  ( 0.0000000000000000000, 0.0000000000000000000, 5.900000000000005684 ) ) ;
#4553 = DIRECTION ( 'NONE',  ( 1.000000000000000000, 0.0000000000000000000, 0.0000000000000000000 ) ) ;
#4554 = DIRECTION ( 'NONE',  ( 0.0000000000000000000, 0.0000000000000000000, 1.000000000000000000 ) ) ;
#4555 = DIRECTION ( 'NONE',  ( 0.0000000000000000000, -1.000000000000000000, 0.0000000000000000000 ) ) ;
#4556 = EDGE_CURVE ( 'NONE', #5683, #5623, #4738, .T. ) ;
#4557 = LINE ( 'NONE', #5226, #1156 ) ;
#4558 = DIRECTION ( 'NONE',  ( 0.0000000000000000000, -1.000000000000000000, 0.0000000000000000000 ) ) ;
#4559 = DIRECTION ( 'NONE',  ( -0.0000000000000000000, 0.0000000000000000000, -1.000000000000000000 ) ) ;
#4560 = AXIS2_PLACEMENT_3D ( 'NONE', #1932, #4106, #3719 ) ;
#4561 = CARTESIAN_POINT ( 'NONE',  ( 2.326828918379971365E-16, -1.899999999999999911, 5.100000000000000533 ) ) ;
#4562 = APPROVAL_STATUS ( 'not_yet_approved' ) ;
#4563 = DIRECTION ( 'NONE',  ( -0.0000000000000000000, -0.0000000000000000000, -1.000000000000000000 ) ) ;
#4564 = EDGE_CURVE ( 'NONE', #4848, #4317, #3622, .T. ) ;
#4565 = CARTESIAN_POINT ( 'NONE',  ( 6.500000000000001776, -6.599999999999999645, 9.199999999999999289 ) ) ;
#4566 = DIRECTION ( 'NONE',  ( 0.0000000000000000000, 0.0000000000000000000, -1.000000000000000000 ) ) ;
#4567 = DIRECTION ( 'NONE',  ( 0.0000000000000000000, 0.0000000000000000000, -1.000000000000000000 ) ) ;
#4568 = LINE ( 'NONE', #1455, #5390 ) ;
#4569 = CARTESIAN_POINT ( 'NONE',  ( 0.0000000000000000000, 0.0000000000000000000, 5.900000000000005684 ) ) ;
#4570 = ORIENTED_EDGE ( 'NONE', *, *, #5525, .T. ) ;
#4571 = CARTESIAN_POINT ( 'NONE',  ( -0.7499999999999996669, -2.949999999999999734, 4.599999999999996092 ) ) ;
#4572 = CARTESIAN_POINT ( 'NONE',  ( -0.9500000000000002887, 2.950000000000000622, 4.599999999999996092 ) ) ;
#4573 = FACE_BOUND ( 'NONE', #1178, .T. ) ;
#4574 = ORIENTED_EDGE ( 'NONE', *, *, #3702, .T. ) ;
#4575 = FACE_OUTER_BOUND ( 'NONE', #2738, .T. ) ;
#4576 = CARTESIAN_POINT ( 'NONE',  ( 0.9499999999999996225, 2.750000000000000888, 5.100000000000000533 ) ) ;
#4577 = DIRECTION ( 'NONE',  ( 1.000000000000000000, -8.673617379884035472E-17, -0.0000000000000000000 ) ) ;
#4578 = EDGE_CURVE ( 'NONE', #1840, #5685, #1852, .T. ) ;
#4579 = AXIS2_PLACEMENT_3D ( 'NONE', #3802, #1575, #3431 ) ;
#4580 = CALENDAR_DATE ( 2020, 24, 9 ) ;
#4581 = ORIENTED_EDGE ( 'NONE', *, *, #5298, .F. ) ;
#4582 = DATE_TIME_ROLE ( 'creation_date' ) ;
#4583 = CARTESIAN_POINT ( 'NONE',  ( 6.100000000000001421, -6.599999999999999645, 7.500000000000000000 ) ) ;
#4584 = CONICAL_SURFACE ( 'NONE', #2893, 1.200000000000002176, 0.7853981633974428389 ) ;
#4585 = SHAPE_DEFINITION_REPRESENTATION ( #3798, #1434 ) ;
#4586 = CARTESIAN_POINT ( 'NONE',  ( 0.0000000000000000000, 0.0000000000000000000, 7.500000000000000000 ) ) ;
#4587 = ORIENTED_EDGE ( 'NONE', *, *, #5258, .T. ) ;
#4588 = PRODUCT ( 'MSC-360-G01-001 macizo', 'MSC-360-G01-001 macizo', '', ( #4461 ) ) ;
#4589 = CARTESIAN_POINT ( 'NONE',  ( -10.81665382639196693, -2.000000000000001776, 5.700000000000001066 ) ) ;
#4590 = VERTEX_POINT ( 'NONE', #3895 ) ;
#4591 = AXIS2_PLACEMENT_3D ( 'NONE', #2141, #3816, #5494 ) ;
#4592 = CARTESIAN_POINT ( 'NONE',  ( 0.0000000000000000000, 0.0000000000000000000, 5.700000000000000178 ) ) ;
#4593 = EDGE_CURVE ( 'NONE', #2254, #4759, #3899, .T. ) ;
#4594 = ORIENTED_EDGE ( 'NONE', *, *, #1853, .F. ) ;
#4595 = ORIENTED_EDGE ( 'NONE', *, *, #2682, .T. ) ;
#4596 = DIRECTION ( 'NONE',  ( 0.7071067811865552333, -1.306550874272300978E-30, -0.7071067811865399122 ) ) ;
#4597 = COORDINATED_UNIVERSAL_TIME_OFFSET ( 1, 0, .AHEAD. ) ;
#4598 = EDGE_CURVE ( 'NONE', #3503, #5015, #4351, .T. ) ;
#4599 = EDGE_LOOP ( 'NONE', ( #2763, #1755, #1192, #3558 ) ) ;
#4600 = DIRECTION ( 'NONE',  ( -7.375650828688862849E-33, 8.503546450866702047E-17, -1.000000000000000000 ) ) ;
#4601 = VECTOR ( 'NONE', #3204, 1000.000000000000000 ) ;
#4602 = DIRECTION ( 'NONE',  ( -1.000000000000000000, 0.0000000000000000000, 0.0000000000000000000 ) ) ;
#4603 = CC_DESIGN_PERSON_AND_ORGANIZATION_ASSIGNMENT ( #2046, #2557, ( #4948 ) ) ;
#4604 = ORIENTED_EDGE ( 'NONE', *, *, #4014, .F. ) ;
#4605 = VECTOR ( 'NONE', #5335, 1000.000000000000000 ) ;
#4606 = VERTEX_POINT ( 'NONE', #4745 ) ;
#4607 = EDGE_LOOP ( 'NONE', ( #313, #2323, #4405, #3398, #3217, #5254, #3967, #4925, #3289, #973, #5549, #1816, #3059, #2544, #704, #2828 ) ) ;
#4608 = DIRECTION ( 'NONE',  ( 0.0000000000000000000, 1.000000000000000000, 0.0000000000000000000 ) ) ;
#4609 = ORIENTED_EDGE ( 'NONE', *, *, #1903, .T. ) ;
#4610 = ADVANCED_FACE ( 'NONE', ( #3490 ), #633, .F. ) ;
#4611 = DIRECTION ( 'NONE',  ( 0.0000000000000000000, -0.0000000000000000000, 1.000000000000000000 ) ) ;
#4612 = ORIENTED_EDGE ( 'NONE', *, *, #1361, .T. ) ;
#4613 = AXIS2_PLACEMENT_3D ( 'NONE', #3624, #974, #5325 ) ;
#4614 = EDGE_CURVE ( 'NONE', #969, #258, #5156, .T. ) ;
#4615 = CARTESIAN_POINT ( 'NONE',  ( -9.700000000000002842, -1.249999999999998890, 6.899999999999998579 ) ) ;
#4616 = DIRECTION ( 'NONE',  ( 1.000000000000000000, -8.673617379884036705E-17, 0.0000000000000000000 ) ) ;
#4617 = VECTOR ( 'NONE', #2606, 1000.000000000000000 ) ;
#4618 = ORIENTED_EDGE ( 'NONE', *, *, #4283, .F. ) ;
#4619 = LINE ( 'NONE', #3887, #3107 ) ;
#4620 = PLANE ( 'NONE',  #4301 ) ;
#4621 = DIRECTION ( 'NONE',  ( -0.0000000000000000000, -0.0000000000000000000, -1.000000000000000000 ) ) ;
#4622 = AXIS2_PLACEMENT_3D ( 'NONE', #2630, #803, #4765 ) ;
#4623 = LINE ( 'NONE', #1507, #4366 ) ;
#4624 = CIRCLE ( 'NONE', #5676, 5.299999999999999822 ) ;
#4625 = LINE ( 'NONE', #3651, #1158 ) ;
#4626 = AXIS2_PLACEMENT_3D ( 'NONE', #2841, #4642, #3360 ) ;
#4627 =( BOUNDED_CURVE ( )  B_SPLINE_CURVE ( 3, ( #2704, #2229, #1365, #1900 ),
 .UNSPECIFIED., .F., .T. ) 
 B_SPLINE_CURVE_WITH_KNOTS ( ( 4, 4 ),
 ( 5.497787143782137953, 6.283185307179586232 ),
 .UNSPECIFIED. ) 
 CURVE ( )  GEOMETRIC_REPRESENTATION_ITEM ( )  RATIONAL_B_SPLINE_CURVE ( ( 1.000000000000000000, 0.9492530216741911220, 0.9492530216741911220, 1.000000000000000000 ) ) 
 REPRESENTATION_ITEM ( '' )  );
#4628 = CARTESIAN_POINT ( 'NONE',  ( -6.000000000000000000, 0.0000000000000000000, 7.500000000000000000 ) ) ;
#4629 = EDGE_CURVE ( 'NONE', #3956, #4261, #991, .T. ) ;
#4630 = FACE_OUTER_BOUND ( 'NONE', #3676, .T. ) ;
#4631 = DIRECTION ( 'NONE',  ( -0.0000000000000000000, -0.0000000000000000000, -1.000000000000000000 ) ) ;
#4632 = LINE ( 'NONE', #3064, #5524 ) ;
#4633 = LINE ( 'NONE', #250, #4113 ) ;
#4634 = VERTEX_POINT ( 'NONE', #1375 ) ;
#4635 = DIRECTION ( 'NONE',  ( 0.0000000000000000000, 0.7071067811865430208, -0.7071067811865521247 ) ) ;
#4636 = AXIS2_PLACEMENT_3D ( 'NONE', #1736, #3078, #3099 ) ;
#4637 = DIRECTION ( 'NONE',  ( 0.0000000000000000000, 1.000000000000000000, 0.0000000000000000000 ) ) ;
#4638 = PERSON_AND_ORGANIZATION_ROLE ( 'design_supplier' ) ;
#4639 = EDGE_CURVE ( 'NONE', #5444, #5684, #200, .T. ) ;
#4640 = CARTESIAN_POINT ( 'NONE',  ( -5.999999999999999112, -10.00000000000000000, 9.199999999999999289 ) ) ;
#4641 = ORIENTED_EDGE ( 'NONE', *, *, #5118, .T. ) ;
#4642 = DIRECTION ( 'NONE',  ( 0.0000000000000000000, 0.0000000000000000000, 1.000000000000000000 ) ) ;
#4643 = DIRECTION ( 'NONE',  ( 1.000000000000000000, 0.0000000000000000000, 0.0000000000000000000 ) ) ;
#4644 = ADVANCED_FACE ( 'NONE', ( #1410 ), #4091, .T. ) ;
#4645 = CIRCLE ( 'NONE', #1745, 0.8000000000000000444 ) ;
#4646 = PERSON_AND_ORGANIZATION ( #1600, #2760 ) ;
#4647 = VECTOR ( 'NONE', #4635, 999.9999999999998863 ) ;
#4648 = PRODUCT_DEFINITION ( 'UNKNOWN', '', #3923, #4150 ) ;
#4649 = CIRCLE ( 'NONE', #2238, 1.600000000000000755 ) ;
#4650 = VERTEX_POINT ( 'NONE', #894 ) ;
#4651 = EDGE_CURVE ( 'NONE', #3698, #280, #5497, .T. ) ;
#4652 = VERTEX_POINT ( 'NONE', #1788 ) ;
#4653 = DIRECTION ( 'NONE',  ( -0.7071067811865398012, 0.0000000000000000000, -0.7071067811865552333 ) ) ;
#4654 = ORIENTED_EDGE ( 'NONE', *, *, #4899, .T. ) ;
#4655 = PLANE ( 'NONE',  #4147 ) ;
#4656 = ORIENTED_EDGE ( 'NONE', *, *, #1419, .F. ) ;
#4657 = CARTESIAN_POINT ( 'NONE',  ( 0.0000000000000000000, 0.0000000000000000000, 5.700000000000000178 ) ) ;
#4658 = SHAPE_DEFINITION_REPRESENTATION ( #2901, #5092 ) ;
#4659 = DIRECTION ( 'NONE',  ( -1.102578480493733312E-16, 1.000000000000000000, 0.0000000000000000000 ) ) ;
#4660 = VERTEX_POINT ( 'NONE', #1828 ) ;
#4661 = APPROVAL_ROLE ( '' ) ;
#4662 = ORIENTED_EDGE ( 'NONE', *, *, #2422, .F. ) ;
#4663 = DIRECTION ( 'NONE',  ( 0.0000000000000000000, 0.0000000000000000000, 1.000000000000000000 ) ) ;
#4664 = CARTESIAN_POINT ( 'NONE',  ( 8.199999999999999289, -6.000000000000001776, 5.700000000000000178 ) ) ;
#4665 = ORIENTED_EDGE ( 'NONE', *, *, #2780, .T. ) ;
#4666 = ORIENTED_EDGE ( 'NONE', *, *, #2941, .T. ) ;
#4667 = VECTOR ( 'NONE', #3926, 1000.000000000000000 ) ;
#4668 = CARTESIAN_POINT ( 'NONE',  ( 5.999999999999999112, -10.00000000000000000, 5.500000000000000000 ) ) ;
#4669 = ADVANCED_FACE ( 'NONE', ( #771 ), #2684, .T. ) ;
#4670 = ORIENTED_EDGE ( 'NONE', *, *, #5449, .T. ) ;
#4671 = ORIENTED_EDGE ( 'NONE', *, *, #5048, .F. ) ;
#4672 = AXIS2_PLACEMENT_3D ( 'NONE', #3001, #3023, #3446 ) ;
#4673 = FACE_OUTER_BOUND ( 'NONE', #1613, .T. ) ;
#4674 = DIRECTION ( 'NONE',  ( 0.0000000000000000000, 0.0000000000000000000, 1.000000000000000000 ) ) ;
#4675 = ORIENTED_EDGE ( 'NONE', *, *, #38, .T. ) ;
#4676 = EDGE_CURVE ( 'NONE', #5060, #4417, #3827, .T. ) ;
#4677 = ORIENTED_EDGE ( 'NONE', *, *, #2815, .T. ) ;
#4678 = DIRECTION ( 'NONE',  ( 1.000000000000000000, 0.0000000000000000000, 0.0000000000000000000 ) ) ;
#4679 = APPLICATION_CONTEXT ( 'configuration controlled 3d designs of mechanical parts and assemblies' ) ;
#4680 = AXIS2_PLACEMENT_3D ( 'NONE', #4586, #1238, #2430 ) ;
#4681 = EDGE_LOOP ( 'NONE', ( #5065, #4878, #5144, #931, #5073 ) ) ;
#4682 = CARTESIAN_POINT ( 'NONE',  ( -6.895298190895531887E-17, -8.500000000000000000, 5.299999999999999822 ) ) ;
#4683 = ORIENTED_EDGE ( 'NONE', *, *, #3871, .T. ) ;
#4684 = DIRECTION ( 'NONE',  ( 7.375650828688862849E-33, 8.503546450866702047E-17, -1.000000000000000000 ) ) ;
#4685 = EDGE_CURVE ( 'NONE', #1350, #2255, #2679, .T. ) ;
#4686 = ORIENTED_EDGE ( 'NONE', *, *, #4473, .F. ) ;
#4687 = DIRECTION ( 'NONE',  ( -8.673617379884036705E-17, -1.000000000000000000, 5.782411586589355667E-16 ) ) ;
#4688 = DATE_AND_TIME ( #1286, #4031 ) ;
#4689 = AXIS2_PLACEMENT_3D ( 'NONE', #706, #2138, #4774 ) ;
#4690 = DIRECTION ( 'NONE',  ( -8.673617379884036705E-17, 1.000000000000000000, -5.782411586589355667E-16 ) ) ;
#4691 = FACE_OUTER_BOUND ( 'NONE', #1542, .T. ) ;
#4692 = APPLICATION_CONTEXT ( 'configuration controlled 3d designs of mechanical parts and assemblies' ) ;
#4693 = EDGE_LOOP ( 'NONE', ( #2814, #3672, #4262, #2113 ) ) ;
#4694 = DIRECTION ( 'NONE',  ( 1.000000000000000000, 8.673617379884035472E-17, -0.0000000000000000000 ) ) ;
#4695 = CARTESIAN_POINT ( 'NONE',  ( -6.099999999999999645, -6.599999999999997868, 7.500000000000000000 ) ) ;
#4696 = AXIS2_PLACEMENT_3D ( 'NONE', #1678, #345, #5605 ) ;
#4697 = DIRECTION ( 'NONE',  ( 0.0000000000000000000, 1.000000000000000000, 0.0000000000000000000 ) ) ;
#4698 = EDGE_CURVE ( 'NONE', #1100, #2391, #567, .T. ) ;
#4699 = DIRECTION ( 'NONE',  ( 0.0000000000000000000, -0.0000000000000000000, 1.000000000000000000 ) ) ;
#4700 = PERSON_AND_ORGANIZATION ( #1600, #2760 ) ;
#4701 = CIRCLE ( 'NONE', #3527, 1.000000000000000888 ) ;
#4702 = PLANE ( 'NONE',  #401 ) ;
#4703 = DIRECTION ( 'NONE',  ( 1.000000000000000000, -8.673617379884035472E-17, -0.0000000000000000000 ) ) ;
#4704 = APPROVAL ( #5305, 'UNKNOWN' ) ;
#4705 = APPROVAL_PERSON_ORGANIZATION ( #3717, #4893, #1348 ) ;
#4706 = CIRCLE ( 'NONE', #2791, 0.4999999999999995559 ) ;
#4707 = EDGE_CURVE ( 'NONE', #3139, #4759, #4279, .T. ) ;
#4708 = CARTESIAN_POINT ( 'NONE',  ( 5.699999999999998401, -1.250000000000000222, 6.399999999999999467 ) ) ;
#4709 = FACE_OUTER_BOUND ( 'NONE', #4092, .T. ) ;
#4710 = ORGANIZATION ( 'NAUO-ORG2', 'UNSPECIFIED', 'UNSPECIFIED' ) ;
#4711 = CARTESIAN_POINT ( 'NONE',  ( 11.91617381144771848, 2.101142949769864376, -8.933335432157942790 ) ) ;
#4712 = LINE ( 'NONE', #4117, #534 ) ;
#4713 = ORIENTED_EDGE ( 'NONE', *, *, #4824, .T. ) ;
#4714 = EDGE_CURVE ( 'NONE', #2187, #1774, #3032, .T. ) ;
#4715 = DIRECTION ( 'NONE',  ( 0.0000000000000000000, 0.0000000000000000000, 1.000000000000000000 ) ) ;
#4716 = CARTESIAN_POINT ( 'NONE',  ( -8.012063420241820034E-16, 3.322420533684639482E-16, 7.700000000000000178 ) ) ;
#4717 = ORIENTED_EDGE ( 'NONE', *, *, #2497, .F. ) ;
#4718 = PLANE ( 'NONE',  #4245 ) ;
#4719 = ORIENTED_EDGE ( 'NONE', *, *, #1862, .F. ) ;
#4720 = DATE_AND_TIME ( #3206, #3877 ) ;
#4721 = ORIENTED_EDGE ( 'NONE', *, *, #4629, .T. ) ;
#4722 = EDGE_CURVE ( 'NONE', #4062, #5316, #4942, .T. ) ;
#4723 = DIRECTION ( 'NONE',  ( 5.015442563508425971E-32, 5.782411586589355667E-16, 1.000000000000000000 ) ) ;
#4724 = ORIENTED_EDGE ( 'NONE', *, *, #4363, .T. ) ;
#4725 = CARTESIAN_POINT ( 'NONE',  ( -8.800000000000002487, -9.999999999999998224, 5.500000000000000000 ) ) ;
#4726 = ORIENTED_EDGE ( 'NONE', *, *, #2199, .T. ) ;
#4727 = AXIS2_PLACEMENT_3D ( 'NONE', #5354, #3818, #726 ) ;
#4729 = EDGE_LOOP ( 'NONE', ( #4335, #3493, #751, #2880 ) ) ;
#4728 = DIRECTION ( 'NONE',  ( 1.000000000000000000, 0.0000000000000000000, 0.0000000000000000000 ) ) ;
#4730 = CARTESIAN_POINT ( 'NONE',  ( 0.2999999999999969358, -5.676015213396109657E-16, -2.999999999999999556 ) ) ;
#4731 = SECURITY_CLASSIFICATION_LEVEL ( 'unclassified' ) ;
#4732 = EDGE_LOOP ( 'NONE', ( #2648, #96, #1315, #2735 ) ) ;
#4733 = VECTOR ( 'NONE', #1595, 1000.000000000000000 ) ;
#4734 = DIRECTION ( 'NONE',  ( 1.000000000000000000, -8.673617379884035472E-17, -0.0000000000000000000 ) ) ;
#4735 = VERTEX_POINT ( 'NONE', #4923 ) ;
#4736 = EDGE_CURVE ( 'NONE', #4187, #5551, #2883, .T. ) ;
#4737 = ORIENTED_EDGE ( 'NONE', *, *, #29, .F. ) ;
#4738 = CIRCLE ( 'NONE', #1671, 0.4000000000000001887 ) ;
#4739 = DIRECTION ( 'NONE',  ( 0.0000000000000000000, 1.000000000000000000, 0.0000000000000000000 ) ) ;
#4740 = EDGE_LOOP ( 'NONE', ( #4595, #4947, #601, #3346 ) ) ;
#4741 = PERSON_AND_ORGANIZATION ( #1600, #2760 ) ;
#4742 = VERTEX_POINT ( 'NONE', #4081 ) ;
#4743 = CARTESIAN_POINT ( 'NONE',  ( -0.4499999999999975686, -2.449999999999997957, 5.100000000000000533 ) ) ;
#4744 = EDGE_CURVE ( 'NONE', #2725, #3212, #842, .T. ) ;
#4745 = CARTESIAN_POINT ( 'NONE',  ( -5.700000000000000178, 2.602085213965210642E-17, 7.500000000000000000 ) ) ;
#4746 = CONICAL_SURFACE ( 'NONE', #4273, 6.299999999999998046, 0.7853981633974396193 ) ;
#4747 = ORIENTED_EDGE ( 'NONE', *, *, #4393, .F. ) ;
#4748 = CARTESIAN_POINT ( 'NONE',  ( -4.899999999999999467, 9.540979117872442717E-17, 0.2999999999999999889 ) ) ;
#4749 = CARTESIAN_POINT ( 'NONE',  ( -6.500000000000001776, -4.899999999999999467, 9.199999999999999289 ) ) ;
#4750 = CARTESIAN_POINT ( 'NONE',  ( -5.699999999999999289, -10.00000000000000000, 5.499999999999994671 ) ) ;
#4751 = ADVANCED_FACE ( 'NONE', ( #925 ), #2479, .T. ) ;
#4752 = DIRECTION ( 'NONE',  ( 1.000000000000000000, 8.673617379884035472E-17, -0.0000000000000000000 ) ) ;
#4753 = PERSON_AND_ORGANIZATION ( #1600, #2760 ) ;
#4754 = FACE_OUTER_BOUND ( 'NONE', #1855, .T. ) ;
#4755 = ORIENTED_EDGE ( 'NONE', *, *, #4516, .F. ) ;
#4756 = LINE ( 'NONE', #5184, #5173 ) ;
#4757 = EDGE_CURVE ( 'NONE', #4484, #5347, #4485, .T. ) ;
#4758 = CARTESIAN_POINT ( 'NONE',  ( 14.00000000000000178, 0.0000000000000000000, 9.199999999999999289 ) ) ;
#4759 = VERTEX_POINT ( 'NONE', #4868 ) ;
#4760 = VECTOR ( 'NONE', #2438, 1000.000000000000000 ) ;
#4761 = DIRECTION ( 'NONE',  ( 0.0000000000000000000, 0.0000000000000000000, -1.000000000000000000 ) ) ;
#4762 = AXIS2_PLACEMENT_3D ( 'NONE', #1875, #915, #3124 ) ;
#4763 = PRODUCT_DEFINITION_SHAPE ( 'NONE', 'NONE',  #3381 ) ;
#4764 = VECTOR ( 'NONE', #368, 1000.000000000000000 ) ;
#4765 = DIRECTION ( 'NONE',  ( 0.0000000000000000000, 8.673617379884030542E-17, 1.000000000000000000 ) ) ;
#4766 = CARTESIAN_POINT ( 'NONE',  ( -5.700000000000000178, 1.523510452573131525E-14, 6.899999999999999467 ) ) ;
#4767 = VERTEX_POINT ( 'NONE', #3226 ) ;
#4768 = DIRECTION ( 'NONE',  ( -1.000000000000000000, 0.0000000000000000000, 0.0000000000000000000 ) ) ;
#4769 = EDGE_CURVE ( 'NONE', #1321, #2988, #5631, .T. ) ;
#4770 = CARTESIAN_POINT ( 'NONE',  ( 0.9500000000000002887, -2.449999999999997957, 5.100000000000000533 ) ) ;
#4771 = CARTESIAN_POINT ( 'NONE',  ( 1.517883041479706208E-14, 0.0000000000000000000, 20.00000000000000000 ) ) ;
#4772 = EDGE_LOOP ( 'NONE', ( #4466, #67, #831, #2232, #5277, #5514, #56 ) ) ;
#4773 = ORIENTED_EDGE ( 'NONE', *, *, #1285, .F. ) ;
#4774 = DIRECTION ( 'NONE',  ( 0.0000000000000000000, 1.000000000000000000, 0.0000000000000000000 ) ) ;
#4775 = DIRECTION ( 'NONE',  ( 1.000000000000000000, 0.0000000000000000000, -0.0000000000000000000 ) ) ;
#4776 = AXIS2_PLACEMENT_3D ( 'NONE', #2289, #2399, #3737 ) ;
#4777 = DATE_AND_TIME ( #247, #103 ) ;
#4778 = EDGE_CURVE ( 'NONE', #3759, #3868, #1612, .T. ) ;
#4779 = VECTOR ( 'NONE', #4653, 1000.000000000000114 ) ;
#4780 = EDGE_LOOP ( 'NONE', ( #5259, #2788, #3800, #1968, #3036 ) ) ;
#4781 = CARTESIAN_POINT ( 'NONE',  ( 2.326828918379971365E-16, -1.899999999999999911, 4.599999999999999645 ) ) ;
#4782 = DIRECTION ( 'NONE',  ( 1.000000000000000000, 0.0000000000000000000, 0.0000000000000000000 ) ) ;
#4783 = CC_DESIGN_APPROVAL ( #3310, ( #3381 ) ) ;
#4784 = VERTEX_POINT ( 'NONE', #923 ) ;
#4785 = PERSON_AND_ORGANIZATION_ROLE ( 'creator' ) ;
#4786 = EDGE_CURVE ( 'NONE', #2108, #2942, #1980, .T. ) ;
#4787 = ORIENTED_EDGE ( 'NONE', *, *, #1345, .F. ) ;
#4788 = DIRECTION ( 'NONE',  ( 1.000000000000000000, 0.0000000000000000000, 0.0000000000000000000 ) ) ;
#4789 = DIRECTION ( 'NONE',  ( -0.0000000000000000000, -0.0000000000000000000, -1.000000000000000000 ) ) ;
#4790 = ORIENTED_EDGE ( 'NONE', *, *, #1579, .F. ) ;
#4791 = CARTESIAN_POINT ( 'NONE',  ( 5.999999999999999112, -8.099999999999999645, 5.700000000000000178 ) ) ;
#4792 = CC_DESIGN_SECURITY_CLASSIFICATION ( #4406, ( #43 ) ) ;
#4793 = AXIS2_PLACEMENT_3D ( 'NONE', #5235, #3514, #4782 ) ;
#4794 = ADVANCED_FACE ( 'NONE', ( #5289 ), #1273, .F. ) ;
#4795 = EDGE_CURVE ( 'NONE', #4187, #2607, #3363, .T. ) ;
#4796 = ORIENTED_EDGE ( 'NONE', *, *, #4961, .T. ) ;
#4797 = CARTESIAN_POINT ( 'NONE',  ( 6.000000000000000000, -2.750000000000000444, 5.899999999999998579 ) ) ;
#4798 = CIRCLE ( 'NONE', #1351, 3.000000000000000888 ) ;
#4799 = ORIENTED_EDGE ( 'NONE', *, *, #4059, .T. ) ;
#4800 = CYLINDRICAL_SURFACE ( 'NONE', #4443, 0.1999999999999999833 ) ;
#4801 = ORIENTED_EDGE ( 'NONE', *, *, #3836, .F. ) ;
#4802 = ORIENTED_EDGE ( 'NONE', *, *, #4676, .F. ) ;
#4803 = DIRECTION ( 'NONE',  ( -0.0000000000000000000, -1.000000000000000000, -0.0000000000000000000 ) ) ;
#4804 = FACE_OUTER_BOUND ( 'NONE', #1922, .T. ) ;
#4805 = ORIENTED_EDGE ( 'NONE', *, *, #3441, .F. ) ;
#4806 = CARTESIAN_POINT ( 'NONE',  ( 8.764789001808651392, -1.545468781235684430, 9.199999999999999289 ) ) ;
#4807 = VERTEX_POINT ( 'NONE', #4058 ) ;
#4808 = VECTOR ( 'NONE', #3056, 1000.000000000000000 ) ;
#4809 = CC_DESIGN_DATE_AND_TIME_ASSIGNMENT ( #5186, #4907, ( #4079 ) ) ;
#4810 = LINE ( 'NONE', #4921, #1204 ) ;
#4811 = EDGE_CURVE ( 'NONE', #2443, #3759, #500, .T. ) ;
#4812 = EDGE_LOOP ( 'NONE', ( #3750, #2521, #4983, #3154 ) ) ;
#4813 = ORIENTED_EDGE ( 'NONE', *, *, #5218, .T. ) ;
#4814 = AXIS2_PLACEMENT_3D ( 'NONE', #2439, #5456, #3035 ) ;
#4815 = VECTOR ( 'NONE', #2765, 1000.000000000000000 ) ;
#4816 = DIRECTION ( 'NONE',  ( 0.0000000000000000000, 0.0000000000000000000, 1.000000000000000000 ) ) ;
#4817 = CONTEXT_DEPENDENT_SHAPE_REPRESENTATION ( #1381, #2076 ) ;
#4818 = EDGE_CURVE ( 'NONE', #3878, #4848, #3229, .T. ) ;
#4819 = CARTESIAN_POINT ( 'NONE',  ( -6.000000000000000000, 0.0000000000000000000, 7.500000000000000000 ) ) ;
#4820 = DATE_AND_TIME ( #215, #2624 ) ;
#4821 = DIRECTION ( 'NONE',  ( 0.0000000000000000000, 0.0000000000000000000, 1.000000000000000000 ) ) ;
#4822 = ORIENTED_EDGE ( 'NONE', *, *, #1214, .F. ) ;
#4823 = DIRECTION ( 'NONE',  ( 6.505213034913021871E-15, -1.000000000000000000, 0.0000000000000000000 ) ) ;
#4824 = EDGE_CURVE ( 'NONE', #2311, #496, #1917, .T. ) ;
#4825 = FACE_OUTER_BOUND ( 'NONE', #2857, .T. ) ;
#4826 = EDGE_CURVE ( 'NONE', #2942, #2443, #1540, .T. ) ;
#4827 = DIRECTION ( 'NONE',  ( 1.000000000000000000, 0.0000000000000000000, 0.0000000000000000000 ) ) ;
#4828 = VECTOR ( 'NONE', #4517, 1000.000000000000000 ) ;
#4829 = CARTESIAN_POINT ( 'NONE',  ( 0.7500000000000000000, 2.950000000000000622, 2.100000000000000089 ) ) ;
#4830 =( REPRESENTATION_RELATIONSHIP ('NONE','NONE', #5210, #3370 ) REPRESENTATION_RELATIONSHIP_WITH_TRANSFORMATION ( #3494 )SHAPE_REPRESENTATION_RELATIONSHIP( ) );
#4831 = PERSON_AND_ORGANIZATION ( #1600, #2760 ) ;
#4832 = VECTOR ( 'NONE', #218, 1000.000000000000000 ) ;
#4833 = ORGANIZATION ( 'NAUO-ORG6', 'UNSPECIFIED', 'UNSPECIFIED' ) ;
#4834 = CARTESIAN_POINT ( 'NONE',  ( 4.899999999999999467, -10.00000000000000000, 1.100000000000000089 ) ) ;
#4835 = CIRCLE ( 'NONE', #1132, 0.7999999999999999334 ) ;
#4836 = VECTOR ( 'NONE', #3789, 1000.000000000000000 ) ;
#4837 = VERTEX_POINT ( 'NONE', #3590 ) ;
#4838 = CARTESIAN_POINT ( 'NONE',  ( 11.91617381144771848, -2.101142949769863488, -8.933335432157942790 ) ) ;
#4839 = DATE_TIME_ROLE ( 'classification_date' ) ;
#4840 = CARTESIAN_POINT ( 'NONE',  ( 0.0000000000000000000, 0.0000000000000000000, 5.700000000000001066 ) ) ;
#4841 = FACE_BOUND ( 'NONE', #4258, .T. ) ;
#4842 = CARTESIAN_POINT ( 'NONE',  ( 0.0000000000000000000, 0.0000000000000000000, 5.700000000000001066 ) ) ;
#4843 = VERTEX_POINT ( 'NONE', #40 ) ;
#4844 = DIRECTION ( 'NONE',  ( -1.000000000000000000, -9.992007221626412808E-16, 0.0000000000000000000 ) ) ;
#4845 = DIRECTION ( 'NONE',  ( 0.0000000000000000000, 1.000000000000000000, 0.0000000000000000000 ) ) ;
#4846 = ORIENTED_EDGE ( 'NONE', *, *, #3401, .F. ) ;
#4847 = CIRCLE ( 'NONE', #2275, 6.000000000000000000 ) ;
#4848 = VERTEX_POINT ( 'NONE', #1881 ) ;
#4849 = ADVANCED_FACE ( 'NONE', ( #5089 ), #2344, .T. ) ;
#4850 = CARTESIAN_POINT ( 'NONE',  ( -5.699999999999999289, -8.500000000000001776, 5.500000000000000000 ) ) ;
#4851 = DIRECTION ( 'NONE',  ( 0.0000000000000000000, 0.0000000000000000000, 1.000000000000000000 ) ) ;
#4852 = DIRECTION ( 'NONE',  ( 0.0000000000000000000, 0.0000000000000000000, 1.000000000000000000 ) ) ;
#4853 = AXIS2_PLACEMENT_3D ( 'NONE', #3294, #1046, #2870 ) ;
#4854 = ORIENTED_EDGE ( 'NONE', *, *, #1125, .T. ) ;
#4855 = DIRECTION ( 'NONE',  ( -8.673617379884035472E-17, -1.000000000000000000, -8.503546450866702047E-17 ) ) ;
#4856 = EDGE_CURVE ( 'NONE', #5551, #4353, #3091, .T. ) ;
#4857 = CIRCLE ( 'NONE', #168, 0.2999999999999999889 ) ;
#4858 = ORIENTED_EDGE ( 'NONE', *, *, #3115, .F. ) ;
#4859 = CARTESIAN_POINT ( 'NONE',  ( -0.9500000000000002887, 2.950000000000000622, 2.100000000000000089 ) ) ;
#4860 = DIRECTION ( 'NONE',  ( 0.0000000000000000000, -0.0000000000000000000, 1.000000000000000000 ) ) ;
#4861 = DIRECTION ( 'NONE',  ( 0.0000000000000000000, 1.000000000000000000, 6.285229985423214289E-17 ) ) ;
#4862 = ADVANCED_FACE ( 'NONE', ( #3958 ), #4412, .F. ) ;
#4863 = APPROVAL_ROLE ( '' ) ;
#4864 = DIRECTION ( 'NONE',  ( 1.000000000000000000, -8.673617379884035472E-17, -0.0000000000000000000 ) ) ;
#4865 = ORIENTED_EDGE ( 'NONE', *, *, #178, .T. ) ;
#4866 = CARTESIAN_POINT ( 'NONE',  ( 0.0000000000000000000, 0.0000000000000000000, 9.599999999999999645 ) ) ;
#4867 = CARTESIAN_POINT ( 'NONE',  ( 6.000000000000000000, -1.250000000000000222, 6.399999999999999467 ) ) ;
#4868 = CARTESIAN_POINT ( 'NONE',  ( -8.740481406628184402, -1.823305865502773404, 9.199999999999999289 ) ) ;
#4869 = CARTESIAN_POINT ( 'NONE',  ( 0.4000000000000002442, -1.899999999999999911, 4.599999999999999645 ) ) ;
#4870 = VERTEX_POINT ( 'NONE', #221 ) ;
#4871 = ORIENTED_EDGE ( 'NONE', *, *, #3619, .T. ) ;
#4872 = CONICAL_SURFACE ( 'NONE', #555, 2.799999999999998490, 0.7853981633974407295 ) ;
#4873 = AXIS2_PLACEMENT_3D ( 'NONE', #16, #4101, #1439 ) ;
#4874 = CARTESIAN_POINT ( 'NONE',  ( 0.0000000000000000000, 0.0000000000000000000, 9.199999999999999289 ) ) ;
#4875 = DIRECTION ( 'NONE',  ( -1.000000000000000000, 0.0000000000000000000, 0.0000000000000000000 ) ) ;
#4876 = ORIENTED_EDGE ( 'NONE', *, *, #2105, .T. ) ;
#4877 =( BOUNDED_CURVE ( )  B_SPLINE_CURVE ( 3, ( #4387, #4355, #3134, #2770 ),
 .UNSPECIFIED., .F., .F. ) 
 B_SPLINE_CURVE_WITH_KNOTS ( ( 4, 4 ),
 ( 5.497787143782138841, 6.283185307179586232 ),
 .UNSPECIFIED. ) 
 CURVE ( )  GEOMETRIC_REPRESENTATION_ITEM ( )  RATIONAL_B_SPLINE_CURVE ( ( 1.000000000000000000, 0.9492530216741912330, 0.9492530216741912330, 1.000000000000000000 ) ) 
 REPRESENTATION_ITEM ( '' )  );
#4878 = ORIENTED_EDGE ( 'NONE', *, *, #2965, .F. ) ;
#4879 = CIRCLE ( 'NONE', #5567, 1.000000000000000888 ) ;
#4880 = AXIS2_PLACEMENT_3D ( 'NONE', #2998, #2558, #1706 ) ;
#4881 = VERTEX_POINT ( 'NONE', #5085 ) ;
#4882 = EDGE_CURVE ( 'NONE', #5015, #1528, #3547, .T. ) ;
#4883 = DIRECTION ( 'NONE',  ( 1.000000000000000000, 0.0000000000000000000, 0.0000000000000000000 ) ) ;
#4884 = DIRECTION ( 'NONE',  ( -8.673617379884035472E-17, 1.000000000000000000, 0.0000000000000000000 ) ) ;
#4885 = PERSON_AND_ORGANIZATION_ROLE ( 'design_owner' ) ;
#4886 = VECTOR ( 'NONE', #1663, 1000.000000000000000 ) ;
#4887 = CARTESIAN_POINT ( 'NONE',  ( 0.9499999999999996225, 2.750000000000000888, 2.100000000000000089 ) ) ;
#4888 = CARTESIAN_POINT ( 'NONE',  ( -0.7900000000000000355, -7.893685705085098044E-16, 6.139533326177115945E-16 ) ) ;
#4889 = DIRECTION ( 'NONE',  ( -7.771561172376095783E-16, -1.503766100577553754E-30, -1.000000000000000000 ) ) ;
#4890 = DIRECTION ( 'NONE',  ( 1.000000000000000000, 0.0000000000000000000, 0.0000000000000000000 ) ) ;
#4891 = VECTOR ( 'NONE', #5386, 1000.000000000000000 ) ;
#4892 =( GEOMETRIC_REPRESENTATION_CONTEXT ( 3 ) GLOBAL_UNCERTAINTY_ASSIGNED_CONTEXT ( ( #3906 ) ) GLOBAL_UNIT_ASSIGNED_CONTEXT ( ( #1622, #1597, #1161 ) ) REPRESENTATION_CONTEXT ( 'NONE', 'WORKASPACE' ) );
#4893 = APPROVAL ( #37, 'UNKNOWN' ) ;
#4894 = COORDINATED_UNIVERSAL_TIME_OFFSET ( 1, 0, .AHEAD. ) ;
#4895 = VECTOR ( 'NONE', #380, 1000.000000000000000 ) ;
#4896 = FACE_OUTER_BOUND ( 'NONE', #4729, .T. ) ;
#4897 = CYLINDRICAL_SURFACE ( 'NONE', #2389, 0.5000000000000000000 ) ;
#4898 = ORIENTED_EDGE ( 'NONE', *, *, #2600, .T. ) ;
#4899 = EDGE_CURVE ( 'NONE', #1302, #3076, #3024, .T. ) ;
#4900 = DIRECTION ( 'NONE',  ( 0.0000000000000000000, -1.000000000000000000, 0.0000000000000000000 ) ) ;
#4901 = LINE ( 'NONE', #2556, #3577 ) ;
#4902 = LINE ( 'NONE', #3230, #3648 ) ;
#4903 = DIRECTION ( 'NONE',  ( -1.000000000000000000, 0.0000000000000000000, 0.0000000000000000000 ) ) ;
#4904 = LOCAL_TIME ( 7, 23, 42.00000000000000000, #3652 ) ;
#4905 = EDGE_CURVE ( 'NONE', #3407, #4843, #626, .T. ) ;
#4906 = FACE_OUTER_BOUND ( 'NONE', #4012, .T. ) ;
#4907 = DATE_TIME_ROLE ( 'classification_date' ) ;
#4908 = ORIENTED_EDGE ( 'NONE', *, *, #609, .T. ) ;
#4909 = CARTESIAN_POINT ( 'NONE',  ( 10.81665382639196515, 2.000000000000004441, 5.700000000000001954 ) ) ;
#4910 = CC_DESIGN_APPROVAL ( #3108, ( #2331 ) ) ;
#4911 = CARTESIAN_POINT ( 'NONE',  ( -8.800000000000002487, -9.999999999999998224, 5.500000000000000000 ) ) ;
#4912 = CARTESIAN_POINT ( 'NONE',  ( -9.700000000000002842, -1.249999999999998890, 6.899999999999998579 ) ) ;
#4913 = LINE ( 'NONE', #1352, #3857 ) ;
#4914 = EDGE_LOOP ( 'NONE', ( #5097, #3376, #3183, #4068 ) ) ;
#4915 = ORIENTED_EDGE ( 'NONE', *, *, #4429, .F. ) ;
#4916 = CYLINDRICAL_SURFACE ( 'NONE', #3123, 0.5000000000000004441 ) ;
#4917 = ADVANCED_FACE ( 'NONE', ( #3615 ), #1116, .T. ) ;
#4918 = ORIENTED_EDGE ( 'NONE', *, *, #1535, .T. ) ;
#4919 = CARTESIAN_POINT ( 'NONE',  ( 13.76665032449886894, -2.545454545454547191, 5.900000000000005684 ) ) ;
#4920 = LINE ( 'NONE', #2028, #2658 ) ;
#4921 = CARTESIAN_POINT ( 'NONE',  ( -10.81665382639196871, 4.999999999999999112, 5.900000000000007461 ) ) ;
#4922 = EDGE_CURVE ( 'NONE', #3878, #2942, #493, .T. ) ;
#4923 = CARTESIAN_POINT ( 'NONE',  ( 6.000000000000000000, -2.750000000000000444, 6.899999999999999467 ) ) ;
#4924 = ORIENTED_EDGE ( 'NONE', *, *, #3671, .T. ) ;
#4925 = ORIENTED_EDGE ( 'NONE', *, *, #1941, .T. ) ;
#4926 = AXIS2_PLACEMENT_3D ( 'NONE', #497, #4006, #3597 ) ;
#4927 = ITEM_DEFINED_TRANSFORMATION ( 'NONE', 'NONE', #2429,  #566 ) ;
#4928 = AXIS2_PLACEMENT_3D ( 'NONE', #945, #5261, #1405 ) ;
#4929 = DIRECTION ( 'NONE',  ( 7.375650828688862849E-33, 8.503546450866702047E-17, -1.000000000000000000 ) ) ;
#4930 = DIRECTION ( 'NONE',  ( 7.375650828688862849E-33, 8.503546450866702047E-17, -1.000000000000000000 ) ) ;
#4931 = VERTEX_POINT ( 'NONE', #2080 ) ;
#4932 = CALENDAR_DATE ( 2020, 24, 9 ) ;
#4933 = CARTESIAN_POINT ( 'NONE',  ( -0.9500000000000002887, 2.750000000000000888, 4.599999999999996092 ) ) ;
#4934 = CC_DESIGN_DATE_AND_TIME_ASSIGNMENT ( #2836, #4582, ( #226 ) ) ;
#4935 = DIRECTION ( 'NONE',  ( 1.000000000000000000, 9.992007221626420697E-16, 7.771561172376096769E-16 ) ) ;
#4936 = ORIENTED_EDGE ( 'NONE', *, *, #220, .T. ) ;
#4937 = FACE_OUTER_BOUND ( 'NONE', #49, .T. ) ;
#4938 = EDGE_CURVE ( 'NONE', #5416, #2526, #4344, .T. ) ;
#4939 = CARTESIAN_POINT ( 'NONE',  ( -5.699999999999999289, -8.499999999999998224, 5.999999999999999112 ) ) ;
#4940 = ORIENTED_EDGE ( 'NONE', *, *, #2146, .T. ) ;
#4941 = DIRECTION ( 'NONE',  ( -0.0000000000000000000, -0.7071067811865487940, 0.7071067811865462405 ) ) ;
#4942 = LINE ( 'NONE', #54, #2336 ) ;
#4943 = PERSON_AND_ORGANIZATION_ROLE ( 'classification_officer' ) ;
#4944 = ORIENTED_EDGE ( 'NONE', *, *, #1656, .F. ) ;
#4945 = ADVANCED_BREP_SHAPE_REPRESENTATION ( '', ( #3393, #566 ), #2785 ) ;
#4946 = CARTESIAN_POINT ( 'NONE',  ( -10.34048140662818405, 1.823305865502771184, -8.933335432157942790 ) ) ;
#4947 = ORIENTED_EDGE ( 'NONE', *, *, #2914, .F. ) ;
#4948 = PRODUCT ( '3980_cable', '3980_cable', '', ( #1096 ) ) ;
#4949 = VECTOR ( 'NONE', #827, 1000.000000000000000 ) ;
#4950 = ORIENTED_EDGE ( 'NONE', *, *, #3093, .F. ) ;
#4951 = EDGE_LOOP ( 'NONE', ( #361, #5680, #4683, #3458, #1152 ) ) ;
#4952 = LINE ( 'NONE', #1734, #4027 ) ;
#4953 = EDGE_CURVE ( 'NONE', #2526, #5671, #4479, .T. ) ;
#4954 = CYLINDRICAL_SURFACE ( 'NONE', #2220, 1.000000000000000000 ) ;
#4955 = DIRECTION ( 'NONE',  ( -1.000000000000000000, -8.673617379884036705E-17, 0.0000000000000000000 ) ) ;
#4956 = CARTESIAN_POINT ( 'NONE',  ( 5.699999999999998401, -1.250000000000000222, 6.399999999999999467 ) ) ;
#4957 = CARTESIAN_POINT ( 'NONE',  ( 5.699999999999999289, -6.599999999999999645, 7.500000000000000000 ) ) ;
#4958 = COORDINATED_UNIVERSAL_TIME_OFFSET ( 1, 0, .AHEAD. ) ;
#4959 = ORIENTED_EDGE ( 'NONE', *, *, #3151, .F. ) ;
#4960 = AXIS2_PLACEMENT_3D ( 'NONE', #3883, #5104, #2978 ) ;
#4961 = EDGE_CURVE ( 'NONE', #2255, #1408, #2189, .T. ) ;
#4962 = PERSON_AND_ORGANIZATION ( #1600, #2760 ) ;
#4963 = LINE ( 'NONE', #3305, #2696 ) ;
#4964 = VERTEX_POINT ( 'NONE', #4565 ) ;
#4965 = CIRCLE ( 'NONE', #3989, 8.899999999999998579 ) ;
#4966 = CARTESIAN_POINT ( 'NONE',  ( 0.0000000000000000000, 0.0000000000000000000, 0.2999999999999999889 ) ) ;
#4967 = CARTESIAN_POINT ( 'NONE',  ( 0.0000000000000000000, 0.0000000000000000000, 9.199999999999999289 ) ) ;
#4968 = VECTOR ( 'NONE', #3955, 1000.000000000000000 ) ;
#4969 = CARTESIAN_POINT ( 'NONE',  ( -8.800000000000002487, -8.500000000000001776, 5.500000000000000000 ) ) ;
#4970 = VECTOR ( 'NONE', #4050, 1000.000000000000000 ) ;
#4971 = ORIENTED_EDGE ( 'NONE', *, *, #4722, .T. ) ;
#4972 = DIRECTION ( 'NONE',  ( 0.0000000000000000000, 0.0000000000000000000, -1.000000000000000000 ) ) ;
#4973 = AXIS2_PLACEMENT_3D ( 'NONE', #635, #3739, #3760 ) ;
#4974 = DIRECTION ( 'NONE',  ( 0.0000000000000000000, 0.0000000000000000000, 1.000000000000000000 ) ) ;
#4975 = LINE ( 'NONE', #3917, #4052 ) ;
#4976 = ADVANCED_FACE ( 'NONE', ( #3751 ), #733, .T. ) ;
#4977 = VECTOR ( 'NONE', #5236, 1000.000000000000000 ) ;
#4978 = COORDINATED_UNIVERSAL_TIME_OFFSET ( 1, 0, .AHEAD. ) ;
#4979 = CARTESIAN_POINT ( 'NONE',  ( -7.199999999999999289, -10.00000000000000000, 5.900000000000005684 ) ) ;
#4980 = EDGE_LOOP ( 'NONE', ( #1733, #1594, #4670, #5166 ) ) ;
#4981 = CC_DESIGN_APPROVAL ( #5504, ( #2627 ) ) ;
#4982 = DIRECTION ( 'NONE',  ( 1.635506645978180460E-16, -0.7071067811865558994, 0.7071067811865392461 ) ) ;
#4983 = ORIENTED_EDGE ( 'NONE', *, *, #609, .F. ) ;
#4984 = FACE_OUTER_BOUND ( 'NONE', #2875, .T. ) ;
#4985 = CARTESIAN_POINT ( 'NONE',  ( -5.999999999999999112, -7.999999999999998224, 6.000000000000003553 ) ) ;
#4986 = ORIENTED_EDGE ( 'NONE', *, *, #400, .T. ) ;
#4987 = APPROVAL_PERSON_ORGANIZATION ( #476, #5504, #1254 ) ;
#4988 = VERTEX_POINT ( 'NONE', #4267 ) ;
#4989 = CC_DESIGN_DATE_AND_TIME_ASSIGNMENT ( #2230, #3604, ( #2881 ) ) ;
#4990 = DIRECTION ( 'NONE',  ( -1.000000000000000000, 0.0000000000000000000, 0.0000000000000000000 ) ) ;
#4991 = ORIENTED_EDGE ( 'NONE', *, *, #4953, .F. ) ;
#4992 = CARTESIAN_POINT ( 'NONE',  ( -5.699999999999999289, -8.500000000000001776, 5.500000000000000000 ) ) ;
#4993 = EDGE_CURVE ( 'NONE', #3076, #3881, #1532, .T. ) ;
#4994 = DIRECTION ( 'NONE',  ( 1.000000000000000000, 0.0000000000000000000, 0.0000000000000000000 ) ) ;
#4995 = CARTESIAN_POINT ( 'NONE',  ( -9.700000000000002842, -2.749999999999999112, 6.399999999999999467 ) ) ;
#4996 = ORIENTED_EDGE ( 'NONE', *, *, #2655, .F. ) ;
#4997 = DATE_TIME_ROLE ( 'creation_date' ) ;
#4998 = CARTESIAN_POINT ( 'NONE',  ( -5.700000000000000178, 2.602085213965210642E-17, 1.099999999999993427 ) ) ;
#4999 = AXIS2_PLACEMENT_3D ( 'NONE', #3610, #1478, #4497 ) ;
#5000 = ORIENTED_EDGE ( 'NONE', *, *, #1985, .T. ) ;
#5001 = DIRECTION ( 'NONE',  ( 0.0000000000000000000, 0.0000000000000000000, 1.000000000000000000 ) ) ;
#5002 = ORIENTED_EDGE ( 'NONE', *, *, #251, .F. ) ;
#5003 = EDGE_CURVE ( 'NONE', #1270, #2491, #5006, .T. ) ;
#5004 = CARTESIAN_POINT ( 'NONE',  ( 10.81665382639196515, 2.000000000000004441, -8.933335432157942790 ) ) ;
#5005 = VERTEX_POINT ( 'NONE', #697 ) ;
#5006 = CIRCLE ( 'NONE', #1997, 0.5000000000000000000 ) ;
#5007 = DIRECTION ( 'NONE',  ( -0.0000000000000000000, -0.0000000000000000000, 1.000000000000000000 ) ) ;
#5008 = ADVANCED_FACE ( 'NONE', ( #2876 ), #2977, .F. ) ;
#5009 = DIRECTION ( 'NONE',  ( 0.0000000000000000000, 0.0000000000000000000, 1.000000000000000000 ) ) ;
#5010 = ORIENTED_EDGE ( 'NONE', *, *, #1419, .T. ) ;
#5011 = CC_DESIGN_APPROVAL ( #5419, ( #3417 ) ) ;
#5012 = SHAPE_DEFINITION_REPRESENTATION ( #2538, #3233 ) ;
#5013 = CARTESIAN_POINT ( 'NONE',  ( -0.9294299157951319001, -2.853412796679486885, 4.620570084204864258 ) ) ;
#5014 = AXIS2_PLACEMENT_3D ( 'NONE', #5655, #3960, #2196 ) ;
#5015 = VERTEX_POINT ( 'NONE', #370 ) ;
#5016 = CYLINDRICAL_SURFACE ( 'NONE', #764, 1.600000000000000755 ) ;
#5017 = VECTOR ( 'NONE', #62, 999.9999999999998863 ) ;
#5018 = EDGE_CURVE ( 'NONE', #967, #1100, #836, .T. ) ;
#5019 = DIRECTION ( 'NONE',  ( -0.0000000000000000000, -1.000000000000000000, -0.0000000000000000000 ) ) ;
#5020 = CARTESIAN_POINT ( 'NONE',  ( -5.700000000000001066, -4.899999999999998579, 9.199999999999999289 ) ) ;
#5021 = LINE ( 'NONE', #4107, #3164 ) ;
#5022 = DIRECTION ( 'NONE',  ( 7.771561172376095783E-16, 1.503766100577553754E-30, 1.000000000000000000 ) ) ;
#5023 = CARTESIAN_POINT ( 'NONE',  ( -4.899999999999998579, -10.00000000000000000, 0.0000000000000000000 ) ) ;
#5024 = ORIENTED_EDGE ( 'NONE', *, *, #4685, .F. ) ;
#5025 = ORIENTED_EDGE ( 'NONE', *, *, #2374, .F. ) ;
#5026 = AXIS2_PLACEMENT_3D ( 'NONE', #4946, #2407, #4155 ) ;
#5027 = DIRECTION ( 'NONE',  ( -1.000000000000000000, 0.0000000000000000000, 0.0000000000000000000 ) ) ;
#5028 = CYLINDRICAL_SURFACE ( 'NONE', #2560, 3.000000000000000888 ) ;
#5029 = CIRCLE ( 'NONE', #4973, 0.4999999999999995559 ) ;
#5030 = PERSON ( 'NAUO-PER6', 'UNSPECIFIED', 'UNSPECIFIED', ('UNSPECIFIED'), ('UNSPECIFIED'), ('UNSPECIFIED') ) ;
#5031 = LINE ( 'NONE', #2584, #4617 ) ;
#5032 = EDGE_LOOP ( 'NONE', ( #2265, #1412, #5594, #4546 ) ) ;
#5033 = FACE_OUTER_BOUND ( 'NONE', #1924, .T. ) ;
#5034 = ORIENTED_EDGE ( 'NONE', *, *, #3658, .T. ) ;
#5035 = CARTESIAN_POINT ( 'NONE',  ( -11.91617381144771848, -2.101142949769864821, 5.700000000000000178 ) ) ;
#5036 = CC_DESIGN_DATE_AND_TIME_ASSIGNMENT ( #2103, #1322, ( #2331 ) ) ;
#5037 = AXIS2_PLACEMENT_3D ( 'NONE', #746, #3835, #2582 ) ;
#5038 = DIRECTION ( 'NONE',  ( 0.0000000000000000000, 0.0000000000000000000, 1.000000000000000000 ) ) ;
#5039 = VECTOR ( 'NONE', #976, 1000.000000000000000 ) ;
#5040 = PLANE ( 'NONE',  #783 ) ;
#5041 = CARTESIAN_POINT ( 'NONE',  ( 0.7499999999999997780, 2.950000000000000622, 4.599999999999996092 ) ) ;
#5042 = DIRECTION ( 'NONE',  ( 1.000000000000000000, 8.673617379884035472E-17, -0.0000000000000000000 ) ) ;
#5043 = CARTESIAN_POINT ( 'NONE',  ( -11.91617381144771848, -2.101142949769864821, -8.933335432157942790 ) ) ;
#5044 = ADVANCED_FACE ( 'NONE', ( #986 ), #4872, .T. ) ;
#5045 = VECTOR ( 'NONE', #4903, 1000.000000000000000 ) ;
#5046 = APPROVAL_ROLE ( '' ) ;
#5047 = CARTESIAN_POINT ( 'NONE',  ( 4.499999999999996447, 6.000000000000002665, 5.900000000000007461 ) ) ;
#5048 = EDGE_CURVE ( 'NONE', #2025, #5095, #5624, .T. ) ;
#5049 = LINE ( 'NONE', #1183, #2572 ) ;
#5050 = ORIENTED_EDGE ( 'NONE', *, *, #572, .F. ) ;
#5051 = SECURITY_CLASSIFICATION ( '', '', #1024 ) ;
#5052 = ORIENTED_EDGE ( 'NONE', *, *, #3208, .T. ) ;
#5053 = VERTEX_POINT ( 'NONE', #5159 ) ;
#5054 = APPROVAL ( #4330, 'UNSPECIFIED' ) ;
#5055 = DIRECTION ( 'NONE',  ( -0.5773502691896250649, -0.5773502691896250649, -0.5773502691896272854 ) ) ;
#5056 = COORDINATED_UNIVERSAL_TIME_OFFSET ( 1, 0, .AHEAD. ) ;
#5057 = DIRECTION ( 'NONE',  ( 7.771561172376095783E-16, 1.503766100577553754E-30, 1.000000000000000000 ) ) ;
#5058 = CIRCLE ( 'NONE', #2819, 0.4000000000000001887 ) ;
#5059 = CARTESIAN_POINT ( 'NONE',  ( 0.0000000000000000000, 0.0000000000000000000, 5.700000000000000178 ) ) ;
#5060 = VERTEX_POINT ( 'NONE', #2588 ) ;
#5061 = MECHANICAL_CONTEXT ( 'NONE', #676, 'mechanical' ) ;
#5062 = CONICAL_SURFACE ( 'NONE', #4560, 13.79999999999999893, 0.7853981633974396193 ) ;
#5063 = DIRECTION ( 'NONE',  ( -1.000000000000000000, 0.0000000000000000000, 0.0000000000000000000 ) ) ;
#5064 = DIRECTION ( 'NONE',  ( 1.000000000000000000, 0.0000000000000000000, 0.0000000000000000000 ) ) ;
#5065 = ORIENTED_EDGE ( 'NONE', *, *, #4275, .F. ) ;
#5066 = CARTESIAN_POINT ( 'NONE',  ( -4.999999999999999112, -4.799999999999999822, 5.700000000000001066 ) ) ;
#5067 = DIRECTION ( 'NONE',  ( 0.0000000000000000000, 0.0000000000000000000, 1.000000000000000000 ) ) ;
#5068 = EDGE_LOOP ( 'NONE', ( #2681, #4773, #1061, #1884 ) ) ;
#5069 = CARTESIAN_POINT ( 'NONE',  ( -5.699999999999999289, -7.999999999999998224, 6.000000000000003553 ) ) ;
#5070 = EDGE_CURVE ( 'NONE', #2269, #2552, #4149, .T. ) ;
#5071 = ORIENTED_EDGE ( 'NONE', *, *, #2682, .F. ) ;
#5072 = COORDINATED_UNIVERSAL_TIME_OFFSET ( 1, 0, .AHEAD. ) ;
#5073 = ORIENTED_EDGE ( 'NONE', *, *, #1838, .F. ) ;
#5074 = AXIS2_PLACEMENT_3D ( 'NONE', #1111, #4596, #4227 ) ;
#5075 = ORIENTED_EDGE ( 'NONE', *, *, #4905, .T. ) ;
#5076 = CARTESIAN_POINT ( 'NONE',  ( 0.0000000000000000000, 0.0000000000000000000, 9.799999999999998934 ) ) ;
#5077 = APPROVAL_DATE_TIME ( #123, #2067 ) ;
#5078 = FACE_OUTER_BOUND ( 'NONE', #1655, .T. ) ;
#5079 = EDGE_CURVE ( 'NONE', #4261, #4652, #5491, .T. ) ;
#5081 = EDGE_LOOP ( 'NONE', ( #5428, #4528, #5134, #4049 ) ) ;
#5080 = CARTESIAN_POINT ( 'NONE',  ( -6.000000000000000000, -1.249999999999999112, 6.399999999999999467 ) ) ;
#5082 = LINE ( 'NONE', #3594, #2947 ) ;
#5083 = PERSON_AND_ORGANIZATION_ROLE ( 'creator' ) ;
#5084 = AXIS2_PLACEMENT_3D ( 'NONE', #1017, #4526, #2370 ) ;
#5085 = CARTESIAN_POINT ( 'NONE',  ( -5.700000000000000178, -2.749999999999999556, 6.899999999999999467 ) ) ;
#5086 = PRODUCT_DEFINITION_FORMATION_WITH_SPECIFIED_SOURCE ( 'ANY', '', #4588, .NOT_KNOWN. ) ;
#5087 = ORIENTED_EDGE ( 'NONE', *, *, #5498, .F. ) ;
#5088 = DIRECTION ( 'NONE',  ( 8.673617379884035472E-17, -1.000000000000000000, 5.782411586589355667E-16 ) ) ;
#5089 = FACE_OUTER_BOUND ( 'NONE', #1261, .T. ) ;
#5090 = ORIENTED_EDGE ( 'NONE', *, *, #6, .T. ) ;
#5091 = EDGE_LOOP ( 'NONE', ( #4376, #3167 ) ) ;
#5092 = SHAPE_REPRESENTATION ( '3982_apantallamiento', ( #566 ), #2785 ) ;
#5093 = DIRECTION ( 'NONE',  ( 0.0000000000000000000, 0.0000000000000000000, 1.000000000000000000 ) ) ;
#5094 = FACE_OUTER_BOUND ( 'NONE', #3195, .T. ) ;
#5095 = VERTEX_POINT ( 'NONE', #3460 ) ;
#5096 = EDGE_CURVE ( 'NONE', #1762, #3364, #5691, .T. ) ;
#5097 = ORIENTED_EDGE ( 'NONE', *, *, #501, .T. ) ;
#5098 = EDGE_CURVE ( 'NONE', #1227, #941, #3688, .T. ) ;
#5099 = DIRECTION ( 'NONE',  ( -7.375650828688862849E-33, -8.503546450866702047E-17, 1.000000000000000000 ) ) ;
#5100 = CARTESIAN_POINT ( 'NONE',  ( -5.700000000000000178, -2.749999999999999556, 6.399999999999999467 ) ) ;
#5101 = LINE ( 'NONE', #2411, #785 ) ;
#5102 = VECTOR ( 'NONE', #4563, 1000.000000000000000 ) ;
#5103 = DIRECTION ( 'NONE',  ( 1.000000000000000000, 1.102578480493733312E-16, -0.0000000000000000000 ) ) ;
#5104 = DIRECTION ( 'NONE',  ( 0.0000000000000000000, 0.0000000000000000000, 1.000000000000000000 ) ) ;
#5105 = FACE_OUTER_BOUND ( 'NONE', #4951, .T. ) ;
#5106 = CARTESIAN_POINT ( 'NONE',  ( -0.5999999999999992006, -6.500000000000000000, 9.199999999999999289 ) ) ;
#5107 = LINE ( 'NONE', #939, #4229 ) ;
#5108 = CARTESIAN_POINT ( 'NONE',  ( 0.0000000000000000000, 0.0000000000000000000, 0.2999999999999999334 ) ) ;
#5109 = CC_DESIGN_PERSON_AND_ORGANIZATION_ASSIGNMENT ( #3717, #528, ( #4079 ) ) ;
#5110 = AXIS2_PLACEMENT_3D ( 'NONE', #5113, #5174, #3425 ) ;
#5111 = EDGE_CURVE ( 'NONE', #1531, #614, #2547, .T. ) ;
#5112 = VECTOR ( 'NONE', #2498, 1000.000000000000000 ) ;
#5113 = CARTESIAN_POINT ( 'NONE',  ( -10.81665382639196871, 1.999999999999999112, 5.900000000000007461 ) ) ;
#5114 = AXIS2_PLACEMENT_3D ( 'NONE', #5168, #2158, #724 ) ;
#5115 = DIRECTION ( 'NONE',  ( 0.0000000000000000000, 0.0000000000000000000, 1.000000000000000000 ) ) ;
#5116 = APPLICATION_PROTOCOL_DEFINITION ( 'international standard', 'config_control_design', 1994, #728 ) ;
#5117 = APPROVAL_PERSON_ORGANIZATION ( #1805, #3746, #4440 ) ;
#5118 = EDGE_CURVE ( 'NONE', #4742, #4784, #5283, .T. ) ;
#5119 = LINE ( 'NONE', #5488, #1650 ) ;
#5120 = ORIENTED_EDGE ( 'NONE', *, *, #1665, .F. ) ;
#5121 = ORIENTED_EDGE ( 'NONE', *, *, #666, .F. ) ;
#5122 = CARTESIAN_POINT ( 'NONE',  ( 0.0000000000000000000, 0.0000000000000000000, 0.0000000000000000000 ) ) ;
#5123 = PLANE ( 'NONE',  #1529 ) ;
#5124 = CYLINDRICAL_SURFACE ( 'NONE', #5403, 0.2999999999999999889 ) ;
#5125 = MANIFOLD_SOLID_BREP ( 'Saliente-Extruir3', #3309 ) ;
#5126 = LINE ( 'NONE', #1607, #4779 ) ;
#5127 = AXIS2_PLACEMENT_3D ( 'NONE', #877, #3973, #1689 ) ;
#5128 = EDGE_CURVE ( 'NONE', #4525, #1110, #3485, .T. ) ;
#5129 = ORIENTED_EDGE ( 'NONE', *, *, #5251, .T. ) ;
#5130 = ADVANCED_FACE ( 'NONE', ( #3893 ), #810, .F. ) ;
#5131 = DIRECTION ( 'NONE',  ( 1.000000000000000000, 0.0000000000000000000, 0.0000000000000000000 ) ) ;
#5132 = CYLINDRICAL_SURFACE ( 'NONE', #5622, 0.4999999999999995559 ) ;
#5133 = EDGE_LOOP ( 'NONE', ( #283, #5694, #1994, #1909 ) ) ;
#5134 = ORIENTED_EDGE ( 'NONE', *, *, #3630, .T. ) ;
#5135 = CARTESIAN_POINT ( 'NONE',  ( -9.700000000000002842, -1.249999999999998890, 6.399999999999999467 ) ) ;
#5136 = LOCAL_TIME ( 7, 23, 42.00000000000000000, #333 ) ;
#5137 = DIRECTION ( 'NONE',  ( 1.000000000000000000, 0.0000000000000000000, 0.0000000000000000000 ) ) ;
#5138 = ORIENTED_EDGE ( 'NONE', *, *, #513, .T. ) ;
#5139 = PERSON_AND_ORGANIZATION ( #1600, #2760 ) ;
#5140 = DIRECTION ( 'NONE',  ( 8.673617379884035472E-17, 1.000000000000000000, 0.0000000000000000000 ) ) ;
#5141 = ORIENTED_EDGE ( 'NONE', *, *, #4060, .T. ) ;
#5142 = DIRECTION ( 'NONE',  ( 6.902532920683853297E-31, -1.000000000000000000, -1.224646799147347044E-16 ) ) ;
#5143 = DIRECTION ( 'NONE',  ( -7.771561172376095783E-16, -1.503766100577553754E-30, -1.000000000000000000 ) ) ;
#5144 = ORIENTED_EDGE ( 'NONE', *, *, #144, .F. ) ;
#5145 = ORIENTED_EDGE ( 'NONE', *, *, #303, .T. ) ;
#5146 = EDGE_CURVE ( 'NONE', #5204, #5214, #4271, .T. ) ;
#5147 = CARTESIAN_POINT ( 'NONE',  ( 2.326828918379971365E-16, -1.899999999999999911, 4.599999999999999645 ) ) ;
#5148 = PLANE ( 'NONE',  #213 ) ;
#5149 = ORIENTED_EDGE ( 'NONE', *, *, #2434, .F. ) ;
#5150 = ORIENTED_EDGE ( 'NONE', *, *, #5568, .T. ) ;
#5151 = AXIS2_PLACEMENT_3D ( 'NONE', #4569, #3403, #1628 ) ;
#5152 = CYLINDRICAL_SURFACE ( 'NONE', #593, 1.600000000000000755 ) ;
#5153 = VERTEX_POINT ( 'NONE', #850 ) ;
#5154 = VERTEX_POINT ( 'NONE', #423 ) ;
#5155 = FACE_BOUND ( 'NONE', #975, .T. ) ;
#5156 = LINE ( 'NONE', #5224, #358 ) ;
#5157 = ADVANCED_FACE ( 'NONE', ( #4673 ), #1844, .T. ) ;
#5158 = MECHANICAL_CONTEXT ( 'NONE', #728, 'mechanical' ) ;
#5159 = CARTESIAN_POINT ( 'NONE',  ( -5.700000000000000178, -2.749999999999999556, 5.899999999999998579 ) ) ;
#5160 = CYLINDRICAL_SURFACE ( 'NONE', #3113, 0.4000000000000001887 ) ;
#5161 = ORIENTED_EDGE ( 'NONE', *, *, #3389, .T. ) ;
#5162 = DIRECTION ( 'NONE',  ( 0.0000000000000000000, 0.0000000000000000000, 1.000000000000000000 ) ) ;
#5163 = VECTOR ( 'NONE', #4577, 1000.000000000000000 ) ;
#5164 = DIRECTION ( 'NONE',  ( 1.000000000000000000, 0.0000000000000000000, 0.0000000000000000000 ) ) ;
#5165 = VECTOR ( 'NONE', #4369, 1000.000000000000000 ) ;
#5166 = ORIENTED_EDGE ( 'NONE', *, *, #3731, .T. ) ;
#5167 = SHAPE_REPRESENTATION ( '3987 rotor sobremoldeo', ( #4389, #4672 ), #1654 ) ;
#5168 = CARTESIAN_POINT ( 'NONE',  ( 0.0000000000000000000, 0.0000000000000000000, 5.700000000000001066 ) ) ;
#5169 = APPROVAL_PERSON_ORGANIZATION ( #2897, #3310, #670 ) ;
#5170 = CIRCLE ( 'NONE', #1812, 5.700000000000000178 ) ;
#5171 = EDGE_LOOP ( 'NONE', ( #4539, #4936, #1081, #3807 ) ) ;
#5172 = AXIS2_PLACEMENT_3D ( 'NONE', #2997, #4694, #2272 ) ;
#5173 = VECTOR ( 'NONE', #4687, 1000.000000000000000 ) ;
#5174 = DIRECTION ( 'NONE',  ( 0.0000000000000000000, 0.0000000000000000000, 1.000000000000000000 ) ) ;
#5175 = DIRECTION ( 'NONE',  ( -0.0000000000000000000, -0.0000000000000000000, 1.000000000000000000 ) ) ;
#5176 = CARTESIAN_POINT ( 'NONE',  ( 0.8914213562373088928, 2.891421356237310114, 4.658578643762687044 ) ) ;
#5177 = DIRECTION ( 'NONE',  ( 0.0000000000000000000, 0.0000000000000000000, 1.000000000000000000 ) ) ;
#5178 = VECTOR ( 'NONE', #846, 1000.000000000000000 ) ;
#5179 = DIRECTION ( 'NONE',  ( -0.0000000000000000000, -1.000000000000000000, -0.0000000000000000000 ) ) ;
#5180 = CARTESIAN_POINT ( 'NONE',  ( 0.0000000000000000000, 0.0000000000000000000, 5.700000000000000178 ) ) ;
#5181 = EDGE_CURVE ( 'NONE', #5671, #696, #2055, .T. ) ;
#5182 = VECTOR ( 'NONE', #4067, 1000.000000000000000 ) ;
#5183 = FACE_OUTER_BOUND ( 'NONE', #5133, .T. ) ;
#5184 = CARTESIAN_POINT ( 'NONE',  ( 5.699999999999999289, -9.999999999999984013, 6.900000000000003020 ) ) ;
#5185 = COORDINATED_UNIVERSAL_TIME_OFFSET ( 1, 0, .AHEAD. ) ;
#5186 = DATE_AND_TIME ( #1883, #2360 ) ;
#5187 = ORIENTED_EDGE ( 'NONE', *, *, #1330, .F. ) ;
#5188 = CALENDAR_DATE ( 2020, 24, 9 ) ;
#5189 = AXIS2_PLACEMENT_3D ( 'NONE', #3942, #5244, #5687 ) ;
#5190 = ORIENTED_EDGE ( 'NONE', *, *, #1320, .T. ) ;
#5191 = CC_DESIGN_PERSON_AND_ORGANIZATION_ASSIGNMENT ( #5576, #4518, ( #3381 ) ) ;
#5192 = DIRECTION ( 'NONE',  ( -1.000000000000000000, 0.0000000000000000000, 0.0000000000000000000 ) ) ;
#5193 = DIRECTION ( 'NONE',  ( 0.0000000000000000000, 0.0000000000000000000, 1.000000000000000000 ) ) ;
#5194 = EDGE_LOOP ( 'NONE', ( #1912, #437, #5149, #4391, #828 ) ) ;
#5195 = PERSON_AND_ORGANIZATION_ROLE ( 'creator' ) ;
#5196 = EDGE_CURVE ( 'NONE', #320, #4606, #279, .T. ) ;
#5197 = CARTESIAN_POINT ( 'NONE',  ( -5.700000000000000178, -2.749999999999999556, 6.899999999999999467 ) ) ;
#5198 = DIRECTION ( 'NONE',  ( 1.000000000000000000, 0.0000000000000000000, 0.0000000000000000000 ) ) ;
#5199 = ORIENTED_EDGE ( 'NONE', *, *, #5128, .T. ) ;
#5200 = APPROVAL ( #4171, 'UNSPECIFIED' ) ;
#5201 = DATE_AND_TIME ( #677, #1895 ) ;
#5202 = ORIENTED_EDGE ( 'NONE', *, *, #1960, .F. ) ;
#5203 = ORIENTED_EDGE ( 'NONE', *, *, #2794, .T. ) ;
#5204 = VERTEX_POINT ( 'NONE', #5632 ) ;
#5205 = COORDINATED_UNIVERSAL_TIME_OFFSET ( 1, 0, .AHEAD. ) ;
#5206 = ORIENTED_EDGE ( 'NONE', *, *, #392, .F. ) ;
#5207 = DIRECTION ( 'NONE',  ( 7.375650828688862849E-33, 8.503546450866702047E-17, -1.000000000000000000 ) ) ;
#5208 = AXIS2_PLACEMENT_3D ( 'NONE', #1750, #2649, #1725 ) ;
#5209 = DIRECTION ( 'NONE',  ( -7.375650828688862849E-33, -8.503546450866702047E-17, 1.000000000000000000 ) ) ;
#5210 = SHAPE_REPRESENTATION ( '3981_subjto PCB', ( #2088, #3371, #3653, #1173 ), #4892 ) ;
#5211 = PERSON_AND_ORGANIZATION_ROLE ( 'creator' ) ;
#5212 = ORIENTED_EDGE ( 'NONE', *, *, #3996, .F. ) ;
#5213 = CARTESIAN_POINT ( 'NONE',  ( 0.0000000000000000000, 0.0000000000000000000, 5.700000000000001066 ) ) ;
#5214 = VERTEX_POINT ( 'NONE', #5197 ) ;
#5215 = LINE ( 'NONE', #4044, #3681 ) ;
#5216 = DIRECTION ( 'NONE',  ( 0.0000000000000000000, 0.0000000000000000000, 1.000000000000000000 ) ) ;
#5217 = ORIENTED_EDGE ( 'NONE', *, *, #334, .F. ) ;
#5218 = EDGE_CURVE ( 'NONE', #5684, #4381, #353, .T. ) ;
#5219 = EDGE_LOOP ( 'NONE', ( #5187, #5050, #5635, #4996, #3953 ) ) ;
#5220 = CARTESIAN_POINT ( 'NONE',  ( 7.199999999999999289, -10.00000000000000000, 5.900000000000005684 ) ) ;
#5221 = VERTEX_POINT ( 'NONE', #393 ) ;
#5222 = LINE ( 'NONE', #2202, #4949 ) ;
#5223 = EDGE_CURVE ( 'NONE', #5685, #2552, #2739, .T. ) ;
#5224 = CARTESIAN_POINT ( 'NONE',  ( -5.999999999999999112, -7.999999999999998224, 7.500000000000000000 ) ) ;
#5225 = DIRECTION ( 'NONE',  ( 1.000000000000000000, 0.0000000000000000000, 0.0000000000000000000 ) ) ;
#5226 = CARTESIAN_POINT ( 'NONE',  ( -5.699999999999999289, -10.00000000000000000, 1.100000000000000089 ) ) ;
#5227 = PRODUCT_RELATED_PRODUCT_CATEGORY ( 'detail', '', ( #1164 ) ) ;
#5228 = CIRCLE ( 'NONE', #740, 12.10000000000000142 ) ;
#5229 = ORIENTED_EDGE ( 'NONE', *, *, #5146, .F. ) ;
#5230 = LINE ( 'NONE', #35, #1568 ) ;
#5231 = SHAPE_DEFINITION_REPRESENTATION ( #4763, #1318 ) ;
#5232 = EDGE_LOOP ( 'NONE', ( #2494, #3565, #3620, #4486, #3297, #825, #2506, #4737 ) ) ;
#5233 = CARTESIAN_POINT ( 'NONE',  ( -5.100000000000000533, 6.368163355566237368E-16, 9.799999999999998934 ) ) ;
#5234 = LINE ( 'NONE', #2747, #5045 ) ;
#5235 = CARTESIAN_POINT ( 'NONE',  ( -10.81665382639196871, 1.999999999999999112, -8.933335432157942790 ) ) ;
#5236 = DIRECTION ( 'NONE',  ( 1.000000000000000000, -8.673617379884035472E-17, -0.0000000000000000000 ) ) ;
#5237 = DIRECTION ( 'NONE',  ( -8.673617379884036705E-17, 1.000000000000000000, -5.782411586589355667E-16 ) ) ;
#5238 = SECURITY_CLASSIFICATION_LEVEL ( 'unclassified' ) ;
#5239 = CYLINDRICAL_SURFACE ( 'NONE', #4762, 0.4999999999999995559 ) ;
#5240 = CARTESIAN_POINT ( 'NONE',  ( 4.899999999999999467, 0.0000000000000000000, 1.100000000000000533 ) ) ;
#5241 = ORIENTED_EDGE ( 'NONE', *, *, #5562, .T. ) ;
#5242 = EDGE_CURVE ( 'NONE', #121, #3304, #58, .T. ) ;
#5243 = CARTESIAN_POINT ( 'NONE',  ( -7.200000000000000178, -1.116005436211746555E-15, 5.900000000000006573 ) ) ;
#5244 = DIRECTION ( 'NONE',  ( 1.000000000000000000, -8.673617379884035472E-17, -0.0000000000000000000 ) ) ;
#5245 = FACE_OUTER_BOUND ( 'NONE', #4914, .T. ) ;
#5246 = CIRCLE ( 'NONE', #2603, 12.10000000000000320 ) ;
#5247 = EDGE_LOOP ( 'NONE', ( #1604, #2287, #4373, #1670 ) ) ;
#5248 = ORIENTED_EDGE ( 'NONE', *, *, #855, .F. ) ;
#5249 = ADVANCED_FACE ( 'NONE', ( #2601 ), #5152, .F. ) ;
#5250 = APPROVAL_DATE_TIME ( #739, #525 ) ;
#5251 = EDGE_CURVE ( 'NONE', #503, #3365, #5426, .T. ) ;
#5252 = DIRECTION ( 'NONE',  ( -1.000000000000000000, -2.312955680093648151E-16, 0.0000000000000000000 ) ) ;
#5253 = ORIENTED_EDGE ( 'NONE', *, *, #3347, .F. ) ;
#5254 = ORIENTED_EDGE ( 'NONE', *, *, #1021, .T. ) ;
#5255 = CC_DESIGN_APPROVAL ( #2759, ( #4648 ) ) ;
#5256 = LINE ( 'NONE', #309, #2787 ) ;
#5257 = ADVANCED_FACE ( 'NONE', ( #4804 ), #5260, .F. ) ;
#5258 = EDGE_CURVE ( 'NONE', #4317, #3306, #192, .T. ) ;
#5259 = ORIENTED_EDGE ( 'NONE', *, *, #1294, .F. ) ;
#5260 = PLANE ( 'NONE',  #2413 ) ;
#5261 = DIRECTION ( 'NONE',  ( 0.0000000000000000000, 0.0000000000000000000, 1.000000000000000000 ) ) ;
#5262 = FACE_OUTER_BOUND ( 'NONE', #4772, .T. ) ;
#5263 = ORIENTED_EDGE ( 'NONE', *, *, #4356, .F. ) ;
#5264 = CARTESIAN_POINT ( 'NONE',  ( 0.7499999999999997780, 2.750000000000000888, 2.100000000000000089 ) ) ;
#5265 = CALENDAR_DATE ( 2020, 24, 9 ) ;
#5266 = DIRECTION ( 'NONE',  ( -7.771561172376095783E-16, -1.503766100577553754E-30, -1.000000000000000000 ) ) ;
#5267 = EDGE_LOOP ( 'NONE', ( #1666, #5644, #2516, #3421 ) ) ;
#5268 = AXIS2_PLACEMENT_3D ( 'NONE', #190, #170, #3264 ) ;
#5269 = CALENDAR_DATE ( 2020, 24, 9 ) ;
#5270 = AXIS2_PLACEMENT_3D ( 'NONE', #1377, #3993, #4420 ) ;
#5271 = CARTESIAN_POINT ( 'NONE',  ( 6.000000000000000000, 0.0000000000000000000, 7.500000000000000000 ) ) ;
#5272 = ORIENTED_EDGE ( 'NONE', *, *, #3694, .T. ) ;
#5273 = CARTESIAN_POINT ( 'NONE',  ( -11.91617381144771848, 2.101142949769861712, 5.700000000000001954 ) ) ;
#5274 = DIRECTION ( 'NONE',  ( 0.0000000000000000000, 0.0000000000000000000, -1.000000000000000000 ) ) ;
#5275 = LOCAL_TIME ( 7, 23, 42.00000000000000000, #4597 ) ;
#5276 = DIRECTION ( 'NONE',  ( -0.4242640687119249021, -0.5656854249492342390, -0.7071067811865526798 ) ) ;
#5277 = ORIENTED_EDGE ( 'NONE', *, *, #4383, .T. ) ;
#5278 = ORIENTED_EDGE ( 'NONE', *, *, #2122, .T. ) ;
#5279 = AXIS2_PLACEMENT_3D ( 'NONE', #2357, #963, #4495 ) ;
#5280 = DIRECTION ( 'NONE',  ( 1.000000000000000000, -8.673617379884035472E-17, -0.0000000000000000000 ) ) ;
#5281 = ORIENTED_EDGE ( 'NONE', *, *, #4578, .F. ) ;
#5282 = ADVANCED_FACE ( 'NONE', ( #1402 ), #4015, .T. ) ;
#5283 = LINE ( 'NONE', #348, #1265 ) ;
#5284 = CARTESIAN_POINT ( 'NONE',  ( -5.700000000000000178, -0.7499999999999997780, 6.399999999999999467 ) ) ;
#5285 = DIRECTION ( 'NONE',  ( 1.000000000000000000, 0.0000000000000000000, 0.0000000000000000000 ) ) ;
#5286 = VERTEX_POINT ( 'NONE', #1383 ) ;
#5287 = CARTESIAN_POINT ( 'NONE',  ( -10.34048140662818405, 1.823305865502771184, 5.700000000000001954 ) ) ;
#5288 = VERTEX_POINT ( 'NONE', #919 ) ;
#5289 = FACE_OUTER_BOUND ( 'NONE', #1397, .T. ) ;
#5290 = AXIS2_PLACEMENT_3D ( 'NONE', #2952, #3391, #2496 ) ;
#5291 = VERTEX_POINT ( 'NONE', #4442 ) ;
#5292 = ADVANCED_FACE ( 'NONE', ( #1121 ), #93, .T. ) ;
#5293 = CARTESIAN_POINT ( 'NONE',  ( 5.999999999999999112, -8.500000000000003553, 5.500000000000000000 ) ) ;
#5294 = VECTOR ( 'NONE', #1984, 1000.000000000000000 ) ;
#5295 = AXIS2_PLACEMENT_3D ( 'NONE', #4179, #3753, #4555 ) ;
#5296 = AXIS2_PLACEMENT_3D ( 'NONE', #1880, #900, #5285 ) ;
#5297 = LINE ( 'NONE', #5462, #2891 ) ;
#5298 = EDGE_CURVE ( 'NONE', #1971, #840, #1334, .T. ) ;
#5299 = DIRECTION ( 'NONE',  ( -0.0000000000000000000, -1.000000000000000000, -0.0000000000000000000 ) ) ;
#5300 = DIRECTION ( 'NONE',  ( 1.000000000000000000, 0.0000000000000000000, 0.0000000000000000000 ) ) ;
#5301 = DIRECTION ( 'NONE',  ( 1.000000000000000000, 0.0000000000000000000, 0.0000000000000000000 ) ) ;
#5302 = DIRECTION ( 'NONE',  ( -0.0000000000000000000, 0.0000000000000000000, 1.000000000000000000 ) ) ;
#5303 = LINE ( 'NONE', #1539, #2488 ) ;
#5304 = ORIENTED_EDGE ( 'NONE', *, *, #2896, .T. ) ;
#5305 = APPROVAL_STATUS ( 'not_yet_approved' ) ;
#5306 = FACE_OUTER_BOUND ( 'NONE', #5328, .T. ) ;
#5307 = CARTESIAN_POINT ( 'NONE',  ( 7.960204194457798435E-16, -6.500000000000000000, 9.199999999999999289 ) ) ;
#5308 = CC_DESIGN_PERSON_AND_ORGANIZATION_ASSIGNMENT ( #3885, #5464, ( #1504 ) ) ;
#5309 = DIRECTION ( 'NONE',  ( 0.0000000000000000000, 1.000000000000000000, 1.376764663473656710E-16 ) ) ;
#5310 = CARTESIAN_POINT ( 'NONE',  ( -0.3666666666666666408, 1.633333333333334414, 5.916666666666666963 ) ) ;
#5311 = EDGE_CURVE ( 'NONE', #3881, #137, #3157, .T. ) ;
#5312 = DIRECTION ( 'NONE',  ( -0.0000000000000000000, -0.0000000000000000000, 1.000000000000000000 ) ) ;
#5313 = PERSON_AND_ORGANIZATION ( #1600, #2760 ) ;
#5314 = DIRECTION ( 'NONE',  ( 0.0000000000000000000, -0.0000000000000000000, 1.000000000000000000 ) ) ;
#5315 = VECTOR ( 'NONE', #1976, 1000.000000000000000 ) ;
#5316 = VERTEX_POINT ( 'NONE', #2320 ) ;
#5317 = CALENDAR_DATE ( 2020, 24, 9 ) ;
#5318 = ADVANCED_FACE ( 'NONE', ( #1197 ), #3422, .T. ) ;
#5319 = CARTESIAN_POINT ( 'NONE',  ( 5.700000000000000178, 0.0000000000000000000, 7.500000000000000000 ) ) ;
#5320 = PRODUCT_DEFINITION_SHAPE ( 'NONE', 'NONE',  #1756 ) ;
#5321 = LINE ( 'NONE', #2168, #4764 ) ;
#5322 = CIRCLE ( 'NONE', #4326, 0.4999999999999995559 ) ;
#5323 = CARTESIAN_POINT ( 'NONE',  ( 5.999999999999999112, -10.00000000000000000, 5.700000000000000178 ) ) ;
#5324 = DIRECTION ( 'NONE',  ( 1.000000000000000000, -8.673617379884035472E-17, -0.0000000000000000000 ) ) ;
#5325 = DIRECTION ( 'NONE',  ( -1.000000000000000000, 0.0000000000000000000, 0.0000000000000000000 ) ) ;
#5326 = LINE ( 'NONE', #2215, #2915 ) ;
#5327 = DIRECTION ( 'NONE',  ( 1.000000000000000000, 0.0000000000000000000, 0.0000000000000000000 ) ) ;
#5328 = EDGE_LOOP ( 'NONE', ( #4510, #1393, #1472, #5034 ) ) ;
#5329 = DIRECTION ( 'NONE',  ( 0.0000000000000000000, -1.000000000000000000, 0.0000000000000000000 ) ) ;
#5330 = ADVANCED_FACE ( 'NONE', ( #2267 ), #4013, .F. ) ;
#5331 = CARTESIAN_POINT ( 'NONE',  ( 0.4499999999999975686, 2.449999999999998401, 5.100000000000000533 ) ) ;
#5332 = APPLICATION_CONTEXT ( 'configuration controlled 3d designs of mechanical parts and assemblies' ) ;
#5333 = ORIENTED_EDGE ( 'NONE', *, *, #2825, .F. ) ;
#5334 = EDGE_CURVE ( 'NONE', #997, #4186, #4540, .T. ) ;
#5335 = DIRECTION ( 'NONE',  ( -1.000000000000000000, 0.0000000000000000000, 7.375650828688862849E-33 ) ) ;
#5336 = DIRECTION ( 'NONE',  ( 0.0000000000000000000, 0.0000000000000000000, 1.000000000000000000 ) ) ;
#5337 = ORIENTED_EDGE ( 'NONE', *, *, #3811, .F. ) ;
#5338 = VECTOR ( 'NONE', #5460, 1000.000000000000000 ) ;
#5339 = DATE_AND_TIME ( #2030, #102 ) ;
#5340 = AXIS2_PLACEMENT_3D ( 'NONE', #857, #5216, #4827 ) ;
#5341 = DIRECTION ( 'NONE',  ( 1.084202172485503645E-15, -1.000000000000000000, 0.0000000000000000000 ) ) ;
#5342 = VERTEX_POINT ( 'NONE', #59 ) ;
#5343 = EDGE_CURVE ( 'NONE', #1528, #2130, #1687, .T. ) ;
#5344 = FACE_OUTER_BOUND ( 'NONE', #30, .T. ) ;
#5345 = PERSON_AND_ORGANIZATION ( #1600, #2760 ) ;
#5346 = VERTEX_POINT ( 'NONE', #3224 ) ;
#5347 = VERTEX_POINT ( 'NONE', #5331 ) ;
#5348 = CC_DESIGN_DATE_AND_TIME_ASSIGNMENT ( #597, #1480, ( #5051 ) ) ;
#5349 = CARTESIAN_POINT ( 'NONE',  ( 10.81665382639196515, 5.000000000000006217, 5.900000000000007461 ) ) ;
#5350 = DIRECTION ( 'NONE',  ( 1.000000000000000000, 0.0000000000000000000, 0.0000000000000000000 ) ) ;
#5351 = ADVANCED_FACE ( 'NONE', ( #5155, #1056 ), #3242, .F. ) ;
#5352 = VERTEX_POINT ( 'NONE', #1423 ) ;
#5353 = DIRECTION ( 'NONE',  ( -0.0000000000000000000, -0.0000000000000000000, -1.000000000000000000 ) ) ;
#5354 = CARTESIAN_POINT ( 'NONE',  ( 7.200000000000000178, -5.000000000000001776, -8.933335432157942790 ) ) ;
#5355 = DIRECTION ( 'NONE',  ( 1.000000000000000000, -8.673617379884036705E-17, 0.0000000000000000000 ) ) ;
#5356 = EDGE_LOOP ( 'NONE', ( #1059, #1901, #1104, #3262 ) ) ;
#5357 = CC_DESIGN_APPROVAL ( #5054, ( #1949 ) ) ;
#5358 = CALENDAR_DATE ( 2020, 24, 9 ) ;
#5359 = ORIENTED_EDGE ( 'NONE', *, *, #5196, .T. ) ;
#5360 = VECTOR ( 'NONE', #574, 1000.000000000000000 ) ;
#5361 = CALENDAR_DATE ( 2020, 24, 9 ) ;
#5362 = VERTEX_POINT ( 'NONE', #4505 ) ;
#5363 = FACE_OUTER_BOUND ( 'NONE', #3674, .T. ) ;
#5364 = CC_DESIGN_DATE_AND_TIME_ASSIGNMENT ( #5339, #4839, ( #5616 ) ) ;
#5365 = DIRECTION ( 'NONE',  ( -7.771561172376096769E-16, -4.930380657631516462E-32, 1.000000000000000000 ) ) ;
#5366 = ORIENTED_EDGE ( 'NONE', *, *, #4283, .T. ) ;
#5367 = CIRCLE ( 'NONE', #1584, 0.4999999999999995559 ) ;
#5368 = ORIENTED_EDGE ( 'NONE', *, *, #3257, .F. ) ;
#5369 = ORIENTED_EDGE ( 'NONE', *, *, #1716, .T. ) ;
#5370 = DIRECTION ( 'NONE',  ( 0.7071067811865414665, 0.0000000000000000000, 0.7071067811865536790 ) ) ;
#5371 = APPROVAL_PERSON_ORGANIZATION ( #3169, #2228, #2706 ) ;
#5372 = AXIS2_PLACEMENT_3D ( 'NONE', #788, #2125, #3163 ) ;
#5373 = EDGE_CURVE ( 'NONE', #2409, #2255, #2330, .T. ) ;
#5374 = VECTOR ( 'NONE', #5430, 1000.000000000000000 ) ;
#5375 = ORIENTED_EDGE ( 'NONE', *, *, #1646, .T. ) ;
#5376 = TOROIDAL_SURFACE ( 'NONE', #5570, 5.100000000000000533, 0.2000000000000000111 ) ;
#5377 = DIRECTION ( 'NONE',  ( -8.503546450866702047E-17, 1.000000000000000000, 0.0000000000000000000 ) ) ;
#5378 = AXIS2_PLACEMENT_3D ( 'NONE', #3911, #3103, #1260 ) ;
#5379 = SHAPE_REPRESENTATION_RELATIONSHIP ( 'NONE' , 'NONE' ,  #1434, #270 ) ;
#5380 = APPROVAL ( #4562, 'UNSPECIFIED' ) ;
#5381 = CALENDAR_DATE ( 2020, 24, 9 ) ;
#5382 = LINE ( 'NONE', #3125, #1715 ) ;
#5383 = DIRECTION ( 'NONE',  ( 8.673617379884036705E-17, -1.000000000000000000, 0.0000000000000000000 ) ) ;
#5384 = FACE_OUTER_BOUND ( 'NONE', #5267, .T. ) ;
#5385 = CC_DESIGN_APPROVAL ( #2507, ( #43 ) ) ;
#5386 = DIRECTION ( 'NONE',  ( -0.0000000000000000000, -0.0000000000000000000, -1.000000000000000000 ) ) ;
#5387 = DIRECTION ( 'NONE',  ( 1.000000000000000000, 0.0000000000000000000, 0.0000000000000000000 ) ) ;
#5388 = PERSON_AND_ORGANIZATION ( #1600, #2760 ) ;
#5389 = AXIS2_PLACEMENT_3D ( 'NONE', #1368, #3114, #26 ) ;
#5390 = VECTOR ( 'NONE', #2830, 1000.000000000000000 ) ;
#5391 = ADVANCED_FACE ( 'NONE', ( #4536, #1974 ), #4475, .T. ) ;
#5392 = DATE_TIME_ROLE ( 'creation_date' ) ;
#5393 = DIRECTION ( 'NONE',  ( 1.000000000000000000, -8.673617379884036705E-17, 0.0000000000000000000 ) ) ;
#5394 = ORIENTED_EDGE ( 'NONE', *, *, #5548, .F. ) ;
#5395 = AXIS2_PLACEMENT_3D ( 'NONE', #435, #3538, #1336 ) ;
#5396 = EDGE_CURVE ( 'NONE', #3011, #4525, #3234, .T. ) ;
#5397 = CARTESIAN_POINT ( 'NONE',  ( 10.81665382639196515, 5.000000000000006217, 9.199999999999999289 ) ) ;
#5398 = CARTESIAN_POINT ( 'NONE',  ( -6.000000000000000000, 0.0000000000000000000, 5.500000000000000000 ) ) ;
#5399 = DIRECTION ( 'NONE',  ( -8.673617379884035472E-17, 1.000000000000000000, 0.0000000000000000000 ) ) ;
#5400 = COORDINATED_UNIVERSAL_TIME_OFFSET ( 1, 0, .AHEAD. ) ;
#5401 = ORIENTED_EDGE ( 'NONE', *, *, #3338, .T. ) ;
#5402 = LINE ( 'NONE', #1589, #3726 ) ;
#5403 = AXIS2_PLACEMENT_3D ( 'NONE', #3779, #1983, #2938 ) ;
#5404 = CARTESIAN_POINT ( 'NONE',  ( 2.326828918379971365E-16, -1.899999999999999911, 4.599999999999999645 ) ) ;
#5405 = EDGE_CURVE ( 'NONE', #1350, #1536, #507, .T. ) ;
#5406 = DIRECTION ( 'NONE',  ( 1.102578480493733312E-16, -1.000000000000000000, 0.0000000000000000000 ) ) ;
#5407 = PRODUCT_DEFINITION_SHAPE ( 'NONE', 'NONE',  #4648 ) ;
#5408 = ORIENTED_EDGE ( 'NONE', *, *, #3331, .T. ) ;
#5409 = AXIS2_PLACEMENT_3D ( 'NONE', #2153, #779, #4296 ) ;
#5410 = CIRCLE ( 'NONE', #5529, 12.10000000000000142 ) ;
#5411 = PERSON_AND_ORGANIZATION ( #1600, #2760 ) ;
#5412 = CARTESIAN_POINT ( 'NONE',  ( -4.500000000000000000, 4.799999999999998934, 5.700000000000001066 ) ) ;
#5413 = CARTESIAN_POINT ( 'NONE',  ( -0.7499999999999996669, -2.750000000000000000, 2.100000000000000089 ) ) ;
#5414 = EDGE_LOOP ( 'NONE', ( #4266, #167, #261, #140 ) ) ;
#5415 = EDGE_CURVE ( 'NONE', #4660, #3988, #4798, .T. ) ;
#5416 = VERTEX_POINT ( 'NONE', #2296 ) ;
#5417 = ORIENTED_EDGE ( 'NONE', *, *, #3600, .F. ) ;
#5418 = CARTESIAN_POINT ( 'NONE',  ( -8.764789001808651392, 1.545468781235682432, 5.700000000000000178 ) ) ;
#5419 = APPROVAL ( #1179, 'UNSPECIFIED' ) ;
#5420 = ORIENTED_EDGE ( 'NONE', *, *, #4744, .T. ) ;
#5421 = AXIS2_PLACEMENT_3D ( 'NONE', #2695, #906, #2709 ) ;
#5422 = ORIENTED_EDGE ( 'NONE', *, *, #3609, .T. ) ;
#5423 = CARTESIAN_POINT ( 'NONE',  ( 0.7500000000000004441, -2.949999999999999734, 4.599999999999996092 ) ) ;
#5425 = EDGE_LOOP ( 'NONE', ( #2387, #4332 ) ) ;
#5424 = DIRECTION ( 'NONE',  ( 0.0000000000000000000, 0.0000000000000000000, 1.000000000000000000 ) ) ;
#5426 = CIRCLE ( 'NONE', #5469, 6.000000000000000000 ) ;
#5427 = SECURITY_CLASSIFICATION_LEVEL ( 'unclassified' ) ;
#5428 = ORIENTED_EDGE ( 'NONE', *, *, #4707, .F. ) ;
#5429 = CYLINDRICAL_SURFACE ( 'NONE', #4680, 6.000000000000000000 ) ;
#5430 = DIRECTION ( 'NONE',  ( -0.0000000000000000000, -0.0000000000000000000, 1.000000000000000000 ) ) ;
#5431 = VECTOR ( 'NONE', #3650, 1000.000000000000000 ) ;
#5432 = DIRECTION ( 'NONE',  ( 1.000000000000000000, 0.0000000000000000000, 0.0000000000000000000 ) ) ;
#5433 = ORIENTED_EDGE ( 'NONE', *, *, #1853, .T. ) ;
#5434 = ORIENTED_EDGE ( 'NONE', *, *, #4242, .T. ) ;
#5435 = ORIENTED_EDGE ( 'NONE', *, *, #2288, .T. ) ;
#5436 = APPROVAL_DATE_TIME ( #2071, #2228 ) ;
#5437 = CYLINDRICAL_SURFACE ( 'NONE', #2963, 0.8000000000000003775 ) ;
#5438 = EDGE_CURVE ( 'NONE', #4964, #4090, #3084, .T. ) ;
#5439 = LINE ( 'NONE', #481, #147 ) ;
#5440 = DIRECTION ( 'NONE',  ( -1.000000000000000000, -8.673617379884036705E-17, -0.0000000000000000000 ) ) ;
#5441 = CARTESIAN_POINT ( 'NONE',  ( 0.0000000000000000000, 0.0000000000000000000, 0.0000000000000000000 ) ) ;
#5442 = DIRECTION ( 'NONE',  ( -1.000000000000000000, 0.0000000000000000000, -0.0000000000000000000 ) ) ;
#5443 = CIRCLE ( 'NONE', #5395, 0.2999999999999999889 ) ;
#5444 = VERTEX_POINT ( 'NONE', #2678 ) ;
#5445 = FACE_OUTER_BOUND ( 'NONE', #1062, .T. ) ;
#5446 = ADVANCED_FACE ( 'NONE', ( #2533 ), #4144, .T. ) ;
#5447 = PERSON_AND_ORGANIZATION_ROLE ( 'design_supplier' ) ;
#5448 = CARTESIAN_POINT ( 'NONE',  ( -6.500000000000000000, -6.599999999999997868, 9.199999999999999289 ) ) ;
#5449 = EDGE_CURVE ( 'NONE', #1897, #1141, #3679, .T. ) ;
#5450 = FACE_BOUND ( 'NONE', #1857, .T. ) ;
#5451 = FACE_OUTER_BOUND ( 'NONE', #3342, .T. ) ;
#5452 = CC_DESIGN_PERSON_AND_ORGANIZATION_ASSIGNMENT ( #727, #1004, ( #3923 ) ) ;
#5453 = COORDINATED_UNIVERSAL_TIME_OFFSET ( 1, 0, .AHEAD. ) ;
#5454 = VECTOR ( 'NONE', #588, 1000.000000000000000 ) ;
#5455 = CARTESIAN_POINT ( 'NONE',  ( 0.0000000000000000000, 0.0000000000000000000, 9.799999999999998934 ) ) ;
#5456 = DIRECTION ( 'NONE',  ( -8.673617379884036705E-17, 1.000000000000000000, 0.0000000000000000000 ) ) ;
#5457 = DIRECTION ( 'NONE',  ( 1.000000000000000000, -8.673617379884035472E-17, -0.0000000000000000000 ) ) ;
#5458 = LINE ( 'NONE', #4122, #2016 ) ;
#5459 = FACE_OUTER_BOUND ( 'NONE', #1479, .T. ) ;
#5460 = DIRECTION ( 'NONE',  ( 0.0000000000000000000, 0.0000000000000000000, 1.000000000000000000 ) ) ;
#5461 = ORIENTED_EDGE ( 'NONE', *, *, #4166, .F. ) ;
#5462 = CARTESIAN_POINT ( 'NONE',  ( -10.81665382639196693, -5.000000000000002665, 5.900000000000005684 ) ) ;
#5463 = AXIS2_PLACEMENT_3D ( 'NONE', #5441, #5022, #5572 ) ;
#5464 = PERSON_AND_ORGANIZATION_ROLE ( 'classification_officer' ) ;
#5465 = DIRECTION ( 'NONE',  ( 8.673617379884035472E-17, -1.000000000000000000, 0.0000000000000000000 ) ) ;
#5466 = EDGE_LOOP ( 'NONE', ( #2727, #1620, #3683, #1988 ) ) ;
#5467 = PLANE ( 'NONE',  #861 ) ;
#5468 = ORIENTED_EDGE ( 'NONE', *, *, #1697, .T. ) ;
#5469 = AXIS2_PLACEMENT_3D ( 'NONE', #4840, #20, #484 ) ;
#5470 = CARTESIAN_POINT ( 'NONE',  ( 0.0000000000000000000, 0.0000000000000000000, 9.199999999999999289 ) ) ;
#5471 = LINE ( 'NONE', #4668, #2653 ) ;
#5472 = ORIENTED_EDGE ( 'NONE', *, *, #5070, .T. ) ;
#5473 = EDGE_CURVE ( 'NONE', #2793, #3044, #3743, .T. ) ;
#5474 = ORIENTED_EDGE ( 'NONE', *, *, #4593, .F. ) ;
#5475 = ADVANCED_FACE ( 'NONE', ( #4534 ), #4509, .F. ) ;
#5476 = CIRCLE ( 'NONE', #2680, 0.5000000000000004441 ) ;
#5477 = DIRECTION ( 'NONE',  ( 1.000000000000000000, 0.0000000000000000000, -0.0000000000000000000 ) ) ;
#5478 = ORIENTED_EDGE ( 'NONE', *, *, #1791, .T. ) ;
#5479 = ORIENTED_EDGE ( 'NONE', *, *, #3862, .T. ) ;
#5480 = CARTESIAN_POINT ( 'NONE',  ( -5.699999999999999289, -7.999999999999998224, 7.500000000000000000 ) ) ;
#5481 = ORIENTED_EDGE ( 'NONE', *, *, #2619, .T. ) ;
#5482 = APPROVAL_STATUS ( 'not_yet_approved' ) ;
#5483 = SHAPE_DEFINITION_REPRESENTATION ( #2446, #3370 ) ;
#5484 = CARTESIAN_POINT ( 'NONE',  ( 12.10000000000000142, 0.0000000000000000000, 9.199999999999999289 ) ) ;
#5485 = AXIS2_PLACEMENT_3D ( 'NONE', #3266, #587, #5406 ) ;
#5486 = VERTEX_POINT ( 'NONE', #3667 ) ;
#5487 = EDGE_CURVE ( 'NONE', #2574, #4931, #1835, .T. ) ;
#5488 = CARTESIAN_POINT ( 'NONE',  ( -5.699999999999999289, -7.999999999999998224, -19.40231944897310612 ) ) ;
#5489 = PERSON_AND_ORGANIZATION ( #1600, #2760 ) ;
#5490 = EDGE_LOOP ( 'NONE', ( #3810, #1508, #1287, #63 ) ) ;
#5491 = LINE ( 'NONE', #1215, #3223 ) ;
#5492 = ORIENTED_EDGE ( 'NONE', *, *, #4251, .F. ) ;
#5493 = PRODUCT_RELATED_PRODUCT_CATEGORY ( 'detail', '', ( #2882 ) ) ;
#5494 = DIRECTION ( 'NONE',  ( 0.0000000000000000000, 1.000000000000000000, 0.0000000000000000000 ) ) ;
#5495 = AXIS2_PLACEMENT_3D ( 'NONE', #3992, #5682, #3542 ) ;
#5496 = LINE ( 'NONE', #3465, #3228 ) ;
#5497 = LINE ( 'NONE', #4375, #4158 ) ;
#5498 = EDGE_CURVE ( 'NONE', #708, #745, #2732, .T. ) ;
#5499 = ORIENTED_EDGE ( 'NONE', *, *, #5018, .T. ) ;
#5500 = CARTESIAN_POINT ( 'NONE',  ( 8.199999999999999289, -6.000000000000001776, 5.900000000000005684 ) ) ;
#5501 = EDGE_LOOP ( 'NONE', ( #2950, #2239, #735, #1691 ) ) ;
#5502 = DESIGN_CONTEXT ( 'detailed design', #1573, 'design' ) ;
#5503 = DIRECTION ( 'NONE',  ( -1.000000000000000000, -8.673617379884035472E-17, 0.0000000000000000000 ) ) ;
#5504 = APPROVAL ( #3900, 'UNSPECIFIED' ) ;
#5505 = ADVANCED_FACE ( 'NONE', ( #5078 ), #5062, .T. ) ;
#5506 = PERSON_AND_ORGANIZATION_ROLE ( 'creator' ) ;
#5507 = CARTESIAN_POINT ( 'NONE',  ( 8.199999999999999289, -5.000000000000001776, 5.900000000000005684 ) ) ;
#5508 = LINE ( 'NONE', #5066, #3308 ) ;
#5509 = AXIS2_PLACEMENT_3D ( 'NONE', #2523, #4246, #3645 ) ;
#5510 = LINE ( 'NONE', #1453, #2620 ) ;
#5511 = CARTESIAN_POINT ( 'NONE',  ( 0.0000000000000000000, 0.0000000000000000000, 5.700000000000000178 ) ) ;
#5512 = ADVANCED_FACE ( 'NONE', ( #2052 ), #3991, .F. ) ;
#5513 = CYLINDRICAL_SURFACE ( 'NONE', #1378, 0.4999999999999995559 ) ;
#5514 = ORIENTED_EDGE ( 'NONE', *, *, #461, .F. ) ;
#5515 = CARTESIAN_POINT ( 'NONE',  ( -5.999999999999999112, -10.00000000000000000, 1.100000000000000311 ) ) ;
#5516 = VECTOR ( 'NONE', #5465, 1000.000000000000000 ) ;
#5517 = DIRECTION ( 'NONE',  ( -7.771561172376095783E-16, -1.503766100577553754E-30, -1.000000000000000000 ) ) ;
#5518 = APPROVAL ( #468, 'UNKNOWN' ) ;
#5519 = EDGE_CURVE ( 'NONE', #5671, #3943, #2242, .T. ) ;
#5520 = ORIENTED_EDGE ( 'NONE', *, *, #4148, .T. ) ;
#5521 = AXIS2_PLACEMENT_3D ( 'NONE', #5004, #2019, #201 ) ;
#5522 = CARTESIAN_POINT ( 'NONE',  ( 0.0000000000000000000, 0.0000000000000000000, 7.500000000000000000 ) ) ;
#5523 = LOCAL_TIME ( 7, 23, 42.00000000000000000, #5453 ) ;
#5524 = VECTOR ( 'NONE', #402, 1000.000000000000000 ) ;
#5525 = EDGE_CURVE ( 'NONE', #4652, #708, #890, .T. ) ;
#5526 = DIRECTION ( 'NONE',  ( -0.0000000000000000000, -0.0000000000000000000, -1.000000000000000000 ) ) ;
#5527 = CARTESIAN_POINT ( 'NONE',  ( -5.700000000000000178, -4.899999999999998579, 7.500000000000000000 ) ) ;
#5528 = FACE_OUTER_BOUND ( 'NONE', #4349, .T. ) ;
#5529 = AXIS2_PLACEMENT_3D ( 'NONE', #4874, #951, #494 ) ;
#5530 = CARTESIAN_POINT ( 'NONE',  ( 7.200000000000000178, -5.000000000000001776, 9.199999999999999289 ) ) ;
#5531 = DIRECTION ( 'NONE',  ( 8.673617379884036705E-17, 1.000000000000000000, 0.0000000000000000000 ) ) ;
#5532 = CLOSED_SHELL ( 'NONE', ( #321, #1616, #4093, #2405, #5130, #2829, #2923, #5008, #5351, #1753, #3450, #4976, #2892, #2860, #112, #942, #1799, #3979, #193, #2687, #158, #5257, #4280, #1582, #2524, #1122, #5475, #710, #2396, #2492, #1990, #2362 ) ) ;
#5533 = EDGE_LOOP ( 'NONE', ( #2634, #3552, #3741, #4182 ) ) ;
#5534 = VECTOR ( 'NONE', #212, 1000.000000000000000 ) ;
#5535 = CYLINDRICAL_SURFACE ( 'NONE', #4853, 12.10000000000000142 ) ;
#5536 = DIRECTION ( 'NONE',  ( 8.673617379884035472E-17, -1.000000000000000000, 0.0000000000000000000 ) ) ;
#5537 = CARTESIAN_POINT ( 'NONE',  ( 5.700000000000000178, -2.750000000000000888, 6.899999999999998579 ) ) ;
#5538 = ORIENTED_EDGE ( 'NONE', *, *, #3619, .F. ) ;
#5539 = SECURITY_CLASSIFICATION_LEVEL ( 'unclassified' ) ;
#5540 = DIRECTION ( 'NONE',  ( 7.771561172376095783E-16, 1.503766100577553754E-30, 1.000000000000000000 ) ) ;
#5541 = LOCAL_TIME ( 7, 23, 42.00000000000000000, #3727 ) ;
#5542 = CARTESIAN_POINT ( 'NONE',  ( -2.499999999999972022, -8.500000000000000000, 5.300000000000005151 ) ) ;
#5543 = ORIENTED_EDGE ( 'NONE', *, *, #984, .F. ) ;
#5544 = ADVANCED_FACE ( 'NONE', ( #2790 ), #2456, .T. ) ;
#5545 = ORIENTED_EDGE ( 'NONE', *, *, #5181, .T. ) ;
#5546 = LINE ( 'NONE', #4545, #3278 ) ;
#5547 = DATE_AND_TIME ( #4136, #2068 ) ;
#5548 = EDGE_CURVE ( 'NONE', #2662, #3304, #1313, .T. ) ;
#5549 = ORIENTED_EDGE ( 'NONE', *, *, #3159, .F. ) ;
#5550 = DIRECTION ( 'NONE',  ( -1.000000000000000000, 0.0000000000000000000, 0.0000000000000000000 ) ) ;
#5551 = VERTEX_POINT ( 'NONE', #1153 ) ;
#5552 = ORIENTED_EDGE ( 'NONE', *, *, #5618, .T. ) ;
#5553 = EDGE_CURVE ( 'NONE', #2327, #4410, #4920, .T. ) ;
#5555 = ORIENTED_EDGE ( 'NONE', *, *, #4651, .T. ) ;
#5554 = DIRECTION ( 'NONE',  ( -0.0000000000000000000, -0.0000000000000000000, -1.000000000000000000 ) ) ;
#5556 = LINE ( 'NONE', #1449, #272 ) ;
#5557 = EDGE_LOOP ( 'NONE', ( #3832, #4799, #5661, #1327, #5075, #1172, #2175, #430, #5090, #41, #565, #3145, #5435, #2807, #582, #1267, #675, #3599, #4898 ) ) ;
#5558 = DIRECTION ( 'NONE',  ( -7.771561172376095783E-16, -1.503766100577553754E-30, -1.000000000000000000 ) ) ;
#5559 = ORIENTED_EDGE ( 'NONE', *, *, #1003, .F. ) ;
#5560 =( NAMED_UNIT ( * ) SI_UNIT ( $, .STERADIAN. ) SOLID_ANGLE_UNIT ( ) );
#5561 = VECTOR ( 'NONE', #2450, 999.9999999999998863 ) ;
#5562 = EDGE_CURVE ( 'NONE', #258, #3382, #322, .T. ) ;
#5563 = VERTEX_POINT ( 'NONE', #5480 ) ;
#5564 = ORIENTED_EDGE ( 'NONE', *, *, #2851, .T. ) ;
#5565 = ORIENTED_EDGE ( 'NONE', *, *, #4882, .T. ) ;
#5566 = DIRECTION ( 'NONE',  ( 8.673617379884036705E-17, 1.000000000000000000, -0.0000000000000000000 ) ) ;
#5567 = AXIS2_PLACEMENT_3D ( 'NONE', #2010, #138, #120 ) ;
#5568 = EDGE_CURVE ( 'NONE', #486, #2366, #253, .T. ) ;
#5569 = EDGE_LOOP ( 'NONE', ( #1921, #1832, #1521, #398, #5478 ) ) ;
#5570 = AXIS2_PLACEMENT_3D ( 'NONE', #4866, #3649, #1001 ) ;
#5571 = LOCAL_TIME ( 7, 23, 42.00000000000000000, #4549 ) ;
#5572 = DIRECTION ( 'NONE',  ( 1.000000000000000000, 9.992007221626420697E-16, 7.771561172376096769E-16 ) ) ;
#5573 = CARTESIAN_POINT ( 'NONE',  ( 5.700000000000000178, 0.0000000000000000000, -19.40231944897310612 ) ) ;
#5574 = LINE ( 'NONE', #329, #1282 ) ;
#5575 = CIRCLE ( 'NONE', #2694, 0.4000000000000001887 ) ;
#5576 = PERSON_AND_ORGANIZATION ( #1600, #2760 ) ;
#5577 = CARTESIAN_POINT ( 'NONE',  ( 0.0000000000000000000, 0.0000000000000000000, 0.0000000000000000000 ) ) ;
#5578 = VECTOR ( 'NONE', #2166, 1000.000000000000000 ) ;
#5579 = ORIENTED_EDGE ( 'NONE', *, *, #613, .F. ) ;
#5580 = CARTESIAN_POINT ( 'NONE',  ( -5.700000000000000178, -1.249999999999999334, 6.399999999999999467 ) ) ;
#5581 = FACE_OUTER_BOUND ( 'NONE', #5557, .T. ) ;
#5582 = ADVANCED_FACE ( 'NONE', ( #893 ), #3758, .T. ) ;
#5583 = CC_DESIGN_DATE_AND_TIME_ASSIGNMENT ( #3038, #929, ( #1202 ) ) ;
#5584 = EDGE_CURVE ( 'NONE', #5005, #4325, #4847, .T. ) ;
#5585 = DATE_AND_TIME ( #1089, #2292 ) ;
#5586 = PRODUCT_DEFINITION_SHAPE ( 'NONE', 'NONE',  #5699 ) ;
#5587 = CYLINDRICAL_SURFACE ( 'NONE', #2771, 0.4000000000000001887 ) ;
#5588 = AXIS2_PLACEMENT_3D ( 'NONE', #1935, #4941, #64 ) ;
#5589 = CARTESIAN_POINT ( 'NONE',  ( -6.100000000000000533, -4.899999999999998579, 9.199999999999999289 ) ) ;
#5590 = CC_DESIGN_PERSON_AND_ORGANIZATION_ASSIGNMENT ( #938, #546, ( #5086 ) ) ;
#5591 = CARTESIAN_POINT ( 'NONE',  ( -10.34048140662818405, -1.823305865502773404, 5.700000000000000178 ) ) ;
#5592 = DATE_TIME_ROLE ( 'classification_date' ) ;
#5593 = EDGE_CURVE ( 'NONE', #2134, #496, #4069, .T. ) ;
#5594 = ORIENTED_EDGE ( 'NONE', *, *, #5473, .T. ) ;
#5595 =( NAMED_UNIT ( * ) SI_UNIT ( $, .STERADIAN. ) SOLID_ANGLE_UNIT ( ) );
#5596 = TOROIDAL_SURFACE ( 'NONE', #2644, 4.899999999999999467, 0.8000000000000000444 ) ;
#5597 = CIRCLE ( 'NONE', #5110, 3.000000000000000888 ) ;
#5598 = CC_DESIGN_APPROVAL ( #5200, ( #1504 ) ) ;
#5599 = ORIENTED_EDGE ( 'NONE', *, *, #3803, .F. ) ;
#5600 = AXIS2_PLACEMENT_3D ( 'NONE', #1886, #4930, #5341 ) ;
#5601 = AXIS2_PLACEMENT_3D ( 'NONE', #1952, #195, #4172 ) ;
#5602 = ORIENTED_EDGE ( 'NONE', *, *, #5584, .F. ) ;
#5603 = ORIENTED_EDGE ( 'NONE', *, *, #4538, .T. ) ;
#5604 = CALENDAR_DATE ( 2020, 24, 9 ) ;
#5605 = DIRECTION ( 'NONE',  ( 1.000000000000000000, 9.992007221626420697E-16, 0.0000000000000000000 ) ) ;
#5606 = AXIS2_PLACEMENT_3D ( 'NONE', #4561, #639, #3740 ) ;
#5607 = DIRECTION ( 'NONE',  ( 0.0000000000000000000, 1.000000000000000000, -0.0000000000000000000 ) ) ;
#5608 = VERTEX_POINT ( 'NONE', #2167 ) ;
#5609 = EDGE_CURVE ( 'NONE', #299, #5683, #5402, .T. ) ;
#5610 = ADVANCED_FACE ( 'NONE', ( #4575 ), #4249, .T. ) ;
#5611 = APPROVAL_ROLE ( '' ) ;
#5612 = COORDINATED_UNIVERSAL_TIME_OFFSET ( 1, 0, .AHEAD. ) ;
#5613 = CARTESIAN_POINT ( 'NONE',  ( -0.2999999999999817812, -2.034483692625599281E-15, 23.00000000000000000 ) ) ;
#5614 = EDGE_LOOP ( 'NONE', ( #1323, #4581 ) ) ;
#5615 = DIRECTION ( 'NONE',  ( 0.0000000000000000000, 0.0000000000000000000, 1.000000000000000000 ) ) ;
#5616 = SECURITY_CLASSIFICATION ( '', '', #2669 ) ;
#5617 = AXIS2_PLACEMENT_3D ( 'NONE', #2918, #234, #690 ) ;
#5618 = EDGE_CURVE ( 'NONE', #4484, #3588, #1486, .T. ) ;
#5619 = ORIENTED_EDGE ( 'NONE', *, *, #414, .F. ) ;
#5620 = CARTESIAN_POINT ( 'NONE',  ( 0.0000000000000000000, 0.0000000000000000000, 9.199999999999999289 ) ) ;
#5621 = DATE_AND_TIME ( #5358, #1119 ) ;
#5622 = AXIS2_PLACEMENT_3D ( 'NONE', #874, #2251, #2906 ) ;
#5623 = VERTEX_POINT ( 'NONE', #5020 ) ;
#5624 = CIRCLE ( 'NONE', #1374, 0.4000000000000001887 ) ;
#5625 = ORIENTED_EDGE ( 'NONE', *, *, #926, .T. ) ;
#5626 = EDGE_CURVE ( 'NONE', #137, #3881, #2376, .T. ) ;
#5627 = DIRECTION ( 'NONE',  ( 1.000000000000000000, 0.0000000000000000000, 0.0000000000000000000 ) ) ;
#5628 = ORIENTED_EDGE ( 'NONE', *, *, #2896, .F. ) ;
#5629 = FACE_OUTER_BOUND ( 'NONE', #3523, .T. ) ;
#5630 = DIRECTION ( 'NONE',  ( -2.312955680093647658E-16, 1.000000000000000000, 0.0000000000000000000 ) ) ;
#5631 = LINE ( 'NONE', #1863, #2951 ) ;
#5632 = CARTESIAN_POINT ( 'NONE',  ( -6.000000000000000000, -2.750000000000000444, 6.899999999999998579 ) ) ;
#5633 = ORIENTED_EDGE ( 'NONE', *, *, #2934, .F. ) ;
#5634 = CC_DESIGN_APPROVAL ( #459, ( #5051 ) ) ;
#5635 = ORIENTED_EDGE ( 'NONE', *, *, #1827, .F. ) ;
#5636 = DIRECTION ( 'NONE',  ( 0.0000000000000000000, 0.0000000000000000000, 1.000000000000000000 ) ) ;
#5637 = CIRCLE ( 'NONE', #1456, 1.600000000000000755 ) ;
#5638 = CIRCLE ( 'NONE', #482, 1.600000000000001199 ) ;
#5639 = ORIENTED_EDGE ( 'NONE', *, *, #144, .T. ) ;
#5640 = AXIS2_PLACEMENT_3D ( 'NONE', #219, #3742, #1534 ) ;
#5641 = LINE ( 'NONE', #2346, #5516 ) ;
#5642 = CARTESIAN_POINT ( 'NONE',  ( -6.000000000000000000, -2.749999999999999556, 5.899999999999998579 ) ) ;
#5643 = CARTESIAN_POINT ( 'NONE',  ( 8.199999999999999289, -5.000000000000001776, 9.199999999999999289 ) ) ;
#5644 = ORIENTED_EDGE ( 'NONE', *, *, #3752, .T. ) ;
#5645 = PERSON_AND_ORGANIZATION_ROLE ( 'design_supplier' ) ;
#5646 = AXIS2_PLACEMENT_3D ( 'NONE', #2571, #287, #1233 ) ;
#5647 = CARTESIAN_POINT ( 'NONE',  ( -10.81665382639196871, 1.999999999999999112, 9.199999999999999289 ) ) ;
#5648 = CARTESIAN_POINT ( 'NONE',  ( -13.56998389129174143, 2.509090909090907484, 5.700000000000001066 ) ) ;
#5649 = EDGE_CURVE ( 'NONE', #5346, #1146, #2310, .T. ) ;
#5650 = FACE_BOUND ( 'NONE', #3866, .T. ) ;
#5651 = DIRECTION ( 'NONE',  ( -0.0000000000000000000, -0.0000000000000000000, 1.000000000000000000 ) ) ;
#5652 = DIRECTION ( 'NONE',  ( 1.000000000000000000, 0.0000000000000000000, 0.0000000000000000000 ) ) ;
#5653 = CIRCLE ( 'NONE', #4212, 0.7999999999999999334 ) ;
#5654 = LOCAL_TIME ( 7, 23, 42.00000000000000000, #3985 ) ;
#5655 = CARTESIAN_POINT ( 'NONE',  ( -6.000000000000000000, -2.749999999999999556, 6.399999999999999467 ) ) ;
#5656 = LINE ( 'NONE', #1789, #1300 ) ;
#5657 = EDGE_CURVE ( 'NONE', #2945, #5288, #2512, .T. ) ;
#5658 = AXIS2_PLACEMENT_3D ( 'NONE', #5455, #3330, #3812 ) ;
#5659 = DIRECTION ( 'NONE',  ( -0.0000000000000000000, -0.0000000000000000000, -1.000000000000000000 ) ) ;
#5660 = CARTESIAN_POINT ( 'NONE',  ( 5.700000000000000178, -8.000000000000000000, 7.500000000000000000 ) ) ;
#5661 = ORIENTED_EDGE ( 'NONE', *, *, #4218, .T. ) ;
#5662 = ORIENTED_EDGE ( 'NONE', *, *, #13, .F. ) ;
#5663 = APPROVAL ( #2839, 'UNSPECIFIED' ) ;
#5664 = CARTESIAN_POINT ( 'NONE',  ( -5.699999999999999289, -10.00000000000000000, 0.3000000000000016542 ) ) ;
#5665 = APPROVAL_ROLE ( '' ) ;
#5666 = EDGE_CURVE ( 'NONE', #985, #689, #4063, .T. ) ;
#5667 = COORDINATED_UNIVERSAL_TIME_OFFSET ( 1, 0, .AHEAD. ) ;
#5668 = ORIENTED_EDGE ( 'NONE', *, *, #3225, .T. ) ;
#5669 = CARTESIAN_POINT ( 'NONE',  ( 5.999999999999999112, -8.000000000000000000, 6.000000000000003553 ) ) ;
#5670 = CARTESIAN_POINT ( 'NONE',  ( -0.8534127966794871067, 2.929429915795132455, 4.620570084204864258 ) ) ;
#5671 = VERTEX_POINT ( 'NONE', #367 ) ;
#5672 = APPROVAL ( #3921, 'UNSPECIFIED' ) ;
#5673 = APPROVAL_DATE_TIME ( #5201, #3108 ) ;
#5674 = CARTESIAN_POINT ( 'NONE',  ( -10.81665382639196871, 1.999999999999999112, 5.700000000000001066 ) ) ;
#5675 = EDGE_CURVE ( 'NONE', #2593, #2987, #961, .T. ) ;
#5676 = AXIS2_PLACEMENT_3D ( 'NONE', #1063, #1970, #2363 ) ;
#5677 = DIRECTION ( 'NONE',  ( -8.673617379884035472E-17, 1.000000000000000000, 0.0000000000000000000 ) ) ;
#5678 = PRODUCT_DEFINITION_SHAPE ( 'NONE', 'NONE',  #5702 ) ;
#5679 = CIRCLE ( 'NONE', #5372, 0.7900000000000000355 ) ;
#5680 = ORIENTED_EDGE ( 'NONE', *, *, #3019, .T. ) ;
#5681 = AXIS2_PLACEMENT_3D ( 'NONE', #5647, #410, #3500 ) ;
#5683 = VERTEX_POINT ( 'NONE', #4749 ) ;
#5682 = DIRECTION ( 'NONE',  ( -0.0000000000000000000, 0.0000000000000000000, -1.000000000000000000 ) ) ;
#5684 = VERTEX_POINT ( 'NONE', #2184 ) ;
#5685 = VERTEX_POINT ( 'NONE', #387 ) ;
#5686 = FACE_OUTER_BOUND ( 'NONE', #185, .T. ) ;
#5687 = DIRECTION ( 'NONE',  ( 0.0000000000000000000, 1.000000000000000000, 0.0000000000000000000 ) ) ;
#5688 = EDGE_LOOP ( 'NONE', ( #5369, #4656, #761, #916 ) ) ;
#5689 = EDGE_CURVE ( 'NONE', #4843, #3275, #4313, .T. ) ;
#5690 = ORIENTED_EDGE ( 'NONE', *, *, #1409, .F. ) ;
#5691 = CIRCLE ( 'NONE', #773, 0.8000000000000001554 ) ;
#5692 = CARTESIAN_POINT ( 'NONE',  ( 2.326828918379971365E-16, -1.899999999999999911, 4.599999999999999645 ) ) ;
#5693 = DIRECTION ( 'NONE',  ( -1.000000000000000000, 0.0000000000000000000, 0.0000000000000000000 ) ) ;
#5694 = ORIENTED_EDGE ( 'NONE', *, *, #4598, .T. ) ;
#5695 = COORDINATED_UNIVERSAL_TIME_OFFSET ( 1, 0, .AHEAD. ) ;
#5696 = NEXT_ASSEMBLY_USAGE_OCCURRENCE ( 'NAUO1', ' ', ' ', #3381, #2331, $ ) ;
#5697 = NEXT_ASSEMBLY_USAGE_OCCURRENCE ( 'NAUO2', ' ', ' ', #3381, #467, $ ) ;
#5698 = NEXT_ASSEMBLY_USAGE_OCCURRENCE ( 'NAUO3', ' ', ' ', #3381, #1756, $ ) ;
#5699 = NEXT_ASSEMBLY_USAGE_OCCURRENCE ( 'NAUO4', ' ', ' ', #3381, #4648, $ ) ;
#5700 = NEXT_ASSEMBLY_USAGE_OCCURRENCE ( 'NAUO5', ' ', ' ', #4648, #226, $ ) ;
#5701 = NEXT_ASSEMBLY_USAGE_OCCURRENCE ( 'NAUO6', ' ', ' ', #1756, #79, $ ) ;
#5702 = NEXT_ASSEMBLY_USAGE_OCCURRENCE ( 'NAUO7', ' ', ' ', #1756, #79, $ ) ;
#5703 = NEXT_ASSEMBLY_USAGE_OCCURRENCE ( 'NAUO8', ' ', ' ', #1756, #79, $ ) ;
ENDSEC;
END-ISO-10303-21;
